/* DBScriptData
DBName: Hellfire Citadel - The Shattered Halls
DBScriptName: instance_shattered_halls
DB%Complete: 80
DBComment:
* need to rewrite existing rp scripts to function with creature_spawn_entry

* gladiator fighting script to certain %threshold

combat faction 1692/1693 unitflags 557120
~40-50% reset, faction 16 unitflags 557136 stop combat activity
2500 emote 2
3000 move to homeloc
reset hp
1000 change faction start fighting again
1692 Monster Spar
1693 Monster Spar Buddy

(1746401, 0, 31, 0, 10, 0, 0, @CGUID+153, 16, 0, 0, 0, 0, 0, 0, 0, 0, 'Shattered Hand Gladiator - Terminate Script if @CGUID+153 not found'),
(1746401, 0, 22, 1692, 7, 0, 0, 0, 0, 0, 0, 0, 0, 0, 0, 0, 0, 'Shattered Hand Gladiator - Set Faction Monster Spar'), -- make the oppsite have 1693 then both attack each other
(1746401, 0, 35, 5, 5, 0, 0, 0, 0, 0, 0, 0, 0, 0, 0, 0, 0, 'Shattered Hand Gladiator - Send AI Event 5');

Shattered Hand Centurion: 5 (OneShotExclamation), 11 (OneShotLaugh), 23 (OneShotFlex) - maybe handles the event

* training dummy script like in garadar with hit animation on the dummy
* groups need to be restructured and hallway scripts have to be made to substitute these static spawned groups
* Shattered Hand Heathen at the entrance might be pooled with Shattered Hand Savage (1:1 pool, changed to 3:2 static atm)
* All Shattered Hand Legionnaire Packs need "Substutite Dead Group Member Mechanic"
EndDBScriptData */

SET @CGUID := 5400000; -- creatures
SET @OGUID := 5400000; -- gameobjects
SET @PGUID := 48000; -- pools
SET @SGGUID := 5400000; -- spawn_groups
SET @STRINGID := 5400000; -- used for StringID's
SET @RELAYID := 5400000; -- used for dbscript_relay

-- =========
-- CREATURES
-- =========

INSERT INTO `creature_movement` (`id`, `point`, `PositionX`, `PositionY`, `PositionZ`, `orientation`, `waittime`, `ScriptId`) VALUES
(@CGUID+150, 1, 62.7101, 2.91998, -13.0349, 0, 0, 1670001),
(@CGUID+150, 2, 56.5515, 2.61235, -13.1199, 0, 0, 1670001),
(@CGUID+150, 3, 50.393, 2.30471, -13.2049, 0, 0, 1670001),
(@CGUID+150, 4, 38.6893, 1.72007, -13.1907, 0, 0, 1670001),
(@CGUID+150, 5, 37.24, 1.64768, -13.1956, 0, 0, 1670001),
(@CGUID+150, 6, 21.5489, 1.67225, -13.1886, 0, 0, 1670001),
(@CGUID+150, 7, 9.57407, 1.84343, -13.1916, 0, 0, 1670001),
(@CGUID+150, 8, 21.5489, 1.67225, -13.1886, 0, 0, 1670001),
(@CGUID+150, 9, 37.24, 1.64768, -13.1956, 0, 0, 1670001),
(@CGUID+150, 10, 55.6437, 2.6325, -13.2086, 0, 0, 1670001),
(@CGUID+151, 1, 46.3248, 59.879, -12.9904, 0, 1000, 5),
(@CGUID+151, 2, 53.246, 58.0863, -13.1067, 0, 0, 0),
(@CGUID+151, 3, 60.1673, 56.2936, -13.223, 0, 0, 0),
(@CGUID+151, 4, 62.0403, 55.8085, -13.2236, 0, 0, 0),
(@CGUID+151, 5, 66.1605, 54.7413, -13.2229, 0, 0, 0),
(@CGUID+151, 6, 66.8337, 51.6796, -13.2228, 0, 0, 0),
(@CGUID+151, 7, 67.2014, 50.007, -13.2218, 0, 0, 0),
(@CGUID+151, 8, 69.3164, 40.3876, -13.2218, 0, 0, 0),
(@CGUID+151, 9, 69.6013, 39.0919, -13.2298, 0, 0, 0),
(@CGUID+151, 10, 69.6013, 39.0919, -13.2298, 0, 0, 0),
(@CGUID+151, 11, 65.8643, 14.4801, -13.2172, 0, 0, 0),
(@CGUID+151, 12, 57.2744, 7.4202, -13.215, 0, 0, 0),
(@CGUID+151, 13, 45.6987, 6.42616, -13.1906, 100, 2000, 1742001),
(@CGUID+152, 1, 83.755, 57.2887, -13.114, 0, 1000, 5),
(@CGUID+152, 2, 73.5564, 52.4972, -13.2227, 0, 0, 0),
(@CGUID+152, 3, 73.2092, 50.007, -13.2218, 0, 0, 0),
(@CGUID+152, 4, 71.868, 40.3876, -13.2218, 0, 0, 0),
(@CGUID+152, 5, 70.8613, 33.1676, -13.2132, 0, 0, 0),
(@CGUID+152, 6, 70.8613, 33.1676, -13.2132, 0, 0, 0),
(@CGUID+152, 7, 63.0987, 2.38798, -13.1956, 0, 0, 0),
(@CGUID+152, 8, 36.6416, -1.55471, -13.1958, 0, 0, 0),
(@CGUID+152, 9, 25.2589, -4.47658, -13.1882, 0, 0, 0),
(@CGUID+152, 10, 12.3784, -2.32701, -13.1913, 100, 2000, 1742001),
(@CGUID+153, 1, 53.5243, 60.0879, -13.0071, 0, 1000, 5),
(@CGUID+153, 2, 56.8458, 57.6507, -13.1151, 0, 0, 0),
(@CGUID+153, 3, 60.1673, 55.2135, -13.223, 0, 0, 0),
(@CGUID+153, 4, 61.37, 54.3309, -13.2237, 0, 0, 0),
(@CGUID+153, 5, 64.9833, 51.6796, -13.2229, 0, 0, 0),
(@CGUID+153, 6, 67.2627, 50.007, -13.2218, 0, 0, 0),
(@CGUID+153, 7, 67.693, 49.6913, -13.2218, 0, 0, 0),
(@CGUID+153, 8, 67.8674, 40.3876, -13.2218, 0, 0, 0),
(@CGUID+153, 9, 67.8932, 39.0141, -13.2296, 0, 0, 0),
(@CGUID+153, 10, 67.8932, 39.0141, -13.2296, 0, 0, 0),
(@CGUID+153, 11, 64.0192, 12.3123, -13.219, 0, 0, 0),
(@CGUID+153, 12, 46.6975, 4.63054, -13.1906, 0, 0, 0),
(@CGUID+153, 13, 33.7657, 6.79465, -13.1942, 0, 0, 0),
(@CGUID+153, 14, 22.7783, 7.14236, -13.1889, 100, 2000, 1742001),
(@CGUID+154, 1, 90.0297, 57.4987, -13.1003, 0, 1000, 5),
(@CGUID+154, 2, 73.4619, 54.4364, -13.2227, 0, 0, 0),
(@CGUID+154, 3, 73.4619, 54.4364, -13.2227, 0, 0, 0),
(@CGUID+154, 4, 71.4676, 45.247, -13.2218, 0, 0, 0),
(@CGUID+154, 5, 70.8612, 26.3303, -13.191, 0, 0, 0),
(@CGUID+154, 6, 69.0497, 8.98774, -13.2077, 0, 0, 0),
(@CGUID+154, 7, 62.9846, -0.321715, -13.1952, 0, 0, 0),
(@CGUID+154, 8, 57.8027, -0.197392, -13.2067, 100, 2000, 1742001),
(@CGUID+155, 1, 87.9912, 57.5445, -13.1049, 0, 1000, 5),
(@CGUID+155, 2, 73.6565, 52.4234, -13.2226, 0, 0, 0),
(@CGUID+155, 3, 71.5909, 37.8002, -13.2262, 0, 0, 0),
(@CGUID+155, 4, 70.0568, 10.5743, -13.2209, 0, 0, 0),
(@CGUID+155, 5, 52.6026, -0.81406, -13.2027, 0, 0, 0),
(@CGUID+155, 6, 37.0071, -1.50796, -13.1959, 100, 2000, 1742001),
(@CGUID+156, 1, 46.3248, 59.879, -12.9904, 0, 1000, 5),
(@CGUID+156, 2, 53.246, 58.0863, -13.1067, 0, 0, 0),
(@CGUID+156, 3, 60.1673, 56.2936, -13.223, 0, 0, 0),
(@CGUID+156, 4, 62.0403, 55.8085, -13.2236, 0, 0, 0),
(@CGUID+156, 5, 66.1605, 54.7413, -13.2229, 0, 0, 0),
(@CGUID+156, 6, 66.8337, 51.6796, -13.2228, 0, 0, 0),
(@CGUID+156, 7, 67.2014, 50.007, -13.2218, 0, 0, 0),
(@CGUID+156, 8, 69.3164, 40.3876, -13.2218, 0, 0, 0),
(@CGUID+156, 9, 69.6013, 39.0919, -13.2298, 0, 0, 0),
(@CGUID+156, 10, 69.6013, 39.0919, -13.2298, 0, 0, 0),
(@CGUID+156, 11, 65.8643, 14.4801, -13.2172, 0, 0, 0),
(@CGUID+156, 12, 57.2744, 7.4202, -13.215, 0, 0, 0),
(@CGUID+156, 13, 45.6987, 6.42616, -13.1906, 100, 2000, 1742001),
(@CGUID+157, 2, 83.755, 57.2887, -13.114, 0, 1000, 5),
(@CGUID+157, 3, 73.5564, 52.4972, -13.2227, 0, 0, 0),
(@CGUID+157, 4, 73.2092, 50.007, -13.2218, 0, 0, 0),
(@CGUID+157, 5, 71.868, 40.3876, -13.2218, 0, 0, 0),
(@CGUID+157, 6, 70.8613, 33.1676, -13.2132, 0, 0, 0),
(@CGUID+157, 7, 70.8613, 33.1676, -13.2132, 0, 0, 0),
(@CGUID+157, 8, 63.0987, 2.38798, -13.1956, 0, 0, 0),
(@CGUID+157, 9, 36.6416, -1.55471, -13.1958, 0, 0, 0),
(@CGUID+157, 10, 25.2589, -4.47658, -13.1882, 0, 0, 0),
(@CGUID+157, 11, 12.3784, -2.32701, -13.1913, 100, 2000, 1742001),
(@CGUID+158, 1, 53.5243, 60.0879, -13.0071, 0, 1000, 5),
(@CGUID+158, 2, 56.8458, 57.6507, -13.1151, 0, 0, 0),
(@CGUID+158, 3, 60.1673, 55.2135, -13.223, 0, 0, 0),
(@CGUID+158, 4, 61.37, 54.3309, -13.2237, 0, 0, 0),
(@CGUID+158, 5, 64.9833, 51.6796, -13.2229, 0, 0, 0),
(@CGUID+158, 6, 67.2627, 50.007, -13.2218, 0, 0, 0),
(@CGUID+158, 7, 67.693, 49.6913, -13.2218, 0, 0, 0),
(@CGUID+158, 8, 67.8674, 40.3876, -13.2218, 0, 0, 0),
(@CGUID+158, 9, 67.8932, 39.0141, -13.2296, 0, 0, 0),
(@CGUID+158, 10, 67.8932, 39.0141, -13.2296, 0, 0, 0),
(@CGUID+158, 11, 64.0192, 12.3123, -13.219, 0, 0, 0),
(@CGUID+158, 12, 46.6975, 4.63054, -13.1906, 0, 0, 0),
(@CGUID+158, 13, 33.7657, 6.79465, -13.1942, 0, 0, 0),
(@CGUID+158, 14, 22.7783, 7.14236, -13.1889, 100, 2000, 1742001),
(@CGUID+159, 1, 90.0297, 57.4987, -13.1003, 0, 1000, 5),
(@CGUID+159, 2, 73.4619, 54.4364, -13.2227, 0, 0, 0),
(@CGUID+159, 3, 73.4619, 54.4364, -13.2227, 0, 0, 0),
(@CGUID+159, 4, 71.4676, 45.247, -13.2218, 0, 0, 0),
(@CGUID+159, 5, 70.8612, 26.3303, -13.191, 0, 0, 0),
(@CGUID+159, 6, 69.0497, 8.98774, -13.2077, 0, 0, 0),
(@CGUID+159, 7, 62.9846, -0.321715, -13.1952, 0, 0, 0),
(@CGUID+159, 8, 57.8027, -0.197392, -13.2067, 100, 2000, 1742001),
(@CGUID+160, 1, 87.9912, 57.5445, -13.1049, 0, 1000, 5),
(@CGUID+160, 2, 73.6565, 52.4234, -13.2226, 0, 0, 0),
(@CGUID+160, 3, 71.5909, 37.8002, -13.2262, 0, 0, 0),
(@CGUID+160, 4, 70.0568, 10.5743, -13.2209, 0, 0, 0),
(@CGUID+160, 5, 52.6026, -0.81406, -13.2027, 0, 0, 0),
(@CGUID+160, 6, 37.0071, -1.50796, -13.1959, 100, 2000, 1742001),
(@CGUID+163, 1, 56.966682, 74.25795, -13.222891, 0, 0, 1670002),
(@CGUID+163, 2, 64.00517,79.559944,-13.22254, 0, 0, 1670003),
(@CGUID+163, 3, 73.133644,78.94907,-13.222672, 0, 0, 1670004),
(@CGUID+163, 4, 80.202415,73.17268,-13.22248, 0, 0, 1670005),
(@CGUID+192, 1, 76.5898, 203.889, -13.1954, 100, 0, 0),
(@CGUID+192, 2, 62.5537, 203.886, -13.1971, 100, 0, 0),
(@CGUID+198, 1, 76.4215, 261.567, -13.2031, 0, 0, 0),
(@CGUID+198, 2, 76.4215, 261.567, -13.2031, 0, 0, 0),
(@CGUID+198, 3, 66.6358, 268.749, -13.2008, 0, 0, 0),
(@CGUID+198, 4, 69.7139, 263.393, -13.201, 0, 0, 0),
(@CGUID+198, 5, 69.6648, 257.303, -13.2001, 0, 0, 0),
(@CGUID+198, 6, 69.7602, 263.401, -13.2011, 0, 0, 0),
(@CGUID+198, 7, 69.7602, 263.401, -13.2011, 0.541052, 0, 0),
(@CGUID+198, 8, 76.4215, 261.567, -13.2031, 0, 0, 0),
(@CGUID+198, 9, 66.6358, 268.749, -13.2008, 0, 0, 0),
(@CGUID+198, 10, 76.4215, 261.567, -13.2031, 0, 0, 0),
(@CGUID+198, 11, 66.6358, 268.749, -13.2008, 0, 0, 0),
(@CGUID+198, 12, 69.7139, 263.393, -13.201, 0, 0, 0),
(@CGUID+198, 13, 69.7139, 263.393, -13.201, 4.69494, 0, 0),
(@CGUID+198, 14, 69.6648, 257.303, -13.2001, 0, 0, 0),
(@CGUID+198, 15, 69.7602, 263.401, -13.2011, 0, 0, 0),
(@CGUID+198, 16, 63.4647, 269.655, -13.1999, 0, 0, 0),
(@CGUID+198, 17, 64.4153, 277.185, -13.2015, 0, 0, 0),
(@CGUID+198, 18, 72.1938, 278.969, -13.2044, 0, 0, 0),
(@CGUID+198, 19, 80.1167, 274.187, -13.2064, 0, 0, 0),
(@CGUID+198, 20, 88.3872, 265.499, -13.2078, 0, 0, 0),
(@CGUID+198, 21, 84.6359, 258.439, -13.2054, 0, 0, 0),
(@CGUID+198, 22, 76.9477, 257.962, -13.2027, 0, 0, 0),
-- The Sewer
(@CGUID+212,1,130.40237,258.11697,-45.2686,100,0,0),
(@CGUID+212,2,116.46909,242.06526,-45.46508,100,0,0),
(@CGUID+212,3,128.59535,213.18562,-48.986923,100,0,0),
(@CGUID+212,4,125.9,188.99419,-48.03593,100,0,0),
(@CGUID+212,5,148.54898,186.42651,-45.1298,100,0,0),
(@CGUID+212,6,154.66528,166.41066,-42.992058,100,0,0),
(@CGUID+212,7,187.89859,166.88066,-42.344864,100,0,0),
(@CGUID+212,8,201.7792,154.33182,-42.40438,100,0,0),
(@CGUID+213,1,173.75594,158.34296,-42.34844,100,0,0),
(@CGUID+213,2,164.90918,162.79108,-42.33959,100,0,0),
(@CGUID+213,3,155.07845,169.18184,-43.112976,100,0,0),
(@CGUID+213,4,138.18587,182.20901,-46.14079,100,0,0),
(@CGUID+213,5,129.483,194.90392,-48.32469,100,0,0),
(@CGUID+213,6,121.16569,212.9327,-48.68246,100,0,0),
(@CGUID+213,7,120.61717,233.68568,-46.492027,100,0,0),
(@CGUID+213,8,123.36229,245.10045,-45.15374,100,0,0),
(@CGUID+213,9,128.45403,239.6891,-45.73134,100,0,0),
(@CGUID+213,10,127.27684,223.08913,-47.691334,100,0,0),
(@CGUID+213,11,125.94965,215.66638,-48.40699,100,0,0),
(@CGUID+213,12,130.3105,198.84138,-48.512295,100,0,0),
(@CGUID+213,13,141.06503,186.74463,-46.231396,100,0,0),
(@CGUID+213,14,153.51591,175.23079,-43.606773,100,0,0),
(@CGUID+213,15,160.80489,169.9009,-42.620213,100,0,0),
(@CGUID+213,16,173.26784,163.25279,-42.347187,100,0,0),
(@CGUID+213,17,189.9367,163.26945,-42.35478,100,0,0),
(@CGUID+213,18,204.35081,157.2191,-42.42002,100,0,0),
(@CGUID+213,19,188.83406,156.31749,-42.362614,100,0,0),
(@CGUID+214,1,203.84158,166.2325,-42.404785,100,0,0),
(@CGUID+214,2,184.36604,154.83159,-42.358753,100,0,0),
(@CGUID+214,3,168.82005,171.66129,-41.895992,100,0,0),
(@CGUID+214,4,153.42018,166.4764,-43.111977,100,0,0),
(@CGUID+214,5,149.41823,187.53679,-45.088314,100,0,0),
(@CGUID+214,6,123.48256,194.85074,-48.43981,100,0,0),
(@CGUID+214,7,130.13234,225.83313,-47.437157,100,0,0),
(@CGUID+214,8,118.14948,241.91426,-45.472076,100,0,0),
(@CGUID+215,1,166.31793,169.74092,-42.10371,100,0,0),
(@CGUID+215,2,155.02953,177.77226,-43.611828,100,0,0),
(@CGUID+215,3,142.2658,189.67696,-46.590664,100,0,0),
(@CGUID+215,4,131.14032,203.60815,-48.83939,100,0,0),
(@CGUID+215,5,127.19158,216.2265,-48.44385,100,0,0),
(@CGUID+215,6,127.05512,230.76259,-46.87825,100,0,0),
(@CGUID+215,7,127.2688,244.1904,-45.153778,100,0,0),
(@CGUID+215,8,124.92027,255.49118,-45.247597,100,0,0),
(@CGUID+215,9,120.45164,249.47282,-45.198177,100,0,0),
(@CGUID+215,10,120.65534,230.80382,-46.863056,100,0,0),
(@CGUID+215,11,121.29522,217.32219,-48.271515,100,0,0),
(@CGUID+215,12,123.2833,203.54076,-48.707466,100,0,0),
(@CGUID+215,13,128.15083,193.24666,-48.296864,100,0,0),
(@CGUID+215,14,141.35631,180.62564,-45.52806,100,0,0),
(@CGUID+215,15,159.80417,166.5734,-42.522095,100,0,0),
(@CGUID+215,16,171.07854,161.57185,-42.34545,100,0,0),
(@CGUID+215,17,185.7399,157.80208,-42.359528,100,0,0),
(@CGUID+215,18,199.63754,158.02277,-42.389294,100,0,0),
(@CGUID+215,19,203.45596,159.60638,-42.410286,100,0,0),
(@CGUID+215,20,192.86397,164.3215,-42.362396,100,0,0),
(@CGUID+215,21,178.02806,166.20204,-42.09726,100,0,0),
-- gauntlet rework
(@CGUID+262,1,515.1152, 339.82166, 2.1918812,100,100,5),
(@CGUID+262,2,493.9259,316.13474,1.9472932,100,0,0),
(@CGUID+262,3,476.05844,317.75107,1.9364125,100,0,0),
(@CGUID+262,4,455.65674,317.68033,1.9416298,100,0,0),
(@CGUID+262,5,429.9724,317.08362,1.9209572,100,0,0),
(@CGUID+262,6,409.81305,318.26263,1.9170406,100,0,0),
(@CGUID+262,7,384.47876,318.11124,1.9394886,100,0,0),
(@CGUID+262,8,359.87564,320.17487,1.9181617,3.3510,100,1746201),

(@CGUID+263,1,500.43695, 299.709, 2.0352724,100,100,5),
(@CGUID+263,2,460.72418,313.97842,1.9364703,100,0,0),
(@CGUID+263,3,434.42194,314.33572,1.9077104,100,0,0),
(@CGUID+263,4,403.79083,314.16635,1.9008716,100,0,0),
(@CGUID+263,5,374.89954,312.64014,1.9247476,100,0,0),
(@CGUID+263,6,359.43372,312.43814,1.9181622,2.8099,100,1746201),

(@CGUID+264,1,500.66077,335.08316,2.1801622,100,100,5),
(@CGUID+264,2,483.1907,317.86993,1.9473528,100,0,0),
(@CGUID+264,3,455.10214,317.3777,1.9421942,100,0,0),
(@CGUID+264,4,430.9916,316.97632,1.9160842,100,0,0),
(@CGUID+264,5,400.69287,318.7411,1.8979802,100,0,0),
(@CGUID+264,6,385.03403,321.49213,1.9389232,3.351,100,1746201),

(@CGUID+265,1,500.4554, 295.4435, 2.0247803,100,100,5),
(@CGUID+265,2,485.07498,314.65887,1.9463371,100,0,0),
(@CGUID+265,3,460.7832,315.03976,1.9364105,100,0,0),
(@CGUID+265,4,435.2396,312.74365,1.9061459,100,0,0),
(@CGUID+265,5,403.83655,312.20764,1.9023694,100,0,0),
(@CGUID+265,6,385.5018,309.696,1.938451,2.8099,100,1746201),

(@CGUID+266,1,502.3265, 339.933, 2.1924121,100,100,5),
(@CGUID+266,2,476.05844,317.75107,1.9364125,100,0,0),
(@CGUID+266,3,455.1762,318.79874,1.9421194,100,0,0),
(@CGUID+266,4,429.9724,317.08362,1.9209572,100,0,0),
(@CGUID+266,5,418.716,319.8783,1.9447119,3.351032257080078125,100,1746201),

(@CGUID+267,1,505.0166, 294.01736, 2.0213714,100,100,5),
(@CGUID+267,2,484.36633,313.18347,1.9463377,100,0,0),
(@CGUID+267,3,459.75717,313.03488,1.9374542,100,0,0),
(@CGUID+267,4,439.54303,312.2451,1.8873941,100,0,0),
(@CGUID+267,5,420.8947,309.70868,1.9430903,2.8099,100,1746201),

(@CGUID+268,1,507.43033, 340.37152, 2.1807163,100,100,5),
(@CGUID+268,2,492.0797,318.1158,1.9481977,100,0,0),
(@CGUID+268,3,480.32916,318.5935,1.9409089,100,0,0),
(@CGUID+268,4,454.69748,319.9294,1.942607,100,0,0),
(@CGUID+268,5,454.69748,319.9294,1.942607,3.3510,100,1746201),

(@CGUID+269,1,510.66922, 292.43665, 2.0080533,100,100,5),
(@CGUID+269,2,485.2548,314.55142,1.946337,100,0,0),
(@CGUID+269,3,469.40604,311.16257,1.9173245,100,0,0),
(@CGUID+269,4,460.55313,309.96686,1.936643,2.8099,100,1746201),
-- gauntlet end
(@CGUID+300,1,528.1561,228.07251,1.9335356,100,0,0),
(@CGUID+300,2,521.939,226.18733,1.9384854,100,0,0),
(@CGUID+300,3,519.15515,222.23543,1.9348023,100,0,0),
(@CGUID+309,1,522.757,158.84065,1.9294991,100,0,0),
(@CGUID+309,2,511.35275,162.06738,1.9312072,100,0,0),
/* 
@CGUID+321 not sure yet what triggers his spawn
(@CGUID+321,1,517.5042,110.27213,1.9337319,100,0,0),
(@CGUID+321,2,517.7876,95.66194,1.9120612,100,0,0),
(@CGUID+321,3,517.27277,84.83315,1.9335656,100,0,0),
(@CGUID+321,4,514.5376,68.17303,1.9055551,100,0,0),
(@CGUID+321,5,505.58887,61.884686,1.9372952,100,0,0),
(@CGUID+321,6,490.86508,62.12726,1.9241942,100,0,0),
(@CGUID+321,7,472.6607,61.781292,1.92517,100,0,0),
(@CGUID+321,8,457.20792,61.528564,1.9381392,100,0,0),
(@CGUID+321,9,440.30304,60.604694,1.9265512,100,0,0),
(@CGUID+321,10,423.63367,58.10315,2.1907735,100,0,0),
(@CGUID+321,11,397.91632,59.60511,-7.9198833,100,0,0),
(@CGUID+321,12,385.9369,60.24474,-7.608985,100,0,0),
(@CGUID+321,13,375.5266,58.39276,-7.3140163,100,0,0),
(@CGUID+321,14,372.8525,47.495487,-7.669405,100,0,0),
(@CGUID+321,15,370.9641,31.848307,-8.043931,100,0,0),
(@CGUID+321,16,369.20416,22.684153,-2.8790743,100,0,0),
(@CGUID+321,17,368.72055,13.340087,1.0450294,100,0,0),
(@CGUID+321,18,370.1174,4.700938,1.5122721,100,0,0),
(@CGUID+321,19,372.98456,-2.465837,1.8750225,100,0,0),
(@CGUID+321,20,372.3696,-22.92599,1.9098651,100,0,0),
(@CGUID+321,21,372.27838,-50.026485,1.9342409,100,0,0),
(@CGUID+321,22,371.556,-64.19129,1.9257647,100,0,0),
(@CGUID+321,23,369.65765,-73.29199,1.9207075,100,0,0),
(@CGUID+321,24,357.85913,-82.47999,1.920399,100,0,0),
(@CGUID+321,25,321.81198,-82.54967,1.93689,100,0,0),
(@CGUID+321,26,304.77307,-82.520065,1.9369328,100,0,0),
(@CGUID+321,27,292.90714,-80.60747,1.9165285,100,0,0),
(@CGUID+321,28,287.34784,-85.04131,1.9744341,100,0,0),
(@CGUID+321,29,293.92264,-89.50142,1.9235594,100,0,0),
(@CGUID+321,30,309.35217,-87.78571,1.9372386,100,0,0),
(@CGUID+321,31,321.07938,-86.63962,1.9371738,100,0,0),
(@CGUID+321,32,358.08585,-84.085205,1.9221135,100,0,0),
(@CGUID+321,33,370.87408,-74.414055,1.9192178,100,0,0),
(@CGUID+321,34,372.99686,-64.16115,1.9257658,100,0,0),
(@CGUID+321,35,374.01288,-49.91967,1.934043,100,0,0),
(@CGUID+321,36,374.27414,-23.146532,1.9096458,100,0,0),
(@CGUID+321,37,375.20255,-3.506816,1.9123003,100,0,0),
(@CGUID+321,38,372.49487,4.910421,1.5018377,100,0,0),
(@CGUID+321,39,371.32224,12.931185,1.0456508,100,0,0),
(@CGUID+321,40,370.77585,21.130861,-2.1123235,100,0,0),
(@CGUID+321,41,372.136,31.573832,-8.033039,100,0,0),
(@CGUID+321,42,374.06696,46.990696,-7.5437126,100,0,0),
(@CGUID+321,43,397.36246,57.241814,-7.8759065,100,0,0),
(@CGUID+321,44,423.1603,56.2867,2.2034597,100,0,0),
(@CGUID+321,45,441.3885,58.891068,1.9266673,100,0,0),
(@CGUID+321,46,456.52408,59.47583,1.9382808,100,0,0),
(@CGUID+321,47,470.97098,60.052864,1.9252926,100,0,0),
(@CGUID+321,48,487.3806,60.27333,1.9343144,100,0,0),
(@CGUID+321,49,504.22516,59.83277,1.9387043,100,0,0),
(@CGUID+321,50,515.0728,66.449615,1.9329457,100,0,0),
(@CGUID+321,51,518.69635,84.8585,1.9335626,100,0,0),
(@CGUID+321,52,518.87775,95.494446,1.9124671,100,0,0),
(@CGUID+321,53,520.8324,110.96814,1.9329703,100,0,0),
(@CGUID+321,54,520.2576,120.18124,1.8685412,100,0,0),
(@CGUID+321,55,517.9992,126.17156,1.9240329,100,0,0),
(@CGUID+321,56,517.04175,118.07283,1.9159209,100,0,0),
*/
(@CGUID+334,1,381.3262,-18.909515,1.9102229,100,0,0),
(@CGUID+334,2,365.75497,-24.649958,1.9100889,100,0,0),
(@CGUID+334,3,382.04645,-32.39672,1.9077514,100,0,0),
(@CGUID+335,1,383.08115,-52.932426,1.939616,100,0,0),
(@CGUID+335,2,367.0894,-43.882507,1.9245446,100,0,0),
(@CGUID+335,3,381.66763,-38.641228,1.9141335,100,0,0),
(@CGUID+336,1,381.3918,-74.539215,1.9187236,100,0,0),
(@CGUID+336,2,365.37756,-68.21585,1.9214319,100,0,0),
(@CGUID+336,3,381.1033,-60.501587,1.9292904,100,0,0),
(@CGUID+337,6,368.5422,-87.628334,1.9119368,100,0,0),
(@CGUID+337,2,356.64178,-75.437904,1.913136,100,0,0),
(@CGUID+337,3,354.86255,-90.409584,1.935186,100,0,0),
(@CGUID+338,1,346.19812,-88.69315,1.9350995,100,0,0),
(@CGUID+338,2,332.8256,-76.8942,1.9393015,100,0,0),
(@CGUID+338,3,325.15228,-92.04973,1.9375387,100,0,0),
(@CGUID+339,1,314.45364,-91.16705,1.9374878,100,0,0),
(@CGUID+339,2,299.4695,-76.63259,1.9365374,100,0,0),
(@CGUID+339,3,291.05557,-90.919136,1.9129256,100,0,0);

DELETE FROM `creature_movement_template` WHERE `entry` IN (16807, 17083, 17462, 17693);
INSERT INTO `creature_movement_template` (`entry`, `pathId`, `point`, `PositionX`, `PositionY`, `PositionZ`, `orientation`, `waittime`, `ScriptId`) VALUES
-- Grand Warlock Nethekurse
(16807, 0, 1, 171.8228, 289.9769, -8.185595, 100, 0, 0),
(16807, 0, 2, 178.5562, 288.1734, -7.933493, 100, 0, 0),
(16807, 0, 3, 184.7897, 290.3699, -8.18139, 100, 0, 0),
(16807, 0, 4, 178.5562, 288.1734, -7.933493, 100, 0, 0),
-- Fel Orc Convert
(17083, 1, 1, 79.9949, 111.5607, -13.1384, 100, 0, 0),
(17083, 1, 2, 70.039566, 47.337353, -13.221819, 100, 100, 1708301),
(17083, 2, 1, 61.1264, 110.8250, -13.1384, 100, 0, 0),
(17083, 2, 2, 70.039566, 47.337353, -13.221819, 100, 100, 1708301),
(17083, 3, 1, 88.4735, 187.3315, -13.1929, 100, 0, 0),
(17083, 3, 2, 69.36077, 151.97517, -13.2360525, 100, 0, 0),
(17083, 3, 3, 71.625595, 126.86035, -13.195059, 100, 0, 0),
(17083, 3, 4, 69.65978, 92.944626, -13.221933, 100, 100, 1708301),
(17083, 4, 1, 78.6885, 218.2196, -13.2166, 100, 0, 0),
(17083, 4, 2, 69.58252, 147.60202, -13.231533, 100, 0, 0),
(17083, 4, 3, 69.59017, 139.92017, -13.2238035, 100, 100, 1708301),
(17083, 5, 1, 83.5307, 250.5344, -13.1131, 100, 0, 0),
(17083, 5, 2, 69.81086, 195.43225, -13.230811, 100, 0, 0),
(17083, 5, 3, 69.74186, 167.36273, -13.200679, 100, 100, 1708301),
-- Shattered Hand Zealot
(17462,1,1,497.68735,316.3075,1.9454536,100,0,0),
(17462,1,2,485.92004,316.08777,1.9463365,100,100,3),
-- Shattered Hand Scout
(17693,1,1,389.98074,315.4098,1.9338964,100,0,0),
(17693,1,2,419.4097,315.15308,1.940825,100,0,0),
(17693,1,3,460.31537,316.02213,1.9368871,100,0,0),
(17693,1,4,488.62424,315.73007,1.9498857,100,1000,0);

INSERT INTO `creature_addon` (`guid`, `mount`, `stand_state`, `sheath_state`, `emote`, `moveflags`, `auras`) VALUES
(@CGUID+161, 0, 0, 0, 333, 0, '18950'), -- Shattered Hand Sentry
(@CGUID+162, 0, 0, 0, 333, 0, '18950'), -- Shattered Hand Sentry
(@CGUID+180, 0, 0, 0, 333, 0, '18950'), -- Shattered Hand Sentry
(@CGUID+181, 0, 0, 0, 333, 0, '18950'), -- Shattered Hand Sentry
(@CGUID+205, 0, 0, 0, 0, 0, '8876 16093'), -- Shattered Hand Brawler
(@CGUID+206, 0, 0, 0, 0, 0, '8876 16093'), -- Shattered Hand Brawler
(@CGUID+207, 0, 0, 0, 0, 0, '8876 16093'), -- Shattered Hand Brawler
(@CGUID+208, 0, 0, 0, 0, 0, '16093'), -- Shadowmoon Acolyte
(@CGUID+209, 0, 0, 2, 214, 0, NULL), -- Shattered Hand Houndmaster
(@CGUID+306, 0, 0, 0, 389, 0, NULL), -- spawn_group_entry
(@CGUID+307, 0, 0, 0, 389, 0, NULL), -- spawn_group_entry
(@CGUID+308, 0, 0, 0, 389, 0, NULL), -- spawn_group_entry
(@CGUID+318, 0, 0, 0, 389, 0, NULL), -- creature_spawn_entry
(@CGUID+319, 0, 0, 0, 389, 0, NULL), -- Shattered Hand Savage
(@CGUID+320, 0, 0, 0, 389, 0, NULL); -- Shattered Hand Savage

REPLACE INTO `creature_template_addon` (`entry`, `mount`, `stand_state`, `sheath_state`, `emote`, `moveflags`, `auras`) VALUES
(16507, 0, 0, 0, 0, 0, '18950'), -- Shattered Hand Sentry
(16593, 0, 0, 1, 0, 0, '8876'), -- Shattered Hand Brawler
(16700, 0, 0, 0, 0, 0, '30472'), -- Shattered Hand Legionnaire
(16704, 0, 0, 2, 0, 0, NULL), -- Shattered Hand Sharpshooter
(16808, 0, 0, 0, 0, 0, '19818'), -- Warchief Kargath Bladefist -- stealth detect?
(17462, 0, 0, 0, 0, 0, '18950'), -- Shattered Hand Zealot
(17471, 0, 0, 0, 0, 0, NULL), -- Lesser Shadow Fissure
(17578, 0, 0, 0, 0, 0, '7056'), -- Training Dummy
(17669, 0, 0, 0, 0, 0, '18950'), -- Rabid Warhound
(17671, 0, 0, 0, 333, 0, '12782 18950'), -- Shattered Hand Champion
(17693, 0, 0, 0, 0, 0, '18950'), -- Shattered Hand Scout
(17695, 0, 0, 1, 0, 0, '30991'), -- Shattered Hand Assassin
(18370, 0, 0, 0, 0, 0, NULL), -- Wild Shadow Fissure
(20923, 0, 0, 0, 0, 0, '18950'); -- Blood Guard Porung

-- INSERT INTO `creature_linking` (`guid`, `master_guid`, `flag`) VALUES

REPLACE INTO `creature_linking_template` (`entry`, `map`, `master_entry`, `flag`, `search_range`) VALUES
(16809, 540, 16808, 1, 0); -- Warbringer O'mrogg -> Warchief Kargath Bladefist

INSERT INTO `creature_spawn_entry` (`guid`, `entry`) VALUES
-- commented due to need static entry for rp event
(@CGUID+184, 16593), (@CGUID+184, 16594), -- Shattered Hand Brawler, Shadowmoon Acolyte
(@CGUID+186, 16523), (@CGUID+186, 17420), -- Shattered Hand Savage, Shattered Hand Heathen
(@CGUID+190, 16593), (@CGUID+190, 17694), -- Shattered Hand Brawler, Shadowmoon Darkcaster
(@CGUID+200, 16593), (@CGUID+200, 17694), -- Shattered Hand Brawler, Shadowmoon Darkcaster
(@CGUID+203, 16523), (@CGUID+203, 17420); -- Shattered Hand Savage, Shattered Hand Heathen

INSERT INTO `creature` (`guid`, `id`, `map`, `spawnMask`, `position_x`, `position_y`, `position_z`, `orientation`, `spawntimesecsmin`, `spawntimesecsmax`, `spawndist`, `MovementType`) VALUES
-- Critters
(@CGUID+1, 2110, 540, 3, 115.869, 223.215, -47.7406, 1.51629, 900, 900, 5, 1), -- Black Rat
(@CGUID+2, 2110, 540, 3, -10.3597, 6.42759, -13.2078, 5.64778, 900, 900, 5, 1), -- Black Rat
(@CGUID+3, 2110, 540, 3, 501.895, 293.72, 1.9389, 5.75975, 900, 900, 5, 1), -- Black Rat
(@CGUID+4, 2110, 540, 3, 251.579, 263.924, -13.2118, 4.73688, 900, 900, 5, 1), -- Black Rat
(@CGUID+5, 2110, 540, 3, 177.031, 300.648, -8.19186, 3.68007, 900, 900, 5, 1), -- Black Rat
(@CGUID+6, 2110, 540, 3, 47.0979, 254.544, -13.0907, 1.07684, 900, 900, 5, 1), -- Black Rat
(@CGUID+7, 2110, 540, 3, 320.906, 294.456, 2.01263, 2.98451, 900, 900, 5, 1), -- Black Rat
(@CGUID+8, 2110, 540, 3, 344.047, 335.721, 1.9456, 3.23042, 900, 900, 5, 1), -- Black Rat
(@CGUID+9, 2110, 540, 3, 501.513, 293.966, 1.93947, 0.445941, 900, 900, 5, 1), -- Black Rat
(@CGUID+10, 2110, 540, 3, 119.419, 255.938, -45.2524, 0.830412, 900, 900, 5, 1), -- Black Rat
(@CGUID+11, 2110, 540, 3, 413.007, 92.7835, 1.03479, 0.917774, 900, 900, 5, 1), -- Black Rat
(@CGUID+12, 2110, 540, 3, 203.879, 165.702, -42.4057, 6.14243, 900, 900, 5, 1), -- Black Rat
(@CGUID+13, 2110, 540, 3, 501.594, 53.5415, 1.94273, 0.330827, 900, 900, 5, 1), -- Black Rat
(@CGUID+14, 2110, 540, 3, 133.197, 261.577, -13.2012, 2.3947, 900, 900, 5, 1), -- Black Rat
(@CGUID+15, 2110, 540, 3, 49.8876, 281.703, -13.1265, 4.09254, 900, 900, 5, 1), -- Black Rat
(@CGUID+16, 2110, 540, 3, 159.809, 246.503, -13.1881, 2.41328, 900, 900, 5, 1), -- Black Rat
(@CGUID+17, 2914, 540, 3, 169.113, 160.488, -42.3438, 6.15895, 900, 900, 10, 1), -- Snake
(@CGUID+18, 2914, 540, 3, 196.605, 156.598, -42.3818, 2.6321, 900, 900, 10, 1), -- Snake
(@CGUID+19, 2914, 540, 3, 124.75, 221.811, -47.8098, 4.6856, 900, 900, 10, 1), -- Snake
(@CGUID+20, 2914, 540, 3, 127.502, 195.562, -48.3811, 5.06052, 900, 900, 10, 1), -- Snake
(@CGUID+21, 2914, 540, 3, 158.569, 179.447, -43.3181, 2.12398, 900, 900, 10, 1), -- Snake
(@CGUID+22, 2914, 540, 3, 184.983, 157.058, -42.359, 2.86419, 900, 900, 10, 1), -- Snake
(@CGUID+23, 2914, 540, 3, 180.964, 221.136, -19.9495, 4.79997, 900, 900, 10, 1), -- Snake
(@CGUID+24, 2914, 540, 3, 176.379, 194.505, -29.3616, 2.21331, 900, 900, 10, 1), -- Snake
(@CGUID+25, 2914, 540, 3, 119.84, 234.17, -46.3605, 3.14159, 900, 900, 10, 1), -- Snake
(@CGUID+26, 4075, 540, 3, 93.8544, 77.9175, -13.2221, 1.79534, 900, 900, 5, 1), -- Rat
(@CGUID+27, 4075, 540, 3, 336.401, -80.9012, 1.93798, 4.28647, 900, 900, 5, 1), -- Rat
(@CGUID+28, 4075, 540, 3, 74.3365, 12.5382, -13.2194, 4.50366, 900, 900, 5, 1), -- Rat
(@CGUID+29, 4075, 540, 3, 348.926, 15.3367, 1.05846, 5.78935, 900, 900, 5, 1), -- Rat
(@CGUID+30, 4075, 540, 3, 46.9932, 279.064, -13.1237, 5.7629, 900, 900, 5, 1), -- Rat
(@CGUID+31, 4075, 540, 3, 46.9123, 63.7751, -13.1153, 5.46641, 900, 900, 5, 1), -- Rat
(@CGUID+32, 4075, 540, 3, 502.01, 293.909, 1.93946, 1.97847, 900, 900, 5, 1), -- Rat
(@CGUID+33, 4075, 540, 3, 368.352, -47.8858, 1.93028, 1.12947, 900, 900, 5, 1), -- Rat
(@CGUID+34, 4075, 540, 3, 194.412, 245.801, -13.1823, 2.82348, 900, 900, 5, 1), -- Rat
(@CGUID+35, 4075, 540, 3, 536.59, 295.011, 1.94342, 6.26132, 900, 900, 5, 1), -- Rat
(@CGUID+36, 4075, 540, 3, 526.892, 338.525, 2.11571, 0.276872, 900, 900, 5, 1), -- Rat
(@CGUID+37, 9699, 540, 3, 58.3455, 220.712, -13.2181, 2.27722, 900, 900, 5, 1), -- Fire Beetle
(@CGUID+38, 9699, 540, 3, 58.5732, 225.986, -13.1171, 4.85973, 900, 900, 5, 1), -- Fire Beetle
(@CGUID+39, 9699, 540, 3, 57.4501, 111.621, -13.2218, 5.81864, 900, 900, 5, 1), -- Fire Beetle
(@CGUID+40, 9699, 540, 3, 82.703, 112.605, -13.1385, 1.80114, 900, 900, 5, 1), -- Fire Beetle
(@CGUID+41, 9699, 540, 3, 81.9415, 225.795, -13.1873, 5.65857, 900, 900, 5, 1), -- Fire Beetle
(@CGUID+42, 9699, 540, 3, 81.9493, 221.776, -13.2032, 4.03066, 900, 900, 5, 1), -- Fire Beetle
(@CGUID+43, 9699, 540, 3, 50.9596, 188.825, -13.2365, 0.78815, 900, 900, 5, 1), -- Fire Beetle
(@CGUID+44, 9699, 540, 3, 49.4711, 151.141, -13.1444, 2.51327, 900, 900, 5, 1), -- Fire Beetle
(@CGUID+45, 9699, 540, 3, 56.0556, 223.233, -13.2109, 5.97285, 900, 900, 5, 1), -- Fire Beetle
(@CGUID+46, 9699, 540, 3, 80.5337, 116.628, -13.2218, 3.8644, 900, 900, 5, 1), -- Fire Beetle
(@CGUID+47, 9699, 540, 3, 475.297, 328.561, 1.93489, 0.559711, 900, 900, 5, 1), -- Fire Beetle
(@CGUID+48, 9699, 540, 3, 474.959, 302.775, 2.0046, 2.09439, 900, 900, 5, 1), -- Fire Beetle
(@CGUID+49, 9699, 540, 3, 437.785, 299.469, 1.90173, 2.05887, 900, 900, 5, 1), -- Fire Beetle
(@CGUID+50, 9699, 540, 3, 365.673, 327.968, 1.91816, 3.92003, 900, 900, 5, 1), -- Fire Beetle
(@CGUID+51, 9699, 540, 3, 86.9678, 155.807, -13.1448, 1.74533, 900, 900, 5, 1), -- Fire Beetle
-- Triggers
(@CGUID+52, 17552, 540, 3, 191.091, 279.1522, 6.347817, 1.003119, 86400, 86400, 0, 0), -- Hellfire Death Brazier
(@CGUID+53, 17552, 540, 3, 165.1729, 278.9961, 7.502974, 0.5861885, 86400, 86400, 0, 0), -- Hellfire Death Brazier
(@CGUID+54, 17552, 540, 3, 179.6241, 258.1517, 7.795619, 0.6800787, 86400, 86400, 0, 0), -- Hellfire Death Brazier
-- Gauntlet of Fire Flame Arrow
(@CGUID+55, 17687, 540, 3, 475.607, 317.259, 1.93511, 3.53184, 7200, 7200, 10, 1), -- Flame Arrow
(@CGUID+56, 17687, 540, 3, 474.604, 316.266, 1.93224, 3.52502, 7200, 7200, 10, 1), -- Flame Arrow
(@CGUID+57, 17687, 540, 3, 458.635, 316.226, 1.9386, 1.09048, 7200, 7200, 10, 1), -- Flame Arrow
(@CGUID+58, 17687, 540, 3, 442.53, 312.552, 1.89971, 4.90947, 7200, 7200, 10, 1), -- Flame Arrow
(@CGUID+59, 17687, 540, 3, 443.132, 315.544, 1.98497, 0, 7200, 7200, 10, 1), -- Flame Arrow
(@CGUID+60, 17687, 540, 3, 425.697, 315.906, 1.9384, 0.0896327, 7200, 7200, 10, 1), -- Flame Arrow
(@CGUID+61, 17687, 540, 3, 424.878, 314.647, 1.94027, 5.80904, 7200, 7200, 10, 1), -- Flame Arrow
(@CGUID+62, 17687, 540, 3, 405.523, 315.378, 1.89959, 3.40177, 7200, 7200, 10, 1), -- Flame Arrow
(@CGUID+63, 17687, 540, 3, 317.974, 314.801, 1.9146, 0.34688, 7200, 7200, 10, 1), -- Flame Arrow
(@CGUID+64, 17687, 540, 3, 317.211, 315.742, 1.91492, 1.1656, 7200, 7200, 10, 1), -- Flame Arrow
(@CGUID+65, 17687, 540, 3, 351.347, 315.593, 1.91816, 4.00343, 7200, 7200, 10, 1), -- Flame Arrow
(@CGUID+66, 17687, 540, 3, 351.773, 317.038, 1.91816, 0.501879, 7200, 7200, 10, 1), -- Flame Arrow
(@CGUID+67, 17687, 540, 3, 368.151, 317.076, 1.9157, 1.26919, 7200, 7200, 10, 1), -- Flame Arrow
(@CGUID+68, 17687, 540, 3, 369.298, 320.104, 1.91694, 1.42251, 7200, 7200, 10, 1), -- Flame Arrow
(@CGUID+69, 17687, 540, 3, 384.094, 319.218, 1.93988, 2.53266, 7200, 7200, 10, 1), -- Flame Arrow
(@CGUID+70, 17687, 540, 3, 384.278, 314.477, 1.93969, 3.99809, 7200, 7200, 10, 1), -- Flame Arrow
(@CGUID+71, 17687, 540, 3, 408.506, 316.692, 1.91144, 0.0542292, 7200, 7200, 10, 1), -- Flame Arrow
(@CGUID+72, 17687, 540, 3, 294.722, 317.899, 1.91816, 0.186297, 7200, 7200, 10, 1), -- Flame Arrow
(@CGUID+73, 17687, 540, 3, 287.066, 315.53, 1.87145, 6.21995, 7200, 7200, 10, 1), -- Flame Arrow
(@CGUID+74, 17687, 540, 3, 455.513, 317.784, 1.94178, 3.58176, 7200, 7200, 10, 1), -- Flame Arrow
-- Endboss Targets
(@CGUID+75, 20709, 540, 3, 249.962, -98.2689, 5.0227, 3.61283, 60, 120, 0, 0), -- Blade Dance Target
(@CGUID+76, 20709, 540, 3, 251.623, -84.1218, 5.02172, 5.25344, 60, 120, 0, 0), -- Blade Dance Target
(@CGUID+77, 20709, 540, 3, 260.148, -83.7987, 4.18425, 2.6529, 60, 120, 0, 0), -- Blade Dance Target
(@CGUID+78, 20709, 540, 3, 190.912, -84.5878, 2.68429, 5.75959, 60, 120, 0, 0), -- Blade Dance Target
(@CGUID+79, 20709, 540, 3, 223.158, -83.8724, 5.02341, 6.10865, 60, 120, 0, 0), -- Blade Dance Target
(@CGUID+80, 20709, 540, 3, 223.486, -68.3885, 5.02341, 0.942478, 60, 120, 0, 0), -- Blade Dance Target
(@CGUID+81, 20709, 540, 3, 215.421, -89.0572, 5.02342, 5.21853, 60, 120, 0, 0), -- Blade Dance Target
(@CGUID+82, 20709, 540, 3, 198.564, -84.262, 3.9186, 4.01426, 60, 120, 0, 0), -- Blade Dance Target
(@CGUID+83, 20709, 540, 3, 235.637, -99.7462, 5.02341, 5.34071, 60, 120, 0, 0), -- Blade Dance Target
(@CGUID+84, 20709, 540, 3, 207.548, -84.2186, 5.02176, 0.122173, 60, 120, 0, 0), -- Blade Dance Target
(@CGUID+85, 20709, 540, 3, 236.281, -68.8607, 5.02341, 5.14872, 60, 120, 0, 0), -- Blade Dance Target
(@CGUID+86, 20709, 540, 3, 229.37, -63.3378, 5.02341, 2.75762, 60, 120, 0, 0), -- Blade Dance Target
(@CGUID+87, 20709, 540, 3, 222.929, -99.3172, 5.02341, 0.366519, 60, 120, 0, 0), -- Blade Dance Target
(@CGUID+88, 20709, 540, 3, 229.213, -91.2796, 5.02341, 0.244346, 60, 120, 0, 0), -- Blade Dance Target
(@CGUID+89, 20709, 540, 3, 243.45, -77.2963, 5.0234, 4.55531, 60, 120, 0, 0), -- Blade Dance Target
(@CGUID+90, 20709, 540, 3, 267.997, -84.1363, 3.17459, 5.86431, 60, 120, 0, 0), -- Blade Dance Target
(@CGUID+91, 20709, 540, 3, 209.371, -97.9959, 5.02256, 5.25344, 60, 120, 0, 0), -- Blade Dance Target
(@CGUID+92, 20709, 540, 3, 229.574, -76.4437, 5.02341, 2.14675, 60, 120, 0, 0), -- Blade Dance Target
(@CGUID+93, 20709, 540, 3, 242.707, -90.59, 5.02341, 5.11381, 60, 120, 0, 0), -- Blade Dance Target
(@CGUID+94, 20709, 540, 3, 216.092, -104.188, 5.0228, 1.48353, 60, 120, 0, 0), -- Blade Dance Target
(@CGUID+95, 20709, 540, 3, 216.282, -64.6925, 5.02281, 3.75246, 60, 120, 0, 0), -- Blade Dance Target
(@CGUID+96, 20709, 540, 3, 249.602, -69.3923, 5.0222, 1.39626, 60, 120, 0, 0), -- Blade Dance Target
(@CGUID+97, 20709, 540, 3, 229.357, -104.793, 5.02341, 3.4383, 60, 120, 0, 0), -- Blade Dance Target
(@CGUID+98, 20709, 540, 3, 210.256, -70.4671, 5.02276, 0.925025, 60, 120, 0, 0), -- Blade Dance Target
(@CGUID+99, 20709, 540, 3, 216.1, -78.2583, 5.02342, 5.09636, 60, 120, 0, 0), -- Blade Dance Target
(@CGUID+100, 20709, 540, 3, 235.918, -83.9248, 5.02341, 1.81514, 60, 120, 0, 0), -- Blade Dance Target
(@CGUID+101, 20709, 540, 3, 242.375, -63.7785, 5.02294, 3.05433, 60, 120, 0, 0), -- Blade Dance Target
(@CGUID+102, 20709, 540, 3, 243.196, -104.702, 5.02294, 5.14872, 60, 120, 0, 0), -- Blade Dance Target
-- Training Dummys
(@CGUID+103, 17578, 540, 3, 508.1696, 131.2284, 2.018857, 1.22173, 86400, 86400, 0, 0), -- Training Dummy
(@CGUID+104, 17578, 540, 3, 512.5972, 119.7658, 1.994586, 0.6632251, 86400, 86400, 0, 0), -- Training Dummy
(@CGUID+105, 17578, 540, 3, 523.4672, 119.2777, 1.946144, 2.042035, 86400, 86400, 0, 0), -- Training Dummy
(@CGUID+106, 17578, 540, 3, 512.9296, 186.9605, 2.00013, 0.7679449, 86400, 86400, 0, 0), -- Training Dummy
(@CGUID+107, 17578, 540, 3, 525.0672, 176.6558, 2.016024, 2.356194, 86400, 86400, 0, 0), -- Training Dummy
(@CGUID+108, 17578, 540, 3, 512.1739, 205.3514, 2.007787, 0.6981317, 86400, 86400, 0, 0), -- Training Dummy
(@CGUID+109, 17611, 540, 3, 336.7071, -84.05206, 1.992441, 3.124139, 86400, 86400, 0, 0), -- Warchief's Portal
(@CGUID+110, 15384, 540, 3, 280.4014, -91.7462, 1.821993, 2.443461, 86400, 86400, 0, 0), -- OLDWorld Trigger (DO NOT DELETE)
(@CGUID+111, 17302, 540, 3, 149.408, -83.94183, 2.01231, 1.117011, 86400, 86400, 0, 0), -- Hellfire Military Hard Mode Timer
-- keep 112-119 free 
-- Bosses
(@CGUID+120, 17083, 540, 3, 174.0495, 269.1325, -13.05492, 1.448623, 7200, 7200, 0, 0), -- Fel Orc Convert
(@CGUID+121, 17083, 540, 3, 164.7159, 266.263, -13.1122, 1.047198, 7200, 7200, 0, 0), -- Fel Orc Convert
(@CGUID+122, 17083, 540, 3, 184.4263, 269.2937, -13.05559, 1.727876, 7200, 7200, 0, 0), -- Fel Orc Convert
(@CGUID+123, 17083, 540, 3, 194.4839, 267.0721, -13.10399, 2.181662, 7200, 7200, 0, 0), -- Fel Orc Convert
(@CGUID+124, 16807, 540, 3, 178.928, 289.487, -8.18744, 4.70166, 86400, 86400, 0, 2), -- Grand Warlock Nethekurse
(@CGUID+125, 16809, 540, 3, 375.1204, 57.5781, -7.215918, 6.178465, 86400, 86400, 0, 0), -- Warbringer O'mrogg
-- (@CGUID+126, 19523, 540, 3, 374.3786, 51.28566, 30.64389, 0.03490658, 86400, 86400, 0, 0), -- O'mrogg's Left Head
-- (@CGUID+127, 19524, 540, 3, 374.3565, 64.50481, 31.22059, 6.073746, 86400, 86400, 0, 0), -- O'mrogg's Right Head
(@CGUID+128, 16808, 540, 3, 231.25, -83.64489, 5.023408, 6.265732, 86400, 86400, 0, 0), -- Warchief Kargath Bladefist
-- Executioner Event NPCs
-- (@CGUID+129, 17295, 540, 3, 151.2411, -91.0293, 2.019741, 1.570796, 86400, 86400, 0, 0), -- Korag Proudmane
-- (@CGUID+130, 17296, 540, 3, 138.8807, -84.22707, 1.992269, 0.06981317, 86400, 86400, 0, 0), -- Captain Boneshatter
-- (@CGUID+131, 17297, 540, 3, 151.0459, -77.51981, 2.021008, 4.747295, 86400, 86400, 0, 0), -- Scout Orgarr
-- (@CGUID+132, 17301, 540, 3, 152.8524, -83.63912, 2.021005, 0.06981317, 86400, 86400, 0, 0), -- Shattered Hand Executioner
-- keep 133-149 free
-- Trash
-- Legionnaire Group 001
(@CGUID+150, 16700, 540, 3, 62.7101, 2.91998, -13.0349, 3.16464, 7200, 7200, 0, 2), -- Shattered Hand Legionnaire
-- random between Shattered Hand Heathen or Savage in normal mode
(@CGUID+151, 0, 540, 1, 46.3248, 59.879, -12.9904, 0, 5, 5, 0, 2), -- creature_spawn_entry
(@CGUID+152, 0, 540, 1, 83.755, 57.2887, -13.114, 3.15, 5, 5, 0, 2), -- creature_spawn_entry
(@CGUID+153, 0, 540, 1, 53.5243, 60.0879, -13.0071, 0, 5, 5, 0, 2), -- creature_spawn_entry
(@CGUID+154, 0, 540, 1, 90.0297, 57.4987, -13.1003, 3.261756, 5, 5, 0, 2), -- creature_spawn_entry
(@CGUID+155, 0, 540, 1, 87.9912, 57.5445, -13.1049, 3.2617, 5, 5, 0, 2), -- creature_spawn_entry
-- Shattered Hand Heathen in heroic mode
(@CGUID+156, 17420, 540, 2, 46.3248, 59.879, -12.9904, 0, 5, 5, 0, 2), -- Shattered Hand Heathen
(@CGUID+157, 17420, 540, 2, 83.755, 57.2887, -13.114, 3.15, 5, 5, 0, 2), -- Shattered Hand Heathen
(@CGUID+158, 17420, 540, 2, 53.5243, 60.0879, -13.0071, 0, 5, 5, 0, 2), -- Shattered Hand Heathen
(@CGUID+159, 17420, 540, 2, 90.0297, 57.4987, -13.1003, 3.261756, 5, 5, 0, 2), -- Shattered Hand Heathen
(@CGUID+160, 17420, 540, 2, 87.9912, 57.5445, -13.1049, 3.2617, 5, 5, 0, 2), -- Shattered Hand Heathen

-- Hall of Fathers
(@CGUID+161, 16507, 540, 3, 66.47607, 41.36766, -13.13848, 4.694936, 7200, 7200, 0, 0), -- Shattered Hand Sentry
(@CGUID+162, 16507, 540, 3, 73.12358, 41.20788, -13.13848, 4.625123, 7200, 7200, 0, 0), -- Shattered Hand Sentry

-- Legionnaire Group 002
(@CGUID+163, 16700, 540, 3, 56.966682,74.25795,-13.222891, 0, 7200, 7200, 0, 4), -- Shattered Hand Legionnaire
-- 4 Groups with a pair of 2 npc
-- normal behavior:
-- caster/brawler either left or right + savage/heathen on the other side
-- heroic:
-- caster/brawler left or right + heathen other side
-- group 1 normal
(@CGUID+164, 0, 540, 1, 54.4005, 77.7188, -13.1093, 5.55015, 7200, 7200, 0, 0), -- left
(@CGUID+165, 0, 540, 1,  56.461, 79.2481, -13.0995, 5.46288, 7200, 7200, 0, 0), -- right
-- group 1 heroic
(@CGUID+166, 0, 540, 2, 54.4005, 77.7188, -13.1093, 5.55015, 7200, 7200, 0, 0), -- left
(@CGUID+167, 0, 540, 2,  56.461, 79.2481, -13.0995, 5.46288, 7200, 7200, 0, 0), -- right
-- group 2 normal
(@CGUID+168, 0, 540, 1, 63.3135, 84.0945, -13.1156, 4.66003, 7200, 7200, 0, 0), -- left
(@CGUID+169, 0, 540, 1,  65.4234, 84.6101, -13.1184, 4.60767, 7200, 7200, 0, 0), -- right
-- group 2 heroic
(@CGUID+170, 0, 540, 2, 63.3135, 84.0945, -13.1156, 4.66003, 7200, 7200, 0, 0), -- left
(@CGUID+171, 0, 540, 2,  65.4234, 84.6101, -13.1184, 4.60767, 7200, 7200, 0, 0), -- right
-- group 3 normal
(@CGUID+172, 0, 540, 1, 75.3346, 83.7984, -13.1169, 4.13643, 7200, 7200, 0, 0), -- left
(@CGUID+173, 0, 540, 1,  77.3988, 82.8904, -13.1101, 3.9619, 7200, 7200, 0, 0), -- right
-- group 3 heroic
(@CGUID+174, 0, 540, 2, 75.3346, 83.7984, -13.1169, 4.13643, 7200, 7200, 0, 0), -- left
(@CGUID+175, 0, 540, 2,  77.3988, 82.8904, -13.1101, 3.9619, 7200, 7200, 0, 0), -- right
-- group 4 normal
(@CGUID+176, 0, 540, 1, 82.4351, 76.1707, -13.1121, 3.735, 7200, 7200, 0, 0), -- left
(@CGUID+177, 0, 540, 1,  84.0513, 74.3693, -13.1203, 3.71755, 7200, 7200, 0, 0), -- right
-- group 4 heroic
(@CGUID+178, 0, 540, 2, 82.4351, 76.1707, -13.1121, 3.735, 7200, 7200, 0, 0), -- left
(@CGUID+179, 0, 540, 2,  84.0513, 74.3693, -13.1203, 3.71755, 7200, 7200, 0, 0), -- right

-- Shattered Hand Sentry Group - spawns Legionnaire group 3 on Death
(@CGUID+180, 16507, 540, 3, 65.25273, 97.51249, -13.13848, 4.694936, 7200, 7200, 0, 0), -- Shattered Hand Sentry
(@CGUID+181, 16507, 540, 3, 73.99692, 96.77193, -13.13848, 4.537856, 7200, 7200, 0, 0), -- Shattered Hand Sentry

-- Legionnaire Group 3 - spawned when Group XX (2 Shattered Hand Sentrys) is dead
(@CGUID+182, 16700, 540, 3, 68.7698, 133.221, -13.1937, 4.72575, 7200, 7200, 0, 0), -- Shattered Hand Legionnaire
(@CGUID+183, 16704, 540, 3, 62.9769, 129.768, -13.1948, 5.01111, 7200, 7200, 0, 0), -- Shattered Hand Sharpshooter
(@CGUID+184, 0, 540, 3, 66.2363, 130.973, -13.196, 4.80743, 7200, 7200, 0, 0), -- creature_spawn_entry
(@CGUID+185, 16699, 540, 3, 71.5349, 130.864, -13.1991, 4.62365, 7200, 7200, 0, 0), -- Shattered Hand Reaver
(@CGUID+186, 0, 540, 3, 74.8027, 130.074, -13.2007, 4.62365, 7200, 7200, 0, 0), -- creature_spawn_entry

-- Legionnaire Group 4 - spawned on trigger (needs research)
(@CGUID+187, 16700, 540, 3, 69.5766, 186.23, -13.2424, 4.69381, 7200, 7200, 0, 0), -- Shattered Hand Legionnaire
(@CGUID+188, 16704, 540, 3, 63.2694, 185.208, -13.2393, 4.73753, 7200, 7200, 0, 0), -- Shattered Hand Sharpshooter
(@CGUID+189, 16699, 540, 3, 67.1698, 183.923, -13.2365, 4.69381, 7200, 7200, 0, 0), -- Shattered Hand Reaver
(@CGUID+190, 0, 540, 3, 72.4708, 184.452, -13.238, 4.72051, 7200, 7200, 0, 0), -- creature_spawn_entry
(@CGUID+191, 16704, 540, 3, 76.022, 183.854, -13.2361, 4.65506, 7200, 7200, 0, 0), -- Shattered Hand Sharpshooter

-- Legionnaire Group 5 - spawned when Group 4 spawns
(@CGUID+192, 16700, 540, 3, 62.5538, 203.886, -13.1971, 0.000229836, 7200, 7200, 0, 2), -- Shattered Hand Legionnaire
(@CGUID+193, 16704, 540, 3, 62.3102, 207.759, -13.1978, 4.7401, 7200, 7200, 0, 0), -- Shattered Hand Sharpshooter
(@CGUID+194, 16704, 540, 3, 77.1728, 207.646, -13.1964, 4.6223, 7200, 7200, 0, 0), -- Shattered Hand Sharpshooter
(@CGUID+195, 16704, 540, 3, 69.8649, 212.634, -13.2109, 4.65764, 7200, 7200, 0, 0), -- Shattered Hand Sharpshooter
(@CGUID+196, 16699, 540, 3, 73.4567, 209.972, -13.2053, 4.60659, 7200, 7200, 0, 0), -- Shattered Hand Reaver
(@CGUID+197, 16699, 540, 3, 66.0253, 210.383, -13.2053, 4.7244, 7200, 7200, 0, 0), -- Shattered Hand Reaver

-- Legionnaire Group 6
(@CGUID+198, 16700, 540, 3, 76.4215, 261.567, -13.2031, 100, 7200, 7200, 0, 2), -- Shattered Hand Legionnaire
(@CGUID+199, 17083, 540, 3, 67.6849, 270.865, -13.1014, 4.17134, 7200, 7200, 0, 0), -- Fel Orc Convert
(@CGUID+200, 0, 540, 3, 72.6862, 267.434, -13.1023, 3.94444, 7200, 7200, 0, 0), -- creature_spawn_entry
(@CGUID+201, 17083, 540, 3, 78.1933, 264.122, -13.1129, 3.71755, 7200, 7200, 0, 0), -- Fel Orc Convert
(@CGUID+202, 16699, 540, 3, 72.871, 274.047, -13.1036, 4.08407, 7200, 7200, 0, 0), -- Shattered Hand Reaver
(@CGUID+203, 0, 540, 3, 77.862, 270.631, -13.1145, 3.89208, 7200, 7200, 0, 0), -- creature_spawn_entry
(@CGUID+204, 16699, 540, 3, 83.3397, 265.004, -13.1239, 3.66519, 7200, 7200, 0, 0), -- Shattered Hand Reaver
-- mobs sleeping around
(@CGUID+205, 16593, 540, 3, 43.5588, 265.281, -10.7783, 1.658063, 7200, 7200, 0, 0), -- Shattered Hand Brawler
(@CGUID+206, 16593, 540, 3, 43.5914, 253.725, -10.9988, 1.58825, 7200, 7200, 0, 0), -- Shattered Hand Brawler
(@CGUID+207, 16593, 540, 3, 69.6697, 286.034, -10.8391, 0.122173, 7200, 7200, 0, 0), -- Shattered Hand Brawler
(@CGUID+208, 16594, 540, 3, 83.5451, 286.75, -10.8789, 3.036873, 7200, 7200, 0, 0), -- Shadowmoon Acolyte

(@CGUID+209, 17670, 540, 3, 103.0368, 266.3398, -13.13969, 2.9147, 7200, 7200, 0, 0), -- Shattered Hand Houndmaster
(@CGUID+210, 17669, 540, 3, 102.8895, 262.3415, -13.13969, 3.001966, 7200, 7200, 0, 0), -- Rabid Warhound
(@CGUID+211, 17669, 540, 3, 102.9968, 269.9615, -13.13969, 3.193953, 7200, 7200, 0, 0), -- Rabid Warhound

-- The Sewer
(@CGUID+212, 17357, 540, 3, 130.192, 257.581, -45.1920, 3.988, 10, 10, 0, 4), -- Creeping Oozeling
(@CGUID+213, 17357, 540, 3, 203.669, 157.202, -42.3511, 3.201, 10, 10, 0, 2), -- Creeping Oozeling
(@CGUID+214, 17357, 540, 3, 203.900, 165.0694, -42.3476, 3.624, 10, 10, 0, 4), -- Creeping Oozeling
(@CGUID+215, 17357, 540, 3, 202.928, 162.7958, -42.3758, 2.991, 10, 10, 0, 2), -- Creeping Oozeling

(@CGUID+216, 17356, 540, 3, 124.141, 208.786, -48.894, 2.27221, 7200, 7200, 5, 1), -- Creeping Ooze
(@CGUID+217, 17357, 540, 3, 124.402, 210.795, -48.9305, 3.9438, 7200, 7200, 0, 0), -- Creeping Oozeling
(@CGUID+218, 17357, 540, 3, 126.863, 206.611, -48.8628, 1.44017, 7200, 7200, 0, 0), -- Creeping Oozeling
(@CGUID+219, 17357, 540, 3, 121.906, 209.147, -48.9523, 1.86679, 7200, 7200, 0, 0), -- Creeping Oozeling
(@CGUID+220, 17357, 540, 3, 123.8, 205.96, -48.7739, 5.99503, 7200, 7200, 0, 0), -- Creeping Oozeling
(@CGUID+221, 17357, 540, 3, 126.955, 210.208, -49.0893, 2.4013, 7200, 7200, 0, 0), -- Creeping Oozeling

(@CGUID+222, 17356, 540, 3, 138.423, 189.354, -46.8948, 1.83825, 7200, 7200, 5, 1), -- Creeping Ooze
(@CGUID+223, 17357, 540, 3, 137.191, 186.834, -46.7469, 1.70266, 7200, 7200, 0, 0), -- Creeping Oozeling
(@CGUID+224, 17357, 540, 3, 136.148, 189.949, -47.2087, 1.78513, 7200, 7200, 0, 0), -- Creeping Oozeling
(@CGUID+225, 17357, 540, 3, 138.444, 191.164, -47.1833, 6.21809, 7200, 7200, 0, 0), -- Creeping Oozeling
(@CGUID+226, 17357, 540, 3, 140.024, 189.972, -46.8456, 2.38138, 7200, 7200, 0, 0), -- Creeping Oozeling
(@CGUID+227, 17357, 540, 3, 140.323, 187.314, -46.3915, 1.83066, 7200, 7200, 0, 0), -- Creeping Oozeling

(@CGUID+228, 17356, 540, 3, 147.502, 179.938, -44.5792, 2.4191, 7200, 7200, 5, 1), -- Creeping Ooze
(@CGUID+229, 17357, 540, 3, 150.414, 178.932, -44.1642, 2.29484, 7200, 7200, 0, 0), -- Creeping Oozeling
(@CGUID+230, 17357, 540, 3, 149.655, 181.523, -44.4461, 2.34902, 7200, 7200, 0, 0), -- Creeping Oozeling
(@CGUID+231, 17357, 540, 3, 147.843, 177.019, -44.2836, 2.36159, 7200, 7200, 0, 0), -- Creeping Oozeling
(@CGUID+232, 17357, 540, 3, 145.066, 179.112, -44.8451, 2.30583, 7200, 7200, 0, 0), -- Creeping Oozeling
(@CGUID+233, 17357, 540, 3, 147.165, 182.024, -44.9088, 2.34902, 7200, 7200, 0, 0), -- Creeping Oozeling

(@CGUID+234, 17356, 540, 3, 162.355, 169.274, -42.4084, 1.87538, 7200, 7200, 5, 1), -- Creeping Ooze
(@CGUID+235, 17357, 540, 3, 159.993, 167.41, -42.5863, 2.7268, 7200, 7200, 0, 0), -- Creeping Oozeling
(@CGUID+236, 17357, 540, 3, 163.768, 166.468, -42.3358, 2.51788, 7200, 7200, 0, 0), -- Creeping Oozeling
(@CGUID+237, 17357, 540, 3, 164.897, 169.435, -42.1612, 2.22609, 7200, 7200, 0, 0), -- Creeping Oozeling
(@CGUID+238, 17357, 540, 3, 163.06, 171.363, -42.3153, 2.52574, 7200, 7200, 0, 0), -- Creeping Oozeling
(@CGUID+239, 17357, 540, 3, 160.462, 170.581, -42.7061, 1.87512, 7200, 7200, 0, 0), -- Creeping Oozeling

(@CGUID+240, 17356, 540, 3, 175.914, 164.713, -42.2624, 2.7796, 7200, 7200, 5, 1), -- Creeping Ooze
(@CGUID+241, 17357, 540, 3, 179.021, 165.185, -42.152, 2.73466, 7200, 7200, 0, 0), -- Creeping Oozeling
(@CGUID+242, 17357, 540, 3, 176.454, 167.258, -42.0528, 2.76608, 7200, 7200, 0, 0), -- Creeping Oozeling
(@CGUID+243, 17357, 540, 3, 178.068, 162.26, -42.3361, 2.76215, 7200, 7200, 0, 0), -- Creeping Oozeling
(@CGUID+244, 17357, 540, 3, 174.927, 162.66, -42.3366, 2.79749, 7200, 7200, 0, 0), -- Creeping Oozeling
(@CGUID+245, 17357, 540, 3, 174.108, 165.207, -42.2668, 2.82891, 7200, 7200, 0, 0), -- Creeping Oozeling

(@CGUID+246, 17356, 540, 3, 191.868, 162.182, -42.3617, 2.2475, 7200, 7200, 5, 1), -- Creeping Ooze
(@CGUID+247, 17357, 540, 3, 194.568, 162.28, -42.3654, 2.79357, 7200, 7200, 0, 0), -- Creeping Oozeling
(@CGUID+248, 17357, 540, 3, 193.846, 159.943, -42.3644, 2.30662, 7200, 7200, 0, 0), -- Creeping Oozeling
(@CGUID+249, 17357, 540, 3, 191.95, 164.168, -42.3563, 2.79357, 7200, 7200, 0, 0), -- Creeping Oozeling
(@CGUID+250, 17357, 540, 3, 191.397, 159.199, -42.3587, 2.39888, 7200, 7200, 0, 0), -- Creeping Oozeling
(@CGUID+251, 17357, 540, 3, 190.181, 162.989, -42.3513, 2.35767, 7200, 7200, 0, 0), -- Creeping Oozeling
-- keep 252-257 free maybe we need it for reinforcements

-- Gauntlet of Flame
(@CGUID+258, 17462, 540, 3, 335.331, 311.7092, 2.02385, 0.9948376, 7200, 7200, 0, 0), -- Shattered Hand Zealot
(@CGUID+259, 17462, 540, 3, 332.262, 314.0845, 2.030712, 0.1570796, 7200, 7200, 0, 0), -- Shattered Hand Zealot
(@CGUID+260, 17462, 540, 3, 335.664, 317.5591, 2.024835, 5.288348, 7200, 7200, 0, 0), -- Shattered Hand Zealot
(@CGUID+261, 17693, 540, 3, 341.2886, 314.903, 2.012742, 3.141593, 7200, 7200, 0, 0), -- Shattered Hand Scout

-- npc getting spawned during gauntlet
(@CGUID+262, 17462, 540, 3, 515.1152, 339.82166, 2.1918812, 4.189, 7200, 7200, 0, 2), -- Shattered Hand Zealot
(@CGUID+263, 17462, 540, 3, 500.43695, 299.709, 2.0352724, 1.837, 7200, 7200, 0, 2), -- Shattered Hand Zealot
(@CGUID+264, 17462, 540, 3, 500.66077, 335.08316, 2.1801622, 4.790, 7200, 7200, 0, 2), -- Shattered Hand Zealot
(@CGUID+265, 17462, 540, 3, 500.4554, 295.4435, 2.0247803, 1.765, 7200, 7200, 0, 2), -- Shattered Hand Zealot
(@CGUID+266, 17462, 540, 3, 502.3265, 339.933, 2.1924121, 4.682, 7200, 7200, 0, 2), -- Shattered Hand Zealot
(@CGUID+267, 17462, 540, 3, 505.0166, 294.01736, 2.0213714, 1.931, 7200, 7200, 0, 2), -- Shattered Hand Zealot
(@CGUID+268, 17462, 540, 3, 507.43033, 340.37152, 2.1807163, 4.497, 7200, 7200, 0, 2), -- Shattered Hand Zealot
(@CGUID+269, 17462, 540, 3, 510.66922, 292.43665, 2.0080533, 2.112, 7200, 7200, 0, 2), -- Shattered Hand Zealot

(@CGUID+270, 17462, 540, 3, 499.0804, 322.2516, 2.031424, 3.281219, 7200, 7200, 0, 0), -- Shattered Hand Zealot
(@CGUID+271, 17462, 540, 3, 498.9346, 309.12, 2.030749, 3.001966, 7200, 7200, 0, 0), -- Shattered Hand Zealot
(@CGUID+272, 17462, 540, 3, 499.8543, 318.8076, 2.032207, 3.159046, 7200, 7200, 0, 0), -- Shattered Hand Zealot
(@CGUID+273, 17462, 540, 3, 499.7404, 313.2804, 2.032141, 3.036873, 7200, 7200, 0, 0), -- Shattered Hand Zealot

-- Normal
(@CGUID+274, 17427, 540, 1, 514.5014, 319.6571, 2.042556, 3.368485, 7200, 7200, 0, 0), -- Shattered Hand Archer
(@CGUID+275, 17427, 540, 1, 514.8049, 312.0412, 2.036432, 3.001966, 7200, 7200, 0, 0), -- Shattered Hand Archer
(@CGUID+276, 17461, 540, 1, 512.6873, 315.6516, 2.040503, 2.984513, 86400, 86400, 0, 0), -- Shattered Hand Blood Guard

-- Heroic
(@CGUID+277, 17427, 540, 2, 514.5014, 319.6571, 2.042556, 3.368485, 7200, 7200, 0, 0), -- Shattered Hand Archer
(@CGUID+278, 17427, 540, 2, 514.8049, 312.0412, 2.036432, 3.001966, 7200, 7200, 0, 0), -- Shattered Hand Archer
(@CGUID+279, 20923, 540, 2, 512.6873, 315.6516, 2.040503, 2.984513, 86400, 86400, 0, 0), -- Blood Guard Porung

-- Sparring Hall
-- Shattered Hand Centurion group 1
(@CGUID+280, 17465, 540, 3, 551.806, 233.474, 0.260, 5.253, 7200, 7200, 0, 0), -- Shattered Hand Centurion
(@CGUID+281, 17464, 540, 3, 548.59235,228.68463,0.3211252, 1.2740, 7200, 7200, 0, 0), -- Shattered Hand Gladiator
(@CGUID+282, 17464, 540, 3, 555.09924,238.77547,0.24254562, 3.8397, 7200, 7200, 0, 0), -- Shattered Hand Gladiator
(@CGUID+283, 17464, 540, 3, 558.6774,234.45605,0.24871394, 3.3335, 7200, 7200, 0, 0), -- Shattered Hand Gladiator
(@CGUID+284, 17464, 540, 3, 555.4427,226.53958,0.26602003, 1.8151, 7200, 7200, 0, 0), -- Shattered Hand Gladiator
-- Shattered Hand Centurion group 2
(@CGUID+285, 17465, 540, 3, 483.204, 233.218, 0.336, 0.2617, 7200, 7200, 0, 0), -- Shattered Hand Centurion
(@CGUID+286, 17464, 540, 3, 482.5505,228.24567,0.25334617, 0.8901, 7200, 7200, 0, 0), -- Shattered Hand Gladiator
(@CGUID+287, 17464, 540, 3, 481.735, 236.445, 0.259589, 5.55015, 7200, 7200, 0, 0), -- Shattered Hand Gladiator
(@CGUID+288, 17464, 540, 3, 486.24268,239.62515,0.25636414, 3.595, 7200, 7200, 0, 0), -- Shattered Hand Gladiator
(@CGUID+289, 17464, 540, 3, 488.32095,229.2469,0.28818652, 2.4783, 7200, 7200, 0, 0), -- Shattered Hand Gladiator
-- Shattered Hand Centurion group 3
(@CGUID+290, 17465, 540, 3, 548.0821, 147.744, 0.344, 5.096, 7200, 7200, 0, 0), -- Shattered Hand Centurion
(@CGUID+291, 17464, 540, 3, 549.194,141.83539,0.27154884, 1.88495, 7200, 7200, 0, 0), -- Shattered Hand Gladiator
(@CGUID+292, 17464, 540, 3, 552.13196,149.60138,0.23917985, 3.4033, 7200, 7200, 0, 0), -- Shattered Hand Gladiator
(@CGUID+293, 17464, 540, 3, 556.409,145.13617,0.245854337, 2.8448, 7200, 7200, 0, 0), -- Shattered Hand Gladiator
(@CGUID+294, 17464, 540, 3, 553.9032,141.16313,0.2620143, 2.338, 7200, 7200, 0, 0), -- Shattered Hand Gladiator
-- Shattered Hand Centurion group 4
(@CGUID+295, 17465, 540, 3, 487.649, 145.294, 0.333, 2.914, 7200, 7200, 0, 0), -- Shattered Hand Centurion
(@CGUID+296, 17464, 540, 3, 483.548, 139.49, 0.261523, 1.01229, 7200, 7200, 0, 0), -- Shattered Hand Gladiator
(@CGUID+297, 17464, 540, 3, 480.191, 144.154, 0.246361, 6.16101, 7200, 7200, 0, 0), -- Shattered Hand Gladiator
(@CGUID+298, 17464, 540, 3, 484.621, 149.136, 0.255085, 5.28835, 7200, 7200, 0, 0), -- Shattered Hand Gladiator
(@CGUID+299, 17464, 540, 3, 489.581, 140.572, 0.383639, 1.88496, 7200, 7200, 0, 0), -- Shattered Hand Gladiator
-- legionnaire Group 006
(@CGUID+300, 16700, 540, 3, 528.1561,228.07251,1.9335356, 3.436007, 7200, 7200, 0, 4), -- Shattered Hand Legionnaire
(@CGUID+301, 0, 540, 3, 528.6796, 223.4055, 2.023122, 2.129302, 7200, 7200, 0, 0), -- creature_spawn_entry
(@CGUID+302, 0, 540, 3, 525.7616, 220.7913, 2.016929, 1.919862, 7200, 7200, 0, 0), -- creature_spawn_entry
(@CGUID+303, 0, 540, 3, 522.6966, 218.9557, 2.009991, 1.710423, 7200, 7200, 0, 0), -- creature_spawn_entry
(@CGUID+304, 0, 540, 3, 525.9536, 224.0651, 2.019475, 2.007129, 7200, 7200, 0, 0), -- creature_spawn_entry
(@CGUID+305, 0, 540, 3, 523.4786, 222.1381, 2.013575, 1.762783, 7200, 7200, 0, 0), -- creature_spawn_entry
-- Reinforcements at Dummy
(@CGUID+306, 0, 540, 3, 514.082, 207.3281, 2.00095, 3.822271, 7200, 7200, 0, 0), -- spawn_group_entry
(@CGUID+307, 0, 540, 3, 515.2893, 188.0133, 2.002992, 3.735005, 7200, 7200, 0, 0), -- spawn_group_entry
(@CGUID+308, 0, 540, 3, 524.1110, 179.1829, 2.022280, 5.27090, 7200, 7200, 0, 0), -- spawn_group_entry
-- Legionnaire Group 007
(@CGUID+309, 16700, 540, 3, 519.1681, 159.8561, 1.930037, 6.007451, 7200, 7200, 0, 2), -- Shattered Hand Legionnaire
(@CGUID+310, 0, 540, 3, 522.82, 154.4558, 2.012511, 2.181662, 7200, 7200, 0, 0), -- spawn_group_entry
(@CGUID+311, 0, 540, 3, 519.4902, 152.004, 2.013406, 1.692969, 7200, 7200, 0, 0), -- spawn_group_entry
(@CGUID+312, 0, 540, 3, 515.5397, 152.437, 2.011561, 1.239184, 7200, 7200, 0, 0), -- spawn_group_entry
(@CGUID+313, 0, 540, 3, 512.7481, 154.6207, 2.00748, 0.8203048, 7200, 7200, 0, 0), -- spawn_group_entry
(@CGUID+314, 0, 540, 3, 510.8584, 157.5727, 2.007741, 0.4014257, 7200, 7200, 0, 0), -- spawn_group_entry
-- Patrol 01
(@CGUID+315, 17670, 540, 3, 518.861, 192.848, 1.93, 4.689, 7200, 7200, 0, 0), -- Shattered Hand Houndmaster
(@CGUID+316, 17669, 540, 3, 519.302, 201.428, 1.93, 4.646, 7200, 7200, 0, 0), -- Rabid Warhound
(@CGUID+317, 17669, 540, 3, 522.155, 198.203, 1.93, 4.658, 7200, 7200, 0, 0), -- Rabid Warhound
-- Dummy
(@CGUID+318, 0, 540, 3, 509.7427, 133.4207, 2.017469, 4.101524, 7200, 7200, 0, 0), -- spawn_group_entry
(@CGUID+319, 16523, 540, 3, 514.6008, 120.4596, 1.992567, 3.403392, 7200, 7200, 0, 0), -- Shattered Hand Savage
(@CGUID+320, 16523, 540, 3, 524.7359, 120.8698, 1.99425, 4.101524, 7200, 7200, 0, 0), -- Shattered Hand Savage

-- (@CGUID+321, 17695, 540, 3, 482.708, 57.372, 1.93, 1.097, 7200, 7200, 0, 2), -- Shattered hand Assasin

(@CGUID+322, 17695, 540, 3, 519.602, 102.657, 1.92436, 5.62595, 7200, 7200, 7, 1), -- Shattered hand Assasin

(@CGUID+323, 17671, 540, 3, 514.3174, 86.33289, 2.016482, 1.204277, 7200, 7200, 0, 0), -- Shattered Hand Champion
(@CGUID+324, 17671, 540, 3, 523.4097, 85.73234, 2.016591, 1.815142, 7200, 7200, 0, 0), -- Shattered Hand Champion

(@CGUID+325, 17695, 540, 3, 482.708, 57.372, 1.93, 1.097, 7200, 7200, 7, 1), -- Shattered hand Assasin

(@CGUID+326, 17670, 540, 3, 459.75, 58.693, 1.937, 3.120, 7200, 7200, 0, 0), -- Shattered Hand Houndmaster
(@CGUID+327, 17669, 540, 3, 465.24, 55.549, 1.9256, 3.1238, 7200, 7200, 0, 0), -- Rabid Warhound
(@CGUID+328, 17669, 540, 3, 468.31, 58.506, 1.9254, 3.122, 7200, 7200, 0, 0), -- Rabid Warhound

(@CGUID+329, 17671, 540, 3, 448.3664, 53.29791, 2.02294, 0.4886922, 7200, 7200, 0, 0), -- Shattered Hand Champion
(@CGUID+330, 17671, 540, 3, 448.6344, 62.37546, 2.01648, 5.654867, 7200, 7200, 0, 0), -- Shattered Hand Champion

(@CGUID+331, 17695, 540, 3, 373.159, 108.577, 1.031, 4.772, 7200, 7200, 7, 1), -- Shattered Hand Assassin - right to 2nd boss
-- Way to endboss
(@CGUID+332, 17671, 540, 3, 378.3717, -7.73405, 1.993441, 1.832596, 7200, 7200, 0, 0), -- Shattered Hand Champion
(@CGUID+333, 17671, 540, 3, 369.9786, -7.824302, 2.005173, 1.32645, 7200, 7200, 0, 0), -- Shattered Hand Champion
-- Assasins before endboss
(@CGUID+334, 17695, 540, 3, 381.3262,-18.909515,1.9102229, 2.697728, 7200, 7200, 0, 4), -- Shattered Hand Assassin
(@CGUID+335, 17695, 540, 3, 383.08115,-52.932426,1.939616, 2.44247, 7200, 7200, 0, 4), -- Shattered Hand Assassin
(@CGUID+336, 17695, 540, 3, 381.3918,-74.539215,1.9187236, 2.765528, 7200, 7200, 0, 4), -- Shattered Hand Assassin
(@CGUID+337, 17695, 540, 3, 368.5422,-87.628334,1.9119368, 5.48575, 7200, 7200, 0, 4), -- Shattered Hand Assassin
(@CGUID+338, 17695, 540, 3, 346.19812,-88.69315,1.9350995, 5.56022, 7200, 7200, 0, 4), -- Shattered Hand Assassin
(@CGUID+339, 17695, 540, 3, 314.45364, -91.16705, 1.9374878, 2.3714, 7200, 7200, 0, 4), -- Shattered Hand Assassin
-- Patrol before endboss
(@CGUID+340, 17670, 540, 3, 369.437, -32.997, 1.909, 4.731, 7200, 7200, 0, 0), -- Shattered Hand Houndmaster
(@CGUID+341, 17669, 540, 3, 372.378, -29.858, 1.908, 5.141, 7200, 7200, 0, 0), -- Rabid Warhound
(@CGUID+342, 17669, 540, 3, 369.321, -26.915, 1.909, 4.296, 7200, 7200, 0, 0), -- Rabid Warhound
-- last group
(@CGUID+343, 17671, 540, 3, 282.9575, -80.28755, 2.17246, 6.021386, 7200, 7200, 0, 0), -- Shattered Hand Champion
(@CGUID+344, 17671, 540, 3, 283.5523, -89.42811, 2.158092, 0.4363323, 7200, 7200, 0, 0); -- Shattered Hand Champion

-- ===========
-- GAMEOBJECTS
-- ===========

INSERT INTO `gameobject` (`guid`, `id`, `map`, `spawnMask`, `position_x`, `position_y`, `position_z`, `orientation`, `rotation0`, `rotation1`, `rotation2`, `rotation3`, `spawntimesecsmin`, `spawntimesecsmax`) VALUES
(@OGUID+1, 181679, 540, 3, 168.66, 291.89, -6.93, 0, 0, 0, 0, 0, 180, 180), -- Fel Brazier
(@OGUID+2, 181679, 540, 3, 187.77, 292.46, -7.33, 0, 0, 0, 0, 0, 180, 180), -- Fel Brazier
(@OGUID+3, 182539, 540, 3, 141.5157, 266.3664, -11.56821, 3.141593, 0, 0, -1, 0, 120, 120), -- Grand Warlock Chamber Door
(@OGUID+4, 182540, 540, 3, 214.4881, 266.1671, -11.51811, 0, 0, 0, 0, 1, 120, 120), -- Grand Warlock Chamber Door
(@OGUID+5, 184177, 540, 1, -42.05605, -26.77249, -13.51534, 1.469793, 0, 0, 0.6705103, 0.7419003, 0, 0), -- Doodad_InstancePortal_PurpleDifficulty01
(@OGUID+6, 184178, 540, 2, -42.05605, -26.77249, -13.51534, 1.469793, 0, 0, 0.6705103, 0.7419003, 0, 0), -- Doodad_InstancePortal_PurpleDifficultyIcon01
(@OGUID+7, 0, 540, 3, 473.4622, 144.0872, 0.594992, 0.06981169, 0, 0, 0, 0, 86400, 86400), -- Bound Adamantite Chest
-- (@OGUID+8, 184941, 540, 3, 473.4622, 144.0872, 0.594992, 0.06981169, 0, 0, 0, 0, 86400, 86400), -- Solid Adamantite Chest
(@OGUID+9, 181671, 540, 3, 330.75064, 74.205864, 1.079237, 3.1590624, 0, 0, -0.99996185, 0.008734641, 86400, 86400), -- Fel Horde Banner
(@OGUID+10, 181671, 540, 3, 330.79465, 41.026054, 1.070399, 0.017452462, 0, 0, 0.00872612, 0.9999619, 86400, 86400), -- Fel Horde Banner
(@OGUID+11, 181435, 540, 3, 242.159, -75.06284, -9.304095, 4.886921, 0, 0, -0.6427879, 0.7660442, 86400, 86400), -- Doodad_OnyziasLairLavaTrap80
(@OGUID+12, 181436, 540, 3, 232.8329, -98.32433, -11.76173, 0.6981294, 0, 0, 0.3420191, 0.939693, 86400, 86400), -- Doodad_OnyziasLairLavaTrap79
(@OGUID+13, 181437, 540, 3, 222.6859, -78.63619, -11.1251, 3.752462, 0, 0, -0.9537163, 0.3007079, 86400, 86400), -- Doodad_OnyziasLairLavaTrap78
(@OGUID+14, 181438, 540, 3, 257.0056, -102.1912, -5.668888, 4.450591, 0, 0, -0.7933531, 0.6087617, 86400, 86400), -- Doodad_OnyziasLairLavaTrap64
(@OGUID+15, 181439, 540, 3, 260.3188, -79.31659, -6.418934, 5.846854, 0, 0, -0.2164392, 0.9762961, 86400, 86400), -- Doodad_OnyziasLairLavaTrap72
(@OGUID+16, 181440, 540, 3, 215.4215, -112.6428, -6.456299, 2.007125, 0, 0, 0.8433905, 0.5373012, 86400, 86400), -- Doodad_OnyziasLairLavaTrap81
(@OGUID+17, 181441, 540, 3, 220.3093, -54.90799, -6.456299, 2.007125, 0, 0, 0.8433905, 0.5373012, 86400, 86400), -- Doodad_OnyziasLairLavaTrap82
(@OGUID+18, 181442, 540, 3, 197.2586, -84.19016, -7.345709, 2.007125, 0, 0, 0.8433905, 0.5373012, 86400, 86400); -- Doodad_OnyziasLairLavaTrap83

INSERT INTO `gameobject_addon` (`guid`, `animprogress`, `state`) VALUES
(@OGUID+1, 0, -1), -- Fel Brazier
(@OGUID+2, 0, -1), -- Fel Brazier
(@OGUID+5, 0, 0), -- Doodad_InstancePortal_PurpleDifficulty01
(@OGUID+6, 0, 0); -- Doodad_InstancePortal_PurpleDifficultyIcon01

-- ============
-- SPAWN GROUPS
-- ============

-- ======
-- SPAWN GROUPS
-- ======

INSERT INTO `spawn_group` (`Id`, `Name`, `Type`, `MaxCount`, `WorldState`, `Flags`, `StringId`) VALUES
(@SGGUID+1, 'Shattered Halls - Adamantite Chest', 1, 1, 0, 0, 0),
-- Entrance
(@SGGUID+2, 'Shattered Halls - Legionnaire Group 001 - Normal', 0, 5, @SGGUID+1, 0, @STRINGID+2),
(@SGGUID+3, 'Shattered Halls - Legionnaire Group 001 - Heroic', 0, 5, @SGGUID+1, 0, @STRINGID+2),
-- Halls of Father
(@SGGUID+4, 'Shattered Halls - Shattered Hand Sentry (2) | Halls of Father Group 001', 0, 2, 0, 1, 0),
-- Legionnaire Group 2 - not grouped with their legionnaire
(@SGGUID+5, 'Shattered Halls - Halls of Father Group 002 - Normal', 0, 2, 0, 1, @STRINGID+3),
(@SGGUID+6, 'Shattered Halls - Halls of Father Group 002 - Heroic', 0, 2, 0, 1, @STRINGID+3),
(@SGGUID+7, 'Shattered Halls - Halls of Father Group 003 - Normal', 0, 2, 0, 1, @STRINGID+4),
(@SGGUID+8, 'Shattered Halls - Halls of Father Group 003 - Heroic', 0, 2, 0, 1, @STRINGID+4),
(@SGGUID+9, 'Shattered Halls - Halls of Father Group 004 - Normal', 0, 2, 0, 1, @STRINGID+5),
(@SGGUID+10, 'Shattered Halls - Halls of Father Group 004 - Heroic', 0, 2, 0, 1, @STRINGID+5),
(@SGGUID+11, 'Shattered Halls - Halls of Father Group 005 - Normal', 0, 2, 0, 1, @STRINGID+6),
(@SGGUID+12, 'Shattered Halls - Halls of Father Group 005 - Heroic', 0, 2, 0, 1, @STRINGID+6),
(@SGGUID+13, 'Shattered Halls - Shattered Hand Sentry (2) | Halls of Father Group 006', 0, 2, 0, 1, 0),  -- This group is Important - on GroupDeath they trigger spawning of Legionnaire Group 003
(@SGGUID+14, 'Shattered Halls - Shattered Hand Legionnaire Group 003', 0, 5, 0, 3, 0), -- spawned when group 14 is dead
(@SGGUID+15, 'Shattered Halls - Shattered Hand Legionnaire Group 004', 0, 5, 0, 3, 0), 
(@SGGUID+16, 'Shattered Halls - Shattered Hand Legionnaire Group 005', 0, 6, 0, 3, 0), 
(@SGGUID+17, 'Shattered Halls - Shattered Hand Legionnaire Group 006', 0, 7, 0, 1, 0), 
(@SGGUID+18, 'Shattered Halls - Shattered Hand Houndmaster (1) | Rabid Warhound (2)', 0, 3, 0, 1, 0), 
-- The Sewer
(@SGGUID+19, 'Shattered Halls - Creeping Ooze (1) | Creeping Oozeling (5) | The Sewer Group 001', 0, 6, 0, 1, 0), 
(@SGGUID+20, 'Shattered Halls - Creeping Ooze (1) | Creeping Oozeling (5) | The Sewer Group 002', 0, 6, 0, 1, 0), 
(@SGGUID+21, 'Shattered Halls - Creeping Ooze (1) | Creeping Oozeling (5) | The Sewer Group 003', 0, 6, 0, 1, 0), 
(@SGGUID+22, 'Shattered Halls - Creeping Ooze (1) | Creeping Oozeling (5) | The Sewer Group 004', 0, 6, 0, 1, 0), 
(@SGGUID+23, 'Shattered Halls - Creeping Ooze (1) | Creeping Oozeling (5) | The Sewer Group 005', 0, 6, 0, 1, 0), 
(@SGGUID+24, 'Shattered Halls - Creeping Ooze (1) | Creeping Oozeling (5) | The Sewer Group 006', 0, 6, 0, 1, 0), 
-- Shattered Hand Assasins with multiple spawns after 1st Boss, only 1 spawned
(@SGGUID+25, 'Shattered Halls - Shattered Hand Assassin (1)', 0, 1, 0, 0, 0), 
-- Gauntlet of Flame
(@SGGUID+26, 'Shattered Halls - Shattered Hand Zealot (3) | Shattered Hand Scout (1) | Gauntlet of Flame Group 001', 0, 4, 0, 3, 0), -- On Aggro gauntlet starts
(@SGGUID+27, 'Shattered Halls - Shattered Hand Zealot (8) | Gauntlet of Flame Group 002', 0, 8, @SGGUID+4, 10, 0), -- 8 Zealots that getting spawned when Scout reachs the end of his path
(@SGGUID+28, 'Shattered Halls - Shattered Hand Zealot (4) | Gauntlet of Flame Group 003', 0, 4, 0, 3, 0), -- 4 Zealots before archer blood guard group
(@SGGUID+29, 'Shattered Halls - Shattered Hand Blood Guard (1) | Shattered Hand Archer (2) | Gauntlet of Flame Group 004 (Normal', 0, 0, 0, 3, 0), -- Blood Guard ends gauntlet on normal
(@SGGUID+30, 'Shattered Halls - Blood Guard Porung (1) | Shattered Hand Archer (2) | Gauntlet of Flame Group 004 (Normal', 0, 0, 0, 3, 0), -- Blood Guard Porung ends gauntlet on Heroic
(@SGGUID+31, 'Shattered Halls - Shattered Hand Centurion (1) | Shattered Hand Gladiatior (4) | Sparring Hall Group 001', 0, 5, 0, 7, 0),
(@SGGUID+32, 'Shattered Halls - Shattered Hand Centurion (1) | Shattered Hand Gladiatior (4) | Sparring Hall Group 002', 0, 5, 0, 7, 0),
(@SGGUID+33, 'Shattered Halls - Shattered Hand Centurion (1) | Shattered Hand Gladiatior (4) | Sparring Hall Group 003', 0, 5, 0, 7, 0),
(@SGGUID+34, 'Shattered Halls - Shattered Hand Centurion (1) | Shattered Hand Gladiatior (4) | Sparring Hall Group 004', 0, 5, 0, 7, 0),
-- Legionnaire Group 7 
(@SGGUID+35, 'Shattered Halls - Shattered Hand Legionnaire Group 007', 0, 6, 0, 1, 0),
(@SGGUID+36, 'Shattered Halls - Sparring Hall Group 001', 0, 3, 0, 0, 0), -- Dummy Group with spawn_group_entry
-- Legionnaire Group 8 
(@SGGUID+37, 'Shattered Halls - Shattered Hand Legionnaire 008', 0, 6, 0, 1, 0),
(@SGGUID+38, 'Shattered Halls - Shattered Hand Houndmaster (1) | Rabid Warhound (2) | Sparing Hall Patrol 001', 0, 3, 0, 1, 0),
-- (@SGGUID+39, 'Shattered Halls - Shattered Hand Assasin | Sparing Hall Patrol 001', 0, 0, 0, 0, 0), -- This is a solo Patroling Shattered Hand Assasin, not sure yet when he gets spawned
(@SGGUID+40, 'Shattered Halls - Shattered Hand Savage (2) | spawn_group_entry | Sparring Hall Group 002', 0, 3, 0, 1, 0), -- 3 npcs attacking dummys, 2 static 1 with rnd entry
(@SGGUID+41, 'Shattered Halls - Shattered Hand Champion (2) | Sparring Hall Group 003', 0, 2, 0, 1, 0),
(@SGGUID+42, 'Shattered Halls - Shattered Hand Houndmaster (1) | Rabid Warhound (2) | Sparing Hall Patrol 002', 0, 3, 0, 1, 0),
(@SGGUID+43, 'Shattered Halls - Shattered Hand Champion (2) | Sparring Hall Group 004', 0, 2, 0, 1, 0),
-- Way to endboss
(@SGGUID+44, 'Shattered Halls - Shattered Hand Champion (2) | Warbringers Ring Group 001', 0, 2, 0, 1, 0), 
(@SGGUID+45, 'Shattered Halls - Shattered Hand Assassin (7)', 0, 6, 0, 0, 0), -- 6 static spawned assasins before endboss
(@SGGUID+46, 'Shattered Halls - Shattered Hand Houndmaster (1) | Rabid Warhound (2) | Warbringers Ring Patrol 001', 0, 3, 0, 1, 0),
(@SGGUID+47, 'Shattered Halls - Shattered Hand Champion (2) | Warbringers Ring Group 002', 0, 2, 0, 1, 0);

INSERT INTO `spawn_group_entry` (`Id`, `Entry`, `MinCount`, `MaxCount`, `Chance`) VALUES
(@SGGUID+1, 184940, 0, 0, 0), (@SGGUID+1, 184941, 0, 0, 0), -- Bound Adamantite Chest, Solid Adamantite Chest
-- legionnaire Group 001
(@SGGUID+2, 16523, 0, 0, 0), (@SGGUID+2, 17420, 0, 0, 0),
-- Hall of Fathers
(@SGGUID+5, 16523, 0, 1, 0), (@SGGUID+5, 16593, 0, 1, 0), (@SGGUID+5, 16594, 0, 1, 0), (@SGGUID+5, 17420, 0, 1, 0), (@SGGUID+5, 17694, 0, 1, 0), -- Normal
(@SGGUID+6, 16593, 0, 1, 0), (@SGGUID+6, 16594, 0, 1, 0), (@SGGUID+6, 17420, 1, 1, 0), (@SGGUID+6, 17694, 0, 1, 0), -- Heroic
(@SGGUID+7, 16523, 0, 1, 0), (@SGGUID+7, 16593, 0, 1, 0), (@SGGUID+7, 16594, 0, 1, 0), (@SGGUID+7, 17420, 0, 1, 0), (@SGGUID+7, 17694, 0, 1, 0), -- Normal
(@SGGUID+8, 16593, 0, 1, 0), (@SGGUID+8, 16594, 0, 1, 0), (@SGGUID+8, 17420, 1, 1, 0), (@SGGUID+8, 17694, 0, 1, 0), -- Heroic
(@SGGUID+9, 16523, 0, 1, 0), (@SGGUID+9, 16593, 0, 1, 0), (@SGGUID+9, 16594, 0, 1, 0), (@SGGUID+9, 17420, 0, 1, 0), (@SGGUID+9, 17694, 0, 1, 0), -- Normal
(@SGGUID+10, 16593, 0, 1, 0), (@SGGUID+10, 16594, 0, 1, 0), (@SGGUID+10, 17420, 1, 1, 0), (@SGGUID+10, 17694, 0, 1, 0), -- Heroic
(@SGGUID+11, 16523, 0, 1, 0), (@SGGUID+11, 16593, 0, 1, 0), (@SGGUID+11, 16594, 0, 1, 0), (@SGGUID+11, 17420, 0, 1, 0), (@SGGUID+11, 17694, 0, 1, 0), -- Normal
(@SGGUID+12, 16593, 0, 1, 0), (@SGGUID+12, 16594, 0, 1, 0), (@SGGUID+12, 17420, 1, 1, 0), (@SGGUID+12, 17694, 0, 1, 0), -- Heroic
(@SGGUID+35, 16523, 0, 2, 0), (@SGGUID+35, 16593, 0, 1, 0), (@SGGUID+35, 16594, 1, 1, 0), (@SGGUID+35, 16699, 1, 2, 0), (@SGGUID+35, 17420, 0, 2, 0), (@SGGUID+35, 17694, 0, 1, 0),  -- Shattered Hand Savage, Shattered Hand Brawler, Shattered Hand Acolyte, Shattered Hand Reaver, Shattered Hand Heathen, Shattered Hand Darkcaster
(@SGGUID+36, 16523, 0, 2, 0), (@SGGUID+36, 16593, 0, 1, 0), (@SGGUID+36, 16699, 0, 2, 0), (@SGGUID+36, 17420, 0, 2, 0), -- Shattered Hand Savage, Shattered Hand Brawler, Shattered Hand Reaver, Shattered Hand Heathen
(@SGGUID+37, 16523, 0, 2, 0), (@SGGUID+37, 16593, 0, 1, 0), (@SGGUID+37, 16594, 1, 1, 0), (@SGGUID+37, 16699, 1, 2, 0), (@SGGUID+37, 17420, 0, 2, 0), (@SGGUID+37, 17694, 0, 1, 0),  -- Shattered Hand Savage, Shattered Hand Brawler, Shattered Hand Acolyte, Shattered Hand Reaver, Shattered Hand Heathen, Shattered Hand Darkcaster
(@SGGUID+40, 16523, 0, 0, 0), (@SGGUID+40, 16699, 0, 0, 0), (@SGGUID+40, 17420, 0, 0, 0); -- Shattered Hand Savage, Shattered Hand Reaver, Shattered Hand Heathen

INSERT INTO `spawn_group_spawn` (`Id`, `Guid`, `SlotId`) VALUES
(@SGGUID+1, @OGUID+7, -1), -- spawn_group_entry
-- Legionnaire Group 001
(@SGGUID+2, @CGUID+151, -1),
(@SGGUID+2, @CGUID+152, -1),
(@SGGUID+2, @CGUID+153, -1),
(@SGGUID+2, @CGUID+154, -1),
(@SGGUID+2, @CGUID+155, -1),

(@SGGUID+3, @CGUID+156, -1),
(@SGGUID+3, @CGUID+157, -1),
(@SGGUID+3, @CGUID+158, -1),
(@SGGUID+3, @CGUID+159, -1),
(@SGGUID+3, @CGUID+160, -1),

-- Hall of Fathers
(@SGGUID+4, @CGUID+161, -1), -- Shattered Hand Sentry
(@SGGUID+4, @CGUID+162, -1), -- Shattered Hand Sentry

-- Group 1 normal
(@SGGUID+5, @CGUID+164, -1), 
(@SGGUID+5, @CGUID+165, -1), 
-- Group 1 heroic
(@SGGUID+6, @CGUID+166, -1),
(@SGGUID+6, @CGUID+167, -1), 
-- Group 2 normal
(@SGGUID+7, @CGUID+168, -1),
(@SGGUID+7, @CGUID+169, -1),
-- Group 1 heroic
(@SGGUID+8, @CGUID+170, -1),
(@SGGUID+8, @CGUID+171, -1),
-- Group 3 normal
(@SGGUID+9, @CGUID+172, -1),
(@SGGUID+9, @CGUID+173, -1),
-- Group 3 heroic
(@SGGUID+10, @CGUID+174, -1),
(@SGGUID+10, @CGUID+175, -1),
-- Group 4 normal
(@SGGUID+11, @CGUID+176, -1),
(@SGGUID+11, @CGUID+177, -1),
-- Group 4 heroic
(@SGGUID+12, @CGUID+178, -1),
(@SGGUID+12, @CGUID+179, -1),

(@SGGUID+13, @CGUID+180, -1), -- Shattered Hand Sentry
(@SGGUID+13, @CGUID+181, -1), -- Shattered Hand Sentry

-- Legionnaire Group 003
(@SGGUID+14, @CGUID+182, 0), -- Shattered Hand Legionnaire
(@SGGUID+14, @CGUID+183, 1), -- 
(@SGGUID+14, @CGUID+184, 2), -- 
(@SGGUID+14, @CGUID+185, 3), -- 
(@SGGUID+14, @CGUID+186, 4), -- 

-- Legionnaire Group 004
(@SGGUID+15, @CGUID+187, 0), -- Shattered Hand Legionnaire
(@SGGUID+15, @CGUID+188, 1), -- 
(@SGGUID+15, @CGUID+189, 2), -- 
(@SGGUID+15, @CGUID+190, 3), -- 
(@SGGUID+15, @CGUID+191, 4), -- 

-- Legionnaire Group 005
(@SGGUID+16, @CGUID+192, 0), -- Shattered Hand Legionnaire
(@SGGUID+16, @CGUID+193, 1), -- 
(@SGGUID+16, @CGUID+194, 2), -- 
(@SGGUID+16, @CGUID+195, 3), -- 
(@SGGUID+16, @CGUID+196, 4), -- 
(@SGGUID+16, @CGUID+197, 5), -- 

-- Legionnaire Group 006
(@SGGUID+17, @CGUID+198, 0), -- Shattered Hand Legionnaire
(@SGGUID+17, @CGUID+199, 1), -- 
(@SGGUID+17, @CGUID+200, 2), -- 
(@SGGUID+17, @CGUID+201, 3), -- 
(@SGGUID+17, @CGUID+202, 4), -- 
(@SGGUID+17, @CGUID+203, 5), -- 
(@SGGUID+17, @CGUID+204, 6), -- 

(@SGGUID+18, @CGUID+209, 0), -- Shattered Hand Houndmaster
(@SGGUID+18, @CGUID+210, 1), -- Rabid Warhound
(@SGGUID+18, @CGUID+211, 2), -- Rabid Warhound

(@SGGUID+19, @CGUID+216, 0), -- Creeping Ooze
(@SGGUID+19, @CGUID+217, 1), -- Creeping Oozeling
(@SGGUID+19, @CGUID+218, 2), -- Creeping Oozeling
(@SGGUID+19, @CGUID+219, 3), -- Creeping Oozeling
(@SGGUID+19, @CGUID+220, 4), -- Creeping Oozeling
(@SGGUID+19, @CGUID+221, 5), -- Creeping Oozeling

(@SGGUID+20, @CGUID+222, 0), -- Creeping Ooze
(@SGGUID+20, @CGUID+223, 1), -- Creeping Oozeling
(@SGGUID+20, @CGUID+224, 2), -- Creeping Oozeling
(@SGGUID+20, @CGUID+225, 3), -- Creeping Oozeling
(@SGGUID+20, @CGUID+226, 4), -- Creeping Oozeling
(@SGGUID+20, @CGUID+227, 5), -- Creeping Oozeling

(@SGGUID+21, @CGUID+228, 0), -- Creeping Ooze
(@SGGUID+21, @CGUID+229, 1), -- Creeping Oozeling
(@SGGUID+21, @CGUID+230, 2), -- Creeping Oozeling
(@SGGUID+21, @CGUID+231, 3), -- Creeping Oozeling
(@SGGUID+21, @CGUID+232, 4), -- Creeping Oozeling
(@SGGUID+21, @CGUID+233, 5), -- Creeping Oozeling

(@SGGUID+22, @CGUID+234, 0), -- Creeping Ooze
(@SGGUID+22, @CGUID+235, 1), -- Creeping Oozeling
(@SGGUID+22, @CGUID+236, 2), -- Creeping Oozeling
(@SGGUID+22, @CGUID+237, 3), -- Creeping Oozeling
(@SGGUID+22, @CGUID+238, 4), -- Creeping Oozeling
(@SGGUID+22, @CGUID+239, 5), -- Creeping Oozeling

(@SGGUID+23, @CGUID+240, 0), -- Creeping Ooze
(@SGGUID+23, @CGUID+241, 1), -- Creeping Oozeling
(@SGGUID+23, @CGUID+242, 2), -- Creeping Oozeling
(@SGGUID+23, @CGUID+243, 3), -- Creeping Oozeling
(@SGGUID+23, @CGUID+244, 4), -- Creeping Oozeling
(@SGGUID+23, @CGUID+245, 5), -- Creeping Oozeling

(@SGGUID+24, @CGUID+246, 0), -- Creeping Ooze
(@SGGUID+24, @CGUID+247, 1), -- Creeping Oozeling
(@SGGUID+24, @CGUID+248, 2), -- Creeping Oozeling
(@SGGUID+24, @CGUID+249, 3), -- Creeping Oozeling
(@SGGUID+24, @CGUID+250, 4), -- Creeping Oozeling
(@SGGUID+24, @CGUID+251, 5), -- Creeping Oozeling

(@SGGUID+25, @CGUID+322, -1), -- Shattered Hand Assasins 
(@SGGUID+25, @CGUID+325, -1), -- Shattered Hand Assasins 
(@SGGUID+25, @CGUID+331, -1), -- Shattered Hand Assasins 

-- Gauntlet of Flame
(@SGGUID+26, @CGUID+261, 0), -- Shattered Hand Scout
(@SGGUID+26, @CGUID+258, 1), -- Shattered Hand Zealot 
(@SGGUID+26, @CGUID+259, 2), -- Shattered Hand Zealot 
(@SGGUID+26, @CGUID+260, 3), -- Shattered Hand Zealot 

(@SGGUID+27, @CGUID+262, -1), -- Shattered Hand Zealot 
(@SGGUID+27, @CGUID+263, -1), -- Shattered Hand Zealot 
(@SGGUID+27, @CGUID+264, -1), -- Shattered Hand Zealot 
(@SGGUID+27, @CGUID+265, -1), -- Shattered Hand Zealot 
(@SGGUID+27, @CGUID+266, -1), -- Shattered Hand Zealot 
(@SGGUID+27, @CGUID+267, -1), -- Shattered Hand Zealot 
(@SGGUID+27, @CGUID+268, -1), -- Shattered Hand Zealot 
(@SGGUID+27, @CGUID+269, -1), -- Shattered Hand Zealot 

(@SGGUID+28, @CGUID+270, -1), -- Shattered Hand Zealot 
(@SGGUID+28, @CGUID+271, -1), -- Shattered Hand Zealot 
(@SGGUID+28, @CGUID+272, -1), -- Shattered Hand Zealot 
(@SGGUID+28, @CGUID+273, -1), -- Shattered Hand Zealot 

(@SGGUID+29, @CGUID+276, 0), -- Shattered Hand Blood Guard
(@SGGUID+29, @CGUID+275, 1), -- Shattered Hand Archer
(@SGGUID+29, @CGUID+274, 2), -- Shattered Hand Archer

(@SGGUID+30, @CGUID+279, 0), -- Blood Guard Porung
(@SGGUID+30, @CGUID+277, 1), -- Shattered Hand Archer
(@SGGUID+30, @CGUID+278, 2), -- Shattered Hand Archer

(@SGGUID+31, @CGUID+280, 0), -- Shattered Hand Centurion
(@SGGUID+31, @CGUID+281, 0), -- Shattered Hand Gladiator
(@SGGUID+31, @CGUID+282, 0), -- Shattered Hand Gladiator
(@SGGUID+31, @CGUID+283, 0), -- Shattered Hand Gladiator
(@SGGUID+31, @CGUID+284, 0), -- Shattered Hand Gladiator

(@SGGUID+32, @CGUID+285, 0), -- Shattered Hand Centurion
(@SGGUID+32, @CGUID+286, 0), -- Shattered Hand Gladiator
(@SGGUID+32, @CGUID+287, 0), -- Shattered Hand Gladiator
(@SGGUID+32, @CGUID+288, 0), -- Shattered Hand Gladiator
(@SGGUID+32, @CGUID+289, 0), -- Shattered Hand Gladiator

(@SGGUID+33, @CGUID+290, 0), -- Shattered Hand Centurion
(@SGGUID+33, @CGUID+291, 0), -- Shattered Hand Gladiator
(@SGGUID+33, @CGUID+292, 0), -- Shattered Hand Gladiator
(@SGGUID+33, @CGUID+293, 0), -- Shattered Hand Gladiator
(@SGGUID+33, @CGUID+294, 0), -- Shattered Hand Gladiator


(@SGGUID+34, @CGUID+295, 0), -- Shattered Hand Centurion
(@SGGUID+34, @CGUID+296, 0), -- Shattered Hand Gladiator
(@SGGUID+34, @CGUID+297, 0), -- Shattered Hand Gladiator
(@SGGUID+34, @CGUID+298, 0), -- Shattered Hand Gladiator
(@SGGUID+34, @CGUID+299, 0), -- Shattered Hand Gladiator

(@SGGUID+35, @CGUID+300, 0), -- Shattered Hand Legionnaire
(@SGGUID+35, @CGUID+301, 1), -- spawn_group_entry
(@SGGUID+35, @CGUID+302, 2), -- spawn_group_entry
(@SGGUID+35, @CGUID+303, 3), -- spawn_group_entry
(@SGGUID+35, @CGUID+304, 4), -- spawn_group_entry
(@SGGUID+35, @CGUID+305, 5), -- spawn_group_entry

(@SGGUID+36, @CGUID+306, -1), -- spawn_group_entry
(@SGGUID+36, @CGUID+307, -1), -- spawn_group_entry
(@SGGUID+36, @CGUID+308, -1), -- spawn_group_entry

(@SGGUID+37, @CGUID+309, 0), -- Shattered Hand Legionnaire
(@SGGUID+37, @CGUID+310, 1), -- spawn_group_entry
(@SGGUID+37, @CGUID+311, 2), -- spawn_group_entry
(@SGGUID+37, @CGUID+312, 3), -- spawn_group_entry
(@SGGUID+37, @CGUID+313, 4), -- spawn_group_entry
(@SGGUID+37, @CGUID+314, 5), -- spawn_group_entry

(@SGGUID+38, @CGUID+315, 0), -- Shattered Hand Houndmaster
(@SGGUID+38, @CGUID+316, 1), -- Rabid Warhound
(@SGGUID+38, @CGUID+317, 2), -- Rabid Warhound

-- (@SGGUID+39, @CGUID+321, -1), -- Shattered Hand Assasins 

(@SGGUID+40, @CGUID+318, -1), -- spawn_group_entry
(@SGGUID+40, @CGUID+319, -1), -- Shattered Hand Savage
(@SGGUID+40, @CGUID+320, -1), -- Shattered Hand Savage

(@SGGUID+41, @CGUID+323, -1), -- Shattered Hand Champion
(@SGGUID+41, @CGUID+324, -1), -- Shattered Hand Champion
(@SGGUID+42, @CGUID+326, 0), -- Shattered Hand Houndmaster
(@SGGUID+42, @CGUID+327, 1), -- Rabid Warhound
(@SGGUID+42, @CGUID+328, 2), -- Rabid Warhound
(@SGGUID+43, @CGUID+329, -1), -- Shattered Hand Champion
(@SGGUID+43, @CGUID+330, -1), -- Shattered Hand Champion
-- way to endboss
(@SGGUID+44, @CGUID+332, -1), -- Shattered Hand Champion
(@SGGUID+44, @CGUID+333, -1), -- Shattered Hand Champion
-- assasins way before endboss
(@SGGUID+45, @CGUID+334, -1), -- Shattered Hand Assasins
(@SGGUID+45, @CGUID+335, -1), -- Shattered Hand Assasins
(@SGGUID+45, @CGUID+336, -1), -- Shattered Hand Assasins
(@SGGUID+45, @CGUID+337, -1), -- Shattered Hand Assasins
(@SGGUID+45, @CGUID+338, -1), -- Shattered Hand Assasins
(@SGGUID+45, @CGUID+339, -1), -- Shattered Hand Assasins
-- Patrol before endboss
(@SGGUID+46, @CGUID+340, 0), -- Shattered Hand Houndmaster
(@SGGUID+46, @CGUID+341, 1), -- Rabid Warhound
(@SGGUID+46, @CGUID+342, 2), -- Rabid Warhound
-- Last group before endboss
(@SGGUID+47, @CGUID+343, -1), -- Shattered Hand Champion
(@SGGUID+47, @CGUID+344, -1); -- Shattered Hand Champion

INSERT INTO `spawn_group_formation` (`Id`, `FormationType`, `FormationSpread`, `FormationOptions`, `PathId`, `MovementType`, `Comment`) VALUES
(@SGGUID+19, 6, 3, 0, 0, 1, 'Shattered Halls - Creeping Ooze (1) | Creeping Oozeling (5) | The Sewer Group 001'),
(@SGGUID+20, 6, 3, 0, 0, 1, 'Shattered Halls - Creeping Ooze (1) | Creeping Oozeling (5) | The Sewer Group 002'),
(@SGGUID+21, 6, 3, 0, 0, 1, 'Shattered Halls - Creeping Ooze (1) | Creeping Oozeling (5) | The Sewer Group 003'),
(@SGGUID+22, 6, 3, 0, 0, 1, 'Shattered Halls - Creeping Ooze (1) | Creeping Oozeling (5) | The Sewer Group 004'),
(@SGGUID+23, 6, 3, 0, 0, 1, 'Shattered Halls - Creeping Ooze (1) | Creeping Oozeling (5) | The Sewer Group 005'),
(@SGGUID+24, 6, 3, 0, 0, 1, 'Shattered Halls - Creeping Ooze (1) | Creeping Oozeling (5) | The Sewer Group 006'),
(@SGGUID+38, 4, 3, 0, @SGGUID+38, 2, 'Shattered Halls - Shattered Hand Houndmaster (1) | Rabid Warhound (2) | Sparing Hall Patrol 002'),
(@SGGUID+42, 4, 3, 0, @SGGUID+42, 2, 'Shattered Halls - Shattered Hand Houndmaster (1) | Rabid Warhound (2) | Sparing Hall Patrol 002'),
(@SGGUID+46, 4, 3, 0, @SGGUID+46, 2, 'Shattered Halls - Shattered Hand Houndmaster (1) | Rabid Warhound (2) | Warbringers Ring Patrol 001');


INSERT INTO `waypoint_path_name` (`PathId`, `Name`) VALUES
(@SGGUID+38, 'Shattered Halls - Shattered Hand Houndmaster (1) | Rabid Warhound (2) | Sparing Hall Patrol 001'),
(@SGGUID+42, 'Shattered Halls - Shattered Hand Houndmaster (1) | Rabid Warhound (2) | Sparing Hall Patrol 002'),
(@SGGUID+46, 'Shattered Halls - Shattered Hand Houndmaster (1) | Rabid Warhound (2) | Warbringers Ring Patrol 001');

INSERT INTO `waypoint_path` (`PathId`, `Point`, `PositionX`, `PositionY`, `PositionZ`, `Orientation`, `WaitTime`, `ScriptId`) VALUES
(@SGGUID+38,1,506.59488,163.44115,1.9319266,100,0,0),
(@SGGUID+38,2,501.43848,152.39388,1.929595,100,0,0),
(@SGGUID+38,3,508.708,141.22534,1.9262449,100,0,0),
(@SGGUID+38,4,522.292,141.31062,1.9339751,100,0,0),
(@SGGUID+38,5,532.2282,148.97649,1.9294553,100,0,0),
(@SGGUID+38,6,525.00385,170.1712,1.9321325,100,0,0),
(@SGGUID+38,7,519.4442,175.25598,1.9428399,100,0,0),
(@SGGUID+38,8,519.6646,196.366,1.9364898,100,0,0),
(@SGGUID+38,9,520.9925,208.3555,1.863179,100,0,0),
(@SGGUID+38,10,513.1584,221.61227,1.9342216,100,0,0),
(@SGGUID+38,11,521.30457,237.0814,1.9299809,100,0,0),
(@SGGUID+38,12,517.14276,249.81818,1.9339325,100,0,0),
(@SGGUID+38,13,506.72614,240.23392,1.93266,100,0,0),
(@SGGUID+38,14,510.5138,229.18658,1.9293674,100,0,0),
(@SGGUID+38,15,519.78186,208.59735,1.8669927,100,0,0),
(@SGGUID+38,16,518.95435,196.91217,1.9373496,100,0,0),
(@SGGUID+38,17,518.4774,175.9383,1.9424627,100,0,0),
(@SGGUID+42,1,437.0384,61.912605,1.9237044,100,0,0),
(@SGGUID+42,2,430.70596,58.27038,2.0049384,100,0,0),
(@SGGUID+42,3,436.75922,53.82539,1.925432,100,0,0),
(@SGGUID+42,4,450.10388,57.169678,1.9267677,100,0,0),
(@SGGUID+42,5,459.8768,57.486713,1.9384289,100,0,0),
(@SGGUID+42,6,484.6614,57.491474,1.9347191,100,0,0),
(@SGGUID+42,7,499.84537,57.432102,1.9408772,100,0,0),
(@SGGUID+42,8,512.16394,59.819527,1.9372166,100,0,0),
(@SGGUID+42,9,518.48566,74.102104,1.9048867,100,0,0),
(@SGGUID+42,10,518.7643,84.54578,1.933246,100,0,0),
(@SGGUID+42,11,522.1816,93.50193,1.9172946,100,0,0),
(@SGGUID+42,12,522.32776,103.9952,1.9267256,100,0,0),
(@SGGUID+42,13,518.59015,109.2831,1.9350262,100,0,0),
(@SGGUID+42,14,514.31537,105.71796,1.929482,100,0,0),
(@SGGUID+42,15,518.8863,86.14224,1.9351246,100,0,0),
(@SGGUID+42,16,517.80896,74.34265,1.9050009,100,0,0),
(@SGGUID+42,17,511.79678,60.39599,1.9369621,100,0,0),
(@SGGUID+42,18,500.0572,58.475758,1.9402512,100,0,0),
(@SGGUID+42,19,485.16956,58.154434,1.9346583,100,0,0),
(@SGGUID+42,20,459.37115,58.70152,1.9383427,100,0,0),
(@SGGUID+42,21,450.82022,58.783375,1.9266548,100,0,0),
(@SGGUID+46,1,373.44144,-51.05542,1.9361445,100,0,0),
(@SGGUID+46,2,371.50775,-70.71428,1.9203951,100,0,0),
(@SGGUID+46,3,359.4892,-82.532364,1.9185716,100,0,0),
(@SGGUID+46,4,343.14014,-84.82301,1.9350435,100,0,0),
(@SGGUID+46,5,310.18472,-82.78763,1.9368917,100,0,0),
(@SGGUID+46,6,298.0218,-79.64861,1.9367486,100,0,0),
(@SGGUID+46,7,287.82153,-84.24349,1.9618785,100,0,0),
(@SGGUID+46,8,291.21362,-89.2625,1.9129633,100,0,0),
(@SGGUID+46,9,306.8405,-87.17954,1.9372501,100,0,0),
(@SGGUID+46,10,343.15958,-86.27303,1.9356986,100,0,0),
(@SGGUID+46,11,360.74103,-83.51457,1.9183288,100,0,0),
(@SGGUID+46,12,373.4364,-71.93072,1.920069,100,0,0),
(@SGGUID+46,13,375.80185,-50.9922,1.9360272,100,0,0),
(@SGGUID+46,14,378.60367,-31.814674,1.9073824,100,0,0),
(@SGGUID+46,15,374.94492,-20.095032,1.9111354,100,0,0),
(@SGGUID+46,16,369.20135,-20.56937,1.9118699,100,0,0),
(@SGGUID+46,17,369.4805,-35.282803,1.9122882,100,0,0);

DELETE FROM worldstate_name WHERE Id IN (@SGGUID+1, @SGGUID+4);
INSERT INTO `worldstate_name` (`Id`, `Name`) VALUES 
(@SGGUID+1, 'Shattered Halls - Legionnaire Group 001'),
(@SGGUID+4, 'Shattered Halls - Gauntlet of Flame');

DELETE FROM `conditions` WHERE `condition_entry` IN (@SGGUID+1, @SGGUID+4);
INSERT INTO `conditions` (`condition_entry`, `type`, `value1`, `value2`, `value3`, `value4`, `flags`, `comments`) VALUES 
(@SGGUID+1, 42, @SGGUID+1, 1, 1, 0, 0, 'Shattered Hall - Legionnaire Group 001'),
(@SGGUID+4, 42, @SGGUID+4, 1, 1, 0, 0, 'Shattered Hall - Gauntlet of Flame');

-- =======
-- POOLING
-- =======

-- INSERT INTO `pool_pool` (`pool_id`, `mother_pool`, `chance`, `description`) VALUES
-- INSERT INTO `pool_template` (`entry`, `max_limit`, `description`) VALUES

-- INSERT INTO `pool_creature` (`guid`, `pool_entry`, `chance`, `description`) VALUES

-- INSERT INTO `pool_creature_template` (`id`, `pool_entry`, `chance`, `description`) VALUES

-- INSERT INTO `pool_gameobject` (`guid`, `pool_entry`, `chance`, `description`) VALUES

-- INSERT INTO `pool_gameobject_template` (`id`, `pool_entry`, `chance`, `description`) VALUES

-- ======
-- EVENTS
-- ======

-- INSERT INTO `game_event_creature` (`guid`, `event`) VALUES

INSERT INTO `game_event_creature_data` (`guid`, `entry_id`, `modelid`, `equipment_id`, `spell_start`, `spell_end`, `event`) VALUES
(@CGUID+124, 0, 22800, 0, 0, 0, 2); -- Grand Warlock Nethekurse (Feast of Winter Veil - Main Event)

-- INSERT INTO `game_event_gameobject` (`guid`, `event`) VALUES

-- StringIDs
DELETE FROM string_id WHERE Id IN (@STRINGID+2, @STRINGID+3, @STRINGID+4, @STRINGID+5, @STRINGID+6);
INSERT INTO `string_id` (Id, Name) VALUES 
(@STRINGID+2, 'Shattered Halls - Legionnaire Group 001'),
(@STRINGID+3, 'Shattered Halls - Halls of Father Group 002'),
(@STRINGID+4, 'Shattered Halls - Halls of Father Group 003'),
(@STRINGID+5, 'Shattered Halls - Halls of Father Group 004'),
(@STRINGID+6, 'Shattered Halls - Halls of Father Group 005');

-- =========
-- DBSCRIPTS
-- =========

DELETE FROM dbscripts_on_relay WHERE id BETWEEN @RELAYID+1 AND @RELAYID+18;
INSERT INTO `dbscripts_on_relay` (`id`, `delay`, `priority`, `command`, `datalong`, `datalong2`, `datalong3`, `buddy_entry`, `search_radius`, `data_flags`, `dataint`, `dataint2`, `dataint3`, `dataint4`, `x`, `y`, `z`, `o`, `comments`) VALUES
-- Shattered Hand Legionnaire 001 script 1
(@RELAYID+1,0,0,0,@RELAYID+2,0,0,0,0,0,0,0,0,0,0,0,0,0,'Shattered Hand Legionnaire - random yell'),
(@RELAYID+1,0,1,1,36,0,0,@STRINGID+2,50,2560,0,0,0,0,0,0,0,0,'string id - emote oneshot attack'),
(@RELAYID+1,0,2,16,1319,0,0,@STRINGID+2,50,2560,0,0,0,0,0,0,0,0,'string id - play sound'),
-- Shattered Hand Legionnaire 001 script 2
(@RELAYID+2,0,0,31,0,5,0,@STRINGID+2,5,0x800,0,0,0,0,0,0,0,0, 'Legionnaire - search for string id - terminate if not found'),
(@RELAYID+2,1,1,32,1,0,0,0,0,0,0,0,0,0,0,0,0,0, 'Legionnaire - stop waypoint'),
(@RELAYID+2,3000,0,37,0,0,2,@STRINGID+2,5,2050,0,0,0,0,0,0,0,0, 'Legionnaire - move to StringID'),
(@RELAYID+2,4000,0,36,0,0,0,@STRINGID+2,5,2048,0,0,0,0,0,0,0,0, 'StringId - face Legionnaire'),
(@RELAYID+2,4000,0,36,0,0,0,@STRINGID+2,5,2049,0,0,0,0,0,0,0,0,'Shattered Hand Legionnaire - face StringID'),
(@RELAYID+2,5000,0,1,66,0,0,@STRINGID+2,5,2048,0,0,0,0,0,0,0,0, 'StringId - emote OneShotSalute'),
(@RELAYID+2,7000,0,1,66,0,0,0,0,0,0,0,0,0,0,0,0,0,'Shattered Hand Legionnaire - OneShotSalute'),
(@RELAYID+2,9000,0,1,1,0,0,@STRINGID+2,5,2048,0,0,0,0,0,0,0,0, 'StringId - emote OneShotTalk'),
(@RELAYID+2,10000,0,1,5,0,0,0,0,0,0,0,0,0,0,0,0,0,'Shattered Hand Legionnaire - OneShotExclamation'),
(@RELAYID+2,11000,0,36,1,0,0,@STRINGID+2,5,2048,0,0,0,0,0,0,0,0, 'StringId - reset orientation'),
(@RELAYID+2,13000,0,32,0,0,0,0,0,0,0,0,0,0,0,0,0,0,'Shattered Hand Legionnaire - unpause waypoints'),
-- Shattered Hand Legionnaire 002 script 1
(@RELAYID+3,5000,0,45,0,@RELAYID+5,0,0,0,0,0,0,0,0,0,0,0,0,'Shattered Hand Legionnaire - 50% force bow, 50% force cheer'),
-- Shattered Hand Legionnaire 002 force bow
(@RELAYID+4,0,0,0,0,0,0,0,0,0,12684,0,0,0,0,0,0,0,'Shattered Hand Legionnaire - say'),
(@RELAYID+4,0,0,35,5,40,0,0,0,0,0,0,0,0,0,0,0,0,'Shattered Hand Legionnaire - send Custom AI Event A'),
-- Shattered Hand Legionnaire 002 force cheer
(@RELAYID+5,0,0,0,0,0,0,0,0,0,12683,0,0,0,0,0,0,0,'Shattered Hand Legionnaire - say'),
(@RELAYID+5,0,0,35,6,40,0,0,0,0,0,0,0,0,0,0,0,0,'Shattered Hand Legionnaire - send Custom AI Event B'),
-- Shattered Hand Legionnaire 002 talk event StringId+3 - waypoint 1
(@RELAYID+6,0,0,45,0,@RELAYID+6,0,0,0,0,0,0,0,0,0,0,0,0,'Shattered Hand Legionnaire - 50% talk event 1, 50% talk event 2'),
-- Shattered Hand Legionnaire 002 talk event to StringID+3 - script 1 waypoint 1
-- terminate script when string id not found in range of 2 yards, or string id is dead (string id = spawn_group)
(@RELAYID+7,0,0,31,0,2,0,@STRINGID+3,2,0x800,0,0,0,0,0,0,0,0, 'Legionnaire - search for string id - terminate if not found'),
(@RELAYID+7,1,1,32,1,0,0,0,0,0,0,0,0,0,0,0,0,0, 'Legionnaire - stop waypoint'),
(@RELAYID+7,1,2,37,0,0,2,@STRINGID+3,2,2050,0,0,0,0,0,0,0,0, 'Legionnaire - move to StringID'),
(@RELAYID+7,1,3,28,0,0,0,@STRINGID+3,2,2560,0,0,0,0,0,0,0,0, 'StringId - standstate stand'),
(@RELAYID+7,2000,0,36,0,0,0,@STRINGID+3,2,2560,0,0,0,0,0,0,0,0, 'StringId - face Legionnaire'),
(@RELAYID+7,4000,0,28,8,0,0,@STRINGID+3,2,2560,0,0,0,0,0,0,0,0, 'StringId - standstate kneel'),
(@RELAYID+7,4000,1,1,25,0,0,0,0,0,0,0,0,0,0,0,0,0, 'Legionnaire - emote point'),
(@RELAYID+7,4000,1,0,0,0,0,0,0,0,12687,0,0,0,0,0,0,0, 'Legionnaire - say text'),
(@RELAYID+7,7000,1,1,11,0,0,0,0,0,0,0,0,0,0,0,0,0, 'Legionnaire - emote laugh'),
(@RELAYID+7,15000,0,32,0,0,0,0,0,0,0,0,0,0,0,0,0,0, 'Legionnaire - start waypoint'),
-- Shattered Hand Legionnaire 002 talk event to StringID+3 - script 2 waypoint 1
-- terminate script when string id not found in range of 2 yards, or string id is dead (string id = spawn_group)
(@RELAYID+8,0,0,31,0,2,0,@STRINGID+3,2,0x800,0,0,0,0,0,0,0,0, 'Legionnaire - search for string id - terminate if not found'),
(@RELAYID+8,1,1,32,1,0,0,0,0,0,0,0,0,0,0,0,0,0, 'Legionnaire - stop waypoint'),
(@RELAYID+8,1,2,37,0,0,2,@STRINGID+3,2,2050,0,0,0,0,0,0,0,0, 'Legionnaire - move to StringID'),
(@RELAYID+8,1000,0,28,0,0,0,@STRINGID+3,2,2560,0,0,0,0,0,0,0,0, 'StringId - standstate stand'),
(@RELAYID+8,1000,1,1,66,0,0,@STRINGID+3,2,2560,0,0,0,0,0,0,0,0, 'StringId - emote salute'),
(@RELAYID+8,4000,0,1,5,0,0,0,0,0,0,0,0,0,0,0,0,0, 'Legionnaire - emote OneShotExclamation'),
(@RELAYID+8,4000,0,0,@RELAYID+4,0,0,0,0,0,0,0,0,0,0,0,0,0, 'Legionnaire - say text'),
(@RELAYID+8,12000,0,32,0,0,0,0,0,0,0,0,0,0,0,0,0,0, 'Legionnaire - start waypoint'),
-- Shattered Hand Legionnaire 002 talk event StringId+4 - waypoint 2
(@RELAYID+9,0,0,45,0,@RELAYID+8,0,0,0,0,0,0,0,0,0,0,0,0,'Shattered Hand Legionnaire - 50% talk event 1, 50% talk event 2'),
-- Shattered Hand Legionnaire 002 talk event to StringID+4 - script 1 waypoint 2
-- terminate script when string id not found in range of 2 yards, or string id is dead (string id = spawn_group)
(@RELAYID+10,0,0,31,0,2,0,@STRINGID+4,2,0x800,0,0,0,0,0,0,0,0, 'Legionnaire - search for string id - terminate if not found'),
(@RELAYID+10,1,1,32,1,0,0,0,0,0,0,0,0,0,0,0,0,0, 'Legionnaire - stop waypoint'),
(@RELAYID+10,1,2,37,0,0,2,@STRINGID+4,2,2050,0,0,0,0,0,0,0,0, 'Legionnaire - move to StringID'),
(@RELAYID+10,1,3,28,0,0,0,@STRINGID+4,2,2560,0,0,0,0,0,0,0,0, 'StringId - standstate stand'),
(@RELAYID+10,2000,0,36,0,0,0,@STRINGID+4,2,2560,0,0,0,0,0,0,0,0, 'StringId - face Legionnaire'),
(@RELAYID+10,4000,0,28,8,0,0,@STRINGID+4,2,2560,0,0,0,0,0,0,0,0, 'StringId - standstate kneel'),
(@RELAYID+10,4000,1,1,25,0,0,0,0,0,0,0,0,0,0,0,0,0, 'Legionnaire - emote point'),
(@RELAYID+10,4000,1,0,0,0,0,0,0,0,12687,0,0,0,0,0,0,0, 'Legionnaire - say text'),
(@RELAYID+10,7000,1,1,11,0,0,0,0,0,0,0,0,0,0,0,0,0, 'Legionnaire - emote laugh'),
(@RELAYID+10,15000,0,32,0,0,0,0,0,0,0,0,0,0,0,0,0,0, 'Legionnaire - start waypoint'),
-- Shattered Hand Legionnaire 002 talk event to StringID+4 - script 2 waypoint 2
-- terminate script when string id not found in range of 2 yards, or string id is dead (string id = spawn_group)
(@RELAYID+11,0,0,31,0,2,0,@STRINGID+4,2,0x800,0,0,0,0,0,0,0,0, 'Legionnaire - search for string id - terminate if not found'),
(@RELAYID+11,1,1,32,1,0,0,0,0,0,0,0,0,0,0,0,0,0, 'Legionnaire - stop waypoint'),
(@RELAYID+11,1,2,37,0,0,2,@STRINGID+4,2,2050,0,0,0,0,0,0,0,0, 'Legionnaire - move to StringID'),
(@RELAYID+11,1000,0,28,0,0,0,@STRINGID+4,2,2560,0,0,0,0,0,0,0,0, 'StringId - standstate stand'),
(@RELAYID+11,1000,1,1,66,0,0,@STRINGID+4,2,2560,0,0,0,0,0,0,0,0, 'StringId - emote salute'),
(@RELAYID+11,4000,0,1,5,0,0,0,0,0,0,0,0,0,0,0,0,0, 'Legionnaire - emote OneShotExclamation'),
(@RELAYID+11,4000,0,0,@RELAYID+4,0,0,0,0,0,0,0,0,0,0,0,0,0, 'Legionnaire - say text'),
(@RELAYID+11,12000,0,32,0,0,0,0,0,0,0,0,0,0,0,0,0,0, 'Legionnaire - start waypoint'),
-- Shattered Hand Legionnaire 002 talk event StringId+5 - waypoint 3
(@RELAYID+12,0,0,45,0,@RELAYID+10,0,0,0,0,0,0,0,0,0,0,0,0,'Shattered Hand Legionnaire - 50% talk event 1, 50% talk event 2'),
-- Shattered Hand Legionnaire 002 talk event to StringID+5 - script 1 waypoint 3
-- terminate script when string id not found in range of 2 yards, or string id is dead (string id = spawn_group)
(@RELAYID+13,0,0,31,0,2,0,@STRINGID+5,2,0x800,0,0,0,0,0,0,0,0, 'Legionnaire - search for string id - terminate if not found'),
(@RELAYID+13,1,1,32,1,0,0,0,0,0,0,0,0,0,0,0,0,0, 'Legionnaire - stop waypoint'),
(@RELAYID+13,1,2,37,0,0,2,@STRINGID+5,2,2050,0,0,0,0,0,0,0,0, 'Legionnaire - move to StringID'),
(@RELAYID+13,1,3,28,0,0,0,@STRINGID+5,2,2560,0,0,0,0,0,0,0,0, 'StringId - standstate stand'),
(@RELAYID+13,2000,0,36,0,0,0,@STRINGID+5,2,2560,0,0,0,0,0,0,0,0, 'StringId - face Legionnaire'),
(@RELAYID+13,4000,0,28,8,0,0,@STRINGID+5,2,2560,0,0,0,0,0,0,0,0, 'StringId - standstate kneel'),
(@RELAYID+13,4000,1,1,25,0,0,0,0,0,0,0,0,0,0,0,0,0, 'Legionnaire - emote point'),
(@RELAYID+13,4000,1,0,0,0,0,0,0,0,12687,0,0,0,0,0,0,0, 'Legionnaire - say text'),
(@RELAYID+13,7000,1,1,11,0,0,0,0,0,0,0,0,0,0,0,0,0, 'Legionnaire - emote laugh'),
(@RELAYID+13,15000,0,32,0,0,0,0,0,0,0,0,0,0,0,0,0,0, 'Legionnaire - start waypoint'),
-- Shattered Hand Legionnaire 002 talk event to StringID+5 - script 2 waypoint 3
-- terminate script when string id not found in range of 2 yards, or string id is dead (string id = spawn_group)
(@RELAYID+14,0,0,31,0,2,0,@STRINGID+5,2,0x800,0,0,0,0,0,0,0,0, 'Legionnaire - search for string id - terminate if not found'),
(@RELAYID+14,1,1,32,1,0,0,0,0,0,0,0,0,0,0,0,0,0, 'Legionnaire - stop waypoint'),
(@RELAYID+14,1,2,37,0,0,2,@STRINGID+5,2,2050,0,0,0,0,0,0,0,0, 'Legionnaire - move to StringID'),
(@RELAYID+14,1000,0,28,0,0,0,@STRINGID+5,2,2560,0,0,0,0,0,0,0,0, 'StringId - standstate stand'),
(@RELAYID+14,1000,1,1,66,0,0,@STRINGID+5,2,2560,0,0,0,0,0,0,0,0, 'StringId - emote salute'),
(@RELAYID+14,4000,0,1,5,0,0,0,0,0,0,0,0,0,0,0,0,0, 'Legionnaire - emote OneShotExclamation'),
(@RELAYID+14,4000,0,0,@RELAYID+4,0,0,0,0,0,0,0,0,0,0,0,0,0, 'Legionnaire - say text'),
(@RELAYID+14,12000,0,32,0,0,0,0,0,0,0,0,0,0,0,0,0,0, 'Legionnaire - start waypoint'),
-- Shattered Hand Legionnaire 002 talk event StringId+6 - waypoint 4
(@RELAYID+15,0,0,45,0,@RELAYID+12,0,0,0,0,0,0,0,0,0,0,0,0,'Shattered Hand Legionnaire - 50% talk event 1, 50% talk event 2'),
-- Shattered Hand Legionnaire 002 talk event to StringID+6 - script 1 waypoint 4
-- terminate script when string id not found in range of 2 yards, or string id is dead (string id = spawn_group)
(@RELAYID+16,0,0,31,0,2,0,@STRINGID+6,2,0x800,0,0,0,0,0,0,0,0, 'Legionnaire - search for string id - terminate if not found'),
(@RELAYID+16,1,1,32,1,0,0,0,0,0,0,0,0,0,0,0,0,0, 'Legionnaire - stop waypoint'),
(@RELAYID+16,1,2,37,0,0,2,@STRINGID+6,2,2050,0,0,0,0,0,0,0,0, 'Legionnaire - move to StringID'),
(@RELAYID+16,1,3,28,0,0,0,@STRINGID+6,2,2560,0,0,0,0,0,0,0,0, 'StringId - standstate stand'),
(@RELAYID+16,2000,0,36,0,0,0,@STRINGID+6,2,2560,0,0,0,0,0,0,0,0, 'StringId - face Legionnaire'),
(@RELAYID+16,4000,0,28,8,0,0,@STRINGID+6,2,2560,0,0,0,0,0,0,0,0, 'StringId - standstate kneel'),
(@RELAYID+16,4000,1,1,25,0,0,0,0,0,0,0,0,0,0,0,0,0, 'Legionnaire - emote point'),
(@RELAYID+16,4000,1,0,0,0,0,0,0,0,12687,0,0,0,0,0,0,0, 'Legionnaire - say text'),
(@RELAYID+16,7000,1,1,11,0,0,0,0,0,0,0,0,0,0,0,0,0, 'Legionnaire - emote laugh'),
(@RELAYID+16,15000,0,32,0,0,0,0,0,0,0,0,0,0,0,0,0,0, 'Legionnaire - start waypoint'),
-- Shattered Hand Legionnaire 002 talk event to StringID+5 - script 2 waypoint 4
-- terminate script when string id not found in range of 2 yards, or string id is dead (string id = spawn_group)
(@RELAYID+17,0,0,31,0,2,0,@STRINGID+6,2,0x800,0,0,0,0,0,0,0,0, 'Legionnaire - search for string id - terminate if not found'),
(@RELAYID+17,1,1,32,1,0,0,0,0,0,0,0,0,0,0,0,0,0, 'Legionnaire - stop waypoint'),
(@RELAYID+17,1,2,37,0,0,2,@STRINGID+6,2,2050,0,0,0,0,0,0,0,0, 'Legionnaire - move to StringID'),
(@RELAYID+17,1000,0,28,0,0,0,@STRINGID+6,2,2560,0,0,0,0,0,0,0,0, 'StringId - standstate stand'),
(@RELAYID+17,1000,1,1,66,0,0,@STRINGID+6,2,2560,0,0,0,0,0,0,0,0, 'StringId - emote salute'),
(@RELAYID+17,4000,0,1,5,0,0,0,0,0,0,0,0,0,0,0,0,0, 'Legionnaire - emote OneShotExclamation'),
(@RELAYID+17,4000,0,0,@RELAYID+4,0,0,0,0,0,0,0,0,0,0,0,0,0, 'Legionnaire - say text'),
(@RELAYID+17,12000,0,32,0,0,0,0,0,0,0,0,0,0,0,0,0,0, 'Legionnaire - start waypoint');

DELETE FROM dbscript_random_templates WHERE id BETWEEN @RELAYID+1 AND @RELAYID+12;
INSERT INTO dbscript_random_templates (id, type, target_id, chance, comments) VALUES
-- Shattered Hand Legionnaire 001 script
(@RELAYID+1, 1, @RELAYID+1, 10, 'Shattered Hand Legionnaire - yell'),
(@RELAYID+1, 1, @RELAYID+2, 10, 'Shattered Hand Legionnaire - approach ally Heathen'),
(@RELAYID+1, 1, 0, 80, 'Shattered Hand Legionnaire - nothing'),
-- Shattered Hand Legionnaire 001 text scripts
(@RELAYID+2, 0, 16350, 0, 'Shattered Hand Legionnaire - random yell 1'),
(@RELAYID+2, 0, 17461, 0, 'Shattered Hand Legionnaire - random yell 2'),
(@RELAYID+2, 0, 16349, 0, 'Shattered Hand Legionnaire - random yell 3'),
(@RELAYID+2, 0, 16347, 0, 'Shattered Hand Legionnaire - random yell 4'),
(@RELAYID+2, 0, 16346, 0, 'Shattered Hand Legionnaire - random yell 5'),
-- Shattered Hand Legionnaire 002 mainscript - started via dbscript_on_creature_movement
(@RELAYID+3, 1, @RELAYID+3, 10, 'Shattered Hand Legionnaire - force bow/cheer'),
(@RELAYID+3, 1, @RELAYID+6, 10, 'Shattered Hand Legionnaire - talk event stringid+3 - waypoint 1'),
(@RELAYID+3, 1, 0, 80, 'Shattered Hand Legionnaire - nothing'),
-- Shattered Hand Legionnaire 002 - Talk Event 2 - 2 different Texts
(@RELAYID+4, 0, 12686, 0, 'Shattered Hand Legionnaire - talk event 2 - text'),
(@RELAYID+4, 0, 12685, 0, 'Shattered Hand Legionnaire - talk event 2 - text'),
-- Shattered Hand Legionnaire 002 bow/cheer
(@RELAYID+5, 1, @RELAYID+4, 0, 'Shattered Hand Legionnaire - force bow'),
(@RELAYID+5, 1, @RELAYID+5, 0, 'Shattered Hand Legionnaire - force cheer'),
-- Shattered Hand Legionnaire 002 - stringid+3 talk event waypoint 1
(@RELAYID+6, 1, @RELAYID+7, 0, 'Shattered Hand Legionnaire - talk event 1'),
(@RELAYID+6, 1, @RELAYID+8, 0, 'Shattered Hand Legionnaire - talk event 2'),
-- Shattered Hand Legionnaire 002 mainscript - started via dbscript_on_creature_movement - waypoint 2
(@RELAYID+7, 1, @RELAYID+3, 10, 'Shattered Hand Legionnaire - force bow/cheer'),
(@RELAYID+7, 1, @RELAYID+9, 10, 'Shattered Hand Legionnaire - talk event stringid+4 - waypoint 2'),
(@RELAYID+7, 1, 0, 80, 'Shattered Hand Legionnaire - nothing'),
-- Shattered Hand Legionnaire 002 - stringid+4 talk event waypoint 2
(@RELAYID+8, 1, @RELAYID+10, 0, 'Shattered Hand Legionnaire - talk event 1'),
(@RELAYID+8, 1, @RELAYID+11, 0, 'Shattered Hand Legionnaire - talk event 2'),
-- Shattered Hand Legionnaire 002 mainscript - started via dbscript_on_creature_movement - waypoint 3
(@RELAYID+9, 1, @RELAYID+3, 10, 'Shattered Hand Legionnaire - force bow/cheer'),
(@RELAYID+9, 1, @RELAYID+12, 10, 'Shattered Hand Legionnaire - talk event stringid+5 - waypoint 3'),
(@RELAYID+9, 1, 0, 80, 'Shattered Hand Legionnaire - nothing'),
-- Shattered Hand Legionnaire 002 - stringid+5 talk event waypoint 3
(@RELAYID+10, 1, @RELAYID+13, 0, 'Shattered Hand Legionnaire - talk event 1'),
(@RELAYID+10, 1, @RELAYID+14, 0, 'Shattered Hand Legionnaire - talk event 2'),
-- Shattered Hand Legionnaire 002 mainscript - started via dbscript_on_creature_movement - waypoint 4
(@RELAYID+11, 1, @RELAYID+3, 10, 'Shattered Hand Legionnaire - force bow/cheer'),
(@RELAYID+11, 1, @RELAYID+15, 10, 'Shattered Hand Legionnaire - talk event stringid+6 - waypoint 4'),
(@RELAYID+11, 1, 0, 80, 'Shattered Hand Legionnaire - nothing'),
-- Shattered Hand Legionnaire 002 - stringid+6 talk event waypoint 4
(@RELAYID+12, 1, @RELAYID+16, 0, 'Shattered Hand Legionnaire - talk event 1'),
(@RELAYID+12, 1, @RELAYID+17, 0, 'Shattered Hand Legionnaire - talk event 2');

DELETE FROM dbscripts_on_creature_movement WHERE id IN (1670001, 1670002, 1670003, 1670004, 1670005, 1708301, 1742001, 1746201);
INSERT INTO `dbscripts_on_creature_movement` (`id`, `delay`, `priority`, `command`, `datalong`, `datalong2`, `datalong3`, `buddy_entry`, `search_radius`, `data_flags`, `dataint`, `dataint2`, `dataint3`, `dataint4`, `x`, `y`, `z`, `o`, `comments`) VALUES
(1670001, 0, 0, 45, 0, @RELAYID+1, 0, 0, 0, 0, 0, 0, 0, 0, 0, 0, 0, 0, 'Shattered Hand Legionnaire 001 - 10% chance to yell, 10% chance to talk'),
-- Legionnaire 002 base script - waypoint 1
(1670002, 0, 1, 45, 0, @RELAYID+3, 0, 0, 0, 0, 0, 0, 0, 0, 0, 0, 0, 0, 'Shattered Hand Legionnaire 002 - 10% force bow/cheer, 10% talk event'),
-- Legionnaire 002 base script - waypoint 2
(1670003, 0, 1, 45, 0, @RELAYID+7, 0, 0, 0, 0, 0, 0, 0, 0, 0, 0, 0, 0, 'Shattered Hand Legionnaire 002 - 10% force bow/cheer, 10% talk event'),
-- Legionnaire 002 base script - waypoint 3
(1670004, 0, 1, 45, 0, @RELAYID+9, 0, 0, 0, 0, 0, 0, 0, 0, 0, 0, 0, 0, 'Shattered Hand Legionnaire 002 - 10% force bow/cheer, 10% talk event'),
-- Legionnaire 002 base script - waypoint 4
(1670005, 0, 1, 45, 0, @RELAYID+11, 0, 0, 0, 0, 0, 0, 0, 0, 0, 0, 0, 0, 'Shattered Hand Legionnaire 002 - 10% force bow/cheer, 10% talk event'),
-- Fel Orc Convert
(1708301, 0, 0, 32, 1, 0, 0, 0, 0, 0, 0, 0, 0, 0, 0, 0, 0, 0, 'Fel Orc Convert - Waypoint Pause'),
(1708301, 0, 1, 50, 0, 0, 0, 0, 0, 0, 0, 0, 0, 0, 0, 0, 0, 0, 'Fel Orc Convert - Zone Combat Pulse'),
(1708301, 0, 2, 20, 1, 5, 0, 0, 0, 8, 0, 0, 0, 0, 0, 0, 0, 0, 'Fel Orc Convert - Random Movement'),
-- Base script used for Shattered Hand Heathen and Shattered Hand Savage at entrace
(1742001, 0, 0, 32, 1, 0, 0, 0, 0, 0, 0, 0, 0, 0, 0, 0, 0, 0, 'Shattered Halls - Waypoint Pause'),
(1742001, 1000, 0, 2, 169, 333, 0, 0, 0, 0, 0, 0, 0, 0, 0, 0, 0, 0, 'Shattered Halls - EMOTE_STATE_READY1H'),
-- Shattered Hand Zealot
(1746201, 0, 0, 32, 1, 0, 0, 0, 0, 0, 0, 0, 0, 0, 0, 0, 0, 0, 'Shattered Hand Zealot - Waypoint Pause'),
(1746201, 0, 1, 2, 169, 333, 0, 0, 0, 0, 0, 0, 0, 0, 0, 0, 0, 0, 'Shattered Hand Zealot - EMOTE_STATE_READY1H');

-- INSERT INTO `dbscripts_on_event` (`id`, `delay`, `command`, `datalong`, `datalong2`, `datalong3`, `buddy_entry`, `search_radius`, `data_flags`, `dataint`, `dataint2`, `dataint3`, `dataint4`, `x`, `y`, `z`, `o`, `comments`) VALUES
-- INSERT INTO `dbscripts_on_spell` (`id`, `delay`, `command`, `datalong`, `datalong2`, `datalong3`, `buddy_entry`, `search_radius`, `data_flags`, `dataint`, `dataint2`, `dataint3`, `dataint4`, `x`, `y`, `z`, `o`, `comments`) VALUES
-- INSERT INTO `dbscripts_on_gossip` (`id`, `delay`, `command`, `datalong`, `datalong2`, `datalong3`, `buddy_entry`, `search_radius`, `data_flags`, `dataint`, `dataint2`, `dataint3`, `dataint4`, `x`, `y`, `z`, `o`, `comments`) VALUES
-- INSERT INTO `dbscripts_on_quest_start` (`id`, `delay`, `command`, `datalong`, `datalong2`, `datalong3`, `buddy_entry`, `search_radius`, `data_flags`, `dataint`, `dataint2`, `dataint3`, `dataint4`, `x`, `y`, `z`, `o`, `comments`) VALUES
-- INSERT INTO `dbscripts_on_quest_end` (`id`, `delay`, `command`, `datalong`, `datalong2`, `datalong3`, `buddy_entry`, `search_radius`, `data_flags`, `dataint`, `dataint2`, `dataint3`, `dataint4`, `x`, `y`, `z`, `o`, `comments`) VALUES
-- INSERT INTO `dbscripts_on_creature_death` (`id`, `delay`, `command`, `datalong`, `datalong2`, `datalong3`, `buddy_entry`, `search_radius`, `data_flags`, `dataint`, `dataint2`, `dataint3`, `dataint4`, `x`, `y`, `z`, `o`, `comments`) VALUES
-- INSERT INTO `dbscripts_on_go_use` (`id`, `delay`, `command`, `datalong`, `datalong2`, `datalong3`, `buddy_entry`, `search_radius`, `data_flags`, `dataint`, `dataint2`, `dataint3`, `dataint4`, `x`, `y`, `z`, `o`, `comments`) VALUES
-- INSERT INTO `dbscripts_on_go_template_use` (`id`, `delay`, `command`, `datalong`, `datalong2`, `datalong3`, `buddy_entry`, `search_radius`, `data_flags`, `dataint`, `dataint2`, `dataint3`, `dataint4`, `x`, `y`, `z`, `o`, `comments`) VALUES