/* DBScriptData
DBName: Hellfire Citadel - The Blood Furnace
DBScriptName: instance_blood_furnace
DB%Complete: 95
DBComment:
EndDBScriptData */

SET @CGUID := 5420000; -- creatures
SET @OGUID := 5420000; -- gameobjects
SET @PGUID := 48100; -- pools
SET @SGGUID := 5420000; -- spawn_groups
SET @RELAYID := 5420000; -- used for varius dbscripts_on_relay

-- =========
-- CREATURES
-- =========

INSERT INTO `creature_movement` (`id`, `point`, `PositionX`, `PositionY`, `PositionZ`, `orientation`, `waittime`, `ScriptId`) VALUES
(@CGUID+21, 1, 237.2137, -66.08345, 9.62556, 100, 0, 0),
(@CGUID+21, 2, 238.36339, -79.17138, 9.6227, 100, 0, 0),
(@CGUID+21, 3, 231.7169, -84.90454, 9.624776, 100, 0, 0),
(@CGUID+21, 4, 218.1364, -85.288765, 9.632268, 100, 0, 0),
(@CGUID+22, 1, 327.04425, -11.012064, 9.426495, 100, 0, 0),
(@CGUID+22, 2, 328.393, 7.28222, 9.623969, 100, 0, 0),
(@CGUID+22, 3, 327.90256, 25.295847, 9.625213, 100, 0, 0),
(@CGUID+174, 1, 135.97264, -92.95206, -0.9103361, 100, 0, 0),
(@CGUID+174, 2, 98.57112, -93.5057, -18.174309, 100, 0, 0),
(@CGUID+174, 3, 87.04167, -93.61084, -23.506758, 100, 0, 0),
(@CGUID+174, 4, 75.03605, -94.70542, -29.054447, 100, 0, 0),
(@CGUID+174, 5, 109.23808, -94.04441, -13.245851, 100, 0, 0),
(@CGUID+174, 6, 117.39144, -93.04942, -9.486893, 100, 0, 0),
(@CGUID+175, 1, 345.52628, -6.396716, 9.6155815, 100, 90000, 0), -- paustimer between 1:20 and 2 minutes
(@CGUID+175, 2, 336.6452,-1.803115, 9.618781, 100, 0, 0), 
(@CGUID+175, 3, 326.74207, -3.47823, 9.62126, 100, 0, 0),
(@CGUID+175, 4, 313.86053, -4.919703, 9.618778, 100, 0, 0),
(@CGUID+175, 5, 307.46277, -6.945595, 9.613724, 100, 0, 0),
(@CGUID+175, 6, 314.86356, -5.066976, 9.619539, 100, 0, 0),
(@CGUID+175, 7, 325.94113, -3.506139, 9.613604, 100, 0, 0),
(@CGUID+175, 8, 336.203, -3.257006, 9.620309, 100, 0, 0),
(@CGUID+176, 1, 300.26605, 182.17151, 9.607527, 100, 35000, 0), -- paus timer between 30 and 40 seconds
(@CGUID+176, 2, 306.70996, 165.99048, 9.616599, 100, 35000, 0),
(@CGUID+179, 1, 476.784, -93.1227, 9.55735, 3.73372, 0, 0),
(@CGUID+179, 2, 467.336, -88.8467, 9.55295, 2.59097, 0, 0),
(@CGUID+179, 3, 464.628, -82.5587, 9.56012, 1.83227, 0, 0),
(@CGUID+179, 4, 463.878, -71.4555, 9.55183, 1.52047, 0, 0),
(@CGUID+179, 5, 460.545, -58.1939, 9.56811, 1.87704, 0, 0),
(@CGUID+179, 6, 463.794, -49.3992, 9.56217, 1.14741, 0, 0),
(@CGUID+179, 7, 473.043, -41.0408, 9.55712, 0.244984, 0, 0),
(@CGUID+179, 8, 500.463, -34.7989, 9.5586, 0.244984, 0, 0),
(@CGUID+179, 9, 495.844, -37.3874, 9.55436, 3.4659, 0, 0),
(@CGUID+179, 10, 488.296, -49.2509, 9.56225, 4.17276, 0, 0),
(@CGUID+179, 11, 479.408, -51.4883, 9.55797, 3.33474, 0, 0),
(@CGUID+179, 12, 469.355, -49.6048, 9.56227, 3.0088, 0, 0),
(@CGUID+179, 13, 462.947, -58.276, 9.54588, 4.17354, 0, 0),
(@CGUID+179, 14, 466.379, -84.5461, 9.55922, 4.91339, 0, 0),
(@CGUID+179, 15, 470.883, -90.6855, 9.55499, 5.28017, 0, 0),
(@CGUID+179, 16, 477.229, -93.2723, 9.55717, 6.01216, 0, 0),
(@CGUID+179, 17, 483.607, -88.3845, 9.55416, 0.815969, 0, 0);

DELETE FROM `creature_movement_template` WHERE `entry` IN (17380);
INSERT INTO `creature_movement_template` (`entry`, `pathId`, `point`, `PositionX`, `PositionY`, `PositionZ`, `orientation`, `waittime`, `ScriptId`) VALUES
(17380, 0, 1, 455.6496, 33.33417, 9.544375, 100, 0, 0),
(17380, 0, 2, 456.105, 44.3159, 9.62544, 100, 0, 0),
(17380, 0, 3, 458.401, 50.6364, 9.62375, 100, 0, 0),
(17380, 0, 4, 461.782, 54.9224, 9.6233, 100, 0, 0),
(17380, 0, 5, 463.657, 60.3144, 9.61813, 100, 0, 0),
(17380, 0, 6, 456.328, 78.3051, 9.61487, 100, 0, 0),
(17380, 0, 7, 456.328, 78.3051, 9.61487, 1.53589, 0, 0);

INSERT INTO `creature_addon` (`guid`, `mount`, `stand_state`, `sheath_state`, `emote`, `moveflags`, `auras`) VALUES
(@CGUID+16, 0, 0, 1, 0, 0, NULL), -- Laughing Skull Enforcer
(@CGUID+17, 0, 0, 1, 0, 0, NULL), -- Laughing Skull Enforcer
(@CGUID+18, 0, 0, 1, 0, 0, NULL), -- Laughing Skull Enforcer
(@CGUID+19, 0, 0, 1, 0, 0, NULL), -- Laughing Skull Enforcer
(@CGUID+26, 0, 0, 1, 0, 0, '31059'), -- Shadowmoon Warlock
(@CGUID+31, 0, 0, 1, 0, 0, '31059'), -- Shadowmoon Warlock
(@CGUID+32, 0, 0, 1, 0, 0, '31059'), -- Shadowmoon Warlock
(@CGUID+33, 0, 0, 1, 0, 0, '31059'), -- Shadowmoon Warlock
(@CGUID+34, 0, 0, 1, 0, 0, '31059'), -- spawn_group_entry
(@CGUID+43, 0, 0, 1, 0, 0, '31059'), -- spawn_group_entry
(@CGUID+45, 0, 0, 1, 0, 0, '31059'), -- spawn_group_entry
(@CGUID+47, 0, 0, 1, 0, 0, '8876 31059'), -- Shadowmoon Adept
(@CGUID+48, 0, 0, 1, 0, 0, '8876 31059'), -- Shadowmoon Adept
(@CGUID+49, 0, 0, 1, 0, 0, '8876 31059'), -- Shadowmoon Adept
(@CGUID+50, 0, 0, 1, 0, 0, '8876 31059'), -- Shadowmoon Adept
(@CGUID+51, 0, 0, 1, 0, 0, '8876 31059'), -- Shadowmoon Adept
(@CGUID+52, 0, 0, 1, 0, 0, '8876 31059'), -- Shadowmoon Adept
(@CGUID+53, 0, 0, 1, 0, 0, '8876 31059'), -- Shadowmoon Adept
(@CGUID+54, 0, 0, 1, 0, 0, '8876 31059'), -- Shadowmoon Adept
(@CGUID+55, 0, 0, 1, 0, 0, '8876 31059'), -- Shadowmoon Adept
(@CGUID+56, 0, 0, 1, 0, 0, '8876 31059'), -- Shadowmoon Adept
(@CGUID+57, 0, 0, 1, 0, 0, '8876 31059'), -- Shadowmoon Adept
(@CGUID+58, 0, 0, 1, 0, 0, '8876 31059'), -- Shadowmoon Adept
(@CGUID+66, 0, 8, 1, 0, 0, NULL), -- Nascent Fel Orc
(@CGUID+68, 0, 8, 1, 0, 0, NULL), -- Nascent Fel Orc
(@CGUID+75, 0, 8, 1, 0, 0, NULL), -- Nascent Fel Orc
(@CGUID+79, 0, 0, 0, 333, 0, NULL), -- Felguard Annihilator
(@CGUID+81, 0, 0, 0, 333, 0, NULL), -- Felguard Annihilator
(@CGUID+85, 0, 0, 0, 69, 0, NULL), -- Shadowmoon Technician
(@CGUID+87, 0, 0, 1, 0, 0, '31059'), -- spawn_group_entry
(@CGUID+88, 0, 0, 0, 69, 0, NULL), -- Shadowmoon Technician
(@CGUID+90, 0, 0, 0, 69, 0, NULL), -- Shadowmoon Technician
(@CGUID+92, 0, 0, 0, 69, 0, NULL), -- Shadowmoon Technician
(@CGUID+94, 0, 0, 0, 69, 0, NULL), -- Shadowmoon Technician
(@CGUID+95, 0, 0, 0, 69, 0, NULL), -- Shadowmoon Technician
(@CGUID+144, 0, 0, 1, 13, 0, NULL); -- Fel Orc Neophyte

REPLACE INTO `creature_template_addon` (`entry`, `mount`, `stand_state`, `sheath_state`, `emote`, `moveflags`, `auras`) VALUES
(17370, 0, 0, 1, 333, 0, NULL), -- Laughing Skull Enforcer
(17380, 0, 0, 1, 0, 0, NULL), -- Broggok
(17397, 0, 0, 1, 0, 0, '8876'), -- Shadowmoon Adept
(17477, 0, 0, 1, 0, 0, '35766'), -- Hellfire Imp
(17491, 0, 0, 1, 0, 0, NULL), -- Laughing Skull Rogue
(17653, 0, 0, 1, 0, 0, NULL), -- Shadowmoon Channeler
(21174, 0, 0, 1, 0, 0, '30205'); -- Magtheridon

-- INSERT INTO `creature_linking` (`guid`, `master_guid`, `flag`) VALUES

-- INSERT INTO `creature_linking_template` (`entry`, `map`, `master_entry`, `flag`, `search_range`) VALUES

INSERT INTO `creature` (`guid`, `id`, `map`, `spawnMask`, `position_x`, `position_y`, `position_z`, `orientation`, `spawntimesecsmin`, `spawntimesecsmax`, `spawndist`, `MovementType`) VALUES
(@CGUID+1, 17256, 542, 3, 308.20330810546875, -141.769454956054687, -137.3680419921875, 1.361356854438781738, 7200, 7200, 0, 0), -- Hellfire Channeler
(@CGUID+2, 17256, 542, 3, 307.783538818359375, -31.8501529693603515, -137.368072509765625, 4.956735134124755859, 7200, 7200, 0, 0), -- Hellfire Channeler
(@CGUID+3, 17256, 542, 3, 274.13250732421875, -87.164703369140625, -137.3680419921875, 0.01745329238474369, 7200, 7200, 0, 0), -- Hellfire Channeler
(@CGUID+4, 17256, 542, 3, 369.149658203125, -55.5657920837402343, -137.368118286132812, 3.717551231384277343, 7200, 7200, 0, 0), -- Hellfire Channeler
(@CGUID+5, 17256, 542, 3, 369.461090087890625, -118.757148742675781, -137.368072509765625, 2.548180580139160156, 7200, 7200, 0, 0), -- Hellfire Channeler
(@CGUID+6, 17370, 542, 3, 194.333587646484375, -78.6620559692382812, 9.698103904724121093, 3.019419670104980468, 7200, 7200, 0, 0), -- Laughing Skull Enforcer
(@CGUID+7, 17370, 542, 3, 49.22315216064453125, -75.6242446899414062, -40.1855545043945312, 2.984513044357299804, 7200, 7200, 0, 0), -- Laughing Skull Enforcer
(@CGUID+8, 17370, 542, 3, 260.84552001953125, -26.4810600280761718, 7.038578510284423828, 3.909537553787231445, 7200, 7200, 0, 0), -- Laughing Skull Enforcer
(@CGUID+9, 17370, 542, 3, 7.837569236755371093, -54.6224327087402343, -41.2580490112304687, 1.623156189918518066, 7200, 7200, 0, 0), -- Laughing Skull Enforcer
(@CGUID+10, 17370, 542, 3, 49.32085037231445312, -93.3478164672851562, -40.185546875, 2.862339973449707031, 7200, 7200, 0, 0), -- Laughing Skull Enforcer
(@CGUID+11, 17370, 542, 3, 195.056549072265625, -91.4087600708007812, 9.700654983520507812, 3.054326057434082031, 7200, 7200, 0, 0), -- Laughing Skull Enforcer
(@CGUID+12, 17370, 542, 3, -4.06963682174682617, -56.7615623474121093, -41.2580375671386718, 1.413716673851013183, 7200, 7200, 0, 0), -- Laughing Skull Enforcer
(@CGUID+13, 17370, 542, 3, 284.57366943359375, -8.7647562026977539, 8.920128822326660156, 3.560471534729003906, 7200, 7200, 0, 0), -- Laughing Skull Enforcer
(@CGUID+14, 17370, 542, 3, 323.928558349609375, 28.14127349853515625, 9.704203605651855468, 4.747295379638671875, 7200, 7200, 0, 0), -- Laughing Skull Enforcer
(@CGUID+15, 17370, 542, 3, 331.069061279296875, 28.0790252685546875, 9.704688072204589843, 4.677482128143310546, 7200, 7200, 0, 0), -- Laughing Skull Enforcer
(@CGUID+16, 17370, 542, 3, 357.117, 186.741, 9.60855, 3.66015, 7200, 7200, 0, 0), -- Laughing Skull Enforcer
(@CGUID+17, 17370, 542, 3, 355.976, 184.107, 9.61287, 0.145034, 7200, 7200, 0, 0), -- Laughing Skull Enforcer
(@CGUID+18, 17370, 542, 3, 478.288, 173.657, 9.62148, 5.98159, 7200, 7200, 0, 0), -- Laughing Skull Enforcer
(@CGUID+19, 17370, 542, 3, 479.179, 176.522, 9.61884, 5.98158, 7200, 7200, 0, 0), -- Laughing Skull Enforcer
(@CGUID+20, 0, 542, 3, 351.593, 69.7604, 9.61397, 5.0562, 7200, 7200, 0, 2), -- spawn_group_entry
(@CGUID+21, 17371, 542, 3, 237.2137, -66.08345, 9.62556, 0, 7200, 7200, 0, 4), -- spawn_group_entry
(@CGUID+22, 17371, 542, 3, 327.04425, -11.012064, 9.426495, 0, 7200, 7200, 0, 4), -- Shadowmoon Warlock
(@CGUID+23, 17371, 542, 3, 423.094, -82.3433, 9.62334, 2.69742, 7200, 7200, 2, 1), -- Shadowmoon Warlock
(@CGUID+24, 17371, 542, 3, 317.70306396484375, -172.40533447265625, -25.4256973266601562, 6.108652114868164062, 7200, 7200, 0, 0), -- Shadowmoon Warlock
(@CGUID+25, 17371, 542, 3, 328.897491455078125, -188.366622924804687, -25.425241470336914, 1.500983119010925292, 7200, 7200, 0, 0), -- Shadowmoon Warlock
(@CGUID+26, 17371, 542, 3, 445.658966064453125, 61.78424072265625, 9.6945037841796875, 4.328416347503662109, 7200, 7200, 0, 0), -- Shadowmoon Warlock
(@CGUID+27, 17371, 542, 3, 490.501, -7.73751, 9.56211, 0.522235, 7200, 7200, 0, 0), -- Shadowmoon Warlock
(@CGUID+28, 17371, 542, 3, 494.708282470703125, 3.539125919342041015, 9.629895210266113281, 2.897246599197387695, 7200, 7200, 0, 0), -- Shadowmoon Warlock
(@CGUID+29, 17371, 542, 3, 488.784, -75.9049, 9.55539, 1.88176, 7200, 7200, 0, 0), -- Shadowmoon Warlock
(@CGUID+30, 17371, 542, 3, 488.79833984375, 14.69362735748291015, 9.634967803955078125, 4.485496044158935546, 7200, 7200, 0, 0), -- Shadowmoon Warlock
(@CGUID+31, 17371, 542, 3, 467.006256103515625, 63.60230255126953125, 9.694701194763183593, 5.235987663269042968, 7200, 7200, 0, 0), -- Shadowmoon Warlock
(@CGUID+32, 17371, 542, 3, 369.572662353515625, 188.5665130615234375, 9.685747146606445312, 0.628318548202514648, 7200, 7200, 0, 0), -- Shadowmoon Warlock
(@CGUID+33, 17371, 542, 3, 399.38653564453125, 189.72723388671875, 9.686238288879394531, 0.261799395084381103, 7200, 7200, 0, 0), -- Shadowmoon Warlock
(@CGUID+34, 0, 542, 3, 408.150238037109375, 185.319610595703125, 9.680528640747070312, 1.570796370506286621, 7200, 7200, 0, 0), -- spawn_group_entry
(@CGUID+35, 0, 542, 3, 454.40496826171875, 101.3967132568359375, 9.698034286499023437, 4.363323211669921875, 7200, 7200, 0, 0), -- spawn_group_entry
(@CGUID+36, 17377, 542, 3, 326.502899169921875, -86.0027542114257812, -24.5770149230957031, 3.59537816047668457, 604800, 604800, 0, 0), -- Keli'dan the Breaker
(@CGUID+37, 17380, 542, 3, 455.335723876953125, -1.82919394969940185, 9.629873275756835937, 1.431169986724853515, 604800, 604800, 0, 0), -- Broggok
(@CGUID+38, 17381, 542, 3, 328.126708984375, 128.865631103515625, 9.618732452392578125, 5.0113372802734375, 604800, 604800, 3, 1), -- The Maker
(@CGUID+39, 0, 542, 3, 340.263824462890625, 102.1913528442382812, 9.702587127685546875, 4.537856101989746093, 7200, 7200, 0, 0), -- spawn_group_entry
(@CGUID+40, 17395, 542, 3, 312.673095703125, 9.930631637573242187, 9.701819419860839843, 0.471238881349563598, 7200, 7200, 0, 0), -- Shadowmoon Summoner
(@CGUID+41, 17395, 542, 3, 336.492767333984375, 10.28137493133544921, 9.702851295471191406, 5.8817596435546875, 7200, 7200, 0, 0), -- Shadowmoon Summoner
(@CGUID+42, 17395, 542, 3, 336.21966552734375, 4.42312479019165039, 9.703363418579101562, 1.29154360294342041, 7200, 7200, 0, 0), -- Shadowmoon Summoner
(@CGUID+43, 0, 542, 3, 440.664703369140625, 61.70375442504882812, 9.692664146423339843, 4.904375076293945312, 7200, 7200, 0, 0), -- spawn_group_entry
(@CGUID+44, 0, 542, 3, 450.437286376953125, 99.813873291015625, 9.699462890625, 6.126105785369873046, 7200, 7200, 0, 0), -- spawn_group_entry
(@CGUID+45, 0, 542, 3, 382.414276123046875, 190.2224273681640625, 9.685167312622070312, 2.652900457382202148, 7200, 7200, 0, 0), -- spawn_group_entry
(@CGUID+46, 0, 542, 3, 330.141143798828125, 66.27161407470703125, 9.697047233581542968, 2.094395160675048828, 7200, 7200, 0, 0), -- spawn_group_entry
(@CGUID+47, 17397, 542, 3, 7.439785003662109375, -82.995849609375, -41.247039794921875, 3.822271108627319335, 7200, 7200, 0, 0), -- Shadowmoon Adept
(@CGUID+48, 17397, 542, 3, -13.854771614074707, -80.9222183227539062, -41.2514877319335937, 5.742133140563964843, 7200, 7200, 0, 0), -- Shadowmoon Adept
(@CGUID+49, 17397, 542, 3, 228.1027374267578125, -95.1818923950195312, 9.702130317687988281, 4.607669353485107421, 7200, 7200, 0, 0), -- Shadowmoon Adept
(@CGUID+50, 17397, 542, 3, 3.625592947006225585, -87.8099136352539062, -41.247711181640625, 1.518436431884765625, 7200, 7200, 0, 0), -- Shadowmoon Adept
(@CGUID+51, 17397, 542, 3, 25.42150497436523437, -89.47235107421875, -40.7967529296875, 1.169370532035827636, 7200, 7200, 0, 0), -- Shadowmoon Adept
(@CGUID+52, 17397, 542, 3, -10.9109039306640625, -86.814605712890625, -41.2508888244628906, 1.65806281566619873, 7200, 7200, 0, 0), -- Shadowmoon Adept
(@CGUID+53, 17397, 542, 3, 28.671173095703125, -81.6824417114257812, -40.8284492492675781, 4.502949237823486328, 7200, 7200, 0, 0), -- Shadowmoon Adept
(@CGUID+54, 17397, 542, 3, 225.9044036865234375, -103.427978515625, 9.707080841064453125, 1.099557399749755859, 7200, 7200, 0, 0), -- Shadowmoon Adept
(@CGUID+55, 17397, 542, 3, 243.9145050048828125, -72.8068923950195312, 9.697795867919921875, 1.186823844909667968, 7200, 7200, 0, 0), -- Shadowmoon Adept
(@CGUID+56, 17397, 542, 3, 245.4342498779296875, -64.0702896118164062, 9.709497451782226562, 4.398229598999023437, 7200, 7200, 0, 0), -- Shadowmoon Adept
(@CGUID+57, 17397, 542, 3, 229.35333251953125, -74.0325851440429687, 9.702325820922851562, 2.164208173751831054, 7200, 7200, 0, 0), -- Shadowmoon Adept
(@CGUID+58, 17397, 542, 3, 224.7100372314453125, -67.630767822265625, 9.705712318420410156, 5.288347721099853515, 7200, 7200, 0, 0), -- Shadowmoon Adept
(@CGUID+59, 17397, 542, 3, 317.73480224609375, 9.346278190612792968, 9.702359199523925781, 2.164208173751831054, 7200, 7200, 0, 0), -- Shadowmoon Adept
(@CGUID+60, 17397, 542, 3, 317.886993408203125, 15.20388603210449218, 9.703864097595214843, 3.996803998947143554, 7200, 7200, 0, 0), -- Shadowmoon Adept
(@CGUID+61, 17397, 542, 3, 342.89251708984375, 8.104051589965820312, 9.704801559448242187, 3.001966238021850585, 7200, 7200, 0, 0), -- Shadowmoon Adept
(@CGUID+62, 17398, 542, 3, 414.5980224609375, 112.5374221801757812, 9.733525276184082031, 0.139626339077949523, 7200, 7200, 0, 0), -- Nascent Fel Orc
(@CGUID+63, 17398, 542, 3, 416.168365478515625, 84.3904266357421875, 9.7288360595703125, 3.385938644409179687, 7200, 7200, 0, 0), -- Nascent Fel Orc
(@CGUID+64, 17398, 542, 3, 410.79156494140625, 87.08148193359375, 9.740170478820800781, 4.520402908325195312, 7200, 7200, 0, 0), -- Nascent Fel Orc
(@CGUID+65, 17398, 542, 3, 314.581085205078125, 195.748382568359375, 11.47551441192626953, 5.06145477294921875, 7200, 7200, 0, 0), -- Nascent Fel Orc
(@CGUID+66, 17398, 542, 3, 470.201812744140625, 58.01126480102539062, 9.696453094482421875, 1.745329260826110839, 7200, 7200, 0, 0), -- Nascent Fel Orc
(@CGUID+67, 17398, 542, 3, 345.063812255859375, 202.2608489990234375, 11.45121192932128906, 4.86946868896484375, 7200, 7200, 0, 0), -- Nascent Fel Orc
(@CGUID+68, 17398, 542, 3, 376.4195556640625, 193.600311279296875, 9.676909446716308593, 3.96189737319946289, 7200, 7200, 0, 0), -- Nascent Fel Orc
(@CGUID+69, 17398, 542, 3, 498.6719970703125, 87.2527923583984375, 9.735204696655273437, 3.50811171531677246, 7200, 7200, 0, 0), -- Nascent Fel Orc
(@CGUID+70, 17398, 542, 3, 502.3433837890625, 84.35997772216796875, 9.741987228393554687, 3.089232683181762695, 7200, 7200, 0, 0), -- Nascent Fel Orc
(@CGUID+71, 17398, 542, 3, 496.511627197265625, 82.2754364013671875, 9.7300567626953125, 3.054326057434082031, 7200, 7200, 0, 0), -- Nascent Fel Orc
(@CGUID+72, 17398, 542, 3, 503.437286376953125, 115.8273696899414062, 9.743028640747070312, 3.735004663467407226, 7200, 7200, 0, 0), -- Nascent Fel Orc
(@CGUID+73, 17398, 542, 3, 437.2344970703125, 201.5877532958984375, 11.46511363983154296, 4.607669353485107421, 7200, 7200, 0, 0), -- Nascent Fel Orc
(@CGUID+74, 17398, 542, 3, 500.619415283203125, 112.281036376953125, 9.739496231079101562, 2.059488534927368164, 7200, 7200, 0, 0), -- Nascent Fel Orc
(@CGUID+75, 17398, 542, 3, 405.45947265625, 190.811279296875, 9.677214622497558593, 5.707226753234863281, 7200, 7200, 0, 0), -- Nascent Fel Orc
(@CGUID+76, 17400, 542, 3, 315.505035400390625, -177.884841918945312, -25.4267902374267578, 0.139626339077949523, 7200, 7200, 0, 0), -- Felguard Annihilator
(@CGUID+77, 17400, 542, 3, 324.698516845703125, -191.280746459960937, -25.4235553741455078, 1.431169986724853515, 7200, 7200, 0, 0), -- Felguard Annihilator
(@CGUID+78, 17400, 542, 3, 319.1685791015625, -167.128021240234375, -25.4206161499023437, 6.126105785369873046, 7200, 7200, 0, 0), -- Felguard Annihilator
(@CGUID+79, 17400, 542, 3, 349.68194580078125, -164.97674560546875, -25.4359321594238281, 0.453785598278045654, 7200, 7200, 0, 0), -- Felguard Annihilator
(@CGUID+80, 17400, 542, 3, 330.89459228515625, -192.461013793945312, -25.422149658203125, 1.815142393112182617, 7200, 7200, 0, 0), -- Felguard Annihilator
(@CGUID+81, 17400, 542, 3, 350.219146728515625, -176.124435424804687, -25.437631607055664, 0.593411922454833984, 7200, 7200, 0, 0), -- Felguard Annihilator
(@CGUID+82, 0, 542, 3, 320.796142578125, 91.68508148193359375, 9.700040817260742187, 2.443460941314697265, 7200, 7200, 0, 0), -- spawn_group_entry
(@CGUID+83, 17414, 542, 3, 338.039459228515625, 96.26967620849609375, 9.701704978942871093, 1.396263360977172851, 7200, 7200, 0, 0), -- Shadowmoon Technician
(@CGUID+84, 17414, 542, 3, 316.03106689453125, 95.69887542724609375, 9.701928138732910156, 5.550147056579589843, 7200, 7200, 0, 0), -- Shadowmoon Technician
(@CGUID+85, 17414, 542, 3, 318.781402587890625, 185.2650604248046875, 9.698854446411132812, 2.007128715515136718, 7200, 7200, 0, 0), -- Shadowmoon Technician
(@CGUID+86, 0, 542, 3, 453.978729248046875, 96.01741790771484375, 9.698311805725097656, 2.321287870407104492, 7200, 7200, 0, 0), -- spawn_group_entry
(@CGUID+87, 0, 542, 3, 472.297149658203125, 63.81904983520507812, 9.692515373229980468, 4.729842185974121093, 7200, 7200, 0, 0), -- spawn_group_entry
(@CGUID+88, 17414, 542, 3, 331.8583984375, 191.021331787109375, 9.687047004699707031, 1.797689080238342285, 7200, 7200, 0, 0), -- Shadowmoon Technician
(@CGUID+89, 17414, 542, 3, 483.04931640625, 94.2425079345703125, 9.707494735717773437, 1.01229095458984375, 7200, 7200, 0, 0), -- Shadowmoon Technician
(@CGUID+90, 17414, 542, 3, 346.391510009765625, 198.9452056884765625, 11.10355091094970703, 1.623156189918518066, 7200, 7200, 0, 0), -- Shadowmoon Technician
(@CGUID+91, 17414, 542, 3, 479.361602783203125, 96.7882537841796875, 9.706038475036621093, 0.279252678155899047, 7200, 7200, 0, 0), -- Shadowmoon Technician
(@CGUID+92, 17414, 542, 3, 348.212799072265625, 193.649200439453125, 9.689508438110351562, 1.378810048103332519, 7200, 7200, 0, 0), -- Shadowmoon Technician
(@CGUID+93, 17414, 542, 3, 481.7548828125, 102.1119613647460937, 9.6980438232421875, 5.811946392059326171, 7200, 7200, 0, 0), -- Shadowmoon Technician
(@CGUID+94, 17414, 542, 3, 434.618988037109375, 192.8877716064453125, 9.688805580139160156, 0.523598790168762207, 7200, 7200, 0, 0), -- Shadowmoon Technician
(@CGUID+95, 17414, 542, 3, 448.76422119140625, 191.02484130859375, 9.688077926635742187, 0.645771801471710205, 7200, 7200, 0, 0), -- Shadowmoon Technician
(@CGUID+96, 17414, 542, 3, 327.207244873046875, 71.26572418212890625, 9.697165489196777343, 5.25344085693359375, 7200, 7200, 0, 0), -- Shadowmoon Technician
(@CGUID+97, 17416, 542, 3, 280.14215087890625, 70.35688018798828125, 9.743082046508789062, 6.17846536636352539, 7200, 7200, 0, 0), -- Orc Captive
(@CGUID+98, 17416, 542, 3, 280.2032470703125, 66.8333892822265625, 9.742267608642578125, 4.293509960174560546, 7200, 7200, 0, 0), -- Orc Captive
(@CGUID+99, 17416, 542, 3, 291.241607666015625, 65.75760650634765625, 38.25710296630859375, 0.174532920122146606, 7200, 7200, 0, 0), -- Orc Captive
(@CGUID+100, 17416, 542, 3, 286.99603271484375, 58.76940155029296875, 24.53737449645996093, 0.261799395084381103, 7200, 7200, 0, 0), -- Orc Captive
(@CGUID+101, 17416, 542, 3, 286.71246337890625, 66.715179443359375, 9.729496002197265625, 6.091198921203613281, 7200, 7200, 0, 0), -- Orc Captive
(@CGUID+102, 17416, 542, 3, 286.724700927734375, 65.3066253662109375, 24.5711517333984375, 0.191986218094825744, 7200, 7200, 0, 0), -- Orc Captive
(@CGUID+103, 17416, 542, 3, 287.89825439453125, 70.71173858642578125, 9.728407859802246093, 4.398229598999023437, 7200, 7200, 0, 0), -- Orc Captive
(@CGUID+104, 17416, 542, 3, 288.12237548828125, 61.92174148559570312, 24.67354011535644531, 0.087266460061073303, 7200, 7200, 0, 0), -- Orc Captive
(@CGUID+105, 17416, 542, 3, 287.611572265625, 95.63541412353515625, 24.37003898620605468, 0.122173048555850982, 7200, 7200, 0, 0), -- Orc Captive
(@CGUID+106, 17416, 542, 3, 290.079193115234375, 103.6548233032226562, 38.47708892822265625, 6.038839340209960937, 7200, 7200, 0, 0), -- Orc Captive
(@CGUID+107, 17416, 542, 3, 291.0760498046875, 100.2189102172851562, 38.27271270751953125, 0, 7200, 7200, 0, 0), -- Orc Captive
(@CGUID+108, 17416, 542, 3, 288.54547119140625, 90.53411865234375, 24.360321044921875, 0.01745329238474369, 7200, 7200, 0, 0), -- Orc Captive
(@CGUID+109, 17416, 542, 3, 287.042236328125, 97.94891357421875, 9.729768753051757812, 4.904375076293945312, 7200, 7200, 0, 0), -- Orc Captive
(@CGUID+110, 17416, 542, 3, 281.558929443359375, 99.5473175048828125, 9.741150856018066406, 2.652900457382202148, 7200, 7200, 0, 0), -- Orc Captive
(@CGUID+111, 17416, 542, 3, 288.889617919921875, 93.17731475830078125, 24.64306068420410156, 0.087266460061073303, 7200, 7200, 0, 0), -- Orc Captive
(@CGUID+112, 17416, 542, 3, 290.29632568359375, 97.9127655029296875, 38.4290771484375, 6.2657318115234375, 7200, 7200, 0, 0), -- Orc Captive
(@CGUID+113, 17416, 542, 3, 290.990020751953125, 67.86472320556640625, 38.29261016845703125, 0.157079637050628662, 7200, 7200, 0, 0), -- Orc Captive
(@CGUID+114, 17416, 542, 3, 291.325347900390625, 71.8074188232421875, 38.23289871215820312, 0.069813169538974761, 7200, 7200, 0, 0), -- Orc Captive
(@CGUID+115, 17416, 542, 3, 285.496337890625, 101.8542633056640625, 9.733560562133789062, 3.979350566864013671, 7200, 7200, 0, 0), -- Orc Captive
(@CGUID+116, 17416, 542, 3, 370.11932373046875, 66.689239501953125, 9.73465728759765625, 3.019419670104980468, 7200, 7200, 0, 0), -- Orc Captive
(@CGUID+117, 17416, 542, 3, 365.76910400390625, 91.09627532958984375, 24.45182418823242187, 3.228859186172485351, 7200, 7200, 0, 0), -- Orc Captive
(@CGUID+118, 17416, 542, 3, 364.937713623046875, 69.14839935302734375, 38.51242828369140625, 3.281219005584716796, 7200, 7200, 0, 0), -- Orc Captive
(@CGUID+119, 17416, 542, 3, 367.4578857421875, 70.47686004638671875, 9.729537010192871093, 3.159045934677124023, 7200, 7200, 0, 0), -- Orc Captive
(@CGUID+120, 17416, 542, 3, 367.343414306640625, 64.745513916015625, 24.567840576171875, 2.94960641860961914, 7200, 7200, 0, 0), -- Orc Captive
(@CGUID+121, 17416, 542, 3, 366.707244873046875, 101.5718231201171875, 9.727448463439941406, 1.431169986724853515, 7200, 7200, 0, 0), -- Orc Captive
(@CGUID+122, 17416, 542, 3, 365.76800537109375, 94.95737457275390625, 24.43487358093261718, 3.228859186172485351, 7200, 7200, 0, 0), -- Orc Captive
(@CGUID+123, 17416, 542, 3, 364.970489501953125, 71.8265228271484375, 38.518218994140625, 3.211405754089355468, 7200, 7200, 0, 0), -- Orc Captive
(@CGUID+124, 17416, 542, 3, 373.178558349609375, 69.15132904052734375, 9.740856170654296875, 3.141592741012573242, 7200, 7200, 0, 0), -- Orc Captive
(@CGUID+125, 17416, 542, 3, 367.632568359375, 58.40127182006835937, 24.51710319519042968, 2.897246599197387695, 7200, 7200, 0, 0), -- Orc Captive
(@CGUID+126, 17416, 542, 3, 366.217559814453125, 97.75722503662109375, 9.726247787475585937, 2.0245819091796875, 7200, 7200, 0, 0), -- Orc Captive
(@CGUID+127, 17416, 542, 3, 367.15447998046875, 93.0060272216796875, 24.69671249389648437, 3.141592741012573242, 7200, 7200, 0, 0), -- Orc Captive
(@CGUID+128, 17416, 542, 3, 366.784393310546875, 61.88829803466796875, 24.68210983276367187, 3.159045934677124023, 7200, 7200, 0, 0), -- Orc Captive
(@CGUID+129, 17416, 542, 3, 364.1878662109375, 99.67516326904296875, 38.35347747802734375, 2.967059612274169921, 7200, 7200, 0, 0), -- Orc Captive
(@CGUID+130, 17416, 542, 3, 364.785888671875, 96.31537628173828125, 38.50808334350585937, 2.879793167114257812, 7200, 7200, 0, 0), -- Orc Captive
(@CGUID+131, 17416, 542, 3, 364.520050048828125, 66.25753021240234375, 38.44444656372070312, 2.967059612274169921, 7200, 7200, 0, 0), -- Orc Captive
(@CGUID+132, 17416, 542, 3, 373.069091796875, 97.8787689208984375, 9.740944862365722656, 1.134464025497436523, 7200, 7200, 0, 0), -- Orc Captive
(@CGUID+133, 17416, 542, 3, 364.915435791015625, 102.1417465209960937, 38.52384185791015625, 2.844886541366577148, 7200, 7200, 0, 0), -- Orc Captive
(@CGUID+134, 17416, 542, 3, 374.2215576171875, 101.5313262939453125, 9.743157386779785156, 4.590215682983398437, 7200, 7200, 0, 0), -- Orc Captive
(@CGUID+135, 17429, 542, 3, 408.827911376953125, 82.40976715087890625, 9.743910789489746093, 2.635447263717651367, 7200, 7200, 0, 0), -- Fel Orc Neophyte
(@CGUID+136, 17429, 542, 3, 419.17999267578125, 83.99825286865234375, 38.3595428466796875, 0.087266460061073303, 7200, 7200, 0, 0), -- Fel Orc Neophyte
(@CGUID+137, 17429, 542, 3, 410.99652099609375, 117.6822128295898437, 9.738612174987792968, 5.759586334228515625, 7200, 7200, 0, 0), -- Fel Orc Neophyte
(@CGUID+138, 17429, 542, 3, 415.10174560546875, 88.18083953857421875, 24.476837158203125, 0.191986218094825744, 7200, 7200, 0, 0), -- Fel Orc Neophyte
(@CGUID+139, 17429, 542, 3, 418.286773681640625, 80.225311279296875, 38.570526123046875, 0.296705961227416992, 7200, 7200, 0, 0), -- Fel Orc Neophyte
(@CGUID+140, 17429, 542, 3, 414.663543701171875, 93.3658905029296875, 24.481292724609375, 0.01745329238474369, 7200, 7200, 0, 0), -- Fel Orc Neophyte
(@CGUID+141, 17429, 542, 3, 410.53045654296875, 112.8643722534179687, 9.740940093994140625, 0.174532920122146606, 7200, 7200, 0, 0), -- Fel Orc Neophyte
(@CGUID+142, 17429, 542, 3, 416.688690185546875, 90.83260345458984375, 24.68206024169921875, 0.05235987901687622, 7200, 7200, 0, 0), -- Fel Orc Neophyte
(@CGUID+143, 17429, 542, 3, 417.812286376953125, 88.39768218994140625, 38.65628433227539062, 5.899212837219238281, 7200, 7200, 0, 0), -- Fel Orc Neophyte
(@CGUID+144, 17429, 542, 3, 442.163909912109375, 55.20479965209960937, 9.697337150573730468, 1.396263360977172851, 7200, 7200, 0, 0), -- Fel Orc Neophyte
(@CGUID+145, 17429, 542, 3, 416.12060546875, 125.9563064575195312, 24.49857902526855468, 0.122173048555850982, 7200, 7200, 0, 0), -- Fel Orc Neophyte
(@CGUID+146, 17429, 542, 3, 415.451812744140625, 117.5418167114257812, 9.729462623596191406, 0.122173048555850982, 7200, 7200, 0, 0), -- Fel Orc Neophyte
(@CGUID+147, 17429, 542, 3, 417.96478271484375, 111.2201309204101562, 38.60171127319335937, 6.161012172698974609, 7200, 7200, 0, 0), -- Fel Orc Neophyte
(@CGUID+148, 17429, 542, 3, 416.445098876953125, 122.0880508422851562, 24.68787193298339843, 0.03490658476948738, 7200, 7200, 0, 0), -- Fel Orc Neophyte
(@CGUID+149, 17429, 542, 3, 418.546051025390625, 118.5413665771484375, 38.51190567016601562, 0.139626339077949523, 7200, 7200, 0, 0), -- Fel Orc Neophyte
(@CGUID+150, 17429, 542, 3, 414.487060546875, 118.4309921264648437, 24.6013336181640625, 0.226892799139022827, 7200, 7200, 0, 0), -- Fel Orc Neophyte
(@CGUID+151, 17429, 542, 3, 419.85772705078125, 114.8938064575195312, 38.2672576904296875, 6.248278617858886718, 7200, 7200, 0, 0), -- Fel Orc Neophyte
(@CGUID+152, 17429, 542, 3, 495.095977783203125, 88.5799713134765625, 38.79520034790039062, 3.176499128341674804, 7200, 7200, 0, 0), -- Fel Orc Neophyte
(@CGUID+153, 17429, 542, 3, 493.0421142578125, 84.16925811767578125, 38.36001205444335937, 3.246312379837036132, 7200, 7200, 0, 0), -- Fel Orc Neophyte
(@CGUID+154, 17429, 542, 3, 495.53411865234375, 90.996826171875, 24.68567276000976562, 3.176499128341674804, 7200, 7200, 0, 0), -- Fel Orc Neophyte
(@CGUID+155, 17429, 542, 3, 496.10009765625, 94.33676910400390625, 24.27756690979003906, 3.351032257080078125, 7200, 7200, 0, 0), -- Fel Orc Neophyte
(@CGUID+156, 17429, 542, 3, 493.6279296875, 80.07556915283203125, 38.53217315673828125, 2.58308720588684082, 7200, 7200, 0, 0), -- Fel Orc Neophyte
(@CGUID+157, 17429, 542, 3, 496.053436279296875, 87.967926025390625, 24.31657218933105468, 3.333578824996948242, 7200, 7200, 0, 0), -- Fel Orc Neophyte
(@CGUID+158, 17429, 542, 3, 496.519683837890625, 115.773101806640625, 9.729579925537109375, 3.071779489517211914, 7200, 7200, 0, 0), -- Fel Orc Neophyte
(@CGUID+159, 17429, 542, 3, 496.86517333984375, 118.1183395385742187, 24.5448760986328125, 3.071779489517211914, 7200, 7200, 0, 0), -- Fel Orc Neophyte
(@CGUID+160, 17429, 542, 3, 492.437164306640625, 115.3690719604492187, 38.29571533203125, 3.211405754089355468, 7200, 7200, 0, 0), -- Fel Orc Neophyte
(@CGUID+161, 17429, 542, 3, 496.106842041015625, 122.2104110717773437, 24.69561195373535156, 3.124139308929443359, 7200, 7200, 0, 0), -- Fel Orc Neophyte
(@CGUID+162, 17429, 542, 3, 499.610137939453125, 118.6188430786132812, 9.735490798950195312, 3.700098037719726562, 7200, 7200, 0, 0), -- Fel Orc Neophyte
(@CGUID+163, 17429, 542, 3, 494.195953369140625, 118.8684234619140625, 38.62325286865234375, 3.193952560424804687, 7200, 7200, 0, 0), -- Fel Orc Neophyte
(@CGUID+164, 17429, 542, 3, 497.25726318359375, 126.5591812133789062, 24.48961257934570312, 3.647738218307495117, 7200, 7200, 0, 0), -- Fel Orc Neophyte
(@CGUID+165, 17429, 542, 3, 494.592193603515625, 111.478179931640625, 38.6769561767578125, 3.071779489517211914, 7200, 7200, 0, 0), -- Fel Orc Neophyte
(@CGUID+166, 17477, 542, 3, 26.42030906677246093, -84.8927536010742187, -41.0493316650390625, 0.645771801471710205, 7200, 7200, 0, 0), -- Hellfire Imp
(@CGUID+167, 17477, 542, 3, -11.9010562896728515, -83.4996871948242187, -41.2511711120605468, 0.628318548202514648, 7200, 7200, 0, 0), -- Hellfire Imp
(@CGUID+168, 17477, 542, 3, 4.444324016571044921, -85.0150527954101562, -41.24786376953125, 1.780235767364501953, 7200, 7200, 0, 0), -- Hellfire Imp
(@CGUID+169, 17477, 542, 3, 244.0078887939453125, -68.4965133666992187, 9.703777313232421875, 2.111848354339599609, 7200, 7200, 0, 0), -- Hellfire Imp
(@CGUID+170, 17477, 542, 3, 227.0933380126953125, -99.1318588256835937, 9.700999259948730468, 2.216568231582641601, 7200, 7200, 0, 0), -- Hellfire Imp
(@CGUID+171, 17477, 542, 3, 227.2568817138671875, -71.2498321533203125, 9.700207710266113281, 3.874630928039550781, 7200, 7200, 0, 0), -- Hellfire Imp
(@CGUID+172, 17491, 542, 3, 181.531, -73.7762, 9.69991, 3.62446, 7200, 7200, 8, 1), -- Laughing Skull Rogue
(@CGUID+173, 17491, 542, 3, 170.166, -93.7266, 9.6934, 1.76685, 7200, 7200, 8, 1), -- Laughing Skull Rogue
(@CGUID+174, 17491, 542, 3, 135.97264, -92.95206, -0.9103361, 4.9218282, 7200, 7200, 0, 2), -- Laughing Skull Rogue
(@CGUID+175, 17491, 542, 3, 306.339, -4.02884, 9.62585, 6.15417, 7200, 7200, 0, 2), -- Laughing Skull Rogue
(@CGUID+176, 17491, 542, 3, 300.26605, 182.17151, 9.607527, 1.94949, 7200, 7200, 0, 2), -- Laughing Skull Rogue
(@CGUID+177, 17491, 542, 3, 482.55462, 175.602859, 9.704257, 2.86233, 7200, 7200, 0, 0), -- Laughing Skull Rogue
(@CGUID+178, 17491, 542, 3, 428.906, -20.6582, 9.63164, 0.750492, 7200, 7200, 0, 0), -- Laughing Skull Rogue
(@CGUID+179, 17491, 542, 3, 483.723, -88.2442, 9.55027, 3.0605, 7200, 7200, 0, 2), -- Laughing Skull Rogue
(@CGUID+180, 17491, 542, 3, 405.187, -63.8279, 9.69997, 5.5676, 7200, 7200, 0, 0), -- Laughing Skull Rogue
-- 181 - 184
(@CGUID+185, 17624, 542, 3, 310.4854, 76.86802, 9.623767, 0.8873, 7200, 7200, 0, 0), -- Laughing Skull Warden
(@CGUID+186, 17624, 542, 3, 460.953, 110.909, 9.61634, 2.66872, 7200, 7200, 0, 0), -- Laughing Skull Warden
(@CGUID+187, 17626, 542, 3, 247.787872314453125, -28.022470474243164, 7.035767555236816406, 4.171336650848388671, 7200, 7200, 0, 0), -- Laughing Skull Legionnaire
(@CGUID+188, 17626, 542, 3, 278.640533447265625, -0.40290799736976623, 8.021465301513671875, 3.368485450744628906, 7200, 7200, 0, 0), -- Laughing Skull Legionnaire
(@CGUID+189, 17626, 542, 3, 459.173, 109.087, 9.61681, 2.04374, 7200, 7200, 0, 0), -- Laughing Skull Legionnaire
(@CGUID+190, 17626, 542, 3, 462.575, 108.493, 9.61743, 2.30106, 7200, 7200, 0, 0), -- Laughing Skull Legionnaire
(@CGUID+191, 17626, 542, 3, 352.875, 72.4726, 9.615, 5.0562, 7200, 7200, 0, 0), -- Laughing Skull Legionnaire
(@CGUID+192, 17626, 542, 3, 307.906, 78.3996, 9.62325, 1.18552, 7200, 7200, 0, 0), -- Laughing Skull Legionnaire
(@CGUID+193, 17653, 542, 3, 320.75, -63.6120796203613281, -24.6360912322998046, 4.886921882629394531, 7200, 7200, 0, 0), -- Shadowmoon Channeler
(@CGUID+194, 17653, 542, 3, 316.273651123046875, -108.876602172851562, -24.6027107238769531, 1.256637096405029296, 7200, 7200, 0, 0), -- Shadowmoon Channeler
(@CGUID+195, 17653, 542, 3, 345.848419189453125, -74.4559097290039062, -24.6402416229248046, 3.59537816047668457, 7200, 7200, 0, 0), -- Shadowmoon Channeler
(@CGUID+196, 17653, 542, 3, 301.987579345703125, -86.74652099609375, -24.4516544342041015, 0.157079637050628662, 7200, 7200, 0, 0), -- Shadowmoon Channeler
(@CGUID+197, 17653, 542, 3, 343.5838623046875, -103.630592346191406, -24.5688228607177734, 2.356194496154785156, 7200, 7200, 0, 0), -- Shadowmoon Channeler
(@CGUID+198, 18894, 542, 3, 456.875152587890625, -79.4452896118164062, 9.686198234558105468, 6.248278617858886718, 7200, 7200, 0, 0), -- Felguard Brute
(@CGUID+199, 18894, 542, 3, 456.89849853515625, -89.408203125, 9.681890487670898437, 0.05235987901687622, 7200, 7200, 0, 0), -- Felguard Brute
(@CGUID+200, 18894, 542, 3, 490.701, -75.7409, 9.55482, 1.8787, 7200, 7200, 0, 0), -- Felguard Brute
(@CGUID+201, 18894, 542, 3, 492.417, -9.29333, 9.56341, 1.02598, 7200, 7200, 0, 0), -- Felguard Brute
(@CGUID+203, 19016, 542, 3, 430.485, -74.5045, 9.62771, 6.19338, 7200, 7200, 2, 1), -- Hellfire Familiar
(@CGUID+204, 19016, 542, 3, 415.619, -83.7208, 9.61892, 4.77352, 7200, 7200, 2, 1), -- Hellfire Familiar
(@CGUID+205, 19016, 542, 3, 428.693, -93.3119, 9.6156, 5.66917, 7200, 7200, 2, 1), -- Hellfire Familiar
(@CGUID+206, 19016, 542, 3, 418.592, -70.12, 9.62705, 1.60699, 7200, 7200, 2, 1), -- Hellfire Familiar
(@CGUID+207, 19016, 542, 3, 432.618, -80.317, 9.62791, 2.30452, 7200, 7200, 2, 1), -- Hellfire Familiar
(@CGUID+208, 19016, 542, 3, 419.593, -90.9202, 9.70846, 0.0174533, 7200, 7200, 2, 1), -- Hellfire Familiar
(@CGUID+209, 19016, 542, 3, 488.285858154296875, 1.742849946022033691, 9.628323554992675781, 1.047197580337524414, 7200, 7200, 0, 0), -- Hellfire Familiar
(@CGUID+210, 19016, 542, 3, 489.53802490234375, 8.015559196472167968, 9.628659248352050781, 3.59537816047668457, 7200, 7200, 0, 0), -- Hellfire Familiar
(@CGUID+211, 19016, 542, 3, 484.705902099609375, 8.66715240478515625, 9.631420135498046875, 6.161012172698974609, 7200, 7200, 0, 0), -- Hellfire Familiar
(@CGUID+212, 21174, 542, 3, 320.911529541015625, -83.0625381469726562, -133.306869506835937, 3.001966238021850585, 7200, 7200, 0, 0); -- Magtheridon

-- INSERT INTO `creature_spawn_entry` (`guid`, `entry`) VALUES

-- ===========
-- GAMEOBJECTS
-- ===========

INSERT INTO `gameobject` (`guid`, `id`, `map`, `spawnMask`, `position_x`, `position_y`, `position_z`, `orientation`, `rotation0`, `rotation1`, `rotation2`, `rotation3`, `spawntimesecsmin`, `spawntimesecsmax`) VALUES
(@OGUID+1, 181713, 542, 3, 275.210601806640625, -87.223388671875, -137.451370239257812, -2.49582076072692871, 0, 0, 0.948323667049407958, -0.31730467081069946, 300, 300), -- Manticron Cube
(@OGUID+2, 181713, 542, 3, 367.85498046875, -56.3835639953613281, -137.359222412109375, 0.01745329238474369, 0, 0, 0.008726535364985466, 0.999961912631988525, 300, 300), -- Manticron Cube
(@OGUID+3, 181713, 542, 3, 308.46575927734375, -140.397659301757812, -137.301589965820312, 2.443460941314697265, 0, 0, 0.939692616462707519, 0.342020153999328613, 300, 300), -- Manticron Cube
(@OGUID+4, 181713, 542, 3, 308.11181640625, -33.2080192565917968, -137.451400756835937, -1.2042773962020874, 0, 0, 0.566406309604644775, -0.82412612438201904, 300, 300), -- Manticron Cube
(@OGUID+5, 181713, 542, 3, 368.346893310546875, -118.024238586425781, -137.451400756835937, 1.221730470657348632, 0, 0, 0.57357645034790039, 0.819152057170867919, 300, 300), -- Manticron Cube
(@OGUID+6, 181766, 542, 3, -2.96045088768005371, -115.524673461914062, -29.800394058227539, 3.089429140090942382, -0.00113799783866852, -0.04360498487949371, 0.99870842695236206, 0.02605394460260868, 300, 300), -- Doodad_Hellfire_DW_PrisonEntry01
(@OGUID+7, 181811, 542, 3, 327.220794677734375, 34.7390594482421875, 25.26334190368652343, 3.141592741012573242, 0, 0, 1, -0.00000004371138828, 300, 300), -- Doodad_Hellfire_DW_PrisonEntry02
(@OGUID+8, 181812, 542, 3, 327.220794677734375, 149.8403167724609375, 23.83175086975097656, 3.141592741012573242, 0, 0, 1, -0.00000004371138828, 300, 300), -- Doodad_Hellfire_DW_PrisonEntry03
(@OGUID+9, 181813, 542, 3, 365.544891357421875, 69.31793975830078125, 11.17083454132080078, 3.141592741012573242, 0, 0, 1, -0.00000004371138828, 300, 300), -- Prison Cell Door
(@OGUID+10, 181814, 542, 3, 366.846771240234375, 100.4348831176757812, 11.17083454132080078, 3.141592741012573242, 0, 0, 1, -0.00000004371138828, 300, 300), -- Prison Cell Door
(@OGUID+11, 181815, 542, 3, 287.979461669921875, 99.5640869140625, 11.17083454132080078, -0.02232129871845245, 0.003783001098781824, -0.00066700007300823, -0.0111579680815339, 0.999930322170257568, 300, 300), -- Prison Cell Door
(@OGUID+12, 181816, 542, 3, 288.81475830078125, 68.83176422119140625, 11.57487964630126953, -0.02232129871845245, 0.003783001098781824, -0.00066700001480057, -0.0111579680815339, 0.999930381774902343, 300, 300), -- Prison Cell Door
(@OGUID+13, 181817, 542, 3, 495.5322265625, 84.4274444580078125, 11.1708230972290039, 3.119271278381347656, 0.000666999607346951, 0.0037829983048141, 0.999930381774902343, 0.01115795224905014, 300, 300), -- Prison Cell Door
(@OGUID+14, 181818, 542, 3, 416.664947509765625, 83.55666351318359375, 11.17081832885742187, 0, 0, 0, 0.000000043711388286, 1, 300, 300), -- Prison Cell Door
(@OGUID+15, 181819, 542, 3, 456.290924072265625, 34.15125656127929687, 23.83173751831054687, 0, 0, 0, 0.000000043711388286, 1, 300, 300), -- Doodad_Hellfire_DW_PrisonEntry04
(@OGUID+16, 181820, 542, 3, 494.696929931640625, 115.1597671508789062, 11.57486915588378906, 3.119271278381347656, 0.000666999607346951, 0.003782998537644743, 0.999930381774902343, 0.01115795224905014, 300, 300), -- Prison Cell Door
(@OGUID+17, 181821, 542, 3, 417.966796875, 114.673614501953125, 11.17081832885742187, 0, 0, 0, 0.000000043711388286, 1, 300, 300), -- Prison Cell Door
(@OGUID+18, 181822, 542, 3, 455.7529296875, 149.7261962890625, 24.37493705749511718, 0, 0, 0, 0.000000043711388286, 1, 300, 300), -- Doodad_Hellfire_DW_PrisonEntry05
(@OGUID+19, 181823, 542, 3, 260.407958984375, -125.812423706054687, -10.3249006271362304, 3.141592741012573242, 0, 0, 1, -0.00000004371138828, 300, 300), -- Doodad_Hellfire_DW_SummonDoor01
(@OGUID+20, 181921, 542, 3, 371.72210693359375, -47.6372413635253906, -25.850839614868164, -2.53072690963745117, 0, 0, 0.953716874122619628, -0.30070608854293823, 180, 180), -- Doodad_Hellfire_DW_LargeFloor_Crack02onoff
(@OGUID+21, 181922, 542, 3, 260.167449951171875, -46.264923095703125, -25.850839614868164, 2.705259561538696289, 0, 0, 0.976295948028564453, 0.21643996238708496, 180, 180), -- Doodad_Hellfire_DW_LargeFloor_Crack03
(@OGUID+22, 181923, 542, 3, 386.238677978515625, -138.305191040039062, -25.7111434936523437, -0.87266379594802856, 0, 0, -0.42261788249015808, 0.906307935714721679, 180, 180), -- Doodad_Hellfire_DW_LargeFloor_Crack04onoff
(@OGUID+23, 181924, 542, 3, 292.1729736328125, -143.16314697265625, -25.4867610931396484, -1.65806341171264648, 0, 0, -0.73727756738662719, 0.675589978694915771, 180, 180), -- Doodad_Hellfire_DW_SmallFloor_Crack03onoff
(@OGUID+24, 181925, 542, 3, 266.452362060546875, -104.919303894042968, -25.3138351440429687, -2.53072690963745117, 0, 0, 0.953716874122619628, -0.30070608854293823, 180, 180), -- Doodad_Hellfire_DW_SmallFloor_Crack04onoff
(@OGUID+25, 181926, 542, 3, 324.071136474609375, -23.2872161865234375, -25.5655403137207031, -2.53072690963745117, 0, 0, 0.953716874122619628, -0.30070608854293823, 180, 180), -- Doodad_Hellfire_DW_SmallFloor_Crack05onoff
(@OGUID+26, 181927, 542, 3, 386.688507080078125, -101.664772033691406, -25.2719364166259765, 2.530726909637451171, 0, 0, 0.953716874122619628, 0.300705999135971069, 180, 180), -- Doodad_Hellfire_DW_SmallFloor_Crack06onoff
(@OGUID+27, 181982, 542, 3, 456.08551025390625, 60.34891510009765625, 9.478329658508300781, 3.141592741012573242, 0, 0, 1, -0.00000004371138828, 300, 300), -- Cell Door Lever
(@OGUID+28, 184175, 542, 1, -0.62615221738815307, 25.29278373718261718, -45.1701087951660156, -1.96270215511322021, 0, 0, -0.83124917745590209, 0.555899977684020996, 300, 300), -- Doodad_InstancePortal_PurpleDifficulty01
(@OGUID+29, 184176, 542, 2, -0.6295672059059143, 25.32032203674316406, -45.1592330932617187, -1.95961129665374755, 0, 0, -0.83038908243179321, 0.55718398094177246, 300, 300), -- Doodad_InstancePortal_PurpleDifficultyIcon01
(@OGUID+30, 0, 542, 1, 494.21148681640625, 10.87522792816162109, 9.544005393981933593, 3.141592741012573242, 0, 0, 1, -0.00000004371138828, 86400, 86400), -- Bound Fel Iron Chest, Solid Fel Iron Chest
(@OGUID+31, 0, 542, 2, 494.21148681640625, 10.87522792816162109, 9.544005393981933593, 3.141592741012573242, 0, 0, 1, -0.00000004371138828, 86400, 86400), -- Bound Adamantite Chest, Solid Adamantite Chest
(@OGUID+32, 0, 542, 1, 328.702056884765625, -197.719131469726562, -25.508880615234375, 2.98449873924255371, 0, 0, 0.996916770935058593, 0.078466430306434631, 86400, 86400), -- Bound Fel Iron Chest, Solid Fel Iron Chest
(@OGUID+33, 0, 542, 2, 328.702056884765625, -197.719131469726562, -25.508880615234375, 2.98449873924255371, 0, 0, 0.996916770935058593, 0.078466430306434631, 86400, 86400); -- Bound Adamantite Chest, Solid Adamantite Chest

INSERT INTO `gameobject_addon` (`guid`, `animprogress`, `state`) VALUES
(@OGUID+20, 100, 0), -- Doodad_Hellfire_DW_LargeFloor_Crack02onoff
(@OGUID+21, 100, 0), -- Doodad_Hellfire_DW_LargeFloor_Crack03
(@OGUID+22, 100, 0), -- Doodad_Hellfire_DW_LargeFloor_Crack04onoff
(@OGUID+23, 100, 0), -- Doodad_Hellfire_DW_SmallFloor_Crack03onoff
(@OGUID+24, 100, 0), -- Doodad_Hellfire_DW_SmallFloor_Crack04onoff
(@OGUID+25, 100, 0), -- Doodad_Hellfire_DW_SmallFloor_Crack05onoff
(@OGUID+26, 100, 0); -- Doodad_Hellfire_DW_SmallFloor_Crack06onoff

INSERT INTO `gameobject_spawn_entry` (`guid`, `entry`) VALUES
(@OGUID+30, 184932), (@OGUID+30, 184933), -- Bound Fel Iron Chest, Solid Fel Iron Chest
(@OGUID+31, 184936), (@OGUID+31, 184937), -- Bound Adamantite Chest, Solid Adamantite Chest
(@OGUID+32, 184932), (@OGUID+32, 184933), -- Bound Fel Iron Chest, Solid Fel Iron Chest
(@OGUID+33, 184936), (@OGUID+33, 184937); -- Bound Adamantite Chest, Solid Adamantite Chest

-- ======
-- EVENTS
-- ======

-- INSERT INTO `game_event_creature` (`guid`, `event`) VALUES
-- INSERT INTO `game_event_creature_data` (`guid`, `entry_id`, `modelid`, `equipment_id`, `spell_start`, `spell_end`, `event`) VALUES
-- INSERT INTO `game_event_gameobject` (`guid`, `event`) VALUES

-- ============
-- SPAWN GROUPS
-- ============

INSERT INTO `spawn_group` (`Id`, `Name`, `Type`, `MaxCount`, `WorldState`, `WorldStateExpression`, `Flags`, `StringID`) VALUES
(@SGGUID+1, 'Blood Furnace - Group 001 - Laughing Skull Enforcer (2)', 0, 0, 0, 0, 1, 0),
(@SGGUID+2, 'Blood Furnace - Group 002 - Shadowmoon Adept (2) | Hellfire Imp (1)', 0, 0, 0, 0, 1, 0), -- Those groups need some more research
(@SGGUID+3, 'Blood Furnace - Group 003 - Shadowmoon Adept (2) | Hellfire Imp (1)', 0, 0, 0, 0, 1, 0), -- the imp can respawn when a group wipes
(@SGGUID+4, 'Blood Furnace - Group 004 - Shadowmoon Adept (2) | Hellfire Imp (1)', 0, 0, 0, 0, 1, 0), -- the adepts dont respawn 
(@SGGUID+5, 'Blood Furnace - Group 005 - Laughing Skull Enforcer (2)', 0, 0, 0, 0, 1, 0),
(@SGGUID+6, 'Blood Furnace - Group 006 - Laughing Skull Enforcer (2)', 0, 0, 0, 0, 1, 0),
(@SGGUID+7, 'Blood Furnace - Solo Patrol - Shadowmoon Warlock | Shadowmoon Summoner', 0, 0, 0, 0, 0, 0),
(@SGGUID+8, 'Blood Furnace - Group 007 - Shadowmoon Adept (2) | Hellfire Imp (1)', 0, 0, 0, 0, 1, 0),
(@SGGUID+9, 'Blood Furnace - Group 008 - Shadowmoon Adept (2) | Hellfire Imp (1)', 0, 0, 0, 0, 1, 0),
(@SGGUID+10, 'Blood Furnace - Group 009 - Shadowmoon Adept (2) | Hellfire Imp (1)', 0, 0, 0, 0, 1, 0),
(@SGGUID+11, 'Blood Furnace - Group 010 - Laughing Skull Legionnaire | Laughing Skull Enforcer', 0, 0, 0, 0, 1, 0), -- not sure they should be grouped 
(@SGGUID+12, 'Blood Furnace - Group 011 - Laughing Skull Legionnaire | Laughing Skull Enforcer', 0, 0, 0, 0, 1, 0), -- or just pull each other with CallForHelp
(@SGGUID+13, 'Blood Furnace - Group 012 - Shadowmoon Adept (2) | Shadowmoon Summoner (1)', 0, 0, 0, 0, 1, 0),
(@SGGUID+14, 'Blood Furnace - Group 013 - Shadowmoon Adept (1) | Shadowmoon Summoner (2)', 0, 0, 0, 0, 1, 0),
(@SGGUID+15, 'Blood Furnace - Group 014 - Laughing Skull Enforcer (2)', 0, 0, 0, 0, 1, 0),
(@SGGUID+16, 'Blood Furnace - Group 015 - Shadowmoon Technician | spawn_group_entry', 0, 0, 0, 0, 1, 0),
(@SGGUID+17, 'Blood Furnace - Group 016 - Shadowmoon Technician | spawn_group_entry', 0, 0, 0, 0, 1, 0),
(@SGGUID+18, 'Blood Furnace - Group 017 - Shadowmoon Technician | spawn_group_entry', 0, 0, 0, 0, 1, 0),
(@SGGUID+19, 'Blood Furnace - Group 018 - spawn_group_entry | Laughing Skull Legionnaire - Patrol 001', 0, 0, 0, 0, 1, 0),
(@SGGUID+20, 'Blood Furnace - Group 019 - Laughing Skull Legionnaire | Laughing Skull Warden - Patrol 002', 0, 0, 0, 0, 1, 0),
(@SGGUID+21, 'Blood Furnace - Group 020 - Nascent Fel Orc | Shadowmoon Technician (2)', 0, 0, 0, 0, 1, 0),
(@SGGUID+22, 'Blood Furnace - Group 021 - Laughing Skull Enforcer (2) - Patrol 003', 0, 0, 0, 0, 1, 0),
(@SGGUID+23, 'Blood Furnace - Group 022 - Nascent Fel Orc | Shadowmoon Technician (2)', 0, 0, 0, 0, 1, 0),
(@SGGUID+24, 'Blood Furnace - Group 023 - Nascent Fel Orc | Shadowmoon Warlock | spawn_group_entry', 0, 0, 0, 0, 1, 0),
(@SGGUID+25, 'Blood Furnace - Group 024 - Nascent Fel Orc | Shadowmoon Warlock | spawn_group_entry ', 0, 0, 0, 0, 1, 0),
(@SGGUID+26, 'Blood Furnace - Group 025 - Laughing Skull Enforcer (2) - Patrol 004', 0, 0, 0, 0, 1, 0),
(@SGGUID+27, 'Blood Furnace - Group 026 - Nascent Fel Orc | Shadowmoon Technician (2)', 0, 0, 0, 0, 1, 0),
(@SGGUID+28, 'Blood Furnace - Group 027 - Shadowmoon Technician (3)', 0, 0, 0, 0, 1, 0),
(@SGGUID+29, 'Blood Furnace - Group 028 - spawn_group_entry', 0, 0, 0, 0, 1, 0),
(@SGGUID+30, 'Blood Furnace - Group 029 - Nascent Fel Orc | Shadowmoon Warlock | spawn_group_entry', 0, 0, 0, 0, 1, 0),
(@SGGUID+31, 'Blood Furnace - Group 030 - Fel Orc Neophyte | Shadowmoon Warlock | spawn_group_entry', 0, 0, 0, 0, 1, 0),
(@SGGUID+32, 'Blood Furnace - Group 031 - Laughing Skull Warden | Laughing Skull Legionnaire (2) - Patrol 005', 0, 0, 0, 0, 1, 0),
(@SGGUID+33, 'Blood Furnace - Group 032 - Shadowmoon Warlock (2) | Hellfire Familiar (3)', 0, 0, 0, 0, 1, 0),
(@SGGUID+34, 'Blood Furnace - Group 033 - Felguard Brute | Shadowmoon Warlock - Patrol 006', 0, 0, 0, 0, 1, 0),
(@SGGUID+35, 'Blood Furnace - Group 034 - Felguard Brute | Shadowmoon Warlock - Patrol 007', 0, 0, 0, 0, 1, 0),
(@SGGUID+36, 'Blood Furnace - Group 034 - Felguard Brute (2)', 0, 0, 0, 0, 1, 0),
(@SGGUID+37, 'Blood Furnace - Group 035 - Shadowmoon Warlock | Hellfire Familiar (6)', 0, 0, 0, 0, 1, 0),
(@SGGUID+38, 'Blood Furnace - Group 036 - Felguard Annihilator (2)', 0, 0, 0, 0, 1, 0),
(@SGGUID+39, 'Blood Furnace - Group 037 - Shadowmoon Warlock | Felguard Annihilator (2)', 0, 0, 0, 0, 1, 0),
(@SGGUID+40, 'Blood Furnace - Group 038 - Shadowmoon Warlock | Felguard Annihilator (2)', 0, 0, 0, 0, 1, 0),
(@SGGUID+41, 'Blood Furnace - Laughing Skull Rogue - random spawns', 0, 4, 0, 0, 0, 0);

INSERT INTO `spawn_group_entry` (`Id`, `Entry`, `MinCount`, `MaxCount`, `Chance`) VALUES
(@SGGUID+7, 17371, 0, 0, 0), (@SGGUID+7, 17395, 0, 0, 0), -- Shadowmoon Warlock, Shadowmoon Summoner
(@SGGUID+16, 17371, 0, 0, 0), (@SGGUID+16, 17395, 0, 0, 0), (@SGGUID+16, 17414, 0, 0, 0), -- Shadowmoon Warlock, Shadowmoon Summoner, Shadowmoon Technician
(@SGGUID+17, 17371, 0, 0, 0), (@SGGUID+17, 17395, 0, 0, 0), (@SGGUID+17, 17414, 0, 0, 0), -- Shadowmoon Warlock, Shadowmoon Summoner, Shadowmoon Technician
(@SGGUID+18, 17371, 0, 0, 0), (@SGGUID+18, 17395, 0, 0, 0), (@SGGUID+18, 17414, 0, 0, 0),  -- Shadowmoon Warlock, Shadowmoon Summoner, Shadowmoon Technician
(@SGGUID+19, 17371, 0, 0, 0), (@SGGUID+19, 17414, 0, 0, 0),  -- Shadowmoon Warlock, Shadowmoon Technician
(@SGGUID+24, 17371, 0, 0, 0), (@SGGUID+24, 17395, 0, 0, 0),  -- Shadowmoon Warlock, Shadowmoon Summoner
(@SGGUID+25, 17371, 0, 0, 0), (@SGGUID+25, 17395, 0, 0, 0),  -- Shadowmoon Warlock, Shadowmoon Summoner
(@SGGUID+29, 17371, 0, 1, 0), (@SGGUID+29, 17395, 0, 1, 0), (@SGGUID+29, 17414, 0, 1, 0),  -- Shadowmoon Warlock, Shadowmoon Summoner, Shadowmoon Technician
(@SGGUID+30, 17395, 0, 1, 0), (@SGGUID+30, 17414, 0, 1, 0), -- Shadowmoon Summoner, Shadowmoon Technician
(@SGGUID+31, 17395, 0, 1, 0), (@SGGUID+31, 17414, 0, 1, 0); -- Shadowmoon Summoner, Shadowmoon Technician

INSERT INTO `spawn_group_spawn` (`Id`, `Guid`, `SlotId`, `Chance`) VALUES
(@SGGUID+1, @CGUID+9, 0, 0), -- Laughing Skull Enforcer - left
(@SGGUID+1, @CGUID+12, 1, 0), -- Laughing Skull Enforcer - right

(@SGGUID+2, @CGUID+167, 0, 0), -- Hellfire Imp
(@SGGUID+2, @CGUID+48, 1, 0), -- Shadowmoon Adept
(@SGGUID+2, @CGUID+52, 2, 0), -- Shadowmoon Adept
(@SGGUID+3, @CGUID+168, 0, 0), -- Hellfire Imp
(@SGGUID+3, @CGUID+47, 1, 0), -- Shadowmoon Adept
(@SGGUID+3, @CGUID+50, 2, 0), -- Shadowmoon Adept
(@SGGUID+4, @CGUID+166, 0, 0), -- Hellfire Imp
(@SGGUID+4, @CGUID+53, 1, 0), -- Shadowmoon Adept
(@SGGUID+4, @CGUID+51, 2, 0), -- Shadowmoon Adept

(@SGGUID+5, @CGUID+7, 0, 0), -- Laughing Skull Enforcer - left
(@SGGUID+5, @CGUID+10, 1, 0), -- Laughing Skull Enforcer - right
(@SGGUID+6, @CGUID+6, 0, 0), -- Laughing Skull Enforcer - left
(@SGGUID+6, @CGUID+11, 1, 0), -- Laughing Skull Enforcer - right

(@SGGUID+7, @CGUID+21, 0, 0), -- spawn_group_entry

(@SGGUID+8, @CGUID+170, 0, 0), -- Hellfire Imp
(@SGGUID+8, @CGUID+49, 1, 0), -- Shadowmoon Adept
(@SGGUID+8, @CGUID+54, 2, 0), -- Shadowmoon Adept
(@SGGUID+9, @CGUID+171, 0, 0), -- Hellfire Imp
(@SGGUID+9, @CGUID+58, 1, 0), -- Shadowmoon Adept
(@SGGUID+9, @CGUID+57, 2, 0), -- Shadowmoon Adept
(@SGGUID+10, @CGUID+169, 0, 0), -- Hellfire Imp
(@SGGUID+10, @CGUID+55, 1, 0), -- Shadowmoon Adept
(@SGGUID+10, @CGUID+56, 2, 0), -- Shadowmoon Adept

(@SGGUID+11, @CGUID+8, 0, 0), -- Laughing Skull Legionnaire - left
(@SGGUID+11, @CGUID+187, 1, 0), -- Laughing Skull Enforcer - right
(@SGGUID+12, @CGUID+13, 0, 0), -- Laughing Skull Legionnaire - left
(@SGGUID+12, @CGUID+188, 1, 0), -- Laughing Skull Enforcer - right

(@SGGUID+13, @CGUID+40, 0, 0), -- Shadowmoon Summoner
(@SGGUID+13, @CGUID+59, 1, 0), -- Shadowmoon Adept
(@SGGUID+13, @CGUID+60, 2, 0), -- Shadowmoon Adept

(@SGGUID+14, @CGUID+41, 0, 0), -- Shadowmoon Summoner
(@SGGUID+14, @CGUID+42, 1, 0), -- Shadowmoon Summoner
(@SGGUID+14, @CGUID+61, 2, 0), -- Shadowmoon Adept

(@SGGUID+15, @CGUID+14, 0, 0), -- Laughing Skull Enforcer - left
(@SGGUID+15, @CGUID+15, 1, 0), -- Laughing Skull Enforcer - right


(@SGGUID+16, @CGUID+96, 0, 0), -- Shadowmoon Technician
(@SGGUID+16, @CGUID+46, 1, 0), -- spawn_group_entry

(@SGGUID+17, @CGUID+84, 0, 0), -- Shadowmoon Technician
(@SGGUID+17, @CGUID+82, 1, 0), -- spawn_group_entry

(@SGGUID+18, @CGUID+83, 0, 0), -- Shadowmoon Technician
(@SGGUID+18, @CGUID+39, 1, 0), -- spawn_group_entry

(@SGGUID+19, @CGUID+20, 0, 0), -- spawn_group_entry
(@SGGUID+19, @CGUID+191, 1, 0), -- Laughing Skull Legionnaire

(@SGGUID+20, @CGUID+185, 0, 0), -- Laughing Skull Warden
(@SGGUID+20, @CGUID+192, 1, 0), -- Laughing Skull Legionnaire

(@SGGUID+21, @CGUID+65, 0, 0), -- Nascent Fel Orc
(@SGGUID+21, @CGUID+85, 1, 0), -- Shadowmoon Technician
(@SGGUID+21, @CGUID+88, 2, 0), -- Shadowmoon Technician

(@SGGUID+22, @CGUID+16, 0, 0), -- Laughing Skull Enforcer
(@SGGUID+22, @CGUID+17, 1, 0), -- Laughing Skull Enforcer

(@SGGUID+23, @CGUID+67, 0, 0), -- Nascent Fel Orc
(@SGGUID+23, @CGUID+90, 1, 0), -- Shadowmoon Technician
(@SGGUID+23, @CGUID+92, 2, 0), -- Shadowmoon Technician

(@SGGUID+24, @CGUID+68, 0, 0), -- Nascent Fel Orc
(@SGGUID+24, @CGUID+32, 1, 0), -- Shadowmoon Warlock
(@SGGUID+24, @CGUID+45, 2, 0), -- spawn_group_entry

(@SGGUID+25, @CGUID+75, 0, 0), -- Nascent Fel Orc
(@SGGUID+25, @CGUID+33, 1, 0), -- Shadowmoon Warlock
(@SGGUID+25, @CGUID+34, 2, 0), -- spawn_group_entry

(@SGGUID+26, @CGUID+18, 0, 0), -- Laughing Skull Enforcer
(@SGGUID+26, @CGUID+19, 1, 0), -- Laughing Skull Enforcer

(@SGGUID+27, @CGUID+73, 0, 0), -- Nascent Fel Orc
(@SGGUID+27, @CGUID+94, 1, 0), -- Shadowmoon Technician
(@SGGUID+27, @CGUID+95, 2, 0), -- Shadowmoon Technician#

(@SGGUID+28, @CGUID+89, 0, 0), -- Shadowmoon Technician
(@SGGUID+28, @CGUID+91, 1, 0), -- Shadowmoon Technician
(@SGGUID+28, @CGUID+93, 2, 0), -- Shadowmoon Technician

(@SGGUID+29, @CGUID+35, 0, 0), -- spawn_group_entry
(@SGGUID+29, @CGUID+44, 1, 0), -- spawn_group_entry
(@SGGUID+29, @CGUID+86, 2, 0), -- spawn_group_entry

(@SGGUID+30, @CGUID+66, 0, 0), -- Nascent Fel Orc
(@SGGUID+30, @CGUID+87, 1, 0), -- spawn_group_entry
(@SGGUID+30, @CGUID+31, 2, 0), -- Shadowmoon Warlock

(@SGGUID+31, @CGUID+144, 0, 0), -- Fel Orc Neophyte
(@SGGUID+31, @CGUID+43, 1, 0), -- spawn_group_entry
(@SGGUID+31, @CGUID+26, 2, 0), -- Shadowmoon Warlock

(@SGGUID+32, @CGUID+186, 0, 0), -- Laughing Skull Warden
(@SGGUID+32, @CGUID+189, 1, 0), -- Laughing Skull Legionnaire
(@SGGUID+32, @CGUID+190, 2, 0), -- Laughing Skull Legionnaire

(@SGGUID+33, @CGUID+30, 0, 0), -- Shadowmoon Warlock
(@SGGUID+33, @CGUID+28, 1, 0), -- Shadowmoon Warlock 
(@SGGUID+33, @CGUID+209, 2, 0), -- Hellfire Familiar
(@SGGUID+33, @CGUID+210, 3, 0), -- Hellfire Familiar
(@SGGUID+33, @CGUID+211, 4, 0), -- Hellfire Familiar

(@SGGUID+34, @CGUID+201, 0, 0), -- Felguard Brute
(@SGGUID+34, @CGUID+27, 1, 0), -- Shadowmoon Warlock 

(@SGGUID+35, @CGUID+200, 0, 0), -- Felguard Brute
(@SGGUID+35, @CGUID+29, 1, 0), -- Shadowmoon Warlock 

(@SGGUID+36, @CGUID+198, 0, 0), -- Felguard Brute
(@SGGUID+36, @CGUID+199, 1, 0), -- Felguard Brute

(@SGGUID+37, @CGUID+23, 0, 0), -- Shadowmoon Warlock 
(@SGGUID+37, @CGUID+203, 1, 0), -- Hellfire Familiar
(@SGGUID+37, @CGUID+204, 2, 0), -- Hellfire Familiar
(@SGGUID+37, @CGUID+205, 3, 0), -- Hellfire Familiar
(@SGGUID+37, @CGUID+206, 4, 0), -- Hellfire Familiar
(@SGGUID+37, @CGUID+207, 5, 0), -- Hellfire Familiar
(@SGGUID+37, @CGUID+208, 6, 0), -- Hellfire Familiar

(@SGGUID+38, @CGUID+79, 0, 0), -- Felguard Annhilator
(@SGGUID+38, @CGUID+81, 1, 0), -- Felguard Annhilator

(@SGGUID+39, @CGUID+25, 0, 0), -- Shadowmoon Warlock 
(@SGGUID+39, @CGUID+77, 1, 0), -- Felguard Annhilator
(@SGGUID+39, @CGUID+80, 2, 0), -- Felguard Annhilator

(@SGGUID+40, @CGUID+24, 0, 0), -- Shadowmoon Warlock 
(@SGGUID+40, @CGUID+76, 1, 0), -- Felguard Annhilator
(@SGGUID+40, @CGUID+78, 2, 0), -- Felguard Annhilator

-- Rogue spawn_group 7 different spawns, 3-4 active
(@SGGUID+41, @CGUID+174, 0, 0), -- Pathing on Front Stairs
(@SGGUID+41, @CGUID+175, 0, 0), -- Room Before The Maker
(@SGGUID+41, @CGUID+176, 0, 0), -- Hallway Start After The Maker
(@SGGUID+41, @CGUID+177, 0, 0), -- Hallway End After The Maker
(@SGGUID+41, @CGUID+178, 0, 0), -- Room After Broggok static
(@SGGUID+41, @CGUID+179, 0, 0), -- Room After Broggok patrol
(@SGGUID+41, @CGUID+180, 0, 0); -- Top of Final Ramp

INSERT INTO `spawn_group_formation` (`Id`, `FormationType`, `FormationSpread`, `FormationOptions`, `PathId`, `MovementType`, `Comment`) VALUES
(@SGGUID+19, 2, 3, 0, @SGGUID+19, 2, 'Blood Furnace - Group 018 - Shadowmoon Technician | Laughing Skull Legionnaire - Patrol 001'),
(@SGGUID+20, 2, 3, 0, @SGGUID+20, 2, 'Blood Furnace - Group 019 - Laughing Skull Warden | Laughing Skull Legionnaire - Patrol 002'),
(@SGGUID+22, 2, 3, 0, @SGGUID+22, 2, 'Blood Furnace - Group 021 - Laughing Skull Enforcer (2) - Patrol 003'),
(@SGGUID+26, 2, 3, 0, @SGGUID+26, 2, 'Blood Furnace - Group 025 - Laughing Skull Enforcer (2) - Patrol 004'),
(@SGGUID+32, 4, 3, 0, @SGGUID+32, 2, 'Blood Furnace - Group 031 - Laughing Skull Warden | Laughing Skull Legionnaire (2) - Patrol 005'),
(@SGGUID+34, 2, 3, 0, @SGGUID+34, 2, 'Blood Furnace - Group 033 - Felguard Brute | Shadowmoon Warlock - Patrol 006'),
(@SGGUID+35, 2, 3, 0, @SGGUID+35, 2, 'Blood Furnace - Group 034 - Felguard Brute | Shadowmoon Warlock - Patrol 007');

INSERT INTO `waypoint_path_name` (`PathId`, `Name`) VALUES
(@SGGUID+19, 'Blood Furnace - Group 018 - Shadowmoon Technician | Laughing Skull Legionnaire - Patrol 001'),
(@SGGUID+20, 'Blood Furnace - Group 020 - Laughing Skull Warden | Laughing Skull Legionnaire - Patrol 002'),
(@SGGUID+22, 'Blood Furnace - Group 021 - Laughing Skull Enforcer (2) - Patrol 003'),
(@SGGUID+26, 'Blood Furnace - Group 025 - Laughing Skull Enforcer (2) - Patrol 004'),
(@SGGUID+32, 'Blood Furnace - Group 031 - Laughing Skull Warden | Laughing Skull Legionnaire (2) - Patrol 005'),
(@SGGUID+34, 'Blood Furnace - Group 033 - Felguard Brute | Shadowmoon Warlock - Patrol 006'),
(@SGGUID+35, 'Blood Furnace - Group 034 - Felguard Brute | Shadowmoon Warlock - Patrol 007');

INSERT INTO `waypoint_path` (`PathId`, `Point`, `PositionX`, `PositionY`, `PositionZ`, `Orientation`, `WaitTime`, `ScriptId`) VALUES
(@SGGUID+19, 1, 351.59265, 69.76043, 9.613965, 100, 0, 0),
(@SGGUID+19, 2, 347.03653, 69.51774, 9.613556, 100, 0, 0),
(@SGGUID+19, 3, 345.28766, 74.353645, 9.615118, 100, 0, 0),
(@SGGUID+19, 4, 345.59512, 89.15757, 9.620877, 100, 0, 0),
(@SGGUID+19, 5, 349.7877, 99.01432, 9.622791, 100, 0, 0),
(@SGGUID+19, 6, 348.5173, 107.24509, 9.625139, 100, 0, 0),
(@SGGUID+19, 7, 348.95056, 114.05534, 9.6172285, 100, 0, 0),
(@SGGUID+19, 8, 350.47842, 107.5646, 9.62483, 100, 0, 0),
(@SGGUID+19, 9, 352.4407, 99.110695, 9.625475, 100, 0, 0),
(@SGGUID+19, 10, 348.92786, 88.9461, 9.622122, 100, 0, 0),
(@SGGUID+19, 11, 348.09927, 79.51775, 9.621486, 100, 0, 0),
(@SGGUID+20, 1, 312.51575, 90.542046, 9.619247, 100, 0, 0),
(@SGGUID+20, 2, 304.98306, 102.86483, 9.619706, 100, 0, 0),
(@SGGUID+20, 3, 317.15982, 111.6063, 9.618422, 100, 0, 0),
(@SGGUID+20, 4, 329.44696, 103.80839, 9.615524, 100, 0, 0),
(@SGGUID+20, 5, 330.4885, 83.70359, 9.615308, 100, 0, 0),
(@SGGUID+20, 6, 318.6984, 76.72645, 9.617712, 100, 0, 0),
(@SGGUID+20, 7, 310.36923, 65.03784, 9.618994, 100, 0, 0),
(@SGGUID+20, 8, 305.49063, 62.037125, 9.615655, 100, 0, 0),
(@SGGUID+20, 9, 305.57996, 68.605995, 9.618317, 100, 0, 0),
(@SGGUID+20, 10, 310.4854, 76.86802, 9.623767, 100, 0, 0),
(@SGGUID+22, 1, 364.6575, 187.59103, 9.593795, 100, 0, 0),
(@SGGUID+22, 2, 355.81107, 188.74825, 9.611445, 100, 0, 0),
(@SGGUID+22, 3, 343.706, 186.20348, 9.603957, 100, 0, 0),
(@SGGUID+22, 4, 322.65393, 181.08018, 9.625981, 100, 0, 0),
(@SGGUID+22, 5, 309.36154, 176.67279, 9.626834, 100, 0, 0),
(@SGGUID+22, 6, 324.55176, 178.18733, 9.621043, 100, 0, 0),
(@SGGUID+22, 7, 336.69104, 181.29048, 9.605886, 100, 0, 0),
(@SGGUID+22, 8, 355.97595, 184.10721, 9.612866, 100, 0, 0),
(@SGGUID+26, 1, 470.06467, 178.68526, 9.624211, 100, 0, 0),
(@SGGUID+26, 2, 456.35074, 183.76631, 9.624776, 100, 0, 0),
(@SGGUID+26, 3, 437.40936, 188.72676, 9.612754, 100, 0, 0),
(@SGGUID+26, 4, 414.42773, 189.93799, 9.59339, 100, 0, 0),
(@SGGUID+26, 5, 423.64374, 185.80287, 9.594542, 100, 0, 0),
(@SGGUID+26, 6, 436.50864, 182.92798, 9.605893, 100, 0, 0),
(@SGGUID+26, 7, 452.7311, 179.21104, 9.619894, 100, 0, 0),
(@SGGUID+26, 8, 467.72385, 174.4185, 9.61599, 100, 0, 0),
(@SGGUID+26, 9, 478.2882, 173.65736, 9.621479, 100, 0, 0), 
(@SGGUID+32, 1, 444.21097, 113.16295, 9.6138, 100, 0, 0),
(@SGGUID+32, 2, 439.22122, 109.7692, 9.614745, 100, 0, 0),
(@SGGUID+32, 3, 438.705, 101.90328, 9.61795, 100, 0, 0),
(@SGGUID+32, 4, 438.95593, 85.28889, 9.621243, 100, 0, 0),
(@SGGUID+32, 5, 435.34122, 78.87463, 9.616966, 100, 0, 0),
(@SGGUID+32, 6, 442.463, 71.65649, 9.6086645, 100, 0, 0),
(@SGGUID+32, 7, 451.94202, 71.28447, 9.6162815, 100, 0, 0),
(@SGGUID+32, 8, 461.8614, 72.601974, 9.616849, 100, 0, 0),
(@SGGUID+32, 9, 468.20193, 80.050804, 9.618986, 100, 0, 0),
(@SGGUID+32, 10, 465.83167, 102.65931, 9.617579, 100, 0, 0),
(@SGGUID+32, 11, 461.84326, 110.45399, 9.617397, 100, 0, 0),
(@SGGUID+32, 12, 456.01096, 113.43774, 9.610462, 100, 0, 0),

(@SGGUID+34, 1, 492.4174, -9.293329, 9.563409, 100, 5000, 1889401),
(@SGGUID+34, 2, 488.8029, -16.216816, 9.560678, 100, 0, 0),
(@SGGUID+34, 3, 488.5971, -27.189554, 9.550882, 100, 0, 0),
(@SGGUID+34, 4, 489.5562, -42.582874, 9.557194, 100, 0, 0),
(@SGGUID+34, 5, 487.2237, -46.331753, 9.560828, 100, 5000, 1889401),
(@SGGUID+34, 6, 475.7844, -49.514557, 9.563148, 100, 0, 0),
(@SGGUID+34, 7, 469.93903, -49.56061, 9.562215, 100, 0, 0),
(@SGGUID+34, 8, 465.9425, -46.190033, 9.562853, 100, 0, 0),
(@SGGUID+34, 9, 464.31836, -40.05853, 9.5648985, 100, 0, 0),
(@SGGUID+34, 10, 464.1594, -32.407433, 9.540473, 100, 0, 0),
(@SGGUID+34, 11, 467.5221, -27.171303, 9.551024, 100, 0, 0),
(@SGGUID+34, 12, 470.29358, -26.362574, 9.55173, 100, 5000, 1889401),
(@SGGUID+34, 13, 482.69983, -23.873701, 9.553878, 100, 0, 0),
(@SGGUID+34, 14, 487.17227, -18.626303, 9.558537, 100, 0, 0),
(@SGGUID+34, 15, 490.11685, -13.089669, 9.563461, 100, 0, 0),

(@SGGUID+35, 6, 491.30783, -83.39267, 9.559532, 100, 0, 0),
(@SGGUID+35, 7, 491.1338, -77.10125, 9.556976, 100, 0, 0),
(@SGGUID+35, 8, 489.0302, -70.4867, 9.547089, 100, 0, 0),
(@SGGUID+35, 9, 485.46555, -65.57949, 9.558637, 100, 0, 0),
(@SGGUID+35, 10, 479.0668, -63.946674, 9.558247, 100, 0, 0),
(@SGGUID+35, 11, 472.05426, -65.089485, 9.556719, 100, 5000, 1889401),
(@SGGUID+35, 12, 465.2839, -67.996925, 9.549834, 100, 0, 0),
(@SGGUID+35, 13, 464.07477, -71.89881, 9.552552, 100, 0, 0),
(@SGGUID+35, 14, 463.9062, -77.500374, 9.581109, 100, 0, 0),
(@SGGUID+35, 15, 463.53168, -83.95495, 9.581274, 100, 5000, 1889401),
(@SGGUID+35, 16, 464.99164, -77.96278, 9.578054, 100, 0, 0),
(@SGGUID+35, 17, 464.84445, -71.00115, 9.551927, 100, 0, 0),
(@SGGUID+35, 18, 469.24283, -65.89543, 9.548371, 100, 0, 0),
(@SGGUID+35, 19, 474.90884, -64.26512, 9.557476, 100, 0, 0),
(@SGGUID+35, 20, 483.48578, -65.092834, 9.55851, 100, 0, 0),
(@SGGUID+35, 21, 490.59982, -70.9917, 9.548428, 100, 0, 0),
(@SGGUID+35, 22, 490.69455, -77.077736, 9.556896, 100, 5000, 1889401);

-- =======
-- POOLING
-- =======

-- INSERT INTO `pool_pool` (`pool_id`, `mother_pool`, `chance`, `description`) VALUES

INSERT INTO `pool_template` (`entry`, `max_limit`, `description`) VALUES
(@PGUID+90, 1, 'Blood Furnace - Master Chest Pool');

-- INSERT INTO `pool_creature` (`guid`, `pool_entry`, `chance`, `description`) VALUES

-- INSERT INTO `pool_creature_template` (`id`, `pool_entry`, `chance`, `description`) VALUES

INSERT INTO `pool_gameobject` (`guid`, `pool_entry`, `chance`, `description`) VALUES
(@OGUID+30, @PGUID+90, 0, 'Blood Furnace - Bound Fel Iron Chest, Solid Fel Iron Chest (184932,184933)'),
(@OGUID+31, @PGUID+90, 0, 'Blood Furnace - Bound Adamantite Chest, Solid Adamantite Chest (184936,184937)'),
(@OGUID+32, @PGUID+90, 0, 'Blood Furnace - Bound Fel Iron Chest, Solid Fel Iron Chest (184932,184933)'),
(@OGUID+33, @PGUID+90, 0, 'Blood Furnace - Bound Adamantite Chest, Solid Adamantite Chest (184936,184937)');

-- INSERT INTO `pool_gameobject_template` (`id`, `pool_entry`, `chance`, `description`) VALUES

-- =========
-- DBSCRIPTS
-- =========
DELETE FROM `dbscripts_on_creature_movement` WHERE `id` IN (1889401);
INSERT INTO `dbscripts_on_creature_movement` (`id`, `delay`, `command`, `datalong`, `datalong2`, `datalong3`, `buddy_entry`, `search_radius`, `data_flags`, `dataint`, `dataint2`, `dataint3`, `dataint4`, `x`, `y`, `z`, `o`, `comments`) VALUES
(1889401, 2000, 15, 33111, 0, 0, 17371, 8, 3, 0, 0, 0, 0, 0, 0, 0, 0, 'Felguard Brute - Shadowmoon Warlock (17371) - Cast Fel Power on Felguard Brute (18894)');

DELETE FROM dbscripts_on_relay WHERE id BETWEEN @RELAYID+1 AND @RELAYID+3;
INSERT INTO `dbscripts_on_relay` (`id`, `delay`, `priority`, `command`, `datalong`, `datalong2`, `datalong3`, `buddy_entry`, `search_radius`, `data_flags`, `dataint`, `dataint2`, `dataint3`, `dataint4`, `x`, `y`, `z`, `o`, `comments`) VALUES
(@RELAYID+1,0,0,1,11,0,0,0,0,0,0,0,0,0,0,0,0,0,'spawn_group_entry - emote laugh'),
(@RELAYID+1,8000,0,1,1,0,0,0,0,0,0,0,0,0,0,0,0,0,'spawn_group_entry - emote talk'),
(@RELAYID+2,0,0,1,11,0,0,0,0,0,0,0,0,0,0,0,0,0,'spawn_group_entry - emote laugh'),
(@RELAYID+2,2000,0,1,1,0,0,0,0,0,0,0,0,0,0,0,0,0,'spawn_group_entry - emote talk'),
(@RELAYID+2,8000,0,1,1,0,0,0,0,0,0,0,0,0,0,0,0,0,'spawn_group_entry - emote talk'),
(@RELAYID+3,0,0,31,17400,6,0,0,0,0,0,0,0,0,0,0,0,0,'Shadowmoon Warlock - terminate script if Felguard Annihilator found and alive'),
(@RELAYID+3,0,0,15,33111,0,0,0,0,0,0,0,0,0,0,0,0,0,'Shadowmoon Warlock - Cast Fel Power on Felguard Annihilator');

-- INSERT INTO `dbscripts_on_creature_death` (`id`, `delay`, `command`, `datalong`, `datalong2`, `datalong3`, `buddy_entry`, `search_radius`, `data_flags`, `dataint`, `dataint2`, `dataint3`, `dataint4`, `x`, `y`, `z`, `o`, `comments`) VALUES
-- INSERT INTO `dbscripts_on_go_use` (`id`, `delay`, `command`, `datalong`, `datalong2`, `datalong3`, `buddy_entry`, `search_radius`, `data_flags`, `dataint`, `dataint2`, `dataint3`, `dataint4`, `x`, `y`, `z`, `o`, `comments`) VALUES
-- INSERT INTO `dbscripts_on_go_template_use` (`id`, `delay`, `command`, `datalong`, `datalong2`, `datalong3`, `buddy_entry`, `search_radius`, `data_flags`, `dataint`, `dataint2`, `dataint3`, `dataint4`, `x`, `y`, `z`, `o`, `comments`) VALUES
-- INSERT INTO `dbscripts_on_event` (`id`, `delay`, `command`, `datalong`, `datalong2`, `datalong3`, `buddy_entry`, `search_radius`, `data_flags`, `dataint`, `dataint2`, `dataint3`, `dataint4`, `x`, `y`, `z`, `o`, `comments`) VALUES
-- INSERT INTO `dbscripts_on_spell` (`id`, `delay`, `command`, `datalong`, `datalong2`, `datalong3`, `buddy_entry`, `search_radius`, `data_flags`, `dataint`, `dataint2`, `dataint3`, `dataint4`, `x`, `y`, `z`, `o`, `comments`) VALUES
-- INSERT INTO `dbscripts_on_gossip` (`id`, `delay`, `command`, `datalong`, `datalong2`, `datalong3`, `buddy_entry`, `search_radius`, `data_flags`, `dataint`, `dataint2`, `dataint3`, `dataint4`, `x`, `y`, `z`, `o`, `comments`) VALUES
-- INSERT INTO `dbscripts_on_quest_start` (`id`, `delay`, `command`, `datalong`, `datalong2`, `datalong3`, `buddy_entry`, `search_radius`, `data_flags`, `dataint`, `dataint2`, `dataint3`, `dataint4`, `x`, `y`, `z`, `o`, `comments`) VALUES
-- INSERT INTO `dbscripts_on_quest_end` (`id`, `delay`, `command`, `datalong`, `datalong2`, `datalong3`, `buddy_entry`, `search_radius`, `data_flags`, `dataint`, `dataint2`, `dataint3`, `dataint4`, `x`, `y`, `z`, `o`, `comments`) VALUES
-- INSERT INTO `dbscript_random_templates` (`id`, `type`, `target_id`, `chance`, `comments`) VALUES


