/* DBScriptData
DBName: Coilfang Reservoir - The Steamvault
DBScriptName: instance_steam_vault
DB%Complete: 90
DBComment:
* Dreghood Slave Post RP Event - Movement
EndDBScriptData */

SET @CGUID := 5450000; -- creatures
SET @OGUID := 5450000; -- gameobjects
SET @PGUID := 48400; -- pools
SET @SGGUID := 5450000; -- spawn_groups
SET @STRINGID := 5450000; -- used for StringID's
SET @RELAYID := 5450000; -- used for dbscript_relay

-- =========
-- CREATURES
-- =========

INSERT INTO `creature_movement` (`id`, `point`, `PositionX`, `PositionY`, `PositionZ`, `orientation`, `waittime`, `ScriptId`) VALUES
(@CGUID+93, 1, -11.075411,-181.28865,-23.693241,  100, 0, 0),
(@CGUID+93, 2, -14.542336,-189.54443,-22.95425,  100, 0, 0),
(@CGUID+93, 3, -26.578821,-191.54744,-20.489792,  100, 0, 0),
(@CGUID+94, 1, 10.129042,-253.12064,-22.365854, 0, 0, 0),
(@CGUID+94, 2, 4.971299,-246.3245,-22.852245, 0, 0, 0),
(@CGUID+98, 1, 21.14762,-258.76144,-22.28909, 100, 0, 0),
(@CGUID+98, 2, 19.741114,-264.3494,-22.031923, 100, 0, 0),
(@CGUID+98, 3, 27.51846,-255.12863,-23.413267, 100, 0, 0),
(@CGUID+99, 1, 60.84472,-121.46467,-22.63287, 100, 0, 0),
(@CGUID+99, 2, 56.425083,-125.99086,-22.71687, 100, 0, 0),
(@CGUID+99, 3, 56.080364,-133.79596,-22.796968, 100, 0, 0),
(@CGUID+100, 1,-4.640467,-127.206,-20.80397, 100, 0, 0),
(@CGUID+100, 2,-13.544088,-124.13506,-22.186905, 100, 0, 0),
(@CGUID+100, 3,-22.13617,-122.873795,-21.95291, 100, 0, 0),
(@CGUID+101, 1, 12.814334,-155.52187,-22.466923, 100, 0, 0),
(@CGUID+101, 2, 12.746358,-145.28133,-22.2508, 100, 0, 0),
(@CGUID+101, 3, 15.228804,-150.81071,-22.494623, 100, 0, 0),
(@CGUID+102, 1, 22.998953,-237.74913,-22.410423, 100, 0, 0),
(@CGUID+102, 2, 35.259468,-231.41054,-22.649641, 100, 0, 0),
(@CGUID+102, 3, 46.501812,-231.68512,-22.648172, 100, 0, 0),
(@CGUID+103, 1, 18.968351,-212.37872,-22.475307, 0, 0, 0),
(@CGUID+103, 2, 16.102142,-201.59984,-22.42243, 0, 0, 0),
(@CGUID+103, 3, 6.908176,-199.48088,-22.445473, 0, 0, 0),
(@CGUID+114, 1, -234.89098,-197.94981,-7.905258, 100, 0, 0),
(@CGUID+114, 2, -234.9421,-210.61797,-8.096731, 100, 0, 0),
(@CGUID+114, 3, -235.14708,-228.56622,-8.121222, 100, 0, 0),
(@CGUID+114, 4, -232.3906,-242.79652,-7.8933663, 100, 0, 0),
(@CGUID+117, 1, -202.29913,-261.68796,-7.97055, 100, 0, 0),
(@CGUID+117, 2, -208.79207,-261.67252,-8.07919, 100, 0, 0),
(@CGUID+117, 3, -219.23512,-260.51917,-7.9879956, 100, 0, 0),
(@CGUID+117, 4, -225.14133,-256.872,-7.927412, 100, 0, 0),
(@CGUID+117, 5, -230.4902,-249.17448,-7.8637495, 100, 0, 0),
(@CGUID+174, 1, -103.0932, -412.6261, -6.715064, 100, 0, 0),
(@CGUID+174, 2, -102.9049, -410.0541, -7.629989, 100, 0, 0),
(@CGUID+174, 3, -102.8985, -409.8516, -7.701919, 100, 0, 0),
(@CGUID+174, 4, -102.8985, -409.8517, -7.701902, 100, 100, 3),
(@CGUID+175, 1, -91.10979, -413.2563, -6.49236, 100, 0, 0),
(@CGUID+175, 2, -90.96289, -410.4629, -7.484769, 100, 0, 0),
(@CGUID+175, 3, -90.95283, -410.2715, -7.552732, 100, 100, 3),
(@CGUID+176, 1, -99.09876, -412.8362, -6.641628, 100, 0, 0),
(@CGUID+176, 2, -98.95186, -410.0427, -7.634037, 100, 0, 0),
(@CGUID+176, 3, -98.9418, -409.8514, -7.702, 100, 100, 3),
(@CGUID+177, 1, -95.715, -431.2523, 1.661656, 100, 0, 0),
(@CGUID+177, 2, -95.65462, -423.5111, -1.838279, 100, 0, 0),
(@CGUID+177, 3, -94.94731, -410.0615, -7.625664, 100, 100, 3),
(@CGUID+36, 1, -219.2435, -87.32145, -7.755558, 100, 0, 0),
(@CGUID+36, 2, -237.9914, -82.86905, -7.755557, 100, 0, 0),
(@CGUID+36, 3, -234.5452, -83.63921, -7.755558, 100, 0, 0),
(@CGUID+36, 4, -235.0901, -83.46333, -7.755558, 100, 0, 0),
(@CGUID+36, 5, -231.35, -83.39146, -7.755558, 100, 0, 0),
(@CGUID+36, 6, -234.3254, -82.76687, -7.755558, 100, 0, 0),
(@CGUID+36, 7, -235.1235, -83.19713, -7.755558, 100, 0, 0),
(@CGUID+36, 8, -233.0108, -83.64809, -7.755558, 100, 0, 0),
(@CGUID+36, 9, -237.3629, -82.7379, -7.755557, 100, 0, 0),
(@CGUID+36, 10, -234.9595, -85.41462, -7.755558, 100, 0, 0),
(@CGUID+36, 11, -229.6614, -81.51376, -7.755558, 100, 0, 0),
(@CGUID+36, 12, -235.2637, -80.61156, -7.755558, 100, 0, 0),
(@CGUID+36, 13, -237.9914, -82.86905, -7.755557, 100, 0, 0),
(@CGUID+36, 14, -253.7232, -91.45248, -7.755558, 100, 0, 0),
(@CGUID+36, 15, -262.4467, -110.8888, -7.971238, 100, 0, 0),
(@CGUID+36, 16, -335.276, -141.7658, -6.820026, 100, 0, 0),
(@CGUID+36, 17, -331.4792, -141.8334, -7.794098, 100, 0, 0),
(@CGUID+36, 18, -330.4383, -164.2397, -7.755558, 100, 0, 0),
(@CGUID+36, 19, -330.9756, -164.392, -7.755558, 100, 0, 0),
(@CGUID+36, 20, -330.0945, -164.1675, -7.755558, 100, 0, 0),
(@CGUID+36, 21, -329.2307, -165.6313, -7.755558, 100, 0, 0),
(@CGUID+36, 22, -331.1915, -164.6055, -7.755558, 100, 0, 0),
(@CGUID+36, 23, -333.171, -161.7203, -7.755558, 100, 0, 0),
(@CGUID+36, 24, -331.7805, -164.6228, -7.755558, 100, 0, 0),
(@CGUID+36, 25, -328.2776, -160.3039, -7.755558, 100, 0, 0),
(@CGUID+36, 26, -330.5364, -164.3972, -7.755558, 100, 0, 0),
(@CGUID+36, 27, -329.3473, -165.8197, -7.755558, 100, 0, 0),
(@CGUID+36, 28, -334.7695, -164.9461, -7.755558, 100, 0, 0),
(@CGUID+36, 29, -320.3407, -181.4569, -7.755558, 100, 0, 0),
(@CGUID+36, 30, -304.3615, -198.9613, -7.755558, 100, 0, 0),
(@CGUID+36, 31, -311.9839, -183.9223, -7.755558, 100, 0, 0),
(@CGUID+36, 32, -313.6443, -188.3344, -7.755558, 100, 0, 0),
(@CGUID+36, 33, -310.4353, -183.8432, -7.755558, 100, 0, 0),
(@CGUID+36, 34, -312.9602, -183.7037, -7.755558, 100, 0, 0),
(@CGUID+36, 35, -317.7727, -191.8699, -7.755558, 100, 0, 0),
(@CGUID+36, 36, -304.3615, -198.9613, -7.755558, 100, 0, 0),
(@CGUID+36, 37, -333.9495, -179.5217, -7.755558, 100, 0, 0),
(@CGUID+36, 38, -324.346, -185.9891, -7.755558, 100, 0, 0),
(@CGUID+36, 39, -323.8585, -185.208, -7.755558, 100, 0, 0),
(@CGUID+36, 40, -324.5208, -186.1802, -7.755558, 100, 0, 0),
(@CGUID+36, 41, -321.8463, -190.3931, -7.755558, 100, 0, 0),
(@CGUID+36, 42, -323.4337, -183.9414, -7.755558, 100, 0, 0),
(@CGUID+36, 43, -326.0844, -191.1736, -7.755558, 100, 0, 0),
(@CGUID+36, 44, -333.9495, -179.5217, -7.755558, 100, 0, 0),
(@CGUID+36, 45, -352.8533, -193.9077, -7.755558, 100, 0, 0),
(@CGUID+36, 46, -348.5626, -190.3296, -7.755558, 100, 0, 0),
(@CGUID+36, 47, -349.4328, -189.5576, -7.755558, 100, 0, 0),
(@CGUID+36, 48, -347.8741, -190.3094, -7.755558, 100, 0, 0),
(@CGUID+36, 49, -347.4217, -190.6721, -7.755558, 100, 0, 0),
(@CGUID+36, 50, -343.647, -188.4819, -7.755558, 100, 0, 0),
(@CGUID+36, 51, -350.7718, -190.3475, -7.755558, 100, 0, 0),
(@CGUID+36, 52, -352.4626, -186.9639, -7.755558, 100, 0, 0),
(@CGUID+36, 53, -348.7711, -190.5137, -7.755558, 100, 0, 0),
(@CGUID+36, 54, -277.5883, -157.507, -6.150126, 100, 0, 0),
(@CGUID+36, 55, -298.1714, -148.8003, -8.115888, 100, 0, 0),
(@CGUID+36, 56, -296.19, -142.7165, -8.055842, 100, 0, 0),
(@CGUID+36, 57, -295.4761, -145.6276, -8.02618, 100, 0, 0),
(@CGUID+36, 58, -295.0738, -143.1351, -8.019437, 100, 0, 0),
(@CGUID+36, 59, -293.6652, -146.0413, -7.967757, 100, 0, 0),
(@CGUID+36, 60, -295.0948, -145.0751, -8.015425, 100, 0, 0),
(@CGUID+36, 61, -277.5883, -157.507, -6.150126, 100, 0, 0),
(@CGUID+36, 62, -249.2888, -179.4691, -6.574732, 100, 0, 0),
(@CGUID+36, 63, -259.7915, -172.4078, -7.140102, 100, 0, 0);

DELETE FROM `creature_movement_template` WHERE entry = 17799;
INSERT INTO `creature_movement_template` (`entry`, `pathId`, `point`, `PositionX`, `PositionY`, `PositionZ`, `orientation`, `waittime`, `ScriptId`) VALUES
-- 17799 Dreghood Slave
(17799, 1, 1,-193.56079,-259.87134,-7.7895975, 100, 0, 0),
(17799, 1, 2,-184.5388,-261.0958,-7.75556, 100, 0, 0),
(17799, 1, 3,-171.8678,-266.1311,-7.7555656, 100, 0, 0),
(17799, 1, 4,-164.47981,-285.26175,-8.204482, 100, 0, 0),
(17799, 1, 5,-158.7778,-305.79614,-7.4857154, 100, 0, 0),
(17799, 1, 6,-142.62102,-316.04434,-7.413147, 100, 0, 0),
(17799, 1, 7,-116.59666,-327.73846,-7.406979, 100, 0, 0),
(17799, 1, 8,-98.12532,-330.5687,-7.8259435, 100, 0, 0),
(17799, 1, 9,-90.69756,-316.37994,-7.7673373, 100, 0, 0),
(17799, 1, 10,-90.356445,-283.37686,-7.7673373, 100, 1000, 1);

INSERT INTO `creature_addon` (`guid`, `mount`, `stand_state`, `sheath_state`, `emote`, `moveflags`, `auras`) VALUES
(@CGUID+20, 0, 0, 1, 173, 0, NULL), -- Coilfang Engineer
(@CGUID+23, 0, 0, 1, 173, 0, NULL), -- Coilfang Engineer
(@CGUID+24, 0, 0, 1, 173, 0, NULL), -- Coilfang Engineer
(@CGUID+25, 0, 0, 1, 173, 0, NULL), -- Coilfang Engineer
(@CGUID+26, 0, 0, 1, 173, 0, NULL), -- Coilfang Engineer
(@CGUID+27, 0, 0, 1, 173, 0, NULL), -- Coilfang Engineer
(@CGUID+28, 0, 0, 1, 173, 0, NULL), -- Coilfang Engineer
(@CGUID+29, 0, 0, 1, 173, 0, NULL), -- Coilfang Engineer
(@CGUID+30, 0, 0, 1, 173, 0, NULL), -- Coilfang Engineer
(@CGUID+31, 0, 0, 1, 173, 0, NULL), -- Coilfang Engineer
(@CGUID+45, 0, 0, 1, 173, 0, NULL), -- Dreghood Slave
(@CGUID+46, 0, 0, 1, 173, 0, NULL), -- Dreghood Slave
(@CGUID+47, 0, 0, 1, 173, 0, NULL), -- Dreghood Slave
(@CGUID+49, 0, 0, 0, 30, 0, NULL), -- Dreghood Slave
(@CGUID+50, 0, 0, 0, 30, 0, NULL), -- Dreghood Slave
(@CGUID+51, 0, 0, 1, 173, 0, NULL), -- Dreghood Slave
(@CGUID+52, 0, 0, 1, 173, 0, NULL), -- Dreghood Slave
(@CGUID+53, 0, 0, 1, 173, 0, NULL), -- Dreghood Slave
(@CGUID+54, 0, 0, 1, 173, 0, NULL), -- Dreghood Slave
(@CGUID+55, 0, 0, 1, 173, 0, NULL), -- Dreghood Slave
(@CGUID+56, 0, 0, 0, 378, 0, NULL), -- Dreghood Slave
(@CGUID+57, 0, 0, 1, 173, 0, NULL), -- Dreghood Slave
(@CGUID+58, 0, 0, 1, 173, 0, NULL), -- Dreghood Slave
(@CGUID+59, 0, 0, 0, 378, 0, NULL), -- Dreghood Slave
(@CGUID+121, 0, 0, 0, 69, 0, NULL), -- Steamrigger Mechanic
(@CGUID+122, 0, 0, 0, 69, 0, NULL), -- Steamrigger Mechanic
(@CGUID+123, 0, 0, 0, 69, 0, NULL), -- Steamrigger Mechanic
(@CGUID+174, 0, 0, 1, 375, 0, NULL), -- Coilfang Sorceress
(@CGUID+175, 0, 0, 1, 375, 0, NULL), -- Coilfang Oracle
(@CGUID+176, 0, 0, 1, 375, 0, NULL), -- Coilfang Myrmidon
(@CGUID+177, 0, 0, 1, 375, 0, NULL); -- Coilfang Myrmidon

REPLACE INTO `creature_template_addon` (`entry`, `mount`, `stand_state`, `sheath_state`, `emote`, `moveflags`, `auras`) VALUES
(17796, 0, 0, 1, 0, 0, '18950'), -- Mekgineer Steamrigger
(17797, 0, 0, 1, 0, 0, '18950'), -- Hydromancer Thespia
(21694, 0, 0, 0, 0, 0, '18950'); -- Bog Overlord

-- INSERT INTO `creature_linking` (`guid`, `master_guid`, `flag`) VALUES


REPLACE INTO `creature_linking_template` (`entry`, `map`, `master_entry`, `flag`, `search_range`) VALUES
(17954, 545, 17798, 1188, 0); -- Naga Distiller -> Warlord Kalithresh

-- INSERT INTO `creature_spawn_entry` (`guid`, `entry`) VALUES

INSERT INTO `creature` (`guid`, `id`, `map`, `spawnMask`, `position_x`, `position_y`, `position_z`, `orientation`, `spawntimesecsmin`, `spawntimesecsmax`, `spawndist`, `MovementType`) VALUES
(@CGUID+1, 1420, 545, 3, -266.7519, -113.198, -8.745433, 6.00921, 900, 900, 2, 1), -- Toad
(@CGUID+2, 1420, 545, 3, -219.7251, -192.5192, -6.450902, 5.864306, 900, 900, 2, 1), -- Toad
(@CGUID+3, 2914, 545, 3, -75.63364, -232.8319, -19.082384, 0.474586, 900, 900, 2, 1), -- Snake
(@CGUID+4, 6827, 545, 3, -26.5702, -215.418, -18.8375, 0.493595, 900, 900, 2, 1), -- Crab
(@CGUID+5, 6827, 545, 3, -327.3503, -171.6347, -7.755558, 1.246624, 900, 900, 2, 1), -- Crab
(@CGUID+6, 6827, 545, 3, -315.8737, -118.7331, -8.069082, 5.985905, 900, 900, 2, 1), -- Crab
(@CGUID+7, 6827, 545, 3, -153.6223, -297.6907, -7.592301, 0.9723498, 900, 900, 2, 1), -- Crab
(@CGUID+8, 6827, 545, 3, -100.7529, -370.9285, -7.767337, 0.771364, 900, 900, 2, 1), -- Crab
(@CGUID+9, 6827, 545, 3, 29.98508, -290.7462, -14.54205, 6.010371, 900, 900, 2, 1), -- Crab
(@CGUID+10, 6827, 545, 3, 10.67597, -138.0628, -21.73724, 3.594143, 900, 900, 2, 1), -- Crab
(@CGUID+11, 6827, 545, 3, -46.92042, -110.8575, -21.7747, 4.253747, 900, 900, 2, 1), -- Crab
(@CGUID+12, 6827, 545, 3, 57.87574, -101.837, -22.62228, 5.921247, 900, 900, 2, 1), -- Crab
(@CGUID+13, 6827, 545, 3, -7.497798, -196.4076, -21.76048, 4.021961, 900, 900, 2, 1), -- Crab
(@CGUID+14, 13321, 545, 3, -54.6829, -346.1913, -7.767277, 3.283540, 900, 900, 2, 1), -- Frog
(@CGUID+15, 13321, 545, 3, -100.2009, -294.6952, -7.767337, 2.197868, 900, 900, 2, 1), -- Frog
(@CGUID+16, 13321, 545, 3, -40.11718, -145.925, -21.42452, 2.712183, 900, 900, 2, 1), -- Frog
(@CGUID+17, 13321, 545, 3, 48.68707, -115.5143, -22.61073, 5.948496, 900, 900, 2, 1), -- Frog
(@CGUID+18, 13321, 545, 3, 61.52259, -151.2719, -20.673, 1.279224, 900, 900, 2, 1), -- Frog
(@CGUID+19, 13321, 545, 3, 44.58374, -204.2847, -22.52994, 4.499248, 900, 900, 2, 1), -- Frog
(@CGUID+20, 17721, 545, 3, -13.8918, -179.746, -22.5681, 3.19395, 7200, 7200, 0, 0), -- Coilfang Engineer
(@CGUID+21, 17721, 545, 3, -50.1679, -382.556, -7.40377, 4.41568, 7200, 7200, 0, 0), -- Coilfang Engineer
(@CGUID+22, 17721, 545, 3, -42.0492, -372.102, -7.41123, 6.07375, 7200, 7200, 0, 0), -- Coilfang Engineer
(@CGUID+23, 17721, 545, 3, 29.0264, -239.563, -22.6156, 5.27089, 7200, 7200, 0, 0), -- Coilfang Engineer
(@CGUID+24, 17721, 545, 3, 8.405686, -147.0495, -21.88259, 3.874631, 7200, 7200, 0, 0), -- Coilfang Engineer
(@CGUID+25, 17721, 545, 3, 8.37782, -204.823, -22.3658, 4.27606, 7200, 7200, 0, 0), -- Coilfang Engineer
(@CGUID+26, 17721, 545, 3, -5.29896, -131.391, -21.1734, 4.93928, 7200, 7200, 0, 0), -- Coilfang Engineer
(@CGUID+27, 17721, 545, 3, -21.9336, -126.73, -21.7157, 4.81711, 7200, 7200, 0, 0), -- Coilfang Engineer
(@CGUID+28, 17721, 545, 3, 45.6033, -236.226, -22.5299, 4.90438, 7200, 7200, 0, 0), -- Coilfang Engineer
(@CGUID+29, 17721, 545, 3, 59.8831, -131.581, -22.6599, 5.8294, 7200, 7200, 0, 0), -- Coilfang Engineer
(@CGUID+30, 17721, 545, 3, 14.2811, -213.334, -22.3567, 3.4383, 7200, 7200, 0, 0), -- Coilfang Engineer
(@CGUID+31, 17721, 545, 3, -24.6203, -186.644, -20.855, 1.6057, 7200, 7200, 0, 0), -- Coilfang Engineer
(@CGUID+32, 17722, 545, 3, -49.2924, -211.491, -18.8675, 4.69494, 7200, 7200, 0, 0), -- Coilfang Sorceress
(@CGUID+33, 17722, 545, 3, -110.899, -330.512, -7.6599, 6.16101, 7200, 7200, 0, 0), -- Coilfang Sorceress
(@CGUID+34, 17722, 545, 3, -81.7693, -369.323, -7.76734, 4.66749, 7200, 7200, 0, 0), -- Coilfang Sorceress
(@CGUID+35, 17722, 545, 3, -60.7232, -318.851, -7.67224, 2.80998, 7200, 7200, 0, 0), -- Coilfang Sorceress
(@CGUID+36, 17378, 545, 3, -215.6533, -120.2191, -7.705765, 1.153002, 86400, 86400, 0, 2), -- Swamp Gas
(@CGUID+37, 17722, 545, 3, -106.7865, -505.7699, 8.311022, 1.343904, 7200, 7200, 0, 0), -- Coilfang Sorceress
(@CGUID+38, 17722, 545, 3, -82.89047, -510.0705, 8.356535, 1.884956, 7200, 7200, 0, 0), -- Coilfang Sorceress
(@CGUID+39, 17722, 545, 3, -45.0691, -361.249, -7.3868, 2.40855, 7200, 7200, 0, 0), -- Coilfang Sorceress
(@CGUID+40, 17722, 545, 3, -85.8321, -276.48, -7.67224, 1.5708, 7200, 7200, 0, 0), -- Coilfang Sorceress
(@CGUID+41, 17722, 545, 3, -94.5917, -277.669, -7.67224, 1.39626, 7200, 7200, 0, 0), -- Coilfang Sorceress
(@CGUID+42, 17796, 545, 3, -330.0833, -121.5055, -7.985115, 5.061455, 86400, 86400, 0, 0), -- Mekgineer Steamrigger
(@CGUID+43, 17797, 545, 3, 88.3971, -316.111, -7.78743, 3.03687, 86400, 86400, 0, 0), -- Hydromancer Thespia
(@CGUID+44, 17798, 545, 3, -95.41883, -552.0314, 8.270267, 1.448623, 86400, 86400, 0, 0), -- Warlord Kalithresh
(@CGUID+45, 17799, 545, 3, -218.6759, -239.3937, -7.916585, 0.5235988, 7200, 7200, 0, 0), -- Dreghood Slave
(@CGUID+46, 17799, 545, 3, -219.6552, -234.7617, -7.940579, 1.972222, 7200, 7200, 0, 0), -- Dreghood Slave
(@CGUID+47, 17799, 545, 3, -223.2702, -232.3225, -7.943173, 0.1919862, 7200, 7200, 0, 0), -- Dreghood Slave
(@CGUID+48, 17799, 545, 3, -235.7764, -189.5953, -6.332451, 3.01942, 7200, 7200, 0, 0), -- Dreghood Slave
(@CGUID+49, 17799, 545, 3, -209.4544, -266.2283, -8.004663, 5.637414, 7200, 7200, 0, 0), -- Dreghood Slave
(@CGUID+50, 17799, 545, 3, -206.1605, -268.9301, -7.998304, 2.600541, 7200, 7200, 0, 0), -- Dreghood Slave
(@CGUID+51, 17799, 545, 3, -251.1379, -230.6415, -7.946693, 2.86234, 7200, 7200, 0, 0), -- Dreghood Slave
(@CGUID+52, 17799, 545, 3, -253.6809, -233.5117, -7.886866, 1.710423, 7200, 7200, 0, 0), -- Dreghood Slave
(@CGUID+53, 17799, 545, 3, -255.8972, -235.1439, -7.854937, 2.6529, 7200, 7200, 0, 0), -- Dreghood Slave
(@CGUID+54, 17799, 545, 3, -256.3096, -238.5345, -7.777214, 2.129302, 7200, 7200, 0, 0), -- Dreghood Slave
(@CGUID+55, 17799, 545, 3, -240.2373, -267.888, -7.689218, 5.009095, 7200, 7200, 0, 0), -- Dreghood Slave
(@CGUID+56, 17799, 545, 3, -236.9786, -263.0964, -7.719835, 5.67232, 7200, 7200, 0, 0), -- Dreghood Slave
(@CGUID+57, 17799, 545, 3, -235.5324, -268.635, -7.700694, 3.595378, 7200, 7200, 0, 0), -- Dreghood Slave
(@CGUID+58, 17799, 545, 3, -213.9101, -241.2899, -7.944061, 1.989675, 7200, 7200, 0, 0), -- Dreghood Slave
(@CGUID+59, 17799, 545, 3, -233.4834, -264.9135, -7.735449, 2.827433, 7200, 7200, 0, 0), -- Dreghood Slave
(@CGUID+60, 17800, 545, 3, -40.8796, -207.862, -18.2856, 0.15708, 7200, 7200, 0, 0), -- Coilfang Myrmidon
(@CGUID+61, 17800, 545, 3, -36.6156, -216.919, -18.2239, 0.907571, 7200, 7200, 0, 0), -- Coilfang Myrmidon
(@CGUID+62, 17800, 545, 3, -169.915, -285.368, -8.07741, 5.16617, 7200, 7200, 0, 0), -- Coilfang Myrmidon
(@CGUID+63, 17800, 545, 3, -159.623, -283.371, -8.04492, 4.43314, 7200, 7200, 0, 0), -- Coilfang Myrmidon
(@CGUID+64, 17800, 545, 3, -104.194, -325.127, -7.63158, 6.17847, 7200, 7200, 0, 0), -- Coilfang Myrmidon
(@CGUID+65, 17800, 545, 3, -102.674, -342.241, -7.29451, 0.0174533, 7200, 7200, 0, 0), -- Coilfang Myrmidon
(@CGUID+66, 17800, 545, 3, -77.7733, -369.503, -7.76734, 4.66748, 7200, 7200, 0, 0), -- Coilfang Myrmidon
(@CGUID+67, 17800, 545, 3, -85.7652, -369.143, -7.76734, 4.66748, 7200, 7200, 0, 0), -- Coilfang Myrmidon
(@CGUID+68, 17800, 545, 3, -52.6073, -324.759, -7.67224, 5.72468, 7200, 7200, 0, 0), -- Coilfang Myrmidon
(@CGUID+69, 1420, 545, 3, -226.9383, -257.5326, -7.672225, 3.420845, 900, 900, 2, 1), -- Toad
(@CGUID+70, 17800, 545, 3, -92.72769, -465.5595, 7.946531, 1.53589, 7200, 7200, 0, 0), -- Coilfang Myrmidon
(@CGUID+71, 17800, 545, 3, -98.2649, -465.4931, 7.944806, 1.48353, 7200, 7200, 0, 0), -- Coilfang Myrmidon
(@CGUID+72, 17800, 545, 3, -82.7854, -499.9687, 8.346689, 2.076942, 7200, 7200, 0, 0), -- Coilfang Myrmidon
(@CGUID+73, 17800, 545, 3, -106.7869, -497.9282, 8.279131, 1.099557, 7200, 7200, 0, 0), -- Coilfang Myrmidon
(@CGUID+74, 17800, 545, 3, -57.5115, -376.588, -7.28116, 2.46091, 7200, 7200, 0, 0), -- Coilfang Myrmidon
(@CGUID+75, 17801, 545, 3, -21.2416, -102.358, -22.5956, 5.25232, 7200, 7200, 0, 0), -- Coilfang Siren
(@CGUID+76, 17801, 545, 3, 1.51287, -250.445, -21.5411, 6.14356, 7200, 7200, 0, 0), -- Coilfang Siren
(@CGUID+77, 17801, 545, 3, 28.6017, -279.259, -21.3723, 4.5204, 7200, 7200, 0, 0), -- Coilfang Siren
(@CGUID+78, 17801, 545, 3, 21.9975, -276.271, -21.4064, 4.39823, 7200, 7200, 0, 0), -- Coilfang Siren
(@CGUID+79, 17801, 545, 3, -109.493, -336.353, -7.54947, 5.91667, 7200, 7200, 0, 0), -- Coilfang Siren
(@CGUID+80, 17801, 545, 3, -60.4984, -326.608, -7.67224, 3.08923, 7200, 7200, 0, 0), -- Coilfang Siren
(@CGUID+81, 17801, 545, 3, -53.8197, -334.368, -6.27059, 3.22886, 7200, 7200, 0, 0), -- Coilfang Siren
(@CGUID+82, 17801, 545, 3, -77.08489, -503.8039, 8.395674, 2.042035, 7200, 7200, 0, 0), -- Coilfang Siren
(@CGUID+83, 17801, 545, 3, -113.3212, -494.1325, 8.287909, 0.715585, 7200, 7200, 0, 0), -- Coilfang Siren
(@CGUID+84, 17801, 545, 3, 9.520633, -150.5972, -22.04473, 0.1919862, 7200, 7200, 0, 0), -- Coilfang Siren
(@CGUID+85, 17801, 545, 3, 6.76641, -257, -21.9015, 1.50098, 7200, 7200, 0, 0), -- Coilfang Siren
(@CGUID+86, 17801, 545, 3, 27.0156, -260.473, -22.8049, 2.44346, 7200, 7200, 0, 0), -- Coilfang Siren
(@CGUID+87, 17801, 545, 3, 29.0596, -256.632, -23.2494, 3.38594, 7200, 7200, 0, 0), -- Coilfang Siren
(@CGUID+88, 17801, 545, 3, 29.8738, -165.19, -22.3645, 1.32645, 7200, 7200, 0, 0), -- Coilfang Siren
(@CGUID+89, 17801, 545, 3, 35.8755, -157.314, -22.5641, 3.50811, 7200, 7200, 0, 0), -- Coilfang Siren
(@CGUID+90, 17802, 545, 3, -6.48203, -63.7094, -19.8397, 1.29154, 7200, 7200, 0, 0), -- Coilfang Warrior
(@CGUID+91, 17802, 545, 3, 2.06713, -64.1362, -19.8397, 2.05949, 7200, 7200, 0, 0), -- Coilfang Warrior
(@CGUID+92, 17802, 545, 3, -21.6564, -101.928, -22.5224, 1.43752, 7200, 7200, 0, 0), -- Coilfang Warrior
(@CGUID+93, 17802, 545, 3, -11.075411,-181.28865,-23.693241, 4.31481, 7200, 7200, 0, 4), -- Coilfang Warrior
(@CGUID+94, 17802, 545, 3, 10.129042,-253.12064,-22.365854,-22.7079, 7200, 7200, 0, 2), -- Coilfang Warrior
(@CGUID+95, 17802, 545, 3, -48.0723, -218.331, -18.0762, 2.24052, 7200, 7200, 0, 0), -- Coilfang Warrior
(@CGUID+96, 17802, 545, 3, 25.2417, -280.826, -20.1926, 4.41568, 7200, 7200, 0, 0), -- Coilfang Warrior
(@CGUID+97, 17802, 545, 3, -89.8517, -279.44, -7.67224, 1.62316, 7200, 7200, 0, 0), -- Coilfang Warrior
(@CGUID+98, 17802, 545, 3, 21.14762,-258.76144,-22.28909,1.31347, 7200, 7200, 0, 2), -- Coilfang Warrior
(@CGUID+99, 17802, 545, 3, 60.84472,-121.46467,-22.63287, 3.9389, 7200, 7200, 0, 4), -- Coilfang Warrior
(@CGUID+100, 17802, 545, 3, -4.640467,-127.206,-20.80397, 2.69598, 7200, 7200, 0, 4), -- Coilfang Warrior
(@CGUID+101, 17802, 545, 3, 12.814334,-155.52187,-22.466923, 1.0972, 7200, 7200, 0, 2), -- Coilfang Warrior
(@CGUID+102, 17802, 545, 3, 22.998953,-237.74913,-22.410423, 0.477148, 7200, 7200, 0, 4), -- Coilfang Warrior
(@CGUID+103, 17802, 545, 3, 18.968351,-212.37872,-22.475307, 1.81985, 7200, 7200, 0, 4), -- Coilfang Warrior
(@CGUID+104, 17802, 545, 3, -50.9195, -215.011, -18.6497, 5.32711, 7200, 7200, 0, 0), -- Coilfang Warrior
-- RE-USE 105
(@CGUID+106, 17803, 545, 3, 2.57794, -255.504, -21.6858, 0.785398, 7200, 7200, 0, 0), -- Coilfang Oracle
(@CGUID+107, 17803, 545, 3, 24.7643, -263.618, -22.2272, 1.69297, 7200, 7200, 0, 0), -- Coilfang Oracle
(@CGUID+108, 17803, 545, 3, -102.6063, -472.0392, 8.115048, 1.570796, 7200, 7200, 0, 0), -- Coilfang Oracle
(@CGUID+109, 17803, 545, 3, -75.20587, -496.9233, 8.351477, 2.321288, 7200, 7200, 0, 0), -- Coilfang Oracle
(@CGUID+110, 17803, 545, 3, -114.3018, -503.6928, 8.304808, 0.8552113, 7200, 7200, 0, 0), -- Coilfang Oracle
(@CGUID+111, 17803, 545, 3, 10.73061, -154.9334, -22.2425, 6.108652, 7200, 7200, 0, 0), -- Coilfang Oracle
(@CGUID+112, 17803, 545, 3, 33.4427, -161.195, -22.4778, 2.33874, 7200, 7200, 0, 0), -- Coilfang Oracle
-- RE-USE 113
(@CGUID+114, 17805, 545, 3, -234.89098,-197.94981,-7.905258, 0.959931, 7200, 7200, 0, 4), -- Coilfang Slavemaster
(@CGUID+115, 17805, 545, 3, -238.007, -193.135, -6.90072, 1.09956, 7200, 7200, 0, 0), -- Coilfang Slavemaster
(@CGUID+116, 17805, 545, 3, -232.861, -192.246, -6.54962, 2.46091, 7200, 7200, 0, 0), -- Coilfang Slavemaster
(@CGUID+117, 17805, 545, 3, -202.29913,-261.68796,-7.97055, 3.1765, 7200, 7200, 0, 4), -- Coilfang Slavemaster
(@CGUID+118, 17801, 545, 3, -87.02146, -471.1234, 8.091232, 1.727876, 7200, 7200, 0, 0), -- Coilfang Siren
(@CGUID+119, 17917, 545, 3, 90.0419, -326.115, -7.78746, 3.00197, 7200, 7200, 0, 0), -- Coilfang Water Elemental
(@CGUID+120, 17917, 545, 3, 91.3224, -306.508, -7.78735, 3.21141, 7200, 7200, 0, 0), -- Coilfang Water Elemental
(@CGUID+121, 17951, 545, 3, -335.5449, -122.5956, -7.935218, 0.5061455, 7200, 7200, 0, 0), -- Steamrigger Mechanic
(@CGUID+122, 17951, 545, 3, -325.3847, -120.199, -7.972894, 3.839724, 7200, 7200, 0, 0), -- Steamrigger Mechanic
(@CGUID+123, 17951, 545, 3, -328.5612, -126.0686, -8.013614, 1.867502, 7200, 7200, 0, 0), -- Steamrigger Mechanic
-- RE-USE 124-125
(@CGUID+126, 17954, 545, 3, -106.3707, -459.9756, 7.801315, 0.296706, 7200, 7200, 0, 0), -- Naga Distiller
(@CGUID+127, 17954, 545, 3, -83.62708, -461.4264, 7.839044, 5.916666, 7200, 7200, 0, 0), -- Naga Distiller
(@CGUID+128, 17954, 545, 3, -112.4721, -486.2535, 8.27487, 5.288348, 7200, 7200, 0, 0), -- Naga Distiller
(@CGUID+129, 17954, 545, 3, -77.57468, -488.5953, 8.295635, 0.06981317, 7200, 7200, 0, 0), -- Naga Distiller
(@CGUID+130, 17954, 545, 3, -75.91588, -522.2477, 8.320672, 5.654867, 7200, 7200, 0, 0), -- Naga Distiller
(@CGUID+131, 17954, 545, 3, -114.7184, -519.8631, 8.28457, 4.363323, 7200, 7200, 0, 0), -- Naga Distiller
(@CGUID+132, 17954, 545, 3, -107.0587, -543.9034, 8.270268, 5.899213, 7200, 7200, 0, 0), -- Naga Distiller
(@CGUID+133, 17954, 545, 3, -80.7551, -550.9464, 8.270267, 3.804818, 7200, 7200, 0, 0), -- Naga Distiller
(@CGUID+134, 17954, 545, 3, -96.24093, -571.3755, 8.270268, 2.391101, 7200, 7200, 0, 0), -- Naga Distiller
(@CGUID+135, 20926, 545, 3, -95.62832, -434.8632, 17.88862, 0.9599311, 7200, 7200, 0, 0), -- Invisible Stalker Coilfang Doors
(@CGUID+136, 21338, 545, 3, -285.939, -156.836, -7.24518, 5.70887, 7200, 7200, 3, 1), -- Coilfang Leper
(@CGUID+137, 21338, 545, 3, -292.579, -155.587, -7.75556, 4.64252, 7200, 7200, 3, 1), -- Coilfang Leper
(@CGUID+138, 21338, 545, 3, -294.103, -146.401, -7.98276, 3.58796, 7200, 7200, 3, 1), -- Coilfang Leper
(@CGUID+139, 21338, 545, 3, -287.138, -148.434, -7.71239, 1.12941, 7200, 7200, 3, 1), -- Coilfang Leper
(@CGUID+140, 21338, 545, 3, -295.579, -148.328, -8.02408, 1.12218, 7200, 7200, 3, 1), -- Coilfang Leper
(@CGUID+141, 21338, 545, 3, -304.216, -153.256, -8.11977, 3.54178, 7200, 7200, 3, 1), -- Coilfang Leper
(@CGUID+142, 21338, 545, 3, -296.543, -155.596, -7.75556, 0.499746, 7200, 7200, 3, 1), -- Coilfang Leper
(@CGUID+143, 21338, 545, 3, -299.613, -144.559, -8.09161, 5.90719, 7200, 7200, 3, 1), -- Coilfang Leper
(@CGUID+144, 21338, 545, 3, -299.11, -127.125, -8.05061, 0.77424, 7200, 7200, 3, 1), -- Coilfang Leper
(@CGUID+145, 21338, 545, 3, -295.639, -121.97, -7.83465, 1.62253, 7200, 7200, 3, 1), -- Coilfang Leper
(@CGUID+146, 21338, 545, 3, -307.719, -119.895, -8.05418, 0.753856, 7200, 7200, 3, 1), -- Coilfang Leper
(@CGUID+147, 21338, 545, 3, -305.368, -124.744, -8.19377, 1.29576, 7200, 7200, 3, 1), -- Coilfang Leper
(@CGUID+148, 21338, 545, 3, -297.611, -113.88, -7.81761, 2.07886, 7200, 7200, 3, 1), -- Coilfang Leper
(@CGUID+149, 21338, 545, 3, -306.886, -105.965, -7.75556, 5.52654, 7200, 7200, 3, 1), -- Coilfang Leper
(@CGUID+150, 21338, 545, 3, -303.048, -114.707, -7.86982, 1.41238, 7200, 7200, 3, 1), -- Coilfang Leper
(@CGUID+151, 21338, 545, 3, -290.5678, -115.5150, -7.7555, 3.0854, 7200, 7200, 3, 1), -- Coilfang Leper
(@CGUID+152, 21694, 545, 3, -44.6525, -109.419, -22.0305, 0.541052, 7200, 7200, 2, 1), -- Bog Overlord
(@CGUID+153, 21694, 545, 3, -61.7824, -147.368, -19.8397, 6.10865, 7200, 7200, 2, 1), -- Bog Overlord
(@CGUID+154, 21694, 545, 3, 56.272, -99.1133, -22.6202, 5.2426, 7200, 7200, 2, 1), -- Bog Overlord
(@CGUID+155, 21694, 545, 3, 55.1691, -200.111, -22.6254, 4.41441, 7200, 7200, 2, 1), -- Bog Overlord
(@CGUID+156, 21694, 545, 3, 70.6235, -149.411, -19.3584, 3.81388, 7200, 7200, 2, 1), -- Bog Overlord
(@CGUID+157, 21695, 545, 3, 8.67723, -247.543, -23.3617, 0.975734, 7200, 7200, 0, 0), -- Tidal Surger
(@CGUID+158, 21695, 545, 3, 72.2928, -110.668, -22.5432, 0.695596, 7200, 7200, 0, 0), -- Tidal Surger
(@CGUID+159, 21695, 545, 3, -13.1381, -159.252, -22.6947, 1.43979, 7200, 7200, 0, 0), -- Tidal Surger
(@CGUID+160, 21696, 545, 3, 5.14908, -246.223, -22.82, 0.049414, 7200, 7200, 0, 0), -- Steam Surger
(@CGUID+161, 21696, 545, 3, 5.33942, -248.285, -22.9987, 0.398787, 7200, 7200, 0, 0), -- Steam Surger
(@CGUID+162, 21696, 545, 3, 6.63035, -250.682, -22.928, 1.34714, 7200, 7200, 0, 0), -- Steam Surger
(@CGUID+163, 21696, 545, 3, 7.75879, -252.229, -22.653, 1.13637, 7200, 7200, 0, 0), -- Steam Surger
(@CGUID+164, 21696, 545, 3, 75.4942, -107.832, -22.5405, 0.453786, 7200, 7200, 0, 0), -- Steam Surger
(@CGUID+165, 21696, 545, 3, 70.1971, -107.108, -22.5398, 3.75246, 7200, 7200, 0, 0), -- Steam Surger
(@CGUID+166, 21696, 545, 3, 70.2621, -111.469, -22.544, 3.76991, 7200, 7200, 0, 0), -- Steam Surger
(@CGUID+167, 21696, 545, 3, 74.3258, -114.195, -22.6314, 1.4144, 7200, 7200, 0, 0), -- Steam Surger
(@CGUID+168, 21696, 545, 3, -14.2905, -155.495, -22.5557, 0.418879, 7200, 7200, 0, 0), -- Steam Surger
(@CGUID+169, 21696, 545, 3, -17.0296, -160.479, -22.4084, 6.24828, 7200, 7200, 0, 0), -- Steam Surger
(@CGUID+170, 21696, 545, 3, -12.0575, -161.064, -22.6888, 4.72984, 7200, 7200, 0, 0), -- Steam Surger
(@CGUID+171, 21696, 545, 3, -12.5588, -155.507, -22.4722, 5.11381, 7200, 7200, 0, 0), -- Steam Surger

-- RE-USE 172 - 173
(@CGUID+174, 17722, 545, 3, -92.90063, -445.3097, 5.991491, 1.553343, 7200, 7200, 0, 0), -- Coilfang Sorceress
(@CGUID+175, 17803, 545, 3, -98.08992, -445.5343, 6.081024, 1.22173, 7200, 7200, 0, 0), -- Coilfang Oracle
(@CGUID+176, 17800, 545, 3, -97.02741, -442.6899, 4.890398, 1.623156, 7200, 7200, 0, 0), -- Coilfang Myrmidon
(@CGUID+177, 17800, 545, 3, -92.68357, -442.7451, 4.921207, 1.570796, 7200, 7200, 0, 0), -- Coilfang Myrmidon
(@CGUID+178, 17803, 545, 3, 61.3397, -126.092, -22.6155, 4.52851, 7200, 7200, 2, 1), -- Coilfang Oracle
(@CGUID+179, 0, 545, 3, 13.201, -208.052, -22.3482, 0.541052, 7200, 7200, 2, 1), -- spawn_group_entry
(@CGUID+180, 0, 545, 3, 37.8443, -236.049, -22.6524, 1.70101, 7200, 7200, 2, 1), -- spawn_group_entry
(@CGUID+181, 17803, 545, 3, -17.0931, -186.131, -22.1681, 5.23599, 7200, 7200, 2, 1); -- Coilfang Oracle

REPLACE INTO `creature_spawn_data_template` (`entry`, `RelayId`, `Name`) VALUES (1772101, @RELAYID+1, 'Coilfang Engineer (17721) - RelayScript (5450001)');
REPLACE INTO `creature_spawn_data` (`guid`, `id`) SELECT `guid`, 1772101 FROM `creature` WHERE `guid` IN (@CGUID+21,@CGUID+22);

-- ===========
-- GAMEOBJECTS
-- ===========

INSERT INTO `gameobject` (`guid`, `id`, `map`, `spawnMask`, `position_x`, `position_y`, `position_z`, `orientation`, `rotation0`, `rotation1`, `rotation2`, `rotation3`, `spawntimesecsmin`, `spawntimesecsmax`) VALUES
(@OGUID+1, 181270, 545, 3, -64.53672, -152.4117, -19.92307, 5.654869, 0, 0, -0.3090162, 0.9510568, 86400, 86400), -- Felweed
(@OGUID+2, 181270, 545, 3, -205.8169, -103.2433, -7.755558, 3.490667, 0, 0, -0.984807, 0.1736523, 86400, 86400), -- Felweed
(@OGUID+3, 181275, 545, 3, 58.56668, -204.1229, -22.61328, 3.368496, 0, 0, -0.9935713, 0.1132084, 86400, 86400), -- Ragveil
(@OGUID+4, 181275, 545, 3, -310.2159, -206.7198, -7.755558, 4.904376, 0, 0, -0.6360779, 0.7716249, 86400, 86400), -- Ragveil
(@OGUID+5, 181276, 545, 3, 58.56668, -204.1229, -22.61328, 3.368496, 0, 0, -0.9935713, 0.1132084, 86400, 86400), -- Flame Cap
(@OGUID+6, 181276, 545, 3, -310.2159, -206.7198, -7.755558, 4.904376, 0, 0, -0.6360779, 0.7716249, 86400, 86400), -- Flame Cap
(@OGUID+7, 181278, 545, 3, -313.2753, -107.5292, -7.755558, 5.602507, 0, 0, -0.333807, 0.9426414, 86400, 86400), -- Ancient Lichen
(@OGUID+8, 181278, 545, 3, -220.6068, -186.4473, -5.346097, 4.921829, 0, 0, -0.6293201, 0.7771462, 86400, 86400), -- Ancient Lichen
(@OGUID+9, 181278, 545, 3, -131.4314, -328.5607, -67.64109, 4.206246, 0, 0, -0.8616285, 0.5075394, 86400, 86400), -- Ancient Lichen
(@OGUID+10, 181278, 545, 3, 6.921429, -271.4437, -18.83184, 1.727875, 0, 0, 0.7604055, 0.6494485, 86400, 86400), -- Ancient Lichen
(@OGUID+11, 181278, 545, 3, 68.27805, -149.7298, -19.68152, 0.9599299, 0, 0, 0.4617481, 0.8870111, 86400, 86400), -- Ancient Lichen
(@OGUID+12, 181278, 545, 3, -237.348, -182.7269, -5.58116, 4.537859, 0, 0, -0.7660437, 0.6427886, 86400, 86400), -- Ancient Lichen
(@OGUID+13, 181278, 545, 3, -245.7523, -163.1712, -2.666415, 5.550147, 0, 0, -0.3583679, 0.9335805, 86400, 86400), -- Ancient Lichen
(@OGUID+14, 181278, 545, 3, -49.16631, -143.1611, -20.24312, 1.937312, 0, 0, 0.8241253, 0.5664076, 86400, 86400), -- Ancient Lichen
(@OGUID+15, 181278, 545, 3, -314.814, -184.551, -7.7555, 2.0499, 0, 0, 0, 1, 86400, 86400), -- Ancient Lichen
(@OGUID+16, 181557, 545, 3, -364.5042, -85.856, -7.755558, 0.9250238, 0, 0, 0.4461975, 0.8949345, 86400, 86400), -- Khorium Vein
(@OGUID+17, 181555, 545, 3, 44.92197, -270.0414, -21.83909, 0.5759573, 0, 0, 0.2840147, 0.9588199, 86400, 86400), -- Fel Iron Deposit
(@OGUID+18, 181555, 545, 3, -363.7592, -135.723, -7.755558, 3.68265, 0, 0, -0.9636297, 0.267241, 86400, 86400), -- Fel Iron Deposit
(@OGUID+19, 181555, 545, 3, -339.4125, -196.9263, -5.720564, 2.548179, 0, 0, 0.9563046, 0.2923723, 86400, 86400), -- Fel Iron Deposit
(@OGUID+20, 181555, 545, 3, 86.10484, -183.557, -22.05482, 0.9599299, 0, 0, 0.4617481, 0.8870111, 86400, 86400), -- Fel Iron Deposit
(@OGUID+21, 181555, 545, 3, -200.8845, -121.0747, -6.024526, 0.7504908, 0, 0, 0.3665009, 0.9304177, 86400, 86400), -- Fel Iron Deposit
(@OGUID+22, 181555, 545, 3, 6.10486, -229.5263, -22.17201, 5.340709, 0, 0, -0.45399, 0.8910068, 86400, 86400), -- Fel Iron Deposit
(@OGUID+23, 181556, 545, 3, -287.925, -192.021, -7.75556, 0, 0, 0, 0, 0, 86400, 86400), -- Adamantite Deposit
(@OGUID+24, 181556, 545, 3, 84.67383, -148.3017, -21.08141, 4.590216, 0, 0, -0.7489557, 0.6626201, 86400, 86400), -- Adamantite Deposit
(@OGUID+25, 181556, 545, 3, 4.756875, -278.0156, -8.366473, 5.881761, 0, 0, -0.1993675, 0.9799248, 86400, 86400), -- Adamantite Deposit
(@OGUID+26, 181556, 545, 3, -53.29605, -175.5877, -20.02813, 2.617989, 0, 0, 0.9659252, 0.2588213, 86400, 86400), -- Adamantite Deposit
(@OGUID+27, 181556, 545, 3, -388.8277, -157.5405, -7.755558, 5.323256, 0, 0, -0.4617481, 0.8870111, 86400, 86400), -- Adamantite Deposit
(@OGUID+28, 181556, 545, 3, -364.5042, -85.856, -7.755558, 0.9250238, 0, 0, 0.4461975, 0.8949345, 86400, 86400), -- Adamantite Deposit
(@OGUID+29, 181569, 545, 3, -262.3567, -186.1232, -7.607419, 3.926996, 0, 0, -0.9238787, 0.3826855, 86400, 86400), -- Rich Adamantite Deposit
(@OGUID+30, 182197, 545, 3, 19.60388, -304.9137, -66.1715, 6.108654, 0, 0, -0.08715534, 0.9961947, 86400, 86400), -- Arcane Container
(@OGUID+31, 181556, 545, 3, -262.3567, -186.1232, -7.607419, 3.926996, 0, 0, -0.9238787, 0.3826855, 86400, 86400), -- Adamantite Deposit
(@OGUID+32, 181569, 545, 3, 4.756875, -278.0156, -8.366473, 5.881761, 0, 0, -0.1993675, 0.9799248, 86400, 86400), -- Rich Adamantite Deposit
(@OGUID+33, 181569, 545, 3, -53.29605, -175.5877, -20.02813, 2.617989, 0, 0, 0.9659252, 0.2588213, 86400, 86400), -- Rich Adamantite Deposit
(@OGUID+34, 183049, 545, 3, -95.55837, -437.6247, 4.946238, 3.141593, 0, 0, -1, 0, 180, 180), -- Main Chambers Door
(@OGUID+35, 184125, 545, 3, 98.81569, -316.3364, -6.683962, 4.799657, 0, 0, -0.6755896, 0.7372779, 0, 0), -- Main Chambers Access Panel
(@OGUID+36, 184126, 545, 3, -332.35, -117.1587, -6.707662, 0.2617982, 0, 0, 0.1305256, 0.9914449, 0, 0), -- Main Chambers Access Panel
(@OGUID+37, 184201, 545, 1, -23.97297, 5.327147, -3.875418, 0.05161286, 0, 0, 0.02580357, 0.999667, 0, 0), -- Instance_Portal_Difficulty_0
(@OGUID+38, 184202, 545, 2, -23.97297, 5.327147, -3.875418, 0.05161286, 0, 0, 0.02580357, 0.999667, 0, 0), -- Instance_Portal_Difficulty_1
(@OGUID+39, 0, 545, 3, 61.67565, -128.6761, -22.71641, 2.705255, 0, 0, 0, 0, 86400, 86400), -- Bound Adamantite Chest, Solid Adamantite Chest
(@OGUID+40, 0, 545, 3, 4.538191, -156.8739, -22.02836, -0.4886912, 0, 0, 0, 0, 86400, 86400), -- Bound Adamantite Chest, Solid Adamantite Chest
(@OGUID+41, 0, 545, 3, 39.4951, -244.041, -22.8052, -2.00713, 0, 0, 0, 0, 86400, 86400), -- Bound Adamantite Chest, Solid Adamantite Chest
(@OGUID+42, 0, 545, 3, 4.36841, -259.654, -21.6164, 0, 0, 0, 0, 0, 86400, 86400), -- Bound Adamantite Chest, Solid Adamantite Chest
(@OGUID+43, 0, 545, 3, -54.5296, -320.9142, -7.767337, -2.897245, 0, 0, 0, 0, 86400, 86400), -- Bound Adamantite Chest, Solid Adamantite Chest
(@OGUID+44, 0, 545, 3, -46.641113, -368.036835, -7.767333, 2.676338, 0, 0, 0, 0, 86400, 86400), -- Bound Adamantite Chest, Solid Adamantite Chest
(@OGUID+45, 0, 545, 3, -153.1877, -275.2578, -7.775092, 2.897245, 0, 0, 0, 0, 86400, 86400), -- Bound Adamantite Chest, Solid Adamantite Chest
-- 46 - 52
(@OGUID+53, 181278, 545, 3, -271.3181, -206.7492, -67.64107, 0.9424766, 0, 0, 0.45399, 0.8910068, 86400, 86400), -- Ancient Lichen
(@OGUID+54, 181278, 545, 3, -354.5131, -136.0246, -7.755558, 2.844883, 0, 0, 0.9890156, 0.1478114, 86400, 86400), -- Ancient Lichen
(@OGUID+55, 181278, 545, 3, -238.2517, -133.8857, -65.16281, 0.1745321, 0, 0, 0.08715534, 0.9961947, 86400, 86400), -- Ancient Lichen
(@OGUID+56, 181278, 545, 3, -15.03267, -312.0513, -62.49138, 4.502952, 0, 0, -0.7771454, 0.6293211, 86400, 86400); -- Ancient Lichen

INSERT INTO `gameobject_addon` (`guid`, `animprogress`, `state`) VALUES
(@OGUID+35, 0, -1), -- Main Chambers Access Panel
(@OGUID+36, 0, -1), -- Main Chambers Access Panel
(@OGUID+37, 0, 0), -- Instance_Portal_Difficulty_0
(@OGUID+38, 0, 0); -- Instance_Portal_Difficulty_1

INSERT INTO gameobject_spawn_entry (guid, entry) VALUES
(@OGUID+39, 184940), (@OGUID+39, 184941), -- Bound Adamantite Chest, Solid Adamantite Chest
(@OGUID+40, 184940), (@OGUID+40, 184941), -- Bound Adamantite Chest, Solid Adamantite Chest
(@OGUID+41, 184940), (@OGUID+41, 184941), -- Bound Adamantite Chest, Solid Adamantite Chest
(@OGUID+42, 184940), (@OGUID+42, 184941), -- Bound Adamantite Chest, Solid Adamantite Chest
(@OGUID+43, 184940), (@OGUID+43, 184941), -- Bound Adamantite Chest, Solid Adamantite Chest
(@OGUID+44, 184940), (@OGUID+44, 184941), -- Bound Adamantite Chest, Solid Adamantite Chest
(@OGUID+45, 184940), (@OGUID+45, 184941); -- Bound Adamantite Chest, Solid Adamantite Chest

-- ======
-- EVENTS
-- ======

-- INSERT INTO `game_event_creature` (`guid`, `event`) VALUES
-- INSERT INTO `game_event_creature_data` (`guid`, `entry_id`, `modelid`, `equipment_id`, `spell_start`, `spell_end`, `event`) VALUES
-- INSERT INTO `game_event_gameobject` (`guid`, `event`) VALUES

-- ============
-- SPAWN GROUPS
-- ============

INSERT INTO `spawn_group` (`Id`, `Name`, `Type`, `MaxCount`, `WorldState`, `Flags`, `StringId`) VALUES
(@SGGUID+1, 'Steam Vault - Group 001 - Coilfang Warrior (2)', 0, 0, 0, 1, 0),
(@SGGUID+2, 'Steam Vault - Group 002 - Coilfang Warrior| Coilfang Siren - Patrol 001', 0, 0, 0, 1, 0),
(@SGGUID+3, 'Steam Vault - Group 003 - Coilfang Warrior| Coilfang Engineer (2)', 0, 0, 0, 1, 0),
(@SGGUID+4, 'Steam Vault - Group 004 - Coilfang Warrior| Coilfang Engineer | Coilfang Siren | Coilfang Oracle', 0, 0, 0, 1, 0),
(@SGGUID+5, 'Steam Vault - Group 005 - Tidal Surger | Steam Surger (4) - Patrol 002', 0, 0, 0, 3, 0), -- will always respawn together
(@SGGUID+6, 'Steam Vault - Group 006 - Coilfang Warrior| Coilfang Engineer | Coilfang Oracle', 0, 0, 0, 1, 0),
(@SGGUID+7, 'Steam Vault - Group 007 - Coilfang Oracle| Coilfang Siren (2)', 0, 0, 0, 1, 0),
(@SGGUID+8, 'Steam Vault - Group 008 - Tidal Surger | Steam Surger (4) - Patrol 003', 0, 0, 0, 3, 0), -- will always respawn together

(@SGGUID+9, 'Steam Vault - Group 009 - Coilfang Warrior| Coilfang Engineer (2) | Coilfang Oracle', 0, 0, 0, 1, 0),

(@SGGUID+10, 'Steam Vault - Group 010 - Coilfang Warrior| Coilfang Engineer (2) | Coilfang Oracle/Coilfang Siren', 0, 0, 0, 1, 0),
(@SGGUID+11, 'Steam Vault - Group 011 - Coilfang Warrior| Coilfang Engineer (2) | Coilfang Oracle/Coilfang Siren', 0, 0, 0, 1, 0),

(@SGGUID+12, 'Steam Vault - Group 012 - Tidal Surger | Steam Surger (4) - Patrol 004', 0, 0, 0, 3, 0), -- will always respawn together
(@SGGUID+13, 'Steam Vault - Group 013 - Coilfang Warrior | Coilfang Oracle | Coilfang Siren (2)', 0, 0, 0, 1, 0),
(@SGGUID+14, 'Steam Vault - Group 014 - Coilfang Warrior | Coilfang Oracle | Coilfang Siren (2)', 0, 0, 0, 1, 0),
(@SGGUID+15, 'Steam Vault - Group 015 - Coilfang Warrior | Coilfang Siren (2) - Patrol 005', 0, 0, 0, 1, 0),
-- Boss
(@SGGUID+16, 'Steam Vault - Group 016 - Hydromancer Thespia | Coilfang Water Elemental (2)', 0, 0, @SGGUID+16, 11, 0),

(@SGGUID+17, 'Steam Vault - Group 017 - Coilfang Myrmidon (2)', 0, 0, 0, 1, 0),
(@SGGUID+18, 'Steam Vault - Group 018 - Coilfang Siren | Coilfang Warrior (2) - Patrol 006', 0, 0, 0, 1, 0),
(@SGGUID+19, 'Steam Vault - Group 019 - Coilfang Warrior | Coilfang Siren (2)', 0, 0, 0, 1, 0),
(@SGGUID+20, 'Steam Vault - Group 020 - Coilfang Myrmidon | Coilfang Sorceress | Coilfang Siren (2)', 0, 0, 0, 1, 0),
(@SGGUID+21, 'Steam Vault - Group 021 - Coilfang Myrmidon (2) | Coilfang Sorceress | Coilfang Siren', 0, 0, 0, 1, 0),
(@SGGUID+22, 'Steam Vault - Group 022 - Coilfang Myrmidon | Coilfang Sorceress | Coilfang Engineer (2)', 0, 0, 0, 1, 0),
(@SGGUID+23, 'Steam Vault - Group 023 -  Coilfang Sorceress | Coilfang Myrmidon (2) - Patrol 007', 0, 0, 0, 1, 0),
(@SGGUID+24, 'Steam Vault - Group 024 -  Coilfang Myrmidon (2) - Patrol 007', 0, 0, 0, 1, 0),
(@SGGUID+25, 'Steam Vault - Group 025 -  Dreghood Slave (2)', 0, 0, 0, 0, 0),
(@SGGUID+26, 'Steam Vault - Group 026 -  Dreghood Slave (4)', 0, 0, 0, 0, 0),
(@SGGUID+27, 'Steam Vault - Group 027 -  Dreghood Slave (4)', 0, 0, 0, 0, 0),
(@SGGUID+28, 'Steam Vault - Group 028 -  Dreghood Slave (4)', 0, 0, 0, 0, 0),
(@SGGUID+29, 'Steam Vault - Group 029 -  Coilfang Slavemaster (2) | Dreghood Slave', 0, 0, 0, 1, 0),
(@SGGUID+30, 'Steam Vault - Group 030 -  Coilfang Leaper (8)', 0, 0, 0, 1, 0),
(@SGGUID+31, 'Steam Vault - Group 031 -  Coilfang Leaper (8)', 0, 0, 0, 1, 0),
-- 2nd Boss
(@SGGUID+32, 'Steam Vault - Group 032 -  Mekgineer Steamrigger | Steamrigger Mechanic (3)', 0, 0, 0, 1, 0),
-- 3rd boss room
(@SGGUID+33, 'Steam Vault - Group 033 -  Coilfang Myrmidon | Coilfang Engineer (2) | Coilfang Sorceress', 0, 0, 0, 1, 0), -- has waypoints after door gets opened

(@SGGUID+34, 'Steam Vault - Group 034 -  Coilfang Myrmidon (2) | Coilfang Siren | Coilfang Oracle', 0, 0, 0, 1, 0),
(@SGGUID+35, 'Steam Vault - Group 035 -  Coilfang Myrmidon | Coilfang Siren | Coilfang Oracle | Coilfang Sorceress', 0, 0, 0, 1, 0),
(@SGGUID+36, 'Steam Vault - Group 036 -  Coilfang Myrmidon | Coilfang Siren | Coilfang Oracle | Coilfang Sorceress', 0, 0, 0, 1, 0);

INSERT INTO `spawn_group_entry` (`Id`, `Entry`, `MinCount`, `MaxCount`, `Chance`) VALUES
(@SGGUID+10, 17801, 0, 1, 0), (@SGGUID+10, 17803, 0, 1, 0), -- Coilfang Siren, Coilfang Oracle
(@SGGUID+11, 17801, 0, 1, 0), (@SGGUID+11, 17803, 0, 1, 0); -- Coilfang Siren, Coilfang Oracle

INSERT INTO `spawn_group_spawn` (`Id`, `Guid`, `SlotId`, `Chance`) VALUES
(@SGGUID+1, @CGUID+90, 0, 0), -- Coilfang Warrior
(@SGGUID+1, @CGUID+91, 1, 0), -- Coilfang Warrior

(@SGGUID+2, @CGUID+75, 0, 0), -- Coilfang Siren
(@SGGUID+2, @CGUID+92, 1, 0), -- Coilfang Warrior

(@SGGUID+3, @CGUID+100, 0, 0), -- Coilfang Warrior
(@SGGUID+3, @CGUID+26, 1, 0), -- Coilfang Engineer
(@SGGUID+3, @CGUID+27, 2, 0), -- Coilfang Engineer

(@SGGUID+4, @CGUID+101, 0, 0), -- Coilfang Warrior
(@SGGUID+4, @CGUID+24, 1, 0), -- Coilfang Engineer
(@SGGUID+4, @CGUID+84, 2, 0), -- Coilfang Siren
(@SGGUID+4, @CGUID+111, 2, 0), -- Coilfang Oracle

(@SGGUID+5, @CGUID+158, 0, 0), -- Tidal Surger
(@SGGUID+5, @CGUID+164, 1, 0), -- Steam Surger
(@SGGUID+5, @CGUID+165, 2, 0), -- Steam Surger
(@SGGUID+5, @CGUID+166, 3, 0), -- Steam Surger
(@SGGUID+5, @CGUID+167, 4, 0), -- Steam Surger

(@SGGUID+6, @CGUID+99, 0, 0), -- Coilfang Warrior
(@SGGUID+6, @CGUID+29, 1, 0), -- Coilfang Engineer
(@SGGUID+6, @CGUID+178, 2, 0), -- Coilfang Oracle

(@SGGUID+7, @CGUID+112, 0, 0), -- Coilfang Oracle
(@SGGUID+7, @CGUID+88, 1, 0), -- Coilfang Siren
(@SGGUID+7, @CGUID+89, 2, 0), -- Coilfang Siren

(@SGGUID+8, @CGUID+159, 0, 0), -- Tidal Surger
(@SGGUID+8, @CGUID+168, 1, 0), -- Steam Surger
(@SGGUID+8, @CGUID+169, 2, 0), -- Steam Surger
(@SGGUID+8, @CGUID+170, 3, 0), -- Steam Surger
(@SGGUID+8, @CGUID+171, 4, 0), -- Steam Surger

(@SGGUID+9, @CGUID+93, 0, 0), -- Coilfang Warrior
(@SGGUID+9, @CGUID+20, 1, 0), -- Coilfang Engineer
(@SGGUID+9, @CGUID+31, 2, 0), -- Coilfang Engineer
(@SGGUID+9, @CGUID+181, 3, 0), -- Coilfang Oracle


(@SGGUID+10, @CGUID+103, 0, 0), -- Coilfang Warrior
(@SGGUID+10, @CGUID+25, 1, 0), -- Coilfang Engineer
(@SGGUID+10, @CGUID+30, 2, 0), -- Coilfang Engineer
(@SGGUID+10, @CGUID+179, 3, 0), -- spawn_group_entry

(@SGGUID+11, @CGUID+102, 0, 0), -- Coilfang Warrior
(@SGGUID+11, @CGUID+23, 1, 0), -- Coilfang Engineer
(@SGGUID+11, @CGUID+28, 2, 0), -- Coilfang Engineer
(@SGGUID+11, @CGUID+180, 3, 0), -- spawn_group_entry

(@SGGUID+12, @CGUID+157, 0, 0), -- Tidal Surger
(@SGGUID+12, @CGUID+160, 1, 0), -- Steam Surger
(@SGGUID+12, @CGUID+161, 2, 0), -- Steam Surger
(@SGGUID+12, @CGUID+162, 3, 0), -- Steam Surger
(@SGGUID+12, @CGUID+163, 4, 0), -- Steam Surger

(@SGGUID+13, @CGUID+94, 0, 0), -- Coilfang Warrior
(@SGGUID+13, @CGUID+76, 1, 0), -- Coilfang Siren
(@SGGUID+13, @CGUID+85, 2, 0), -- Coilfang Siren
(@SGGUID+13, @CGUID+106, 3, 0), -- Coilfang Oracle

(@SGGUID+14, @CGUID+98, 0, 0), -- Coilfang Warrior
(@SGGUID+14, @CGUID+86, 1, 0), -- Coilfang Siren
(@SGGUID+14, @CGUID+87, 2, 0), -- Coilfang Siren
(@SGGUID+14, @CGUID+107, 3, 0), -- Coilfang Oracle

(@SGGUID+15, @CGUID+96, 0, 0), -- Coilfang Warrior
(@SGGUID+15, @CGUID+77, 1, 0), -- Coilfang Siren
(@SGGUID+15, @CGUID+78, 2, 0), -- Coilfang Siren

(@SGGUID+16, @CGUID+43, 0, 0), -- Hydromancer Thespia
(@SGGUID+16, @CGUID+119, 1, 0), -- Coilfang Water Elemental
(@SGGUID+16, @CGUID+120, 2, 0), -- Coilfang Water Elemental

(@SGGUID+17, @CGUID+60, 0, 0), -- Coilfang Myrmidon
(@SGGUID+17, @CGUID+61, 1, 0), -- Coilfang Myrmidon

(@SGGUID+18, @CGUID+32, 0, 0), -- Coilfang Siren
(@SGGUID+18, @CGUID+95, 1, 0), -- Coilfang Warrior
(@SGGUID+18, @CGUID+104, 2, 0), -- Coilfang Warrior

(@SGGUID+19, @CGUID+97, 0, 0), -- Coilfang Warrior
(@SGGUID+19, @CGUID+40, 1, 0), -- Coilfang Siren
(@SGGUID+19, @CGUID+41, 2, 0), -- Coilfang Siren

(@SGGUID+20, @CGUID+68, 0, 0), -- Coilfang Myrmidon
(@SGGUID+20, @CGUID+35, 1, 0), -- Coilfang Sorceress
(@SGGUID+20, @CGUID+80, 2, 0), -- Coilfang Siren
(@SGGUID+20, @CGUID+81, 3, 0), -- Coilfang Siren

(@SGGUID+21, @CGUID+64, 0, 0), -- Coilfang Myrmidon
(@SGGUID+21, @CGUID+65, 1, 0), -- Coilfang Myrmidon
(@SGGUID+21, @CGUID+33, 2, 0), -- Coilfang Sorceress
(@SGGUID+21, @CGUID+79, 3, 0), -- Coilfang Siren

(@SGGUID+22, @CGUID+74, 0, 0), -- Coilfang Myrmidon
(@SGGUID+22, @CGUID+21, 1, 0), -- Coilfang Engineer
(@SGGUID+22, @CGUID+22, 2, 0), -- Coilfang Engineer
(@SGGUID+22, @CGUID+39, 3, 0), -- Coilfang Sorceress

(@SGGUID+23, @CGUID+34, 0, 0), -- Coilfang Sorceress
(@SGGUID+23, @CGUID+66, 1, 0), -- Coilfang Engineer
(@SGGUID+23, @CGUID+67, 2, 0), -- Coilfang Engineer

(@SGGUID+24, @CGUID+62, 0, 0), -- Coilfang Myrmidon
(@SGGUID+24, @CGUID+63, 1, 0), -- Coilfang Myrmidon

(@SGGUID+25, @CGUID+49, -1, 0), -- Dreghood Slave
(@SGGUID+25, @CGUID+50, -1, 0), -- Dreghood Slave

(@SGGUID+26, @CGUID+55, -1, 0), -- Dreghood Slave
(@SGGUID+26, @CGUID+56, -1, 0), -- Dreghood Slave
(@SGGUID+26, @CGUID+57, -1, 0), -- Dreghood Slave
(@SGGUID+26, @CGUID+59, -1, 0), -- Dreghood Slave

(@SGGUID+27, @CGUID+45, -1, 0), -- Dreghood Slave
(@SGGUID+27, @CGUID+46, -1, 0), -- Dreghood Slave
(@SGGUID+27, @CGUID+47, -1, 0), -- Dreghood Slave
(@SGGUID+27, @CGUID+58, -1, 0), -- Dreghood Slave

(@SGGUID+28, @CGUID+51, -1, 0), -- Dreghood Slave
(@SGGUID+28, @CGUID+52, -1, 0), -- Dreghood Slave
(@SGGUID+28, @CGUID+53, -1, 0), -- Dreghood Slave
(@SGGUID+28, @CGUID+54, -1, 0), -- Dreghood Slave

(@SGGUID+29, @CGUID+115, -1, 0), -- Coilfang Slavemaster
(@SGGUID+29, @CGUID+116, -1, 0), -- Coilfang Slavemaster
(@SGGUID+29, @CGUID+48, -1, 0), -- Dreghood Slave

(@SGGUID+30, @CGUID+136, -1, 0), -- Coilfang Leper
(@SGGUID+30, @CGUID+137, -1, 0), -- Coilfang Leper
(@SGGUID+30, @CGUID+138, -1, 0), -- Coilfang Leper
(@SGGUID+30, @CGUID+139, -1, 0), -- Coilfang Leper
(@SGGUID+30, @CGUID+140, -1, 0), -- Coilfang Leper
(@SGGUID+30, @CGUID+141, -1, 0), -- Coilfang Leper
(@SGGUID+30, @CGUID+142, -1, 0), -- Coilfang Leper
(@SGGUID+30, @CGUID+143, -1, 0), -- Coilfang Leper


(@SGGUID+31, @CGUID+144, -1, 0), -- Coilfang Leper
(@SGGUID+31, @CGUID+145, -1, 0), -- Coilfang Leper
(@SGGUID+31, @CGUID+146, -1, 0), -- Coilfang Leper
(@SGGUID+31, @CGUID+147, -1, 0), -- Coilfang Leper
(@SGGUID+31, @CGUID+148, -1, 0), -- Coilfang Leper
(@SGGUID+31, @CGUID+149, -1, 0), -- Coilfang Leper
(@SGGUID+31, @CGUID+150, -1, 0), -- Coilfang Leper
(@SGGUID+31, @CGUID+151, -1, 0), -- Coilfang Leper

(@SGGUID+32, @CGUID+42, 0, 0), -- Mekgineer Steamrigger
(@SGGUID+32, @CGUID+121, 1, 0), -- Steamrigger Mechanic
(@SGGUID+32, @CGUID+122, 2, 0), -- Steamrigger Mechanic
(@SGGUID+32, @CGUID+123, 3, 0), -- Steamrigger Mechanic

(@SGGUID+33, @CGUID+177, 0, 0), -- Coilfang Myrmidon
(@SGGUID+33, @CGUID+174, 1, 0), -- Coilfang Enginee
(@SGGUID+33, @CGUID+175, 2, 0), -- Coilfang Enginee
(@SGGUID+33, @CGUID+176, 3, 0), -- Coilfang Sorceress

(@SGGUID+34, @CGUID+70, 0, 0), -- Coilfang Myrmidon
(@SGGUID+34, @CGUID+71, 1, 0), -- Coilfang Myrmidon
(@SGGUID+34, @CGUID+118, 2, 0), -- Coilfang Siren
(@SGGUID+34, @CGUID+108, 3, 0), -- Coilfang Oracle

(@SGGUID+35, @CGUID+72, 0, 0), -- Coilfang Myrmidon
(@SGGUID+35, @CGUID+38, 1, 0), -- Coilfang Sorceress
(@SGGUID+35, @CGUID+82, 2, 0), -- Coilfang Siren
(@SGGUID+35, @CGUID+109, 3, 0), -- Coilfang Oracle

(@SGGUID+36, @CGUID+73, 0, 0), -- Coilfang Myrmidon
(@SGGUID+36, @CGUID+37, 1, 0), -- Coilfang Sorceress
(@SGGUID+36, @CGUID+83, 2, 0), -- Coilfang Siren
(@SGGUID+36, @CGUID+110, 3, 0); -- Coilfang Oracle

INSERT INTO `spawn_group_formation` (`Id`, `FormationType`, `FormationSpread`, `FormationOptions`, `PathId`, `MovementType`, `Comment`) VALUES
(@SGGUID+2, 2, 2, 0, @SGGUID+2, 2, 'Steam Vault - Group 002 - Coilfang Warrior| Coilfang Siren - Patrol 001'),
(@SGGUID+5, 6, 3, 0, @SGGUID+5, 4, 'Steam Vault - Group 005 - Tidal Surger | Steam Surger (4) - Patrol 002'),
(@SGGUID+8, 6, 3, 0, @SGGUID+8, 4, 'Steam Vault - Group 008 - Tidal Surger | Steam Surger (4) - Patrol 003'),
(@SGGUID+12, 6, 3, 0, @SGGUID+12, 4, 'Steam Vault - Group 012 - Tidal Surger | Steam Surger (4) - Patrol 004'),
(@SGGUID+15, 3, 3, 0, @SGGUID+15, 2, 'Steam Vault - Group 015 - Coilfang Warrior | Coilfang Siren (2) - Patrol 005'),
(@SGGUID+18, 2, 4, 0, @SGGUID+18, 2, 'Steam Vault - Group 018 - Coilfang Siren | Coilfang Warrior (2) - Patrol 006'),
(@SGGUID+23, 2, 4, 0, @SGGUID+23, 2, 'Steam Vault - Group 023 -  Coilfang Sorceress | Coilfang Myrmidon (2) - Patrol 007');

-- INSERT INTO `spawn_group_linked_group` (`Id`, `LinkedId`) VALUES

INSERT INTO `waypoint_path_name` (`PathId`, `Name`) VALUES
(@SGGUID+2,'Steam Vault - Group 002 - Coilfang Warrior| Coilfang Siren - Patrol 001'),
(@SGGUID+5,'Steam Vault - Group 005 - Tidal Surger | Steam Surger (4) - Patrol 002'),
(@SGGUID+8,'Steam Vault - Group 008 - Tidal Surger | Steam Surger (4) - Patrol 003'),
(@SGGUID+12,'Steam Vault - Group 012 - Tidal Surger | Steam Surger (4) - Patrol 004'),
(@SGGUID+15,'Steam Vault - Group 015 - Coilfang Warrior | Coilfang Siren (2) - Patrol 005'),
(@SGGUID+18,'Steam Vault - Group 018 - Coilfang Siren | Coilfang Warrior (2) - Patrol 006'),
(@SGGUID+23,'Steam Vault - Group 023 -  Coilfang Sorceress | Coilfang Myrmidon (2) - Patrol 007');

INSERT INTO `waypoint_path` (`PathId`, `Point`, `PositionX`, `PositionY`, `PositionZ`, `Orientation`, `WaitTime`, `ScriptId`) VALUES
(@SGGUID+2, 1, -21.152357,-102.50681,-22.623154, 100, 0, 0),
(@SGGUID+2, 2, -11.117714,-95.33835,-21.338488, 100, 0, 0),
(@SGGUID+2, 3, 5.809313,-97.299416,-22.554895, 100, 0, 0),
(@SGGUID+2, 4, 13.625943,-107.37473,-22.068163, 100, 0, 0),
(@SGGUID+2, 5, 10.61573,-119.68263,-21.674156, 100, 0, 0),
(@SGGUID+2, 6, -4.742761,-116.86002,-20.737574, 100, 0, 0),
(@SGGUID+2, 7, -18.111202,-111.55076,-22.492619, 100, 0, 0),

(@SGGUID+5, 1,74.02218,-109.2243,-22.627672, 100, 0, 0),
(@SGGUID+5, 2,57.948982,-114.72305,-22.61207, 100, 0, 0),
(@SGGUID+5, 3,47.457386,-117.81651,-22.616959, 100, 0, 0),
(@SGGUID+5, 4,49.124054,-130.7106,-22.783794, 100, 0, 0),
(@SGGUID+5, 5,32.35119,-129.22713,-22.444157, 100, 0, 0),
(@SGGUID+5, 6,31.37296,-147.21597,-22.541405, 100, 0, 0),
(@SGGUID+5, 7,18.65977,-169.44081,-22.41369, 100, 0, 0),
(@SGGUID+5, 8,28.451773,-183.30582,-22.477484, 100, 0, 0),

(@SGGUID+8, 1, -13.092999,-158.90938,-22.758324, 100, 0, 0),
(@SGGUID+8, 2, -7.079567,-173.08127,-23.894531, 100, 0, 0),
(@SGGUID+8, 3, 2.950016,-181.21527,-22.511261, 100, 0, 0),
(@SGGUID+8, 4, 17.594118,-181.13298,-22.42181, 100, 0, 0),
(@SGGUID+8, 5, 18.493568,-203.59416,-22.401865, 100, 0, 0),

(@SGGUID+12, 1, 8.4541445,-247.87244,-23.351183, 100, 0, 0),
(@SGGUID+12, 2, 18.289186,-233.34319,-22.514954, 100, 0, 0),
(@SGGUID+12, 3, 32.239754,-218.6089,-22.641357, 100, 0, 0),
(@SGGUID+12, 4, 39.663795,-206.20955,-22.631807, 100, 0, 0),

(@SGGUID+15, 1, 25.20531,-290.68213,-14.989609, 100, 0, 0),
(@SGGUID+15, 2, 31.940006,-299.07193,-11.075828, 100, 0, 0),
(@SGGUID+15, 3, 42.50777,-309.3481,-8.581169, 100, 0, 0),
(@SGGUID+15, 4, 50.684578,-313.20782,-7.8758006, 100, 0, 0),
(@SGGUID+15, 5, 58.87572,-312.87286,-7.8382745, 100, 0, 0),
(@SGGUID+15, 6, 54.342773,-305.77542,-8.016985, 100, 0, 0),
(@SGGUID+15, 7, 46.51864,-300.70828,-9.331282, 100, 0, 0),
(@SGGUID+15, 8, 39.009525,-296.1325,-11.29513, 100, 0, 0),
(@SGGUID+15, 9, 32.261616,-289.734,-14.999209, 100, 0, 0),
(@SGGUID+15, 10, 30.141489,-280.44644,-20.453438, 100, 0, 0),
(@SGGUID+15, 11, 28.086605,-273.46967,-22.714405, 100, 0, 0),
(@SGGUID+15, 12, 23.565224,-274.07584,-22.648148, 100, 0, 0),
(@SGGUID+15, 13, 21.919817,-282.32028,-19.062641, 100, 0, 0),

(@SGGUID+18, 1, -74.92898,-229.57784,-18.909721, 100, 0, 0),
(@SGGUID+18, 2, -86.678955,-246.64375,-15.4666815, 100, 0, 0),
(@SGGUID+18, 3, -90.98924,-265.70905,-9.550582, 100, 0, 0),
(@SGGUID+18, 4, -90.79606,-264.85455,-9.507359, 100, 0, 0),
(@SGGUID+18, 5, -74.37394,-230.1419,-18.92191, 100, 0, 0),
(@SGGUID+18, 6, -62.476406,-221.98744,-18.458496, 100, 0, 0),
(@SGGUID+18, 7, -40.760025,-213.22351,-18.498798, 100, 0, 0),
(@SGGUID+18, 8, -41.347233,-213.46048,-18.549793, 100, 0, 0),

(@SGGUID+23, 1, -91.39205,-357.87564,-7.7673373, 100, 0, 0),
(@SGGUID+23, 2, -94.1074,-345.16232,-7.7673373, 100, 0, 0),
(@SGGUID+23, 3, -93.58572,-326.24854,-7.7673373, 100, 0, 0),
(@SGGUID+23, 4, -93.20531,-311.05127,-7.7673373, 100, 0, 0),
(@SGGUID+23, 5, -93.599785,-296.32315,-7.7673373, 100, 0, 0),
(@SGGUID+23, 6, -83.39314,-293.8334,-7.7673373, 100, 0, 0),
(@SGGUID+23, 7, -73.73996,-310.9025,-7.7673373, 100, 0, 0),
(@SGGUID+23, 8, -70.752014,-327.96936,-7.7673373, 100, 0, 0),
(@SGGUID+23, 9, -65.850624,-344.17862,-7.7673373, 100, 0, 0),
(@SGGUID+23, 10, -70.46632,-361.62686,-7.7673407, 100, 0, 0),
(@SGGUID+23, 11, -81.76927,-369.32306,-7.7673373, 100, 0, 0);

DELETE FROM `conditions` WHERE `condition_entry` = @SGGUID+16;
INSERT INTO `conditions` (`condition_entry`, `type`, `value1`, `value2`, `value3`, `value4`, `flags`, `comments`) VALUES 
(@SGGUID+16, 42, 4663, 1, 0, 0, 0, 'Steam Vault - Hydromancer Thespia');

-- StringIDs
DELETE FROM string_id WHERE Id = @STRINGID+1;
INSERT INTO `string_id` (Id, Name) VALUES 
(@STRINGID+1, 'SV_COILFANG_SLAVEHANDLER_01');

-- =======
-- POOLING
-- =======

INSERT INTO `pool_pool` (`pool_id`, `mother_pool`, `chance`, `description`) VALUES
(@PGUID+26, @PGUID+25, 0, 'Adamantite Deposit / Rich Adamantite Deposit - #1'),
(@PGUID+27, @PGUID+25, 0, 'Adamantite Deposit / Rich Adamantite Deposit - #2'),
(@PGUID+28, @PGUID+25, 0, 'Adamantite Deposit / Rich Adamantite Deposit - #3'),
(@PGUID+29, @PGUID+25, 0, 'Adamantite Deposit / Khorium Vein - #4');

INSERT INTO `pool_template` (`entry`, `max_limit`, `description`) VALUES
(@PGUID+20, 1, 'Steamvault - Swamp Gas (17378)'),
(@PGUID+21, 1, 'Steamvault - Felweed (181270)'),
(@PGUID+22, 1, 'Steamvault - Ragveil / Flame Cap #1'),
(@PGUID+23, 1, 'Steamvault - Ragveil / Flame Cap #2'),
(@PGUID+24, 4, 'Steamvault - Ancient Lichen (181278)'),
(@PGUID+25, 4, 'Steamvault - Master Mineral Pool'),
(@PGUID+26, 1, 'Steamvault - Adamantite Deposit / Rich Adamantite Deposit #1'),
(@PGUID+27, 1, 'Steamvault - Adamantite Deposit / Rich Adamantite Deposit #2'),
(@PGUID+28, 1, 'Steamvault - Adamantite Deposit / Rich Adamantite Deposit #3'),
(@PGUID+29, 1, 'Steamvault - Adamantite Deposit / Khorium Vein #4'),
(@PGUID+40, 1, 'Steamvault - Master Chest Pool First Boss'),
(@PGUID+41, 1, 'Steamvault - Master Chest Pool Second Boss');

INSERT INTO `pool_creature` (`guid`, `pool_entry`, `chance`, `description`) VALUES
(@CGUID+6, @PGUID+20, 0, 'Steamvault - Crab (6827)'),
(@CGUID+36, @PGUID+20, 0, 'Steamvault - Swamp Gas (17378)');

-- INSERT INTO `pool_creature_template` (`id`, `pool_entry`, `chance`, `description`) VALUES

INSERT INTO `pool_gameobject` (`guid`, `pool_entry`, `chance`, `description`) VALUES
(@OGUID+1, @PGUID+21, 0, 'Steamvault - Felweed (181270)'),
(@OGUID+2, @PGUID+21, 0, 'Steamvault - Felweed (181270)'),
(@OGUID+3, @PGUID+22, 0, 'Steamvault - Ragveil (181275)'),
(@OGUID+5, @PGUID+22, 0, 'Steamvault - Flame Cap (181276)'),
(@OGUID+4, @PGUID+23, 0, 'Steamvault - Ragveil (181275)'),
(@OGUID+6, @PGUID+23, 0, 'Steamvault - Flame Cap (181276)'),
(@OGUID+7, @PGUID+24, 0, 'Steamvault - Ancient Lichen (181278)'),
(@OGUID+8, @PGUID+24, 0, 'Steamvault - Ancient Lichen (181278)'),
(@OGUID+9, @PGUID+24, 0, 'Steamvault - Ancient Lichen (181278)'),
(@OGUID+10, @PGUID+24, 0, 'Steamvault - Ancient Lichen (181278)'),
(@OGUID+11, @PGUID+24, 0, 'Steamvault - Ancient Lichen (181278)'),
(@OGUID+12, @PGUID+24, 0, 'Steamvault - Ancient Lichen (181278)'),
(@OGUID+13, @PGUID+24, 0, 'Steamvault - Ancient Lichen (181278)'),
(@OGUID+14, @PGUID+24, 0, 'Steamvault - Ancient Lichen (181278)'),
(@OGUID+15, @PGUID+24, 0, 'Steamvault - Ancient Lichen (181278)'),
(@OGUID+53, @PGUID+24, 0, 'Steamvault - Ancient Lichen (181278)'),
(@OGUID+54, @PGUID+24, 0, 'Steamvault - Ancient Lichen (181278)'),
(@OGUID+55, @PGUID+24, 0, 'Steamvault - Ancient Lichen (181278)'),
(@OGUID+56, @PGUID+24, 0, 'Steamvault - Ancient Lichen (181278)'),
(@OGUID+17, @PGUID+25, 0, 'Steamvault - Fel Iron Deposit (181555)'),
(@OGUID+18, @PGUID+25, 0, 'Steamvault - Fel Iron Deposit (181555)'),
(@OGUID+19, @PGUID+25, 0, 'Steamvault - Fel Iron Deposit (181555)'),
(@OGUID+20, @PGUID+25, 0, 'Steamvault - Fel Iron Deposit (181555)'),
(@OGUID+21, @PGUID+25, 0, 'Steamvault - Fel Iron Deposit (181555)'),
(@OGUID+22, @PGUID+25, 0, 'Steamvault - Fel Iron Deposit (181555)'),
(@OGUID+23, @PGUID+25, 0, 'Steamvault - Adamantite Deposit (181556)'),
(@OGUID+24, @PGUID+25, 0, 'Steamvault - Adamantite Deposit (181556)'),
(@OGUID+27, @PGUID+25, 0, 'Steamvault - Adamantite Deposit (181556)'),
(@OGUID+29, @PGUID+26, 0, 'Steamvault - Rich Adamantite Deposit (181569) - #1'),
(@OGUID+31, @PGUID+26, 0, 'Steamvault - Adamantite Deposit (181556) - #1'),
(@OGUID+25, @PGUID+27, 0, 'Steamvault - Adamantite Deposit (181556) - #2'),
(@OGUID+32, @PGUID+27, 0, 'Steamvault - Rich Adamantite Deposit (181569) - #2'),
(@OGUID+26, @PGUID+28, 0, 'Steamvault - Adamantite Deposit (181556) - #3'),
(@OGUID+33, @PGUID+28, 0, 'Steamvault - Rich Adamantite Deposit (181569) - #3'),
(@OGUID+28, @PGUID+29, 0, 'Steamvault - Adamantite Deposit (181556) - #4'),
(@OGUID+16, @PGUID+29, 20, 'Steamvault - Khorium Vein (181557) - #4'),
(@OGUID+39, @PGUID+40, 0, 'Steamvault - Bound / Solid Adamantite Chest (184940,184941)'),
(@OGUID+40, @PGUID+40, 0, 'Steamvault - Bound / Solid Adamantite Chest (184940,184941)'),
(@OGUID+41, @PGUID+40, 0, 'Steamvault - Bound / Solid Adamantite Chest (184940,184941)'),
(@OGUID+42, @PGUID+40, 0, 'Steamvault - Bound / Solid Adamantite Chest (184940,184941)'),
(@OGUID+43, @PGUID+41, 0, 'Steamvault - Bound / Solid Adamantite Chest (184940,184941)'),
(@OGUID+44, @PGUID+41, 0, 'Steamvault - Bound / Solid Adamantite Chest (184940,184941)'),
(@OGUID+45, @PGUID+41, 0, 'Steamvault - Bound / Solid Adamantite Chest (184940,184941)');

-- INSERT INTO `pool_gameobject_template` (`id`, `pool_entry`, `chance`, `description`) VALUES

-- =========
-- DBSCRIPTS
-- =========

-- INSERT INTO `dbscripts_on_creature_movement` (`id`, `delay`, `command`, `datalong`, `datalong2`, `datalong3`, `buddy_entry`, `search_radius`, `data_flags`, `dataint`, `dataint2`, `dataint3`, `dataint4`, `x`, `y`, `z`, `o`, `comments`) VALUES
-- INSERT INTO `dbscripts_on_creature_death` (`id`, `delay`, `command`, `datalong`, `datalong2`, `datalong3`, `buddy_entry`, `search_radius`, `data_flags`, `dataint`, `dataint2`, `dataint3`, `dataint4`, `x`, `y`, `z`, `o`, `comments`) VALUES
-- INSERT INTO `dbscripts_on_go_use` (`id`, `delay`, `command`, `datalong`, `datalong2`, `datalong3`, `buddy_entry`, `search_radius`, `data_flags`, `dataint`, `dataint2`, `dataint3`, `dataint4`, `x`, `y`, `z`, `o`, `comments`) VALUES

DELETE FROM `dbscripts_on_go_template_use` WHERE `id` IN (184125,184126);
INSERT INTO `dbscripts_on_go_template_use` (`id`, `delay`, `command`, `datalong`, `datalong2`, `datalong3`, `buddy_entry`, `search_radius`, `data_flags`, `dataint`, `dataint2`, `dataint3`, `dataint4`, `x`, `y`, `z`, `o`, `comments`) VALUES
(184125, 0, 0, 0, 0, 0, 0, 0, 0, 18599, 0, 0, 0, 0, 0, 0, 0, 'Invisible Stalker Coilfang Doors 20926 - Emote on 184125 go template use'),
(184126, 0, 0, 0, 0, 0, 0, 0, 0, 18599, 0, 0, 0, 0, 0, 0, 0, 'Invisible Stalker Coilfang Doors 20926 - Emote on 184126 go template use'),
(184126, 0, 0, 0, 0, 0, 0, 0, 0, 18600, 0, 0, 0, 0, 0, 0, 0, 'Invisible Stalker Coilfang Doors 20926 - Emote on 184126 go template use'), -- should be conditioned to whichever go is activated last
(184126, 12000, 20, 2, 0, 0, 17722, @CGUID+174, 23, 0, 0, 0, 0, 0, 0, 0, 0, 'Coilfang Sorceress 17722 - Change MovementType to 2 on 2000020038'),
(184126, 12000, 20, 2, 0, 0, 17803, @CGUID+175, 23, 0, 0, 0, 0, 0, 0, 0, 0, 'Coilfang Oracle 17803 - Change MovementType to 2 on 2000020038'),
(184126, 12000, 20, 2, 0, 0, 17800, @CGUID+177, 23, 0, 0, 0, 0, 0, 0, 0, 0, 'Coilfang Myrmidon 17800 - Change MovementType to 2 on 2000020038'),
(184126, 12000, 20, 2, 0, 0, 17800, @CGUID+176, 23, 0, 0, 0, 0, 0, 0, 0, 0, 'Coilfang Myrmidon 17800 - Change MovementType to 2 on 2000020038');

DELETE FROM dbscripts_on_relay WHERE id BETWEEN @RELAYID+1 AND @RELAYID+4;
INSERT INTO `dbscripts_on_relay` (`id`, `delay`, `priority`, `command`, `datalong`, `datalong2`, `datalong3`, `buddy_entry`, `search_radius`, `data_flags`, `dataint`, `dataint2`, `dataint3`, `dataint4`, `x`, `y`, `z`, `o`, `comments`) VALUES
(@RELAYID+1,0,0,42,0,0,0,0,0,0,0,2023,0,0,0,0,0,0,'Coilfang Engineer - EquipSet 2'),
-- Dreghood Slave
(@RELAYID+2,0,0,20,2,1,0,0,0,0,0,0,0,0,0,0,0,0,'Dreghood Slave - Set Active'), -- just to make sure they run their way to the end and despawn
(@RELAYID+2,0,1,20,0,0,0,0,0,0,2,0,0,0,0,0,0,0,'Dreghood Slave - Stop Movement'),
(@RELAYID+2,0,2,1,5,0,0,0,0,0,0,0,0,0,0,0,0,0,'Dreghood Slave - Emote OneShotExclamation'),
(@RELAYID+2,0,3,0,@RELAYID+1,0,0,0,0,0,0,0,0,0,0,0,0,0,'Dreghood Slave - random yell'),
(@RELAYID+2,2000,0,20,2,1,0,0,0,0,2,0,0,0,0,0,0,0,'Dreghood Slave - Change Movement'),
-- Dreghood Slave on recive Event A - if slavemaster starts combat he sends AI Event A to Drehood Slave
(@RELAYID+3,0,1,22,16,3,0,0,0,0,0,0,0,0,0,0,0,0,'Dreghood Slave - Set Faction to 16'),
(@RELAYID+3,0,2,50,0,0,0,0,0,0,0,0,0,0,0,0,0,0,'Dreghood Slave - Zone Combat pulse'),
(@RELAYID+3,0,3,55,@STRINGID+1,1,0,0,0,0,0,0,0,0,0,0,0,0,'Dreghood Slave - set StringID'),
-- Coilfang Slavemaster on Death script
(@RELAYID+4,0,0,31,0,5,0,@STRINGID+1,15,0x800,0,0,0,0,0,0,0,0, 'Coilfang Slavemaster - search for string id - terminate if not found'),
(@RELAYID+4,1,0,35,7,0,0,@STRINGID+1,15,2561,0,0,0,0,0,0,0,0,'Shattered Hand Legionnaire - send Custom AI Event B too StringID');


DELETE FROM dbscript_random_templates WHERE id IN (@RELAYID+1, @RELAYID+2);
INSERT INTO dbscript_random_templates (id, type, target_id, chance, comments) VALUES
-- Dreghood Slave random yells
(@RELAYID+1, 0, 18707, 0, 'Steam Vault - Dreghood Slave - random yell'),
(@RELAYID+1, 0, 18708, 0, 'Steam Vault - Dreghood Slave - random yell'),
(@RELAYID+1, 0, 18710, 0, 'Steam Vault - Dreghood Slave - random yell'),
(@RELAYID+1, 0, 18712, 0, 'Steam Vault - Dreghood Slave - random yell'),
(@RELAYID+1, 0, 18713, 0, 'Steam Vault - Dreghood Slave - random yell'),
(@RELAYID+1, 0, 18711, 0, 'Steam Vault - Dreghood Slave - random yell'),
-- Coilfang Slavemaster random text
(@RELAYID+2, 0, 14404, 0, 'Steam Vault - Coilfang Slavemaster - random yell'),
(@RELAYID+2, 0, 14405, 0, 'Steam Vault - Coilfang Slavemaster - random yell');

-- INSERT INTO `dbscripts_on_event` (`id`, `delay`, `command`, `datalong`, `datalong2`, `datalong3`, `buddy_entry`, `search_radius`, `data_flags`, `dataint`, `dataint2`, `dataint3`, `dataint4`, `x`, `y`, `z`, `o`, `comments`) VALUES
-- INSERT INTO `dbscripts_on_spell` (`id`, `delay`, `command`, `datalong`, `datalong2`, `datalong3`, `buddy_entry`, `search_radius`, `data_flags`, `dataint`, `dataint2`, `dataint3`, `dataint4`, `x`, `y`, `z`, `o`, `comments`) VALUES
-- INSERT INTO `dbscripts_on_gossip` (`id`, `delay`, `command`, `datalong`, `datalong2`, `datalong3`, `buddy_entry`, `search_radius`, `data_flags`, `dataint`, `dataint2`, `dataint3`, `dataint4`, `x`, `y`, `z`, `o`, `comments`) VALUES
-- INSERT INTO `dbscripts_on_quest_start` (`id`, `delay`, `command`, `datalong`, `datalong2`, `datalong3`, `buddy_entry`, `search_radius`, `data_flags`, `dataint`, `dataint2`, `dataint3`, `dataint4`, `x`, `y`, `z`, `o`, `comments`) VALUES
-- INSERT INTO `dbscripts_on_quest_end` (`id`, `delay`, `command`, `datalong`, `datalong2`, `datalong3`, `buddy_entry`, `search_radius`, `data_flags`, `dataint`, `dataint2`, `dataint3`, `dataint4`, `x`, `y`, `z`, `o`, `comments`) VALUES



