/* DBScriptData
DBName: Coilfang Reservoir - The Underbog
DBScriptName: -
DB%Complete: 95
DBComment:
* ToDO:
* SpawnGroup +29 and +30 possible to have a rnd emote/rp
* Following Groups are missing a special combination of spawns
* Group 18 Tribesman, Tribesman, Spearman (currently missing)
* Group 24 Tribesman Spearman Tribesman
* Group 25 Tribesman Tribesman Spearman
EndDBScriptData */

SET @CGUID := 5460000; -- creatures
SET @OGUID := 5460000; -- gameobjects
SET @PGUID := 48500; -- pools
SET @SGGUID := 5460000; -- spawn_groups
SET @STRINGID := 5460000; -- used for StringID's
SET @RELAYID := 5460000; -- used for dbscript_relay

-- =========
-- CREATURES
-- =========

INSERT INTO `creature_movement` (`id`, `point`, `PositionX`, `PositionY`, `PositionZ`, `orientation`, `waittime`, `ScriptId`) VALUES
(@CGUID+2, 1, 93.06754, -360.33292,33.215553, 100, 0, 0),
(@CGUID+2, 2, 101.42537,-344.6663,32.977905, 100, 0, 0),
(@CGUID+2, 3, 96.96455,-311.36377,32.529114, 100, 0, 0),
(@CGUID+2, 4, 88.84355,-286.01645,32.128727, 100, 0, 0),
(@CGUID+2, 5, 68.26116,-284.1465,32.08228, 100, 0, 0),
(@CGUID+2, 6, 42.476913,-293.77115,32.69076, 100, 0, 0),
(@CGUID+2, 7, 19.44412,-308.63614,31.892838, 100, 0, 0),
(@CGUID+4, 1, 190.18256,-52.506645,26.633347, 100, 0, 0),
(@CGUID+4, 2, 176.59203,-61.29988,26.51584, 100, 0, 0),
(@CGUID+4, 3, 161.12509,-70.36053,27.062626, 100, 0, 0),
(@CGUID+4, 4, 153.02617,-93.89476,26.35261, 100, 0, 0),
(@CGUID+5, 1,-96.95158,-227.70627,-4.376714, 100, 0, 0),
(@CGUID+5, 2,-69.680275,-228.86562,-4.5370073, 100, 0, 0),
(@CGUID+5, 3,-50.817432,-226.48108,-4.5365863, 100, 0, 0),
(@CGUID+6, 1, -92.30222,-302.19803,-4.5357122, 100, 0, 0),
(@CGUID+6, 2, -59.19425,-289.67743,-4.5349183, 100, 0, 0),
(@CGUID+6, 3, -42.62119,-269.50012,-4.535499, 100, 0, 0),
(@CGUID+10, 1, -21.110575,-342.88358,30.821274, 100, 0, 0),
(@CGUID+10, 2, 1.211546,-323.15225,30.926214, 100, 0, 0),
(@CGUID+10, 3, 27.59817,-304.36447,32.139996, 100, 0, 0),
(@CGUID+11, 1, 51.442417,-44.740856,-2.7446182, 100, 200, 0),
(@CGUID+11, 2, 64.93866,-57.066772,-2.7489753, 100, 200, 0),
(@CGUID+12, 1, 53.99983,-103.86216,-2.7446675, 100, 200, 0),
(@CGUID+12, 2, 66.39136,-88.559586,-2.7552373, 100, 0, 0),
(@CGUID+12, 3, 70.82785,-65.18546,-2.7509038, 100, 0, 0),
(@CGUID+12, 4, 60.469746,-48.50313,-2.752787, 100, 200, 0),
(@CGUID+98, 1, 250.05904,-367.16782,72.172905, 100, 0, 0),
(@CGUID+98, 2, 256.61053,-374.54532,72.26968, 100, 0, 0),
(@CGUID+98, 3, 264.9766,-377.12155,72.15923, 100, 0, 0),
(@CGUID+98, 4, 272.08115,-381.04507,72.14804, 100, 0, 0),
(@CGUID+120, 1, 158.52997,-167.41908,32.282738, 100, 0, 0),
(@CGUID+120, 2, 169.54633,-135.7898,28.335976, 100, 0, 0),
(@CGUID+120, 3, 193.61502,-133.56485,28.525309, 100, 0, 0),
(@CGUID+120, 4, 217.05518,-131.51497,26.753138, 100, 0, 0),
-- Large AOI Underbat (18409)
(@CGUID+121,1,-76.80704,-115.076,68.56723,100,1,5), -- run on
(@CGUID+121,2,-45.33224,-107.1401,52.16452,100,0,0),
(@CGUID+121,3,-76.80704,-115.076,68.56723,100,0,0),
(@CGUID+121,4,-45.33224,-107.1401,52.16452,100,0,0),
(@CGUID+121,5,-76.80704,-115.076,68.56723,100,0,0),
(@CGUID+121,6,-45.33224,-107.1401,52.16452,100,0,0),
(@CGUID+121,7,-76.80704,-115.076,68.56723,100,0,0),
(@CGUID+121,8,-45.33224,-107.1401,52.16452,100,0,0),
(@CGUID+121,9,-76.80704,-115.076,68.56723,100,0,0),
(@CGUID+121,10,-45.33224,-107.1401,52.16452,100,0,0),
(@CGUID+121,11,-108.2819,-123.0119,84.96994,100,0,0),
(@CGUID+121,12,-76.80704,-115.076,68.56723,100,0,0),
(@CGUID+121,13,-45.33224,-107.1401,52.16452,100,0,0),
(@CGUID+121,14,-20.51215,-95.23338,51.09309,100,0,0),
(@CGUID+121,15,-25.86987,-76.09419,50.42645,100,0,0),
(@CGUID+121,16,-43.695,-41.88463,52.75977,100,0,0),
(@CGUID+121,17,-59.02421,-52.86213,38.98198,100,0,0),
(@CGUID+121,18,-64.57032,-79.98646,40.28752,100,0,0),
(@CGUID+121,19,-37.52144,-90.8207,39.56532,100,0,0),
(@CGUID+121,20,-57.5956,-107.234,54.64865,100,0,0),
(@CGUID+121,21,-37.62119,-128.1312,57.42642,100,0,0),
(@CGUID+121,22,-15.79865,-140.4832,46.39871,100,0,0),
(@CGUID+121,23,-4.585545,-145.5955,46.27001,100,0,0),
(@CGUID+121,24,-9.124636,-176.6982,50.65889,100,0,0),
(@CGUID+121,25,-39.58754,-182.2608,47.15886,100,0,0),
(@CGUID+121,26,-46.39385,-155.3724,53.15889,100,0,0),
(@CGUID+121,27,-22.20054,-113.4849,51.18665,100,0,0),
(@CGUID+121,28,-15.71284,-67.52161,47.15886,100,0,0),
(@CGUID+121,29,-37.95539,-31.7953,47.15886,100,0,0),
(@CGUID+121,30,-58.60841,-46.52659,47.15886,100,0,0),
(@CGUID+121,31,-76.67039,-80.39093,47.15886,100,0,0),
(@CGUID+121,32,-69.5675,-106.508,47.15886,100,0,0),
(@CGUID+121,33,-24.16488,-102.9043,47.15886,100,0,0),
(@CGUID+121,34,23.35232,-93.92218,47.15886,100,0,0),
(@CGUID+121,35,29.36953,-121.5392,47.15886,100,0,0),
(@CGUID+121,36,-16.4984,-126.5227,47.15886,100,0,0),
(@CGUID+121,37,-58.09205,-130.1918,47.15886,100,0,0),
(@CGUID+121,38,-70.25954,-145.4554,47.15886,100,0,0),
(@CGUID+121,39,-62.45145,-157.462,47.15886,100,0,0),
(@CGUID+121,40,-36.58554,-135.9605,47.15886,100,0,0),
(@CGUID+121,41,-24.86647,-124.549,47.15886,100,0,0),
(@CGUID+121,42,-45.38209,-118.6299,47.15886,100,0,0),
(@CGUID+121,43,-51.9431,-112.8795,51.10336,100,0,0),
(@CGUID+121,44,-51.9431,-112.8795,51.10336,100,0,0),
(@CGUID+121,45,-108.2819,-123.0119,84.96994,100,0,0),
(@CGUID+121,46,-76.80704,-115.076,68.56723,100,0,0),
(@CGUID+122,1,-82.51579,-343.9641,6.295911,100,500,5), -- run on
(@CGUID+122,2,-96.97243,-333.7291,-11.33513,100,0,0),
(@CGUID+122,3,-89.74411,-338.8466,-2.519608,100,0,0),
(@CGUID+122,4,-82.51579,-343.9641,6.295911,100,0,0),
(@CGUID+122,5,-88.7316,-358.2072,6.295911,100,0,0),
(@CGUID+122,6,-101.6022,-406.8758,8.684794,100,0,0),
(@CGUID+122,7,-86.40318,-426.2072,8.684794,100,0,0),
(@CGUID+122,8,-51.80748,-425.3763,14.68479,100,0,0),
(@CGUID+122,9,-45.97381,-390.0173,8.684794,100,0,0),
(@CGUID+122,10,-57.01051,-348.5128,6.212577,100,0,0),
(@CGUID+122,11,-47.57626,-338.4987,11.32368,100,0,0),
(@CGUID+122,12,-21.79569,-345.6191,8.295907,100,0,0),
(@CGUID+122,13,6.314677,-377.2478,5.12925,100,0,0),
(@CGUID+122,14,39.8706,-384.4937,8.684794,100,0,0),
(@CGUID+122,15,80.97585,-377.9904,8.684794,100,0,0),
(@CGUID+122,16,116.2408,-371.4774,8.684794,100,0,0),
(@CGUID+122,17,93.89439,-398.7016,8.684794,100,0,0),
(@CGUID+122,18,83.21564,-406.5075,8.684794,100,0,0),
(@CGUID+122,19,48.24018,-426.5819,8.684794,100,0,0),
(@CGUID+122,20,3.374041,-419.8604,8.684794,100,0,0),
(@CGUID+122,21,-39.29324,-400.8418,6.684796,100,0,0),
(@CGUID+122,22,-52.12625,-388.4856,6.684796,100,0,0),
(@CGUID+122,23,-58.30585,-375.518,6.684796,100,0,0),
(@CGUID+122,24,-58.26677,-360.0314,6.684796,100,0,0),
(@CGUID+122,25,-63.30802,-338.7872,6.684796,100,0,0),
(@CGUID+122,26,-74.26942,-332.6557,8.657014,100,0,0),
(@CGUID+122,27,-74.26942,-332.6557,8.657014,100,0,0),
(@CGUID+122,28,-82.51579,-343.9641,6.295911,100,0,0),
(@CGUID+122,29,-66.02303,-321.3474,11.01811,100,0,0),
(@CGUID+122,30,-74.26941,-332.6557,8.657012,100,0,0),
(@CGUID+122,31,-82.51579,-343.9641,6.295911,100,0,0),
(@CGUID+122,32,-88.7316,-358.2072,6.295911,100,0,0),
(@CGUID+122,33,-101.6022,-406.8758,8.684794,100,0,0),
(@CGUID+122,34,-86.40318,-426.2072,8.684794,100,0,0),
(@CGUID+122,35,-51.80748,-425.3763,14.68479,100,0,0),
(@CGUID+122,36,-45.97381,-390.0173,8.684794,100,0,0),
(@CGUID+122,37,-57.01051,-348.5128,6.212577,100,0,0),
(@CGUID+122,38,-47.57626,-338.4987,11.32368,100,0,0),
(@CGUID+122,39,-21.79569,-345.6191,8.295907,100,0,0),
(@CGUID+122,40,6.314677,-377.2478,5.12925,100,0,0),
(@CGUID+122,41,39.8706,-384.4937,8.684794,100,0,0),
(@CGUID+122,42,80.97585,-377.9904,8.684794,100,0,0),
(@CGUID+122,43,116.2408,-371.4774,8.684794,100,0,0),
(@CGUID+122,44,93.89439,-398.7016,8.684794,100,0,0),
(@CGUID+122,45,83.21564,-406.5075,8.684794,100,0,0),
(@CGUID+122,46,48.24018,-426.5819,8.684794,100,0,0),
(@CGUID+122,47,3.374041,-419.8604,8.684794,100,0,0),
(@CGUID+122,48,-39.29324,-400.8418,6.684796,100,0,0),
(@CGUID+122,49,-52.12625,-388.4856,6.684796,100,0,0),
(@CGUID+122,50,-58.30585,-375.518,6.684796,100,0,0),
(@CGUID+122,51,-58.26677,-360.0314,6.684796,100,0,0),
(@CGUID+122,52,-63.30802,-338.7872,6.684796,100,0,0),
(@CGUID+122,53,-74.26942,-332.6557,8.657014,100,0,0),
(@CGUID+123,1,-7.396929,-326.5323,60.3266,100,500,5), -- run on
(@CGUID+123,2,-23.00915,-313.9418,59.63214,100,0,0),
(@CGUID+123,3,-31.25321,-269.3065,47.7744,100,0,0),
(@CGUID+123,4,-10.63478,-247.2409,46.10773,100,0,0),
(@CGUID+123,5,4.614754,-252.0638,51.44107,100,0,0),
(@CGUID+123,6,19.59895,-265.0721,54.38552,100,0,0),
(@CGUID+123,7,43.77899,-287.2242,57.05217,100,0,0),
(@CGUID+123,8,86.04507,-291.1499,69.41328,100,0,0),
(@CGUID+123,9,91.21444,-338.5249,69.41328,100,0,0),
(@CGUID+123,10,72.42783,-374.7526,69.41328,100,0,0),
(@CGUID+123,11,24.99159,-372.8694,69.41328,100,0,0),
(@CGUID+124,1,42.96036,-290.6642,12.29478,100,500,5), -- run on
(@CGUID+124,2,65.94562,-172.6712,16.40591,100,0,0),
(@CGUID+124,3,54.45299,-231.6677,14.35034,100,0,0),
(@CGUID+124,4,42.96036,-290.6642,12.29478,100,0,0),
(@CGUID+124,5,67.75742,-300.491,12.29478,100,0,0),
(@CGUID+124,6,92.09971,-315.5064,12.29478,100,0,0),
(@CGUID+124,7,104.0238,-341.875,12.29478,100,0,0),
(@CGUID+124,8,83.7507,-366.5859,12.29478,100,0,0),
(@CGUID+124,9,50.54508,-381.2382,12.29478,100,0,0),
(@CGUID+124,10,82.10834,-411.1096,12.29478,100,0,0),
(@CGUID+124,11,109.5321,-372.4848,12.29478,100,0,0),
(@CGUID+124,12,132.2986,-346.0398,12.29478,100,0,0),
(@CGUID+124,13,150.6117,-333.086,12.29478,100,0,0),
(@CGUID+124,14,171.8186,-345.5803,12.29478,100,0,0),
(@CGUID+124,15,199.4246,-334.0263,12.29478,100,0,0),
(@CGUID+124,16,192.086,-306.5308,12.29478,100,0,0),
(@CGUID+124,17,169.3411,-310.2631,12.29478,100,0,0),
(@CGUID+124,18,161.0031,-326.5605,19.01701,100,0,0),
(@CGUID+124,19,151.135,-329.1323,19.01701,100,0,0),
(@CGUID+124,20,135.2159,-369.767,19.01701,100,0,0),
(@CGUID+124,21,108.3744,-348.4571,19.01701,100,0,0),
(@CGUID+124,22,113.349,-329.8578,19.01701,100,0,0),
(@CGUID+124,23,125.5241,-322.7058,19.01701,100,0,0),
(@CGUID+124,24,136.6074,-328.5185,19.01701,100,0,0),
(@CGUID+124,25,134.7444,-352.9975,19.01701,100,0,0),
(@CGUID+124,26,102.7119,-329.5132,19.01701,100,0,0),
(@CGUID+124,27,80.12463,-312.5155,19.01701,100,0,0),
(@CGUID+124,28,52.32409,-287.9494,19.01701,100,0,0),
(@CGUID+124,29,56.97675,-281.7406,19.01701,100,0,0),
(@CGUID+124,30,63.30662,-253.373,19.01701,100,0,0),
(@CGUID+124,31,84.68186,-246.2771,13.12813,100,0,0),
(@CGUID+124,32,105.8536,-249.2072,13.12813,100,0,0),
(@CGUID+124,33,114.0967,-215.5748,13.12813,100,0,0),
(@CGUID+124,34,97.62928,-180.0247,13.12813,100,0,0),
(@CGUID+124,35,63.12343,-173.6641,13.12813,100,0,0),
(@CGUID+124,36,56.36539,-202.2757,13.12813,100,0,0),
(@CGUID+124,37,54.45299,-231.6677,14.35034,100,0,0),
(@CGUID+124,38,54.45299,-231.6677,14.35034,100,0,0),
(@CGUID+125,1,107.8272,-362.0116,57.31628,100,500,5), -- run on
(@CGUID+125,2,-17.55405,-397.1351,88.67853,100,0,0),
(@CGUID+125,3,45.13658,-379.5733,72.99741,100,0,0),
(@CGUID+125,4,107.8272,-362.0116,57.31628,100,0,0),
(@CGUID+125,5,152.8699,-346.1653,54.03847,100,0,0),
(@CGUID+125,6,165.8878,-317.3312,54.03847,100,0,0),
(@CGUID+125,7,133.1335,-307.998,54.03847,100,0,0),
(@CGUID+125,8,101.7401,-314.8742,63.39957,100,0,0),
(@CGUID+125,9,99.85159,-358.9606,61.98286,100,0,0),
(@CGUID+125,10,138.873,-379.8532,84.99744,100,0,0),
(@CGUID+125,11,156.8625,-364.7157,88.94193,100,0,0),
(@CGUID+125,12,181.0431,-332.8477,88.94193,100,0,0),
(@CGUID+125,13,174.5616,-305.7737,80.71969,100,0,0),
(@CGUID+125,14,151.2862,-281.9814,60.52522,100,0,0),
(@CGUID+125,15,103.9406,-273.8741,57.88634,100,0,0),
(@CGUID+125,16,97.94173,-235.9035,47.96962,100,0,0),
(@CGUID+125,17,122.3199,-200.2181,47.96962,100,0,0),
(@CGUID+125,18,143.6595,-241.3834,47.96962,100,0,0),
(@CGUID+125,19,146.228,-286.8529,32.27519,100,0,0),
(@CGUID+125,20,165.5804,-321.683,32.2752,100,0,0),
(@CGUID+125,21,184.8096,-345.7672,32.2752,100,0,0),
(@CGUID+125,22,197.6737,-324.9148,29.41408,100,0,0),
(@CGUID+125,23,180.5079,-311.2282,22.80295,100,0,0),
(@CGUID+125,24,158.9086,-324.9516,22.80295,100,0,0),
(@CGUID+125,25,149.5628,-357.3788,22.80295,100,0,0),
(@CGUID+125,26,141.2654,-399.1162,22.80295,100,0,0),
(@CGUID+125,27,108.3199,-409.5199,22.80295,100,0,0),
(@CGUID+125,28,111.4886,-374.0559,22.80295,100,0,0),
(@CGUID+125,29,138.2644,-340.1342,22.80295,100,0,0),
(@CGUID+125,30,133.4961,-322.4106,29.6363,100,0,0),
(@CGUID+125,31,135.9346,-307.533,32.30297,100,0,0),
(@CGUID+125,32,112.5061,-303.201,56.5252,100,0,0),
(@CGUID+125,33,100.185,-326.3001,56.5252,100,0,0),
(@CGUID+125,34,83.25131,-363.0551,56.5252,100,0,0),
(@CGUID+125,35,67.21532,-395.4664,56.5252,100,0,0),
(@CGUID+125,36,69.96099,-411.2869,56.5252,100,0,0),
(@CGUID+125,37,112.8633,-404.8046,72.99741,100,0,0),
(@CGUID+125,38,82.91771,-387.299,72.99741,100,0,0),
(@CGUID+125,39,39.05955,-399.753,72.99741,100,0,0),
(@CGUID+125,40,20.09486,-401.2156,72.99741,100,0,0),
(@CGUID+125,41,45.13656,-379.5734,72.99741,100,0,0),
(@CGUID+125,42,-17.55405,-397.1351,88.67853,100,0,0),
(@CGUID+125,43,45.13658,-379.5733,72.99741,100,0,0),
(@CGUID+125,44,107.8272,-362.0116,57.31628,100,0,0);

DELETE FROM `creature_movement_template` WHERE `entry` IN (18105,17882,17826);
INSERT INTO `creature_movement_template` (`entry`, `pathId`, `point`, `PositionX`, `PositionY`, `PositionZ`, `orientation`, `waittime`, `ScriptId`) VALUES
-- Ghaz'an (18105)
-- water path
(18105, 0, 1, 278.24097, -446.20605, 40.63961, 100, 1, 5), -- run mode on
(18105, 0, 2, 260.68362, -421.5021, 43.44514, 100, 0, 0),
(18105, 0, 3, 233.34468, -409.80292, 45.111805, 100, 0, 0),
(18105, 0, 4, 193.74, -423.40268, 43.583996, 100, 0, 0),
(18105, 0, 5, 220.28748, -447.8345, 43.722916, 100, 0, 0),
(18105, 0, 6, 217.26556, -424.75412, 45.52847, 100, 0, 0),
(18105, 0, 7, 225.28162, -398.65262, 45.4729, 100, 0, 0),
(18105, 0, 8, 253.49117, -397.8943, 45.52849, 100, 0, 0),
(18105, 0, 9, 253.13148, -414.29672, 44.778492, 100, 0, 0),
(18105, 0, 10, 234.91629, -424.618, 44.611805, 100, 0, 0),
(18105, 0, 11, 223.58096, -426.7876, 44.61183, 100, 0, 0),
(18105, 0, 12, 204.30447, -431.26736, 44.139587, 100, 0, 0),
(18105, 0, 13, 196.25475, -456.6652, 42.611828, 100, 0, 0),
(18105, 0, 14, 223.04488, -479.07944, 32.472946, 100, 0, 0),
(18105, 0, 15, 263.47906, -480.66202, 46.80626, 100, 0, 0),
(18105, 0, 16, 278.39508, -477.34967, 43.88961, 100, 0, 0),
(18105, 0, 17, 276.92447, -457.9421, 37.05632, 100, 0, 0),
-- climb to platform path
(18105, 1, 1, 230.84842,-473.81586,44.384487, 100, 100, 6), -- Run Mode off
(18105, 1, 2, 223.15588,-474.34158,46.36878, 100, 0, 0),
(18105, 1, 3, 214.68163,-479.58606,52.51196, 100, 0, 0),
(18105, 1, 4, 200.88074,-483.32407,58.438652, 100, 0, 0),
(18105, 1, 5, 185.70932,-485.64243,64.15632, 100, 0, 0),
(18105, 1, 6, 175.2845,-486.21573,67.86781, 100, 0, 0),
(18105, 1, 7, 160.93648,-476.7256,74.70425, 100, 0, 0),
(18105, 1, 8, 158.37117,-472.06967,74.63962, 100, 0, 0),
(18105, 1, 9, 159.37047,-467.53186,75.40111, 100, 0, 0),
(18105, 1, 10, 180.78477,-471.30957,77.03179, 100, 0, 0),
(18105, 1, 11, 189.26646,-471.74365,77.766594, 100, 0, 0),
(18105, 1, 12, 200.31303,-472.0223,79.02495, 100, 0, 0),
(18105, 1, 13, 212.294,-480.27985,80.729095, 100, 0, 0),
(18105, 1, 14, 222.19577,-476.2322,81.27319, 100, 0, 0),
(18105, 1, 15, 233.52731,-471.28235,81.37284, 100, 0, 0),
(18105, 1, 16, 239.5655,-468.65033,81.37284, 100, 0, 0),
(18105, 1, 17, 248.33444,-465.86627,81.37284, 100, 0, 0),
(18105, 1, 18, 260.44455,-457.9094,81.37284, 100, 0, 0),
(18105, 1, 19, 256.2785,-458.73138,81.37284,3.543018341064453125,100, 1810501),
-- The Black Stalker (17882)
(17882, 0, 1, 141.65916, 32.419727, 26.831083, 100, 14000, 1007),
(17882, 0, 2, 163.50163, 11.745237, 26.72663, 100, 0, 0),
(17882, 0, 3, 168.98875, 8.392987, 26.64813, 100, 14000, 1007),
(17882, 0, 4, 147.65775, 5.377345, 26.791546, 100, 0, 0),
(17882, 0, 5, 137.54929, 3.156878, 26.791546, 100, 14000, 1007),
(17882, 0, 6, 147.90135, 15.377421, 26.796476, 100, 0, 0),
(17882, 0, 7, 151.38458, 20.670511, 26.857647, 100, 14000, 1007),
(17882, 0, 8, 143.12927, 24.530138, 26.791546, 100, 0, 0),
-- Swamplord Musel'ek (17826)
(17826, 0, 1, 288.5823, -121.83091, 29.703293, 100, 0, 0),
(17826, 0, 2, 281.52713, -120.36844, 29.751406, 100, 0, 0),
(17826, 0, 3, 274.06772, -122.05376, 29.809622, 100, 0, 0);


INSERT INTO `creature_spawn_data` (`Guid`, `Id`) VALUES 
-- Underbat 
(@CGUID+11, 1), -- Generic RunMode on Spawn
(@CGUID+12, 1), -- Generic RunMode on Spawn
(@CGUID+13, 1), -- Generic RunMode on Spawn
(@CGUID+14, 1), -- Generic RunMode on Spawn
(@CGUID+15, 1), -- Generic RunMode on Spawn
(@CGUID+16, 1), -- Generic RunMode on Spawn
(@CGUID+18, 1), -- Generic RunMode on Spawn
(@CGUID+20, 1), -- Generic RunMode on Spawn
(@CGUID+21, 1), -- Generic RunMode on Spawn
(@CGUID+22, 1), -- Generic RunMode on Spawn
(@CGUID+23, 1), -- Generic RunMode on Spawn
(@CGUID+26, 1), -- Generic RunMode on Spawn
(@CGUID+27, 1), -- Generic RunMode on Spawn
(@CGUID+30, 1), -- Generic RunMode on Spawn
(@CGUID+31, 1), -- Generic RunMode on Spawn
(@CGUID+32, 1), -- Generic RunMode on Spawn
(@CGUID+33, 1), -- Generic RunMode on Spawn
(@CGUID+34, 1), -- Generic RunMode on Spawn
-- Fen Ray
(@CGUID+76, 1), -- Generic RunMode on Spawn
(@CGUID+77, 1), -- Generic RunMode on Spawn
(@CGUID+78, 1), -- Generic RunMode on Spawn
(@CGUID+91, 1), -- Lykul Wasp Generic RunMode on Spawn
(@CGUID+92, 1), -- Lykul Wasp Generic RunMode on Spawn
(@CGUID+94, 1), -- Lykul Wasp Generic RunMode on Spawn
(@CGUID+95, 1), -- Lykul Wasp Generic RunMode on Spawn
(@CGUID+118, 1), -- Lykul Stinger
(@CGUID+119, 1); -- Lykul Stinger Generic RunMode on Spawn

INSERT INTO `creature_addon` (`guid`, `mount`, `stand_state`, `sheath_state`, `emote`, `moveflags`, `auras`) VALUES
(@CGUID+73, 0, 8, 0, 0, 0, NULL), -- Murkblood Healer
(@CGUID+63, 0, 0, 1, 173, 0, NULL), -- Murkblood Tribesman
(@CGUID+64, 0, 0, 1, 173, 0, NULL), -- Murkblood Tribesman
(@CGUID+130, 0, 0, 1, 0, 0, '31261'), -- Fen Ray
(@CGUID+131, 0, 0, 1, 0, 0, '31261'), -- Fen Ray
(@CGUID+132, 0, 0, 1, 0, 0, '31261'), -- Fen Ray
(@CGUID+133, 0, 0, 1, 0, 0, '31261'), -- Fen Ray
(@CGUID+134, 0, 0, 1, 0, 0, '31261'), -- Fen Ray
(@CGUID+135, 0, 0, 1, 0, 0, '31261'), -- Fen Ray
(@CGUID+136, 0, 0, 1, 0, 0, '31261'), -- Fen Ray
(@CGUID+137, 0, 0, 1, 0, 0, '31261'), -- Fen Ray
(@CGUID+138, 0, 0, 1, 0, 0, '31261'), -- Fen Ray
(@CGUID+139, 0, 0, 1, 0, 0, '31261'), -- Fen Ray
(@CGUID+140, 0, 0, 1, 0, 0, '31261'); -- Fen Ray

INSERT INTO `creature_template_addon` (`entry`, `mount`, `stand_state`, `sheath_state`, `emote`, `moveflags`, `auras`) VALUES
(17727, 0, 0, 1, 0, 0, '18950'), -- Wrathfin Sentry
(17885, 0, 0, 1, 0, 0, '30831'), -- Earthbinder Rayge
(18105, 0, 0, 1, 0, 0, ''), -- Ghaz'an
(20465, 0, 0, 1, 0, 0, '18943 18950'); -- Underbog Frenzy

-- INSERT INTO `creature_linking` (`guid`, `master_guid`, `flag`) VALUES

INSERT INTO `creature_linking_template` (`entry`, `map`, `master_entry`, `flag`, `search_range`) VALUES
(17827, 546, 17826, 3, 0), -- Claw -> Swamplord Musel'ek
(22299, 546, 17882, 16, 0); -- Spore Strider -> The Black Stalker

INSERT INTO `creature_spawn_entry` (`guid`, `entry`) VALUES
-- Stil needed after rework 
(@CGUID+58, 17728), (@CGUID+58, 17729), -- Murkblood Tribesman, Murkblood Spearman
(@CGUID+59, 17728), (@CGUID+59, 17771), -- Murkblood Tribesman, Murkblood Oracle
(@CGUID+67, 17728), (@CGUID+67, 17771), -- Murkblood Tribesman, Murkblood Oracle
(@CGUID+71, 17728), (@CGUID+71, 17729), -- Murkblood Tribesman, Murkblood Spearman
(@CGUID+103, 17728), (@CGUID+103, 17771), -- Murkblood Tribesman, Murkblood Oracle
(@CGUID+104, 17728), (@CGUID+104, 17729), -- Murkblood Tribesman, Murkblood Spearman
(@CGUID+256, 17728), (@CGUID+256, 17729), -- Murkblood Tribesman, Murkblood Spearman
(@CGUID+258, 17728), (@CGUID+258, 17771), -- Murkblood Tribesman, Murkblood Oracle
(@CGUID+260, 17728), (@CGUID+260, 17729), -- Murkblood Tribesman, Murkblood Spearman
(@CGUID+261, 17728), (@CGUID+261, 17771); -- Murkblood Tribesman, Murkblood Oracle

INSERT INTO `creature` (`guid`, `id`, `map`, `spawnMask`, `position_x`, `position_y`, `position_z`, `orientation`, `spawntimesecsmin`, `spawntimesecsmax`, `spawndist`, `MovementType`) VALUES
(@CGUID+1, 17723, 546, 3, 10.6361, -206.855, -4.44989, 1.20428, 7200, 7200, 3, 1), -- Bog Giant
(@CGUID+2, 17723, 546, 3, 93.0675, -360.332, 33.2155, 4.472, 7200, 7200, 0, 4), -- Bog Giant
(@CGUID+3, 17723, 546, 3, 73.758, -384.513, 33.2459, 0.965887, 7200, 7200, 10, 1), -- Bog Giant
(@CGUID+4, 17734, 546, 3, 188.909, -53.4772, 26.5753, 3.70745, 7200, 7200, 0, 4), -- Underbog Lord
(@CGUID+5, 17723, 546, 3, -112.504, -222.081, -4.18476, 6.12606, 7200, 7200, 0, 4), -- Bog Giant
(@CGUID+6, 17723, 546, 3, -91.5273, -302.142, -4.51598, 3.21432, 7200, 7200, 0, 4), -- Bog Giant
(@CGUID+7, 17723, 546, 3, -129.921, -342.114, 33.3463, 0.994838, 7200, 7200, 0, 0), -- Bog Giant
(@CGUID+8, 17723, 546, 3, -97.8888, -348.776, 32.951, 1.65806, 7200, 7200, 0, 0), -- Bog Giant
(@CGUID+9, 17723, 546, 3, 4.55831, -383.342, 27.1066, 1.25488, 7200, 7200, 3, 1), -- Bog Giant
(@CGUID+10, 17723, 546, 3, -21.1105, -342.88358, 30.82127, 0.723869, 7200, 7200, 0, 4), -- Bog Giant
(@CGUID+11, 17724, 546, 3, 47.8996, -41.8113, -2.66785, 5.59226, 7200, 7200, 0, 2), -- Underbat
(@CGUID+12, 17724, 546, 3, 53.9998, -103.862, -2.74466, 4.12722, 7200, 7200, 0, 4), -- Underbat
(@CGUID+13, 17724, 546, 3, 31.1684, -216.174, -4.44989, 5.40659, 7200, 7200, 0, 0), -- Underbat
(@CGUID+14, 17724, 546, 3, -9.57398, -145.174, -4.53387, 1.8695, 7200, 7200, 0, 0), -- Underbat
(@CGUID+15, 17724, 546, 3, -13.5503, -149.14, -4.53394, 2.03284, 7200, 7200, 0, 0), -- Underbat
(@CGUID+16, 17724, 546, 3, 37.3436, -219.757, -4.44989, 2.62089, 7200, 7200, 0, 0), -- Underbat
(@CGUID+17, 17724, 546, 3, 58.4879, -154.916, -2.737, 1.38876, 7200, 7200, 2, 1), -- Underbat
(@CGUID+18, 17724, 546, 3, -11.0907, -154.129, -4.534, 1.39078, 7200, 7200, 0, 0), -- Underbat
-- reuse +19
(@CGUID+20, 17724, 546, 3, -4.82015, -317.975, 30.696, 1.28316, 7200, 7200, 0, 0), -- Underbat
(@CGUID+21, 17724, 546, 3, -17.6513, -326.682, 30.6749, 1.71464, 7200, 7200, 0, 0), -- Underbat
(@CGUID+22, 17724, 546, 3, -21.1851, -330.152, 30.8297, 1.42447, 7200, 7200, 0, 0), -- Underbat
(@CGUID+23, 17724, 546, 3, -19.236, -337.122, 31.029, 1.87318, 7200, 7200, 0, 0), -- Underbat
(@CGUID+24, 0, 546, 3, -3.63168, -172.007, -4.45038, 4.61024, 7200, 7200, 3, 1), -- spawn_group_entry
(@CGUID+25, 0, 546, 3, 73.6437, -245.246, -4.4013, 0.507308, 7200, 7200, 3, 1), -- spawn_group_entry
(@CGUID+26, 17724, 546, 3, -17.5913, -229.733, -4.53506, 2.92587, 7200, 7200, 0, 0), -- Underbat
(@CGUID+27, 17724, 546, 3, -10.6199, -226.992, -4.53459, 1.97021, 7200, 7200, 0, 0), -- Underbat
(@CGUID+28, 0, 546, 3, -138.291, -228.478, -3.94639, 0.951339, 7200, 7200, 0, 0), -- spawn_group_entry
(@CGUID+29, 0, 546, 3,-147.414, -235.283, -3.79813, 0.561871, 7200, 7200, 0, 0), -- spawn_group_entry
(@CGUID+30, 17724, 546, 3, -112.645, -264.269, 15.6255, 3.85227, 7200, 7200, 0, 0), -- Underbat
(@CGUID+31, 17724, 546, 3, -107.078, -261.814, 19.3368, 1.23998, 7200, 7200, 0, 0), -- Underbat
(@CGUID+32, 17724, 546, 3, -110.375, -258.027, 20.5684, 6.10865, 7200, 7200, 0, 0), -- Underbat
(@CGUID+33, 17724, 546, 3, -26.857, -209.898, -4.53534, 0.64428, 7200, 7200, 0, 0), -- Underbat
(@CGUID+34, 17724, 546, 3, -26.7333, -202.225, -4.49631, 1.10639, 7200, 7200, 0, 0), -- Underbat
(@CGUID+35, 17731, 546, 3, 270.658, -211.781, 29.077, 2.20042, 7200, 7200, 4, 1), -- Fen Ray
(@CGUID+36, 17731, 546, 3, 273.349, -222.741, 29.4303, 0.698128, 7200, 7200, 4, 1), -- Fen Ray
(@CGUID+37, 17725, 546, 3, 44.16768, -106.8701, -3.188545, 5.520926, 7200, 7200, 2, 1), -- Underbog Lurker
(@CGUID+38, 0, 546, 3, 49.3822, -164.012, -2.76484, 0.609048, 7200, 7200, 2, 1), -- spawn_group_entry
(@CGUID+39, 0, 546, 3,  61.72, -168.142, -3.0393, 2.51327, 7200, 7200, 2, 1), -- spawn_group_entry
(@CGUID+40, 0, 546, 3, 6.07941, -176.567, -4.45038, 5.8294, 7200, 7200, 3, 1), -- spawn_group_entry
(@CGUID+41, 17725, 546, 3, -18.0226, -205.549, -4.45156, 1.76278, 7200, 7200, 2, 1), -- Underbog Lurker
(@CGUID+42, 17725, 546, 3, 53.30517, -115.721, -2.657704, 5.167525, 7200, 7200, 2, 1), -- Underbog Lurker
(@CGUID+43, 17725, 546, 3, 4.39446, -104.604, -4.45037, 0.453786, 7200, 7200, 0, 0), -- Underbog Lurker
(@CGUID+44, 17725, 546, 3, -7.2209, -102.75, -4.45054, 4.7822, 7200, 7200, 0, 0), -- Underbog Lurker
(@CGUID+45, 0, 546, 3, 60.5339, -252.481, -4.44989, 2.66165, 7200, 7200, 2, 1), -- spawn_group_entry
(@CGUID+46, 17725, 546, 3, -16.0056, -238.124, -4.45149, 0.471239, 7200, 7200, 2, 1), -- Underbog Lurker
(@CGUID+47, 17725, 546, 3, -51.8767, -246.594, -4.45338, 0.471239, 7200, 7200, 0, 0), -- Underbog Lurker
(@CGUID+48, 17725, 546, 3, -55.9498, -257.519, -4.45344, 5.91667, 7200, 7200, 0, 0), -- Underbog Lurker
(@CGUID+49, 0, 546, 3, -139.659, -240.512, -4.10634, 1.24407, 7200, 7200, 0, 0), -- spawn_group_entry
(@CGUID+50, 17726, 546, 3, 115.961, -404.269, 42.5224, 5.85158, 7200, 7200, 0, 0), -- Wrathfin Myrmidon
(@CGUID+51, 17726, 546, 3, 117.006, -401.999, 42.5095, 5.85158, 7200, 7200, 0, 0), -- Wrathfin Myrmidon
(@CGUID+52, 17726, 546, 3, 161.062, -432.518, 48.0883, 4.41558, 7200, 7200, 0, 0), -- Wrathfin Myrmidon
(@CGUID+53, 17726, 546, 3,  163.931, -433.395, 48.1292, 4.41558, 7200, 7200, 0, 0), -- Wrathfin Myrmidon
(@CGUID+54, 17726, 546, 3, 164.679, -452.268, 72.4877, 4.29793, 7200, 7200, 0, 0), -- Wrathfin Myrmidon
(@CGUID+55, 17726, 546, 3, 167.425, -453.476, 72.5512, 4.29793, 7200, 7200, 0, 0), -- Wrathfin Myrmidon
(@CGUID+56, 17727, 546, 3, 150.961, -417.711, 48.614, 2.93215, 7200, 7200, 0, 0), -- Wrathfin Sentry
(@CGUID+57, 17727, 546, 3, 148.124, -424.815, 48.624, 2.79253, 7200, 7200, 0, 0), -- Wrathfin Sentry
(@CGUID+58, 0, 546, 3, 161.478, -439.538, 48.2097, 2.04204, 7200, 7200, 0, 0), -- creature_spawn_entry
(@CGUID+59, 0, 546, 3, 175.806, -416.587, 48.2694, 2.9147, 7200, 7200, 0, 0), -- creature_spawn_entry
(@CGUID+60, 17730, 546, 3, 181.5612, -410.9746, 48.28504, 2.897247, 7200, 7200, 0, 0), -- Murkblood Healer
(@CGUID+61, 0, 546, 3, 204.723, -378.969, 48.1204, 2.89045, 7200, 7200, 0, 0), -- creature_spawn_entry
(@CGUID+62, 0, 546, 3, 205.144, -379.315, 48.1253, 3.33967, 7200, 7200, 0, 0), -- creature_spawn_entry
(@CGUID+63, 17728, 546, 3, 271.075, -372.563, 72.4, 0.296706, 7200, 7200, 0, 0), -- Murkblood Tribesman
(@CGUID+64, 17728, 546, 3, 260.347, -382.585, 72.614, 4.04916, 7200, 7200, 0, 0), -- Murkblood Tribesman
(@CGUID+65, 0, 546, 3, 202.255, -389.231, 72.516, 5.88176, 7200, 7200, 0, 0), -- spawn_group_entry
(@CGUID+66, 17729, 546, 3, 172.664, -407.379, 72.3892, 5.70723, 7200, 7200, 0, 0), -- Murkblood Spearman
(@CGUID+67, 0, 546, 3, 182.3, -390.59, 48.1715, 5.39307, 7200, 7200, 0, 0), -- creature_spawn_entry
(@CGUID+68, 17729, 546, 3, 158.772, -429.576, 72.3481, 0, 7200, 7200, 0, 0), -- Murkblood Spearman
(@CGUID+69, 0, 546, 3, 163.577, -435.3, 72.4584, 5.98648, 7200, 7200, 0, 0), -- spawn_group_entry
(@CGUID+70, 0, 546, 3, 206.747, -378.486, 48.1274, 2.76451, 7200, 7200, 0, 0), -- creature_spawn_entry
(@CGUID+71, 0, 546, 3, 183.809, -387.583, 48.1557, 5.68977, 7200, 7200, 0, 0), -- creature_spawn_entry
(@CGUID+72, 17730, 546, 3, 162.619, -424.842, 72.4046, 0.890118, 7200, 7200, 0, 0), -- Murkblood Healer
(@CGUID+73, 17730, 546, 3, 259.425, -367.675, 72.3819, 1.22173, 7200, 7200, 0, 0), -- Murkblood Healer
(@CGUID+74, 17730, 546, 3, 197.162, -389.322, 72.4649, 5.09636, 7200, 7200, 0, 0), -- Murkblood Healer
(@CGUID+75, 17730, 546, 3, 179.034, -391.338, 48.1567, 5.18363, 7200, 7200, 0, 0), -- Murkblood Healer
(@CGUID+76, 17731, 546, 3, 299.89, -318.453, 20.355, 1.43698, 7200, 7200, 0, 0), -- Fen Ray
(@CGUID+77, 17731, 546, 3, 293.334, -312.951, 20.0746, 2.436, 7200, 7200, 0, 0), -- Fen Ray
(@CGUID+78, 17731, 546, 3, 290.929, -308.255, 19.466, 2.42007, 7200, 7200, 0, 0), -- Fen Ray
(@CGUID+79, 17731, 546, 3, 300.351, -315.182, 19.943, 3.94367, 7200, 7200, 3, 1), -- Fen Ray
(@CGUID+80, 17731, 546, 3, 245.467, -183.918, 26.8946, 1.10138, 7200, 7200, 3, 1), -- Fen Ray
(@CGUID+81, 17731, 546, 3, 249.212, -172.854, 28.0184, 2.76041, 7200, 7200, 3, 1), -- Fen Ray
-- (@CGUID+82
(@CGUID+83, 17731, 546, 3, 272.977, -184.735, 28.9707, 3.64774, 7200, 7200, 0, 0), -- Fen Ray
(@CGUID+84, 0, 546, 3, 276.652, -188.85, 28.7523, 3.9968, 7200, 7200, 0, 0), -- spawn_group_entry
(@CGUID+85, 17731, 546, 3, 302.712, -303.171, 19.2789, 2.19495, 7200, 7200, 3, 1), -- Fen Ray
(@CGUID+86, 17731, 546, 3, 308.099, -314.134, 18.8809, 3.38696, 7200, 7200, 3, 1), -- Fen Ray
(@CGUID+87, 17731, 546, 3, 268.011, -260.025, 26.3789, 4.46257, 7200, 7200, 3, 1), -- Fen Ray
(@CGUID+88, 17731, 546, 3, 262.12, -270.947, 24.4939, 1.8069, 7200, 7200, 3, 1), -- Fen Ray
(@CGUID+89, 17731, 546, 3, 269.434, -271.495, 25.8276, 6.16, 7200, 7200, 3, 1), -- Fen Ray
(@CGUID+90, 17732, 546, 3, 253.957, -183.706, 28.186, 0.717744, 7200, 7200, 3, 1), -- Lykul Wasp
(@CGUID+91, 17732, 546, 3, 266.329, -220.278, 28.7776, 1.58756, 7200, 7200, 0, 0), -- Lykul Wasp
(@CGUID+92, 17732, 546, 3, 269.329, -220.228, 29.069, 1.58756, 7200, 7200, 0, 0), -- Lykul Wasp
(@CGUID+93, 17732, 546, 3, 268.859, -219.26, 29.0504, 5.8466, 7200, 7200, 4, 1), -- Lykul Wasp
(@CGUID+94, 17732, 546, 3, 262.481, -187.086, 28.5443, 5.04345, 7200, 7200, 0, 0), -- Lykul Wasp
(@CGUID+95, 17732, 546, 3, 253.957, -183.706, 28.186, 1.28959, 7200, 7200, 0, 0), -- Lykul Wasp
(@CGUID+96, 17735, 546, 3, 162.697, -444.884, 48.2681, 2.35619, 7200, 7200, 0, 0), -- Wrathfin Warrior
(@CGUID+97, 17735, 546, 3, 204.415, -378.89, 48.1181, 3.02724, 7200, 7200, 0, 0), -- Wrathfin Warrior
(@CGUID+98, 17735, 546, 3, 250.059, -367.167, 72.1729, 2.29696, 7200, 7200, 0, 4), -- Wrathfin Warrior
(@CGUID+99, 17735, 546, 3, 177.434, -404.174, 72.4244, 6.16101, 7200, 7200, 0, 0), -- Wrathfin Warrior
(@CGUID+100, 17735, 546, 3, 163.9, -429.202, 72.4437, 0.0698132, 7200, 7200, 0, 0), -- Wrathfin Warrior
(@CGUID+101, 17770, 546, 3, -121.3438, -388.6259, 36.86593, 1.396263, 86400, 86400, 0, 0), -- Hungarfen
(@CGUID+102, 17771, 546, 3, 158.19, -444.127, 48.1899, 1.64061, 7200, 7200, 0, 0), -- Murkblood Oracle
(@CGUID+103, 0, 546, 3, 166.555, -438.527, 48.2826, 2.04204, 7200, 7200, 0, 0), -- creature_spawn_entry
(@CGUID+104, 0, 546, 3, 177.115, -412.503, 48.2597, 2.67035, 7200, 7200, 0, 0), -- creature_spawn_entry
(@CGUID+105, 0, 546, 3, 201.346, -384.036, 72.4265, 5.96903, 7200, 7200, 0, 0), -- spawn_group_entry
(@CGUID+106, 17730, 546, 3, 171.282, -402.482, 72.3152, 5.91667, 7200, 7200, 0, 0), -- Murkblood Healer
(@CGUID+107, 0, 546, 3, 176.266, -399.841, 72.3586, 0.122173, 7200, 7200, 0, 0), -- spawn_group_entry
(@CGUID+108, 17826, 546, 3, 288.5823, -121.83091, 29.703293, 3.4423, 86400, 86400, 0, 4), -- Swamplord Musel'ek
(@CGUID+109, 17827, 546, 3, 289.2553, -129.7001, 29.82101, 2.495821, 7200, 7200, 0, 0), -- Claw
(@CGUID+110, 17871, 546, 3, 59.8562, -97.7352, -2.6683, 2.73796, 7200, 7200, 2, 1), -- Underbog Shambler
(@CGUID+111, 0, 546, 3, -4.81964, -183.501, -4.45074, 4.25083, 7200, 7200, 3, 1), -- spawn_group_entry
(@CGUID+112, 17871, 546, 3, -4.95215, -115.879, -4.45029, 1.37881, 7200, 7200, 0, 0), -- Underbog Shambler
(@CGUID+113, 0, 546, 3, 63.9152, -237.591, -4.38796, 2.82219, 7200, 7200, 3, 1), -- spawn_group_entry
(@CGUID+114, 17871, 546, 3, -61.2059, -239.92, -4.45365, 0.977384, 7200, 7200, 0, 0), -- Underbog Shambler
(@CGUID+115, 17882, 546, 3, 141.65916, 32.419727, 26.831083, 1.759, 86400, 86400, 0, 2), -- The Black Stalker
(@CGUID+116, 17885, 546, 3, 296.697, -362.373, 50.1506, 5.5676, 360, 360, 0, 0), -- Earthbinder Rayge
(@CGUID+117, 18105, 546, 3, 278.24097, -446.20605, 40.63961, 2.308, 86400, 86400, 0, 2), -- Ghaz'an
(@CGUID+118, 19632, 546, 3, 263.33, -220.329, 28.454, 1.58756, 7200, 7200, 0, 0), -- Lykul Stinger
(@CGUID+119, 19632, 546, 3, 264.833, -184.067, 28.937, 4.43274, 7200, 7200, 0, 0), -- Lykul Stinger
(@CGUID+120, 17734, 546, 3, 158.529, -167.419, 32.2828, 1.146, 7200, 7200, 0, 4), -- Underbog Lord
(@CGUID+121, 18409, 546, 3, -76.80704, -115.076, 68.56723, 0, 7200, 7200, 0, 2), -- Large AOI Underbat
(@CGUID+122, 18409, 546, 3, -82.51579, -343.9641, 6.295911, 0, 7200, 7200, 0, 2), -- Large AOI Underbat
(@CGUID+123, 18409, 546, 3, -7.396929, -326.5323, 60.3266, 0, 7200, 7200, 0, 2), -- Large AOI Underbat
(@CGUID+124, 18409, 546, 3, 42.96036, -290.6642, 12.29478, 0, 7200, 7200, 0, 2), -- Large AOI Underbat
(@CGUID+125, 18409, 546, 3, 107.8272, -362.0116, 57.31628, 0, 7200, 7200, 0, 2), -- Large AOI Underbat
(@CGUID+126, 18409, 546, 3, 102.5342, -283.1421, 60.04923, 0, 7200, 7200, 5, 1), -- Large AOI Underbat
(@CGUID+127, 18409, 546, 3, 108.0606, -198.7425, 50.11841, 0, 7200, 7200, 5, 1), -- Large AOI Underbat
(@CGUID+128, 18409, 546, 3, 68.12939, -231.3664, 63.99033, 0, 7200, 7200, 5, 1), -- Large AOI Underbat
(@CGUID+129, 15384, 546, 3, 241.8576, -450.6032, 26.66725, 5.323254, 7200, 7200, 0, 0), -- OLDWorld Trigger (DO NOT DELETE)
-- Fen Ray with Permanent Feign Death (Root) 31261 at The Black Stalker
(@CGUID+130, 17731, 546, 3, 130.1618, 1.715451, 26.40961, 0.3839724, 7200, 7200, 0, 0), -- Fen Ray
(@CGUID+131, 17731, 546, 3, 146.4813, -4.129868, 26.15961, 4.677482, 7200, 7200, 0, 0), -- Fen Ray
(@CGUID+132, 17731, 546, 3, 159.3975, 28.01763, 27.0675, 1.902409, 7200, 7200, 0, 0), -- Fen Ray
(@CGUID+133, 17731, 546, 3, 203.2825, -7.221702, 27.64585, 4.468043, 7200, 7200, 0, 0), -- Fen Ray
(@CGUID+134, 17731, 546, 3, 200.3221, 31.84094, 27.64584, 0.9250245, 7200, 7200, 0, 0), -- Fen Ray
(@CGUID+135, 17731, 546, 3, 220.4242, -33.27042, 27.64584, 5.8294, 7200, 7200, 0, 0), -- Fen Ray
(@CGUID+136, 17731, 546, 3, 123.7957, 14.59499, 26.4, 2.583087, 7200, 7200, 0, 0), -- Fen Ray
(@CGUID+137, 17731, 546, 3, 200.2293, 37.38313, 27.64584, 4.502949, 7200, 7200, 0, 0), -- Fen Ray
(@CGUID+138, 17731, 546, 3, 138.0029, 39.86865, 26.4, 3.874631, 7200, 7200, 0, 0), -- Fen Ray
(@CGUID+139, 17731, 546, 3, 209.0404, 28.1186, 27.64584, 2.373648, 7200, 7200, 0, 0), -- Fen Ray
(@CGUID+140, 17731, 546, 3, 178.9776, 0.429707, 26.87488, 4.904375, 7200, 7200, 0, 0), -- Fen Ray
(@CGUID+141, 17992, 546, 3, 85.16418, -19.98816, 44.31943, 5.654867, 7200, 7200, 0, 0), -- Coilfang Invisible Vacuum Dummy
(@CGUID+142, 17992, 546, 3, 146.315, 34.87498, 50.6389, 2.146755, 7200, 7200, 0, 0), -- Coilfang Invisible Vacuum Dummy
(@CGUID+143, 17992, 546, 3, 125.894, -161.7246, 74.32575, 1.256637, 7200, 7200, 0, 0), -- Coilfang Invisible Vacuum Dummy
(@CGUID+144, 17992, 546, 3, 209.5252, -35.40108, 67.54169, 1.204277, 7200, 7200, 0, 0), -- Coilfang Invisible Vacuum Dummy
(@CGUID+145, 17992, 546, 3, 220.7916, -8.578307, 56.90279, 5.864306, 7200, 7200, 0, 0), -- Coilfang Invisible Vacuum Dummy
(@CGUID+146, 17992, 546, 3, 172.5348, 11.44622, 46.77779, 1.58825, 7200, 7200, 0, 0), -- Coilfang Invisible Vacuum Dummy
(@CGUID+147, 17992, 546, 3, 141.1752, -3.968777, 51.25695, 6.265732, 7200, 7200, 0, 0), -- Coilfang Invisible Vacuum Dummy
(@CGUID+148, 17992, 546, 3, 154.5647, -120.8689, 93.15466, 4.363323, 7200, 7200, 0, 0), -- Coilfang Invisible Vacuum Dummy
(@CGUID+149, 17992, 546, 3, 188.7344, -50.33648, 78.24084, 2.024582, 7200, 7200, 0, 0), -- Coilfang Invisible Vacuum Dummy
(@CGUID+150, 17992, 546, 3, 166.4526, -66.93163, 79.71866, 0.2268928, 7200, 7200, 0, 0), -- Coilfang Invisible Vacuum Dummy
-- Die on Ghaz'an 18105 Death
(@CGUID+156, 20465, 546, 3, 242.655, -456.2147, 27.40376, 4.995588, 7200, 7200, 10, 1), -- Underbog Frenzy
(@CGUID+157, 20465, 546, 3, 224.3935, -430.8608, 22.29686, 2.55787, 7200, 7200, 10, 1), -- Underbog Frenzy
(@CGUID+158, 20465, 546, 3, 221.6931, -477.6436, 48.42265, 3.514565, 7200, 7200, 10, 1), -- Underbog Frenzy
(@CGUID+159, 20465, 546, 3, 230.3841, -448.1751, 3.48419, 2.881862, 7200, 7200, 10, 1), -- Underbog Frenzy
(@CGUID+160, 20465, 546, 3, 256.4475, -424.8578, 32.92886, 1.404919, 7200, 7200, 10, 1), -- Underbog Frenzy
(@CGUID+161, 20465, 546, 3, 263.726, -486.5272, 36.97885, 1.819154, 7200, 7200, 10, 1), -- Underbog Frenzy
(@CGUID+162, 20465, 546, 3, 252.042, -513.6902, 34.93822, 3.397911, 7200, 7200, 10, 1), -- Underbog Frenzy
(@CGUID+163, 20465, 546, 3, 243.9979, -516.6013, 7.800116, 3.23436, 7200, 7200, 10, 1), -- Underbog Frenzy
(@CGUID+164, 20465, 546, 3, 248.1579, -505.0568, 34.93822, 5.765909, 7200, 7200, 10, 1), -- Underbog Frenzy
(@CGUID+165, 20465, 546, 3, 244.4204, -484.4837, 3.48419, 1.032326, 7200, 7200, 10, 1), -- Underbog Frenzy
(@CGUID+166, 20465, 546, 3, 203.5953, -414.8862, 3.48419, 0.7909834, 7200, 7200, 10, 1), -- Underbog Frenzy
(@CGUID+167, 20465, 546, 3, 197.4485, -413.1227, 3.48419, 2.674374, 7200, 7200, 10, 1), -- Underbog Frenzy
(@CGUID+168, 20465, 546, 3, 233.6353, -467.8261, 23.03284, 2.91143, 7200, 7200, 10, 1), -- Underbog Frenzy
(@CGUID+169, 20465, 546, 3, 203.1072, -477.7932, 3.763853, 5.957958, 7200, 7200, 10, 1), -- Underbog Frenzy
(@CGUID+170, 20465, 546, 3, 199.3014, -476.0991, 25.216, 3.437689, 7200, 7200, 10, 1), -- Underbog Frenzy
(@CGUID+171, 20465, 546, 3, 277.7861, -450.1719, 19.10156, 3.827152, 7200, 7200, 10, 1), -- Underbog Frenzy
(@CGUID+172, 20465, 546, 3, 250.8286, -443.171, 10.30585, 2.730375, 7200, 7200, 10, 1), -- Underbog Frenzy
(@CGUID+173, 20465, 546, 3, 275.3057, -473.2401, 26.84795, 2.516239, 7200, 7200, 10, 1), -- Underbog Frenzy
(@CGUID+174, 20465, 546, 3, 282.754, -491.0489, 3.48419, 1.467762, 7200, 7200, 10, 1), -- Underbog Frenzy
(@CGUID+175, 20465, 546, 3, 257.7601, -441.5986, 26.84795, 2.950798, 7200, 7200, 10, 1), -- Underbog Frenzy
(@CGUID+176, 20465, 546, 3, 194.4791, -417.1634, 36.70906, 1.745329, 7200, 7200, 10, 1), -- Underbog Frenzy
(@CGUID+177, 20465, 546, 3, 205.2702, -400.6446, 36.70906, 2.699063, 7200, 7200, 10, 1), -- Underbog Frenzy
(@CGUID+178, 20465, 546, 3, 238.7207, -400.9221, 8.981394, 3.682585, 7200, 7200, 10, 1), -- Underbog Frenzy
(@CGUID+179, 20465, 546, 3, 198.3762, -414.7693, 36.70906, 2.85831, 7200, 7200, 10, 1), -- Underbog Frenzy
(@CGUID+180, 20465, 546, 3, 211.6157, -445.4997, 36.70906, 2.259682, 7200, 7200, 10, 1), -- Underbog Frenzy
(@CGUID+181, 20465, 546, 3, 266.2172, -381.3698, 49.61298, 2.391577, 7200, 7200, 10, 1), -- Underbog Frenzy
(@CGUID+182, 20465, 546, 3, 239.0633, -447.297, 26.67825, 5.18439, 7200, 7200, 10, 1), -- Underbog Frenzy
(@CGUID+183, 20465, 546, 3, 262.9901, -483.4717, 3.48419, 2.199908, 7200, 7200, 10, 1), -- Underbog Frenzy
(@CGUID+184, 20465, 546, 3, 222.3083, -440.5487, 3.48419, 2.439165, 7200, 7200, 10, 1), -- Underbog Frenzy
(@CGUID+185, 17725, 546, 3, 58.4879, -154.916, -2.737, 1.38876, 7200, 7200, 2, 1), -- Underbog Lurker
(@CGUID+186, 17724, 546, 3,  61.72, -168.142, -3.0393, 2.51327, 7200, 7200, 2, 1), -- Underbat
(@CGUID+187, 17724, 546, 3, 49.3822, -164.012, -2.76484, 0.609048, 7200, 7200, 2, 1), -- Underbat
(@CGUID+188, 17735, 546, 3, 162.697, -444.884, 48.2681, 2.35619, 7200, 7200, 0, 0), -- Wrathfin Warrior
(@CGUID+189, 0, 546, 3, 166.555, -438.527, 48.2826, 2.04204, 7200, 7200, 0, 0), -- spawn_group_entry
(@CGUID+190, 17729, 546, 3, 161.478, -439.538, 48.2097, 2.04204, 7200, 7200, 0, 0), -- Murkblood Spearman
(@CGUID+191, 17730, 546, 3, 158.19, -444.127, 48.1899, 1.64061, 7200, 7200, 0, 0), -- Murkblood Healer
-- reuse 192-194
(@CGUID+195, 1420, 546, 3, 30.74248, -25.90349, -2.751264, 4.955046, 900, 900, 2, 1), -- Toad
(@CGUID+196, 1420, 546, 3, 35.07812, -32.37487, -2.747718, 2.450685, 900, 900, 2, 1), -- Toad
(@CGUID+197, 1420, 546, 3, -3.45067, -103.0038, -4.533685, 1.083949, 900, 900, 2, 1), -- Toad
(@CGUID+198, 1420, 546, 3, -4.882449, -110.0064, -4.533697, 5.183889, 900, 900, 2, 1), -- Toad
(@CGUID+199, 3300, 546, 3, 60.26914, -240.7408, -4.457804, 3.618135, 900, 900, 2, 1), -- Adder
(@CGUID+200, 3300, 546, 3, 65.68274, -242.8761, -4.399827, 2.064895, 900, 900, 2, 1), -- Adder
(@CGUID+201, 1420, 546, 3, -16.53123, -219.6095, -4.535078, 4.64732, 900, 900, 2, 1), -- Toad
(@CGUID+202, 1420, 546, 3, -13.39138, -215.6701, -4.534871, 5.640359, 900, 900, 2, 1), -- Toad
(@CGUID+203, 1420, 546, 3, -15.71528, -211.4516, -4.535066, 4.477944, 900, 900, 2, 1), -- Toad
(@CGUID+204, 3300, 546, 3, -131.4551, -220.3653, -3.946148, 0.9266475, 900, 900, 2, 1), -- Adder
(@CGUID+205, 1420, 546, 3, -117.2436, -356.642, 34.25029, 1.710495, 900, 900, 2, 1), -- Toad
(@CGUID+206, 3300, 546, 3, 80.59402, -294.1516, 32.03748, 3.478254, 900, 900, 2, 1), -- Adder
(@CGUID+207, 3300, 546, 3, 83.65171, -291.6103, 32.06342, 1.876695, 900, 900, 2, 1), -- Adder
(@CGUID+208, 3300, 546, 3, 362.1898, -447.9113, 31.97647, 2.059489, 900, 900, 2, 1), -- Adder
(@CGUID+209, 16030, 546, 3, 269.8687, -255.9469, 26.85735, 3.558704, 900, 900, 2, 1), -- Maggot
(@CGUID+210, 16030, 546, 3, 267.9745, -259.3347, 26.33525, 4.342295, 900, 900, 2, 1), -- Maggot
(@CGUID+211, 16030, 546, 3, 265.9036, -231.9958, 27.73031, 4.01957, 900, 900, 2, 1), -- Maggot
(@CGUID+212, 16030, 546, 3, 262.2875, -229.8882, 27.42147, 5.914365, 900, 900, 2, 1), -- Maggot
(@CGUID+213, 16030, 546, 3, 272.1762, -195.6451, 28.66948, 1.469379, 900, 900, 2, 1), -- Maggot
(@CGUID+214, 16030, 546, 3, 270.4472, -200.4594, 28.92947, 4.483509, 900, 900, 2, 1), -- Maggot
(@CGUID+215, 16030, 546, 3, 247.1066, -173.5378, 27.56229, 4.609685, 900, 900, 2, 1), -- Maggot
(@CGUID+216, 16030, 546, 3, 246.6859, -171.4526, 27.58648, 1.83807, 900, 900, 2, 1), -- Maggot
(@CGUID+217, 16030, 546, 3, 249.349, -169.304, 28.11514, 2.422995, 900, 900, 2, 1), -- Maggot
(@CGUID+218, 1420, 546, 3, 157.2995, -125.9942, 25.43427, 2.561074, 900, 900, 2, 1), -- Toad
(@CGUID+219, 1420, 546, 3, 161.1617, -125.5614, 26.00058, 3.165712, 900, 900, 2, 1), -- Toad
(@CGUID+220, 3300, 546, 3, 184.7086, 14.54699, 27.10555, 0.4532377, 900, 900, 2, 1), -- Adder
(@CGUID+221, 3300, 546, 3, 178.8049, 15.63347, 26.79155, 2.986339, 900, 900, 2, 1), -- Adder
-- normal 20465 spawns
(@CGUID+222, 20465, 546, 3, 112.427, -279.4124, -30.44247, 6.180574, 7200, 7200, 3, 1), -- Underbog Frenzy
(@CGUID+223, 20465, 546, 3, 127.3605, -271.2885, -30.43943, 5.013847, 7200, 7200, 3, 1), -- Underbog Frenzy
(@CGUID+224, 20465, 546, 3, 139.8114, -297.7368, -30.4526, 2.470975, 7200, 7200, 3, 1), -- Underbog Frenzy
(@CGUID+225, 20465, 546, 3, 111.0144, -301.4037, -30.45279, 5.832803, 7200, 7200, 3, 1), -- Underbog Frenzy
(@CGUID+226, 20465, 546, 3, 115.4825, -346.2222, -30.45346, 1.113637, 7200, 7200, 3, 1), -- Underbog Frenzy
(@CGUID+227, 20465, 546, 3, 143.5912, -353.9771, -30.45346, 6.275975, 7200, 7200, 3, 1), -- Underbog Frenzy
(@CGUID+228, 20465, 546, 3, 131.1065, -386.8977, -30.45346, 5.478765, 7200, 7200, 3, 1), -- Underbog Frenzy
(@CGUID+229, 20465, 546, 3, 110.9131, -435.2514, -30.45346, 3.724873, 7200, 7200, 3, 1), -- Underbog Frenzy
(@CGUID+230, 20465, 546, 3, 87.06268, -398.0504, -30.45346, 1.832159, 7200, 7200, 3, 1), -- Underbog Frenzy
(@CGUID+231, 20465, 546, 3, 44.47566, -395.0181, -30.45346, 3.792989, 7200, 7200, 3, 1), -- Underbog Frenzy
(@CGUID+232, 20465, 546, 3, 12.53393, -425.0326, -30.45346, 4.904442, 7200, 7200, 3, 1), -- Underbog Frenzy
(@CGUID+233, 20465, 546, 3, 17.6559, -384.4305, -30.45346, 5.889671, 7200, 7200, 3, 1), -- Underbog Frenzy
(@CGUID+234, 20465, 546, 3, -60.92007, -395.5004, -29.92517, 2.271321, 7200, 7200, 3, 1), -- Underbog Frenzy
(@CGUID+235, 20465, 546, 3, -76.44414, -414.2294, -29.66504, 5.68281, 7200, 7200, 3, 1), -- Underbog Frenzy
(@CGUID+236, 20465, 546, 3, -46.87838, -347.6287, -30.42716, 2.799845, 7200, 7200, 3, 1), -- Underbog Frenzy
(@CGUID+237, 20465, 546, 3, -63.98692, -324.2055, -30.45347, 0.8961355, 7200, 7200, 3, 1), -- Underbog Frenzy
(@CGUID+238, 20465, 546, 3, -46.06828, -306.9077, -30.45346, 3.152139, 7200, 7200, 3, 1), -- Underbog Frenzy
(@CGUID+239, 20465, 546, 3, -34.09923, -319.2907, -30.45346, 0.8788788, 7200, 7200, 3, 1), -- Underbog Frenzy
(@CGUID+240, 20465, 546, 3, -16.59093, -315.7948, -30.31619, 0.8098764, 7200, 7200, 3, 1), -- Underbog Frenzy
(@CGUID+241, 20465, 546, 3, 7.217946, -303.6326, -30.45346, 1.594346, 7200, 7200, 3, 1), -- Underbog Frenzy
(@CGUID+242, 20465, 546, 3, 0.4962765, -283.9113, -30.45346, 3.040404, 7200, 7200, 3, 1), -- Underbog Frenzy
(@CGUID+243, 20465, 546, 3, 28.50401, -270.2094, -30.45346, 5.199517, 7200, 7200, 3, 1), -- Underbog Frenzy
(@CGUID+244, 20465, 546, 3, 34.37368, -286.1991, -30.45346, 2.115175, 7200, 7200, 3, 1), -- Underbog Frenzy
(@CGUID+245, 20465, 546, 3, 208.0295, -314.826, -28.25239, 2.625107, 7200, 7200, 3, 1), -- Underbog Frenzy

(@CGUID+246, 17771, 546, 3, 177.115, -412.503, 48.2597, 2.67035, 7200, 7200, 0, 0), -- Murkblood Oracle
(@CGUID+247, 17728, 546, 3, 181.5612, -410.9746, 48.28504, 2.897247, 7200, 7200, 0, 0), -- Murkblood Tribesman
(@CGUID+248, 17728, 546, 3, 175.806, -416.587, 48.2694, 2.9147, 7200, 7200, 0, 0), -- Murkblood Tribesman

(@CGUID+249, 17728, 546, 3, 182.3, -390.59, 48.1715, 5.39307, 7200, 7200, 0, 0), -- Murkblood Tribesman
(@CGUID+250, 17728, 546, 3, 179.034, -391.338, 48.1567, 5.18363, 7200, 7200, 0, 0), -- Murkblood Tribesman
(@CGUID+251, 17771, 546, 3, 183.809, -387.583, 48.1557, 5.68977, 7200, 7200, 0, 0), -- Murkblood Oracle

(@CGUID+252, 17729, 546, 3, 197.162, -389.322, 72.4649, 5.09636, 7200, 7200, 0, 0), -- Murkblood Spearman
(@CGUID+253, 17729, 546, 3, 202.255, -389.231, 72.516, 5.88176, 7200, 7200, 0, 0), -- Murkblood Spearman
(@CGUID+254, 17730, 546, 3, 201.346, -384.036, 72.4265, 5.96903, 7200, 7200, 0, 0), -- Murkblood Healer

(@CGUID+255, 17735, 546, 3, 177.434, -404.174, 72.4244, 6.16101, 7200, 7200, 0, 0), -- Wrathfin Warrior
(@CGUID+256, 0, 546, 3, 172.664, -407.379, 72.3892, 5.70723, 7200, 7200, 0, 0), -- creature_spawn_entry
(@CGUID+257, 17771, 546, 3, 171.282, -402.482, 72.3152, 5.91667, 7200, 7200, 0, 0), -- Murkblood Oracle
(@CGUID+258, 0, 546, 3, 176.266, -399.841, 72.3586, 0.122173, 7200, 7200, 0, 0), -- creature_spawn_entry

(@CGUID+259, 17735, 546, 3, 163.9, -429.202, 72.4437, 0.0698132, 7200, 7200, 0, 0), -- Wrathfin Warrior
(@CGUID+260, 0, 546, 3, 158.772, -429.576, 72.3481, 0, 7200, 7200, 0, 0), -- creature_spawn_entry
(@CGUID+261, 0, 546, 3, 163.577, -435.3, 72.4584, 5.98648, 7200, 7200, 0, 0), -- creature_spawn_entry
(@CGUID+262, 17771, 546, 3, 162.619, -424.842, 72.4046, 0.890118, 7200, 7200, 0, 0); -- Murkblood Oracle

-- ===========
-- GAMEOBJECTS
-- ===========

INSERT INTO `gameobject` (`guid`, `id`, `map`, `spawnMask`, `position_x`, `position_y`, `position_z`, `orientation`, `rotation0`, `rotation1`, `rotation2`, `rotation3`, `spawntimesecsmin`, `spawntimesecsmax`) VALUES
(@OGUID+1, 181270, 546, 3, 93.50563, -248.7332, -4.490023, 4.031712, 0, 0, -0.902585, 0.4305117, 86400, 86400), -- Felweed
(@OGUID+2, 181270, 546, 3, 182.1167, -143.1828, 29.97003, 1.780234, 0, 0, 0.7771454, 0.6293211, 86400, 86400), -- Felweed
(@OGUID+3, 181270, 546, 3, -90.72054, -420.4993, 36.07394, 0.4886912, 0, 0, 0.2419214, 0.9702958, 86400, 86400), -- Felweed
(@OGUID+4, 181275, 546, 3, 376.4293, -453.1408, 33.19949, 4.031712, 0, 0, -0.902585, 0.4305117, 86400, 86400), -- Ragveil
(@OGUID+5, 181275, 546, 3, 278.9159, -236.0371, 29.17045, 2.705255, 0, 0, 0.9762955, 0.2164421, 86400, 86400), -- Ragveil
-- (@OGUID+6,
(@OGUID+7, 181278, 546, 3, 77.43577, -75.22554, -2.756693, 2.897245, 0, 0, 0.9925461, 0.12187, 86400, 86400), -- Ancient Lichen
(@OGUID+8, 181278, 546, 3, 356.161, -519.4705, 31.77328, 3.560473, 0, 0, -0.9781475, 0.2079121, 86400, 86400), -- Ancient Lichen
(@OGUID+9, 181278, 546, 3, 24.36164, -368.393, 27.25731, 1.378809, 0, 0, 0.6360779, 0.7716249, 86400, 86400), -- Ancient Lichen
(@OGUID+10, 181278, 546, 3, -160.595, -274.614, -4.72734, 1.43117, 0, 0, 0, 0, 86400, 86400), -- Ancient Lichen
(@OGUID+11, 181278, 546, 3, -2.681169, -315.8302, 30.72479, 5.026549, 0, 0, -0.5877848, 0.8090174, 86400, 86400), -- Ancient Lichen
(@OGUID+12, 181278, 546, 3, 346.8221, -359.7941, 34.2163, 0.2967052, 0, 0, 0.147809, 0.9890159, 86400, 86400), -- Ancient Lichen
(@OGUID+13, 181278, 546, 3, 33.08054, -170.1992, -3.800126, 2.879789, 0, 0, 0.9914446, 0.1305283, 86400, 86400), -- Ancient Lichen
(@OGUID+14, 181556, 546, 3, -138.401, -285.184, 0.821736, -1.20428, 0, 0, 0, 0, 86400, 86400), -- Adamantite Deposit
(@OGUID+15, 181556, 546, 3, 345.1837, -325.9142, 26.4721, 0.3141584, 0, 0, 0.1564341, 0.9876884, 86400, 86400), -- Adamantite Deposit
(@OGUID+16, 181557, 546, 3, -25.07877, -95.46665, -4.534269, 5.427975, 0, 0, -0.4146929, 0.9099615, 86400, 86400), -- Khorium Vein
(@OGUID+17, 181569, 546, 3, 345.1837, -325.9142, 26.4721, 0.3141584, 0, 0, 0.1564341, 0.9876884, 86400, 86400), -- Rich Adamantite Deposit
(@OGUID+18, 182054, 546, 3, -87.8337, -405.0658, 34.97536, 0.383971, 0, 0, 0.1908083, 0.9816273, 60, 60), -- The Underspore
(@OGUID+19, 183385, 546, 3, 116.0414, 4.268168, 27.56251, 1.221729, 0, 0, 0.573576, 0.8191524, 86400, 86400), -- Sanguine Hibiscus
(@OGUID+20, 183385, 546, 3, -66.77952, -240.1188, -4.537125, 3.001947, 0, 0, 0.9975634, 0.06976615, 86400, 86400), -- Sanguine Hibiscus
(@OGUID+21, 181557, 546, 3, 345.1837, -325.9142, 26.4721, 0.3141584, 0, 0, 0.1564341, 0.9876884, 86400, 86400), -- Khorium Vein
(@OGUID+22, 181278, 546, 3, -91.54044, -300.0656, -4.535956, 2.635444, 0, 0, 0.9681473, 0.2503814, 86400, 86400), -- Ancient Lichen
(@OGUID+23, 184199, 546, 2, 4.613999, -12.32211, -3.214006, 5.228889, 0, 0, -0.5030708, 0.8642452, 0, 0), -- Instance_Portal_Difficulty_1
(@OGUID+24, 184200, 546, 1, 4.613999, -12.32211, -3.214006, 5.228889, 0, 0, -0.5030708, 0.8642452, 0, 0), -- Instance_Portal_Difficulty_0
-- (@OGUID+25,
-- (@OGUID+26,
-- (@OGUID+27,
(@OGUID+28, 181270, 546, 3, 203.8416, 27.02369, 27.56251, 1.954769, 0, 0, 0.8290377, 0.5591928, 86400, 86400), -- Felweed
(@OGUID+29, 181270, 546, 3, 134.608, -84.8074, 26.6971, 6.1444, 0, 0, 0, 0, 86400, 86400), -- Felweed
(@OGUID+30, 181270, 546, 3, 272.366, -119.9198, 29.85154, 3.246347, 0, 0, -0.9986286, 0.05235322, 86400, 86400), -- Felweed
(@OGUID+31, 181270, 546, 3, 61.00713, -373.1127, 33.09673, 4.537859, 0, 0, -0.7660437, 0.6427886, 86400, 86400), -- Felweed
(@OGUID+32, 181270, 546, 3, -141.9075, -348.6284, 33.4847, 2.635444, 0, 0, 0.9681473, 0.2503814, 86400, 86400), -- Felweed
(@OGUID+33, 181270, 546, 3, 137.2368, -105.6713, 25.2929, 1.658062, 0, 0, 0.737277, 0.6755905, 86400, 86400), -- Felweed
(@OGUID+34, 181275, 546, 3, 309.7425, -299.7831, 21.00561, 3.455756, 0, 0, -0.9876881, 0.1564362, 86400, 86400), -- Ragveil
(@OGUID+35, 181275, 546, 3, 346.3185, -336.0105, 28.10873, 1.431168, 0, 0, 0.6560583, 0.7547102, 86400, 86400), -- Ragveil
(@OGUID+36, 181275, 546, 3, 103.313, -212.9013, 32.11715, 3.874631, 0, 0, -0.9335804, 0.358368, 86400, 86400), -- Ragveil
(@OGUID+37, 181275, 546, 3, 136.3483, 53.41259, 25.668015, 3.508117, 0, 0, -0.9832544, 0.182238, 86400, 86400), -- Ragveil		// sniff z = 27.56251
(@OGUID+38, 181275, 546, 3, 58.35935, -28.01662, 20.81954, 3.001947, 0, 0, 0.9975634, 0.06976615, 86400, 86400), -- Ragveil
(@OGUID+39, 181275, 546, 3, 146.3396, -150.2396, 30.75006, 3.892087, 0, 0, -0.9304171, 0.3665025, 86400, 86400), -- Ragveil
(@OGUID+40, 181276, 546, 3, 376.4293, -453.1408, 33.19949, 4.031712, 0, 0, -0.902585, 0.4305117, 86400, 86400), -- Flame Cap
(@OGUID+41, 181276, 546, 3, 278.9159, -236.0371, 29.17045, 2.705255, 0, 0.9762955, 0.2164421, 1, 86400, 86400), -- Flame Cap
(@OGUID+42, 181276, 546, 3, 136.3483, 53.41259, 25.668015, 3.508117, 0, 0, -0.9832544, 0.182238, 86400, 86400), -- Flame Cap		// sniff z = 27.56251
(@OGUID+43, 181276, 546, 3, 58.35935, -28.01662, 20.81954, 3.001947, 0, 0, 0.9975634, 0.06976615, 86400, 86400), -- Flame Cap
(@OGUID+44, 181276, 546, 3, 146.3396, -150.2396, 30.75006, 3.892087, 0, 0, -0.9304171, 0.3665025, 86400, 86400), -- Flame Cap
(@OGUID+45, 181276, 546, 3, 309.7425, -299.7831, 21.00561, 3.455756, 0, 0, -0.9876881, 0.1564362, 86400, 86400), -- Flame Cap
(@OGUID+46, 181276, 546, 3, 346.3185, -336.0105, 28.10873, 1.431168, 0, 0, 0.6560583, 0.7547102, 86400, 86400), -- Flame Cap
(@OGUID+47, 181278, 546, 3, 62.96027, -139.8797, -2.750158, 3.159062, 0, 0, -0.9999619, 0.008734641, 86400, 86400), -- Ancient Lichen
(@OGUID+48, 181278, 546, 3, -9.058614, -93.50462, -4.534039, 1.466076, 0, 0, 0.6691303, 0.743145, 86400, 86400), -- Ancient Lichen
(@OGUID+49, 181278, 546, 3, -57.57315, -223.8151, -4.5367, 5.166176, 0, 0, -0.5299187, 0.8480484, 86400, 86400), -- Ancient Lichen
(@OGUID+50, 181278, 546, 3, -116.6754, -210.8009, -3.942865, 4.206246, 0, 0, -0.8616285, 0.5075394, 86400, 86400), -- Ancient Lichen
(@OGUID+51, 181278, 546, 3, -98.38, -312.3, -4.04, 2, 0, 0, 0, 0, 86400, 86400), -- Ancient Lichen
(@OGUID+52, 181278, 546, 3, 15.09067, -397.5183, 27.32736, 5.602507, 0, 0, -0.333807, 0.9426414, 86400, 86400), -- Ancient Lichen
(@OGUID+53, 181278, 546, 3, 72.7041, -270.414, 32.25541, 5.585054, 0, 0, -0.34202, 0.9396927, 86400, 86400), -- Ancient Lichen
(@OGUID+54, 181278, 546, 3, 352.755, -447.541, 31.7192, 5.73179, 0, 0, 0, 0, 86400, 86400), -- Ancient Lichen
(@OGUID+55, 181278, 546, 3, 325.041, -399.7746, 46.1544, 3.735006, 0, 0, -0.9563046, 0.2923723, 86400, 86400), -- Ancient Lichen
(@OGUID+56, 181278, 546, 3, 348.6204, -457.6502, 27.25046, 6.230826, 0, 0, -0.02617645, 0.9996573, 86400, 86400), -- Ancient Lichen
(@OGUID+57, 183385, 546, 3, 52.38583, -188.3249, -4.27433, 3.804818, 0, 0, -0.9455185, 0.3255684, 86400, 86400), -- Sanguine Hibiscus
(@OGUID+58, 183385, 546, 3, 1.739941, -246.5631, -4.533222, 5.183629, 0, 0, -0.5224981, 0.8526405, 86400, 86400), -- Sanguine Hibiscus
(@OGUID+59, 183385, 546, 3, -92.59546, -254.4164, 23.0712, 3.647741, 0, 0, -0.9681473, 0.2503814, 86400, 86400), -- Sanguine Hibiscus
(@OGUID+60, 183385, 546, 3, 22.0234, -339.9811, 29.18158, 1.239183, 0, 0, 0.5807028, 0.8141156, 86400, 86400), -- Sanguine Hibiscus
(@OGUID+61, 183385, 546, 3, 74.19567, -402.8985, 33.69212, 1.745327, 0, 0, 0.7660437, 0.6427886, 86400, 86400), -- Sanguine Hibiscus
(@OGUID+62, 183385, 546, 3, 295.0749, -124.0022, 29.71378, 0.1745321, 0, 0, 0.08715534, 0.9961947, 86400, 86400), -- Sanguine Hibiscus
(@OGUID+63, 183385, 546, 3, 97.24243, -216.3377, 30.53397, 1.204277, 0, 0, 0.5664063, 0.8241262, 86400, 86400), -- Sanguine Hibiscus
(@OGUID+64, 183385, 546, 3, 144.8807, -69.80858, 27.43485, 0.9948372, 0, 0, 0.4771585, 0.8788173, 86400, 86400), -- Sanguine Hibiscus
(@OGUID+65, 183385, 546, 3, -23.65907, -109.071, -4.534064, 4.084071, 0, 0, -0.8910065, 0.4539906, 86400, 86400), -- Sanguine Hibiscus
(@OGUID+66, 183385, 546, 3, 57.51215, -228.6515, -4.474028, 4.363324, 0, 0, -0.8191519, 0.5735767, 86400, 86400), -- Sanguine Hibiscus
(@OGUID+67, 183385, 546, 3, 329.1939, -478.8673, 50.57038, 1.727875, 0, 0, 0.7604055, 0.6494485, 86400, 86400), -- Sanguine Hibiscus
(@OGUID+68, 183385, 546, 3, 257.2508, -263.9068, 24.64264, 4.276057, 0, 0, -0.8433914, 0.5372996, 86400, 86400), -- Sanguine Hibiscus
(@OGUID+69, 183385, 546, 3, 246.2179, -232.5182, 25.95434, 1.466076, 0, 0, 0.6691303, 0.743145, 86400, 86400), -- Sanguine Hibiscus
(@OGUID+70, 183385, 546, 3, -98.4295, -312.3992, -3.895051, 5.078908, 0, 0, -0.5664063, 0.8241262, 86400, 86400), -- Sanguine Hibiscus
(@OGUID+71, 183385, 546, 3, -151.6738, -308.3728, -4.809014, 1.658062, 0, 0, 0.737277, 0.6755905, 86400, 86400), -- Sanguine Hibiscus
(@OGUID+72, 183385, 546, 3, -145.4517, -217.6866, -3.40478, 0.5585039, 0, 0, 0.2756367, 0.9612619, 86400, 86400), -- Sanguine Hibiscus
(@OGUID+73, 183385, 546, 3, 105.351, -295.466, 32.22884, 4.188792, 0, 0, -0.866025, 0.5000008, 86400, 86400), -- Sanguine Hibiscus
(@OGUID+74, 183385, 546, 3, 80.50446, -70.98401, -2.75813, 4.76475, 0, 0, -0.6883545, 0.7253745, 86400, 86400), -- Sanguine Hibiscus
(@OGUID+75, 181556, 546, 3, 69.08212, -220.4089, -4.423868, 2.164206, 0, 0, 0.882947, 0.4694727, 86400, 86400), -- Adamantite Deposit
(@OGUID+76, 181556, 546, 3, 15.60759, -257.2573, -30.45346, 0.1745321, 0, 0, 0.08715534, 0.9961947, 86400, 86400), -- Adamantite Deposit
-- RE-USE 77 - 81
(@OGUID+82, 181556, 546, 3, 269.6125, -160.2348, 31.21317, 6.213374, 0, 0, -0.03489876, 0.9993908, 86400, 86400), -- Adamantite Deposit
(@OGUID+83, 181569, 546, 3, 269.6125, -160.2348, 31.21317, 6.213374, 0, 0, -0.03489876, 0.9993908, 86400, 86400), -- Rich Adamantite Deposite
(@OGUID+84, 181557, 546, 3, 269.6125, -160.2348, 31.21317, 6.213374, 0, 0, -0.03489876, 0.9993908, 86400, 86400), -- Khorium Vein
(@OGUID+85, 181556, 546, 3, 272.7268, -307.4324, 22.22222, 4.084071, 0, 0, -0.8910065, 0.4539906, 86400, 86400), -- Adamantite Deposit
(@OGUID+86, 181569, 546, 3, 272.7268, -307.4324, 22.22222, 4.084071, 0, 0, -0.8910065, 0.4539906, 86400, 86400), -- Rich Adamantite Deposite
(@OGUID+87, 181557, 546, 3, 272.7268, -307.4324, 22.22222, 4.084071, 0, 0, -0.8910065, 0.4539906, 86400, 86400), -- Khorium Vein
(@OGUID+88, 181556, 546, 3, -121.5274, -204.6328, -3.710367, 5.305802, 0, 0, -0.469471, 0.8829479,  86400, 86400), -- Adamantite Deposit
(@OGUID+89, 181556, 546, 3, -25.07877, -95.46665, -4.534269, 5.427975, 0, 0, -0.4146929, 0.9099615, 86400, 86400), -- Adamantite Deposit
(@OGUID+90, 181556, 546, 3, 66.80, -203.41, 6.43, 0, 0, 0, 0, 0, 86400, 86400), -- Adamantite Deposit
-- (@OGUID+91,
(@OGUID+92, 181556, 546, 3, -72.02172, -249.2874, -0.160408, 5.026549, 0, 0, -0.5877848, 0.8090174, 86400, 86400), -- Adamantite Deposit
(@OGUID+93, 181569, 546, 3, -157.7457, -233.748, -3.594326, 5.253442, 0, 0, -0.4924231, 0.870356, 86400, 86400), -- Rich Adamantite Deposite
(@OGUID+94, 181556, 546, 3, -157.7457, -233.748, -3.594326, 5.253442, 0, 0, -0.4924231, 0.870356, 86400, 86400), -- Adamantite Deposit
(@OGUID+95, 181556, 546, 3, -98.63322, -297.4396, -4.551687, 4.66003, 0, 0, -0.7253742, 0.6883547, 86400, 86400), -- Adamantite Deposit
(@OGUID+96, 181569, 546, 3, -36.64338, -199.1346, -4.535348, 3.979355, 0, 0, -0.9135447, 0.4067384, 86400, 86400), -- Rich Adamantite Deposite
(@OGUID+97, 181556, 546, 3, 283.87, -315.44, 22.25, 0, 0, 0, 0, 0, 86400, 86400), -- Adamantite Deposit
(@OGUID+98, 181556, 546, 3, 288.463, -222.0827, 34.20955, 3.857183, 0, 0, -0.9366713, 0.3502098, 86400, 86400), -- Adamantite Deposit
(@OGUID+99, 181569, 546, 3, 288.463, -222.0827, 34.20955, 3.857183, 0, 0, -0.9366713, 0.3502098, 86400, 86400), -- Rich Adamantite Deposite
(@OGUID+100, 181557, 546, 3, 288.463, -222.0827, 34.20955, 3.857183, 0, 0, -0.9366713, 0.3502098, 86400, 86400), -- Khorium Vein
(@OGUID+101, 181569, 546, 3, 283.87, -315.44, 22.25, 0, 0, 0, 0, 0, 86400, 86400), -- Rich Adamantite Deposite
(@OGUID+102, 181569, 546, 3, -72.02172, -249.2874, -0.160408, 5.026549, 0, 0, -0.5877848, 0.8090174, 86400, 86400), -- Rich Adamantite Deposite
(@OGUID+103, 181556, 546, 3, -93.78931, -248.9611, 27.40, 3.176533, 0, 0, -0.9998474, 0.01746928, 86400, 86400), -- Adamantite Deposit			// Z = 26.10961
(@OGUID+104, 181569, 546, 3, -93.78931, -248.9611, 27.40, 3.176533, 0, 0, -0.9998474, 0.01746928, 86400, 86400), -- Rich Adamantite Deposite	// Z = 26.10961
(@OGUID+105, 181556, 546, 3, -36.64338, -199.1346, -4.535348, 3.979355, 0, 0, -0.9135447, 0.4067384, 86400, 86400), -- Adamantite Deposit
(@OGUID+106, 181557, 546, 3, -36.64338, -199.1346, -4.535348, 3.979355, 0, 0, -0.9135447, 0.4067384, 86400, 86400), -- Khorium Vein
(@OGUID+107, 184934, 546, 1, 74.7062, -252.385, -4.50239, 2.04204, 0, 0, 0.85264, 0.522499, 86400, 86400), -- Bound Fel Iron Chest
(@OGUID+108, 184935, 546, 1, 74.7062, -252.385, -4.50239, 2.04204, 0, 0, 0.85264, 0.522499, 86400, 86400), -- Solid Fel Iron Chest
(@OGUID+109, 184936, 546, 2, 74.7062, -252.385, -4.50239, 2.04204, 0, 0, 0.85264, 0.522499, 86400, 86400), -- Bound Adamantite Chest
(@OGUID+110, 184937, 546, 2, 74.7062, -252.385, -4.50239, 2.04204, 0, 0, 0.85264, 0.522499, 86400, 86400), -- Solid Adamantite Chest
(@OGUID+111, 184934, 546, 1, 237.7724, -380.0579, 48.28535, 3.019413, 0, 0, 0, 0, 86400, 86400), -- Bound Fel Iron Chest
(@OGUID+112, 184935, 546, 1, 237.7724, -380.0579, 48.28535, 3.019413, 0, 0, 0, 0, 86400, 86400), -- Solid Fel Iron Chest
(@OGUID+113, 184936, 546, 2, 237.7724, -380.0579, 48.28535, 3.019413, 0, 0, 0, 0, 86400, 86400), -- Bound Adamantite Chest
(@OGUID+114, 184937, 546, 2, 237.7724, -380.0579, 48.28535, 3.019413, 0, 0, 0, 0, 86400, 86400), -- Solid Adamantite Chest
(@OGUID+115, 184934, 546, 1, 258.718, -214.395, 27.9184, 5.81769, 0, 0, 0, 0, 86400, 86400), -- Bound Fel Iron Chest
(@OGUID+116, 184935, 546, 1, 258.718, -214.395, 27.9184, 5.81769, 0, 0, 0, 0, 86400, 86400), -- Solid Fel Iron Chest
(@OGUID+117, 184936, 546, 2, 258.718, -214.395, 27.9184, 5.81769, 0, 0, 0, 0, 86400, 86400), -- Bound Adamantite Chest
(@OGUID+118, 184937, 546, 2, 258.718, -214.395, 27.9184, 5.81769, 0, 0, 0, 0, 86400, 86400), -- Solid Adamantite Chest
(@OGUID+119, 184934, 546, 1, 270.4417, -177.5935, 29.54572, 2.809975, 0, 0, 0, 0, 86400, 86400), -- Bound Fel Iron Chest
(@OGUID+120, 184935, 546, 1, 270.4417, -177.5935, 29.54572, 2.809975, 0, 0, 0, 0, 86400, 86400), -- Solid Fel Iron Chest
(@OGUID+121, 184936, 546, 2, 270.4417, -177.5935, 29.54572, 2.809975, 0, 0, 0, 0, 86400, 86400), -- Bound Adamantite Chest
(@OGUID+122, 184937, 546, 2, 270.4417, -177.5935, 29.54572, 2.809975, 0, 0, 0, 0, 86400, 86400); -- Solid Adamantite Chest

INSERT INTO `gameobject_addon` (`guid`, `animprogress`, `state`) VALUES
(@OGUID+23, 0, 0), -- Instance_Portal_Difficulty_1
(@OGUID+24, 0, 0); -- Instance_Portal_Difficulty_0

-- ======
-- EVENTS
-- ======

-- INSERT INTO `game_event_creature` (`guid`, `event`) VALUES
-- INSERT INTO `game_event_creature_data` (`guid`, `entry_id`, `modelid`, `equipment_id`, `spell_start`, `spell_end`, `event`) VALUES
-- INSERT INTO `game_event_gameobject` (`guid`, `event`) VALUES

-- ============
-- SPAWN GROUPS
-- ============

INSERT INTO `spawn_group` (`Id`, `Name`, `Type`, `MaxCount`, `WorldState`, `Flags`, `StringId`) VALUES
(@SGGUID+1, 'The Underbog - Group 001 - Underbog Shambler | Underbog Lurker (2)', 0, 0, 0, 1, 0),
(@SGGUID+2, 'The Underbog - Group 002 - Underbog Shambler | Underbog Lurker (2)', 0, 0, 0, 1, 0),
-- This group is special with following rules:
-- if front mob is Underbat it can either be 2 Underbog Shambler/2 Underbog Lurker or 1Shambler 1Lurker 
-- if front mob is Underbog Lurker is Underbog Lurker the 2 mobs behind will always be 2 Underbat
(@SGGUID+3, 'The Underbog - Group 003 - Underbat | Underbog Shambler/Underbog Lurker (2)', 0, 0, @SGGUID+1, 1, 0),
(@SGGUID+4, 'The Underbog - Group 003 - Underbog Lurker | Underbat (2)', 0, 0, @SGGUID+2, 1, 0),
(@SGGUID+5, 'The Underbog - Group 004 - Underbat (3) - Patrol 01', 0, 0, 0, 1, 0),
-- 2 Simple group of 3 with 3 different entrys - max spawned 2 of a entrys
(@SGGUID+6, 'The Underbog - Group 005 - Underbat/Underbog Shambler/Underbog Lurker', 0, 0, 0, 1, 0),
(@SGGUID+7, 'The Underbog - Group 006 - Underbat/Underbog Shambler/Underbog Lurker', 0, 0, 0, 1, 0),
(@SGGUID+8, 'The Underbog - Group 007 - Underbat (2) - Patrol 02', 0, 0, 0, 1, 0),
-- Group with 2 Underbat patroling around 1 lurker
(@SGGUID+9, 'The Underbog - Group 008 - Underbat (2) - Patrol 03', 0, 0, 0, 1, 0),
-- for safty add solo lurker into spawn_group and link them to Patrol
(@SGGUID+10, 'The Underbog - Group 008 - Underbog Lurker', 0, 0, 0, 1, 0),
-- Group with 2 Underbat patroling around 1 lurker
(@SGGUID+11, 'The Underbog - Group 009 - Underbat (2) - Patrol 04', 0, 0, 0, 1, 0),
-- for safty add solo lurker into spawn_group and link them to Patrol
(@SGGUID+12, 'The Underbog - Group 009 - Underbog Lurker', 0, 0, 0, 1, 0),
-- Static group before "stairs/ramp"
(@SGGUID+13, 'The Underbog - Group 010 - Underbog Lurker (2) | Underbog Shambler', 0, 0, 0, 1, 0),
-- Pat around "stairs/ramp"
(@SGGUID+14, 'The Underbog - Group 011 - Underbat/Underbog Lurker/Underbog Shambler - Patrol 05', 0, 0, 0, 1, 0),
-- Pat on "stairs/ramp"
(@SGGUID+15, 'The Underbog - Group 012 - Underbat (3) - Patrol 06', 0, 0, 0, 1, 0),
(@SGGUID+16, 'The Underbog - Group 013 - Bog Giant (2)', 0, 0, 0, 1, 0),
(@SGGUID+17, 'The Underbog - Group 014 - Underbat (4) - Patrol 07', 0, 0, 0, 1, 0),
(@SGGUID+18, 'The Underbog - Group 015 - Wrathfin Myrmidon (2) - Patrol 08', 0, 0, 0, 1, 0),
(@SGGUID+19, 'The Underbog - Group 016 - Wrathfin Sentry (2)', 0, 0, 0, 1, 0),
(@SGGUID+20, 'The Underbog - Group 017 - Wrathfin Myrmidon (2) - Patrol 09', 0, 0, 0, 1, 0),
-- This Group has following conditions:
-- There can never be a Murkblood Healer if a Murkblood Oracle is spawned
-- Middle NPC will always be a Murkblood Tribesman or Murkblood Spearman
-- Murkblood Healer can always only be spawned on the right side
-- Possible Combinations found:
-- Spearman, Spearman, Healer
-- Tribesman, Spearman, Healer 
-- Oracle, Tribesman, Oracle 
-- Tribesman, Spearman, Oracle
-- Tribesman, Tribesman, Spearman (currently missing)
(@SGGUID+21, 'The Underbog - Group 018 - Wrathfin Warrior | Murkblood Oracle | Murkblood Tribesman/Murkblood Spearman', 0, 0, @SGGUID+3, 1, 0),
(@SGGUID+22, 'The Underbog - Group 018 - Wrathfin Warrior | Murkblood Healer | Murkblood Tribesman/Murkblood Spearman', 0, 0, @SGGUID+4, 1, 0),
-- Group of 3 right side of the room
-- Possible Combinations found:
-- Healer, Spearman, Tribesman
-- Healer, Tribesman, Oracle
-- Tribesman Oracle, Tribesman
(@SGGUID+23, 'The Underbog - Group 019 - Murkblood Healer | Murkblood Tribesman/Murkblood Spearman/Murkblood Oracle', 0, 0, @SGGUID+5, 1, 0),
(@SGGUID+24, 'The Underbog - Group 019 - Murkblood Tribesman (2) | Murkblood Oracle', 0, 0, @SGGUID+6, 1, 0),
-- Group of 3 left side of the room
-- Possible Combinations found:
-- Healer Tribesman Spearman
-- Healer Oracle Tribesman
-- Tribesman Tribesman Oracle
(@SGGUID+25, 'The Underbog - Group 020 - Murkblood Healer | Murkblood Tribesman/Murkblood Spearman/Murkblood Oracle', 0, 0, @SGGUID+7, 1, 0),
(@SGGUID+26, 'The Underbog - Group 020 - Murkblood Tribesman (2) | Murkblood Oracle', 0, 0, @SGGUID+8, 1, 0),
-- Patrol with Warrior always as Leader
(@SGGUID+27, 'The Underbog - Group 021 - Wrathfin Warrior | Murkblood Tribesman/Murkblood Spearman/Murkblood Healer/Murkblood Oracle - Patrol 10', 0, 0, 0, 1, 0),
(@SGGUID+28, 'The Underbog - Group 021 - Wrathfin Warrior | Murkblood Tribesman (2) | Murkblood Healer ', 0, 0, 0, 1, 0),
-- Group of 3
-- Possible Combinations found:
-- Healer Tribesman Oracle
-- Healer Oracle Tribesman
-- Spearman Spearman Healer
(@SGGUID+29, 'The Underbog - Group 022 - Murkblood Healer | Murkblood Tribesman/Murkblood Oracle', 0, 0, @SGGUID+9, 1, 0),
(@SGGUID+30, 'The Underbog - Group 022 - Murkblood Spearman (2) | Murkblood Healer', 0, 0, @SGGUID+10, 1, 0),
-- Group of 3
(@SGGUID+31, 'The Underbog - Group 023 - Wrathfin Myrmidon (2) - Patrol 11', 0, 0, 0, 1, 0),
-- Group of 4
-- Possible Combinations found:
-- Spearman Healer Spearman
-- Spearman Healer Tribesman
-- Tribesman Oracle Oracle
-- Spearman Oracle Tribesman
-- Tribesman Spearman Tribesman (missing)
(@SGGUID+32, 'The Underbog - Group 024 - Wrathfin Warrior | Murkblood Healer | Murkblood Tribesman/Murkblood Spearman', 0, 0, @SGGUID+11, 1, 0),
(@SGGUID+33, 'The Underbog - Group 024 - Wrathfin Warrior | Murkblood Oracle | Murkblood Tribesman/Murkblood Spearman', 0, 0, @SGGUID+12, 1, 0),
-- Group of 4
-- Possible Combinations found:
-- Spearman Tribesman Healer
-- Spearman Spearman Healer
-- Tribesman Oracle Oracle
-- Spearman Tribesman Oracle
-- Tribesman Tribesman Spearman (missing)
(@SGGUID+34, 'The Underbog - Group 025 - Wrathfin Warrior | Murkblood Healer | Murkblood Tribesman/Murkblood Spearman', 0, 0, @SGGUID+13, 1, 0),
(@SGGUID+35, 'The Underbog - Group 025 - Wrathfin Warrior | Murkblood Oracle | Murkblood Tribesman/Murkblood Spearman', 0, 0, @SGGUID+14, 1, 0),
-- After 2nd Boss
(@SGGUID+36, 'The Underbog - Group 026 - Fen Ray (3)', 0, 0, 0, 1, 0),
(@SGGUID+37, 'The Underbog - Group 027 - Fen Ray (3) - Patrol 12', 0, 0, 0, 1, 0),
(@SGGUID+38, 'The Underbog - Group 028 - Lykul Wasp (2) | Lykul Stinger - Patrol 13', 0, 0, 0, 1, 0),
(@SGGUID+39, 'The Underbog - Group 029 - Fen Ray (3)', 0, 0, 0, 1, 0),
(@SGGUID+40, 'The Underbog - Group 030 - Lykul Wasp | Fen Ray (2)', 0, 0, 0, 1, 0),
(@SGGUID+41, 'The Underbog - Group 031 - Lykul Wasp (2) | Lykul Stinger - Patrol 14', 0, 0, 0, 1, 0),
(@SGGUID+42, 'The Underbog - Group 032 - Lykul Wasp | Fen Ray', 0, 0, 0, 1, 0),
(@SGGUID+43, 'The Underbog - Group 033 - Lykul Wasp | Fen Ray (2)', 0, 0, 0, 1, 0);

INSERT INTO `spawn_group_entry` (`Id`, `Entry`, `MinCount`, `MaxCount`, `Chance`) VALUES
(@SGGUID+3, 17725, 0, 2, 0), (@SGGUID+3, 17871, 0, 2, 0), -- Underbog Lurker, Underbog Shambler
(@SGGUID+6, 17724, 0, 2, 0), (@SGGUID+6, 17725, 0, 2, 0), (@SGGUID+6, 17871, 0, 2, 0), -- Underbat, Underbog Lurker, Underbog Shambler
(@SGGUID+7, 17724, 0, 2, 0), (@SGGUID+7, 17725, 0, 2, 0), (@SGGUID+7, 17871, 0, 2, 0), -- Underbat, Underbog Lurker, Underbog Shambler
(@SGGUID+14, 17724, 0, 2, 0), (@SGGUID+14, 17725, 0, 2, 0), (@SGGUID+14, 17871, 0, 2, 0), -- Underbat, Underbog Lurker, Underbog Shambler

(@SGGUID+21, 17728, 1, 2, 0), (@SGGUID+21, 17729, 0, 1, 0), (@SGGUID+21, 17771, 0, 2, 0), -- Murkblood Tribesman, Murkblood Spearman, Murkblood Oracle
(@SGGUID+22, 17728, 0, 1, 0), (@SGGUID+22, 17729, 0, 2, 0), -- Murkblood Tribesman, Murkblood Spearman
(@SGGUID+23, 17728, 0, 1, 0), (@SGGUID+23, 17729, 0, 1, 0), (@SGGUID+23, 17771, 0, 1, 0), -- Murkblood Tribesman, Murkblood Spearman, Murkblood Oracle
(@SGGUID+25, 17728, 0, 1, 0), (@SGGUID+25, 17729, 0, 1, 0), (@SGGUID+25, 17771, 0, 1, 0), -- Murkblood Tribesman, Murkblood Spearman, Murkblood Oracle
(@SGGUID+27, 17728, 0, 2, 0), (@SGGUID+27, 17729, 0, 2, 0), (@SGGUID+27, 17730, 0, 1, 0), (@SGGUID+27, 17771, 0, 2, 0), -- Murkblood Tribesman, Murkblood Spearman, Murkblood Healer, Murkblood Oracle
 
(@SGGUID+29, 17728, 0, 1, 0), (@SGGUID+29, 17771, 0, 1, 0), -- Murkblood Tribesman, Murkblood Oracle
(@SGGUID+32, 17728, 0, 1, 0), (@SGGUID+32, 17729, 0, 2, 0), -- Murkblood Tribesman, Murkblood Spearman
(@SGGUID+33, 17728, 1, 1, 0), (@SGGUID+33, 17729, 0, 1, 0), (@SGGUID+33, 17771, 0, 2, 0), -- Murkblood Tribesman, Murkblood Spearman, Murkblood Oracle
(@SGGUID+34, 17728, 0, 1, 0), (@SGGUID+34, 17729, 0, 2, 0), -- Murkblood Tribesman, Murkblood Spearman
(@SGGUID+35, 17728, 1, 1, 0), (@SGGUID+35, 17729, 0, 1, 0), (@SGGUID+35, 17771, 0, 2, 0), -- Murkblood Tribesman, Murkblood Spearman, Murkblood Oracle
(@SGGUID+42, 17731, 0, 0, 0), (@SGGUID+42, 19632, 0, 0, 0); -- Fen Ray, Lykul Stinger
 
INSERT INTO `spawn_group_spawn` (`Id`, `Guid`, `SlotId`, `Chance`) VALUES
(@SGGUID+1, @CGUID+110, 0, 0), -- Underbog Shambler
(@SGGUID+1, @CGUID+37, 1, 0), -- Underbog Lurker
(@SGGUID+1, @CGUID+42, 2, 0), -- Underbog Lurker

(@SGGUID+2, @CGUID+43, 0, 0), -- Underbog Lurker
(@SGGUID+2, @CGUID+112, 1, 0), -- Underbog Shambler
(@SGGUID+2, @CGUID+44, 2, 0), -- Underbog Lurker

(@SGGUID+3, @CGUID+17, 0, 0), -- Underbat
(@SGGUID+3, @CGUID+39, 1, 0), -- spawn_group_entry
(@SGGUID+3, @CGUID+38, 2, 0), -- spawn_group_entry

(@SGGUID+4, @CGUID+185, 0, 0), -- Underbog Lurker
(@SGGUID+4, @CGUID+186, 1, 0), -- Underbat
(@SGGUID+4, @CGUID+187, 2, 0), -- Underbat

(@SGGUID+5, @CGUID+14, 0, 0), -- Underbat
(@SGGUID+5, @CGUID+15, 1, 0), -- Underbat
(@SGGUID+5, @CGUID+18, 2, 0), -- Underbat

(@SGGUID+6, @CGUID+24, 0, 0), -- spawn_group_entry
(@SGGUID+6, @CGUID+40, 1, 0), -- spawn_group_entry
(@SGGUID+6, @CGUID+111, 2, 0), -- spawn_group_entry

(@SGGUID+7, @CGUID+25, 0, 0), -- spawn_group_entry
(@SGGUID+7, @CGUID+45, 1, 0), -- spawn_group_entry
(@SGGUID+7, @CGUID+113, 2, 0), -- spawn_group_entry

(@SGGUID+8, @CGUID+13, 0, 0), -- spawn_group_entry
(@SGGUID+8, @CGUID+16, 1, 0), -- spawn_group_entry

(@SGGUID+9, @CGUID+33, 0, 0), -- Underbat
(@SGGUID+9, @CGUID+34, 1, 0), -- Underbat

(@SGGUID+10, @CGUID+41, 0, 0), -- Underbog Lurker

(@SGGUID+11, @CGUID+26, 0, 0), -- Underbat
(@SGGUID+11, @CGUID+27, 1, 0), -- Underbat

(@SGGUID+12, @CGUID+46, 0, 0), -- Underbog Lurker

(@SGGUID+13, @CGUID+47, 0, 0), -- Underbog Lurker
(@SGGUID+13, @CGUID+48, 1, 0), -- Underbog Lurker
(@SGGUID+13, @CGUID+114, 2, 0), -- Underbog Shambler

(@SGGUID+14, @CGUID+28, 0, 0), -- spawn_group_entry
(@SGGUID+14, @CGUID+29, 1, 0), -- spawn_group_entry
(@SGGUID+14, @CGUID+49, 2, 0), -- spawn_group_entry

(@SGGUID+15, @CGUID+30, 0, 0), -- Underbat
(@SGGUID+15, @CGUID+31, 1, 0), -- Underbat
(@SGGUID+15, @CGUID+32, 2, 0), -- Underbat

(@SGGUID+16, @CGUID+7, 0, 0), -- Bog Giant
(@SGGUID+16, @CGUID+8, 1, 0), -- Bog Giant

(@SGGUID+17, @CGUID+20, 0, 0), -- Underbat
(@SGGUID+17, @CGUID+21, 1, 0), -- Underbat
(@SGGUID+17, @CGUID+22, 2, 0), -- Underbat
(@SGGUID+17, @CGUID+23, 3, 0), -- Underbat

(@SGGUID+18, @CGUID+50, 0, 0), -- Wrathfin Myrmidon
(@SGGUID+18, @CGUID+51, 1, 0), -- Wrathfin Myrmidon

(@SGGUID+19, @CGUID+56, 0, 0), -- Wrathfin Sentry
(@SGGUID+19, @CGUID+57, 1, 0), -- Wrathfin Sentry

(@SGGUID+20, @CGUID+52, 0, 0), -- Wrathfin Myrmidon
(@SGGUID+20, @CGUID+53, 1, 0), -- Wrathfin Myrmidon

(@SGGUID+21, @CGUID+96, 0, 0), -- Wrathfin Warrior
(@SGGUID+21, @CGUID+103, 1, 0), -- creature_spawn_entry (left)
(@SGGUID+21, @CGUID+58, 2, 0), -- creature_spawn_entry (middle)
(@SGGUID+21, @CGUID+102, 3, 0), -- Murkblood Oracle (right)

(@SGGUID+22, @CGUID+188, 0, 0), -- Wrathfin Myrmidon
(@SGGUID+22, @CGUID+189, 1, 0), -- spawn_group_entry (left)
(@SGGUID+22, @CGUID+190, 2, 0), -- Murkblood Spearman (middle)
(@SGGUID+22, @CGUID+191, 3, 0), -- Murkblood Healer (right)

(@SGGUID+23, @CGUID+104, 0, 0), -- creature_spawn_entry (middle)
(@SGGUID+23, @CGUID+60, 1, 0), -- Murkblood Healer (left)
(@SGGUID+23, @CGUID+59, 2, 0), -- creature_spawn_entry (right)

(@SGGUID+24, @CGUID+246, 0, 0), -- Murkblood Oracle (middle)
(@SGGUID+24, @CGUID+247, 1, 0), -- Murkblood Tribesman (left)
(@SGGUID+24, @CGUID+248, 2, 0), -- Murkblood Tribesman (right)

(@SGGUID+25, @CGUID+67, 0, 0), -- creature_spawn_entry (middle)
(@SGGUID+25, @CGUID+75, 1, 0), -- Murkblood Healer (left)
(@SGGUID+25, @CGUID+71, 2, 0), -- creature_spawn_entry (right)

(@SGGUID+26, @CGUID+249, 0, 0), -- Murkblood Tribesman (middle)
(@SGGUID+26, @CGUID+250, 1, 0), -- Murkblood Tribesman (left)
(@SGGUID+26, @CGUID+251, 2, 0), -- Murkblood Oracle (right)

(@SGGUID+27, @CGUID+97, 0, 0), -- Wrathfin Warrior
(@SGGUID+27, @CGUID+61, 1, 0), -- spawn_group_entry
(@SGGUID+27, @CGUID+62, 2, 0), -- spawn_group_entry
(@SGGUID+27, @CGUID+70, 3, 0), -- spawn_group_entry

(@SGGUID+28, @CGUID+98, 0, 0), -- Wrathfin Warrior
(@SGGUID+28, @CGUID+73, 1, 0), -- Murkblood Healer
(@SGGUID+28, @CGUID+63, 2, 0), -- Murkblood Tribesman
(@SGGUID+28, @CGUID+64, 3, 0), -- Murkblood Tribesman

(@SGGUID+29, @CGUID+74, 0, 0), -- Murkblood Healer
(@SGGUID+29, @CGUID+65, 1, 0), -- spawn_group_entry
(@SGGUID+29, @CGUID+105, 2, 0), -- spawn_group_entry

(@SGGUID+30, @CGUID+252, 0, 0), -- Murkblood Spear
(@SGGUID+30, @CGUID+253, 1, 0), -- Murkblood Spear
(@SGGUID+30, @CGUID+254, 2, 0), -- Murkblood Healer

(@SGGUID+31, @CGUID+54, 0, 0), -- Wrathfin Myrmidon
(@SGGUID+31, @CGUID+55, 1, 0), -- Wrathfin Myrmidon

(@SGGUID+32, @CGUID+99, 0, 0), -- Wrathfin Warrior
(@SGGUID+32, @CGUID+66, 1, 0), -- Murkblood Spearman
(@SGGUID+32, @CGUID+106, 2, 0), -- Murkblood Healer
(@SGGUID+32, @CGUID+107, 3, 0), -- spawn_group_entry

(@SGGUID+33, @CGUID+255, 0, 0), -- Wrathfin Warrior
(@SGGUID+33, @CGUID+256, 1, 0), -- creature_spawn_entry
(@SGGUID+33, @CGUID+257, 2, 0), -- Murkblood Oracle
(@SGGUID+33, @CGUID+258, 3, 0), -- creature_spawn_entry

(@SGGUID+34, @CGUID+100, 0, 0), -- Wrathfin Warrior
(@SGGUID+34, @CGUID+68, 1, 0), -- Murkblood Spearman
(@SGGUID+34, @CGUID+69, 2, 0), -- spawn_group_entry
(@SGGUID+34, @CGUID+72, 3, 0), -- Murkblood Healer

(@SGGUID+35, @CGUID+259, 0, 0), -- Wrathfin Warrior
(@SGGUID+35, @CGUID+260, 1, 0), -- creature_spawn_entry
(@SGGUID+35, @CGUID+261, 2, 0), -- creature_spawn_entry
(@SGGUID+35, @CGUID+262, 3, 0), -- Murkblood Oracle

(@SGGUID+36, @CGUID+79, 0, 0), -- Fen Ray
(@SGGUID+36, @CGUID+85, 1, 0), -- Fen Ray
(@SGGUID+36, @CGUID+86, 2, 0), -- Fen Ray

(@SGGUID+37, @CGUID+76, 0, 0), -- Fen Ray
(@SGGUID+37, @CGUID+77, 1, 0), -- Fen Ray
(@SGGUID+37, @CGUID+78, 2, 0), -- Fen Ray

(@SGGUID+38, @CGUID+91, 0, 0), -- Lykul Wasp
(@SGGUID+38, @CGUID+92, 1, 0), -- Lykul Wasp
(@SGGUID+38, @CGUID+118, 2, 0), -- Lykul Stinger

(@SGGUID+39, @CGUID+87, 0, 0), -- Fen Ray
(@SGGUID+39, @CGUID+88, 1, 0), -- Fen Ray
(@SGGUID+39, @CGUID+89, 2, 0), -- Fen Ray

(@SGGUID+40, @CGUID+93, 0, 0), -- Lykul Wasp
(@SGGUID+40, @CGUID+35, 1, 0), -- Fen Ray
(@SGGUID+40, @CGUID+36, 2, 0), -- Fen Ray

(@SGGUID+41, @CGUID+94, 0, 0), -- Lykul Wasp
(@SGGUID+41, @CGUID+119, 1, 0), -- Lykul Stinger
(@SGGUID+41, @CGUID+95, 2, 0), -- Lykul Wasp

(@SGGUID+42, @CGUID+83, 0, 0), -- spawn_group_entry
(@SGGUID+42, @CGUID+84, 1, 0), -- Fen Ray

(@SGGUID+43, @CGUID+90, 0, 0), -- Lykul Wasp
(@SGGUID+43, @CGUID+80, 1, 0), -- Fen Ray
(@SGGUID+43, @CGUID+81, 2, 0); -- Fen Ray


INSERT INTO `spawn_group_formation` (`Id`, `FormationType`, `FormationSpread`, `FormationOptions`, `PathId`, `MovementType`, `Comment`) VALUES
(@SGGUID+5, 3, 8, 0, @SGGUID+5, 4, 'The Underbog - Group 004 - Underbat (3) - Patrol 01'),
(@SGGUID+8, 1, 8, 0, @SGGUID+8, 4, 'The Underbog - Group 007 - Underbat (2) - Patrol 02'),
(@SGGUID+9, 1, 8, 0, @SGGUID+9, 2, 'The Underbog - Group 008 - Underbat (2) - Patrol 03'),
(@SGGUID+11, 1, 8, 0, @SGGUID+11, 2, 'The Underbog - Group 009 - Underbat (2) - Patrol 04'),
(@SGGUID+14, 3, 7, 0, @SGGUID+14, 4, 'The Underbog - Group 011 - Underbat/Underbog Lurker/Underbog Shambler - Patrol 05'),
(@SGGUID+15, 3, 8, 0, @SGGUID+15, 4, 'The Underbog - Group 012 - Underbat (3) - Patrol 06'),
(@SGGUID+17, 0, 8, 0, @SGGUID+17, 2, 'The Underbog - Group 014 - Underbat (4) - Patrol 07'),
(@SGGUID+18, 2, 3, 0, @SGGUID+18, 4, 'The Underbog - Group 015 - Wrathfin Myrmidon (2) - Patrol 08'),
(@SGGUID+20, 2, 3, 0, @SGGUID+20, 4, 'The Underbog - Group 017 - Wrathfin Myrmidon (2) - Patrol 09'),
(@SGGUID+27, 0, 2, 0, @SGGUID+27, 4, 'The Underbog - Group 017 - Wrathfin Warrior | Murkblood Tribesman/Murkblood Spearman/Murkblood Healer/Murkblood Oracle - Patrol 10'),
(@SGGUID+31, 2, 3, 0, @SGGUID+31, 4, 'The Underbog - Group 017 - Wrathfin Myrmidon (2) - Patrol 11'),
(@SGGUID+37, 0, 4, 0, @SGGUID+37, 2, 'The Underbog - Group 024 - Fen Ray (3) - Patrol 12'),
(@SGGUID+38, 3, 5, 0, @SGGUID+38, 4, 'The Underbog - Group 025 - Lykul Wasp (2) | Lykul Stinger - Patrol 13'),
(@SGGUID+41, 3, 5, 0, @SGGUID+41, 4, 'The Underbog - Group 028 - Lykul Wasp (2) | Lykul Stinger - Patrol 14');

INSERT INTO `waypoint_path_name` (`PathId`, `Name`) VALUES
(@SGGUID+5,'The Underbog - Group 004 - Underbat (3) - Patrol 01'),
(@SGGUID+8,'The Underbog - Group 007 - Underbat (2) - Patrol 02'),
(@SGGUID+9,'The Underbog - Group 008 - Underbat (2) - Patrol 03'),
(@SGGUID+11,'The Underbog - Group 009 - Underbat (2) - Patrol 04'),
(@SGGUID+14,'The Underbog - Group 011 - Underbat/Underbog Lurker/Underbog Shambler - Patrol 05'),
(@SGGUID+15,'The Underbog - Group 012 - Underbat (3) - Patrol 06'),
(@SGGUID+17,'The Underbog - Group 014 - Underbat (4) - Patrol 07'),
(@SGGUID+18,'The Underbog - Group 015 - Wrathfin Myrmidon (2) - Patrol 08'),
(@SGGUID+20,'The Underbog - Group 018 - Wrathfin Myrmidon (2) - Patrol 09'),
(@SGGUID+27,'The Underbog - Group 017 - Wrathfin Warrior | Murkblood Tribesman/Murkblood Spearman/Murkblood Healer/Murkblood Oracle - Patrol 10'),
(@SGGUID+31,'The Underbog - Group 017 - Wrathfin Myrmidon (2) - Patrol 11'),
(@SGGUID+37,'The Underbog - Group 024 - Fen Ray (3) - Patrol 12'),
(@SGGUID+38,'The Underbog - Group 025 - Lykul Wasp (2) | Lykul Stinger - Patrol 13'),
(@SGGUID+41,'The Underbog - Group 028 - Lykul Wasp (2) | Lykul Stinger - Patrol 14');

INSERT INTO `waypoint_path` (`PathId`, `Point`, `PositionX`, `PositionY`, `PositionZ`, `Orientation`, `WaitTime`, `ScriptId`) VALUES
(@SGGUID+5, 1, -17.999254,-117.81227,-4.533901, 100, 0, 0),
(@SGGUID+5, 2, -11.849671,-150.05165,-4.5338936, 100, 0, 0),
(@SGGUID+5, 3, 2.884122,-185.09702,-4.5339727, 100, 0, 0),
(@SGGUID+5, 4, 17.48416,-192.44588,-4.426555, 100, 0, 0),
(@SGGUID+5, 5, 35.609703,-185.99393,-4.075933, 100, 0, 0),
(@SGGUID+5, 6, 53.335827,-171.19751,-3.3044033, 100, 0, 0),

(@SGGUID+8, 1, 27.692041,-196.18343,-4.3031116, 100, 0, 0),
(@SGGUID+8, 2, 27.648382,-215.196,-4.533221, 100, 0, 0),
(@SGGUID+8, 3, 34.727264,-231.44217,-4.483186, 100, 0, 0),
(@SGGUID+8, 4, 52.006886,-241.20773,-4.4712386, 100, 0, 0),

(@SGGUID+9, 1, -25.224016,-210.4845,-4.5353093, 100, 0, 0),
(@SGGUID+9, 2, -16.935085,-214.41397,-4.5351872, 100, 0, 0),
(@SGGUID+9, 3, -8.694112,-208.17241,-4.5345955, 100, 0, 0),
(@SGGUID+9, 4, -9.591006,-198.76746,-4.5344644, 100, 0, 0),
(@SGGUID+9, 5, -16.808744,-194.3225,-4.534508, 100, 0, 0),
(@SGGUID+9, 6, -23.865183,-196.50008,-4.5347757, 100, 0, 0),
(@SGGUID+9, 7, -27.644753,-202.51695,-4.5350857, 100, 0, 0),

(@SGGUID+11, 1,-17.989143,-229.64557,-4.53509, 100, 0, 0),
(@SGGUID+11, 2,-24.067268,-236.38385,-4.535461, 100, 0, 0),
(@SGGUID+11, 3,-20.986021,-245.65443,-4.5351024, 100, 0, 0),
(@SGGUID+11, 4,-12.229747,-247.23727,-4.5345397, 100, 0, 0),
(@SGGUID+11, 5,-5.987698,-240.33052,-4.5342875, 100, 0, 0),
(@SGGUID+11, 6,-9.433245,-231.52043,-4.5344515, 100, 0, 0),

(@SGGUID+14, 1, -129.15343,-215.66437,-3.8939986, 100, 1000, 0),
(@SGGUID+14, 2, -143.02681,-227.64442,-3.8760147, 100, 0, 0),
(@SGGUID+14, 3, -147.45305,-265.93652,-4.460753, 100, 0, 0),
(@SGGUID+14, 4, -151.45857,-286.00116,-5.0252166, 100, 1000, 0),

(@SGGUID+15, 1, -116.92185,-267.95047,12.211213, 100, 1000, 0),
(@SGGUID+15, 2, -122.67276,-282.79837,6.121863, 100, 0, 0),
(@SGGUID+15, 3, -102.27272,-287.3214,1.9546214, 100, 0, 0),
(@SGGUID+15, 4, -89.69933,-286.32974,0.33470756, 100, 0, 0),
(@SGGUID+15, 5, -68.25427,-270.9585,-3.5277247, 100, 1000, 0),

(@SGGUID+17, 1, -4.692727,-317.54462,30.681536, 100, 0, 0),
(@SGGUID+17, 2, -20.202679,-316.25156,30.487944, 100, 0, 0),
(@SGGUID+17, 3, -31.772617,-320.19315,30.774057, 100, 0, 0),
(@SGGUID+17, 4, -39.692852,-330.91632,31.325401, 100, 0, 0),
(@SGGUID+17, 5, -40.69899,-345.8572,31.799494, 100, 0, 0),
(@SGGUID+17, 6, -35.312122,-360.4018,31.430618, 100, 0, 0),
(@SGGUID+17, 7, -27.32051,-380.549,32.004524, 100, 0, 0),
(@SGGUID+17, 8, -9.648621,-377.5021,28.132086, 100, 0, 0),
(@SGGUID+17, 9, -5.809507,-359.78894,28.126282, 100, 0, 0),
(@SGGUID+17, 10, 12.883931,-352.98172,27.426939, 100, 0, 0),
(@SGGUID+17, 11, 26.5498,-365.97595,27.250103, 100, 0, 0),
(@SGGUID+17, 12, 25.296139,-387.69263,27.568605, 100, 0, 0),
(@SGGUID+17, 13, 13.072289,-403.4628,27.36914, 100, 0, 0),
(@SGGUID+17, 14, -11.016423,-392.69186,27.875362, 100, 0, 0),
(@SGGUID+17, 15, -19.358988,-359.81122,29.860739, 100, 0, 0),
(@SGGUID+17, 16, 6.839859,-341.62842,29.919239, 100, 0, 0),
(@SGGUID+17, 17, 5.573694,-326.43835,30.714275, 100, 0, 0),

(@SGGUID+18, 1, 141.5793,-416.62878,48.6011, 100, 0, 0),
(@SGGUID+18, 2, 115.96061,-404.26944,42.522438, 100, 0, 0),
(@SGGUID+18, 3, 99.41526,-396.64914,36.55695, 100, 0, 0),
(@SGGUID+18, 4, 90.52101,-391.76727,34.237995, 100, 0, 0),

(@SGGUID+20, 1, 161.0618,-432.5178,48.088337, 100, 0, 0),
(@SGGUID+20, 2, 165.59125,-417.70804,48.107246, 100, 0, 0),
(@SGGUID+20, 3, 188.94055,-391.5165,48.133305, 100, 0, 0),
(@SGGUID+20, 4, 202.6417,-380.7892,48.123344, 100, 0, 0),

(@SGGUID+27, 1, 204.41469,-378.89005,48.1181, 100, 0, 0),
(@SGGUID+27, 2, 214.0971,-380.00208,48.148045, 100, 0, 0),
(@SGGUID+27, 3, 227.23715,-378.54562,48.189976, 100, 0, 0),
(@SGGUID+27, 4, 237.12813,-373.9269,48.178493, 100, 0, 0),

(@SGGUID+31, 1, 164.67918,-452.26797,72.48773, 100, 0, 0),
(@SGGUID+31, 2, 171.54146,-424.23203,72.47367, 100, 0, 0),
(@SGGUID+31, 3, 188.47975,-404.16498,72.504776, 100, 0, 0),

(@SGGUID+37, 1, 326.8262,-332.52115,22.322342, 100, 0, 0),
(@SGGUID+37, 2, 340.7248,-345.90942,28.651798, 100, 0, 0),
(@SGGUID+37, 3, 342.62613,-356.82632,32.390038, 100, 0, 0),
(@SGGUID+37, 4, 337.6255,-357.82043,33.04044, 100, 0, 0),
(@SGGUID+37, 5, 334.96402,-350.80576,29.880644, 100, 0, 0),
(@SGGUID+37, 6, 326.7678,-341.27536,26.27718, 100, 0, 0),
(@SGGUID+37, 7, 303.30872,-323.57098,20.690649, 100, 0, 0),
(@SGGUID+37, 8, 299.75455,-319.4571,20.507263, 100, 0, 0),
(@SGGUID+37, 9, 310.34607,-320.66324,19.90794, 100, 0, 0),

(@SGGUID+38, 1, 266.3294,-220.27826,28.777576, 100, 0, 0),
(@SGGUID+38, 2, 269.6321,-240.93237,27.48778, 100, 0, 0),
(@SGGUID+38, 3, 265.96866,-271.0043,24.540274, 100, 0, 0),
(@SGGUID+38, 4, 276.8408,-289.8254,21.845425, 100, 0, 0),
(@SGGUID+38, 5, 303.27896,-310.3096,18.873123, 100, 0, 0),

(@SGGUID+41,1, 268.6617,-230.68227,28.236944, 100, 0, 0),
(@SGGUID+41,2, 265.41608,-195.6269,28.487965, 100, 0, 0),
(@SGGUID+41,3, 251.65063,-161.90324,28.616928, 100, 0, 0);

INSERT INTO `spawn_group_linked_group` (`Id`, `LinkedId`) VALUES
(@SGGUID+9, @SGGUID+10),
(@SGGUID+10, @SGGUID+9),
(@SGGUID+11, @SGGUID+12),
(@SGGUID+12, @SGGUID+11);

DELETE FROM worldstate_name WHERE Id BETWEEN @SGGUID+1 AND @SGGUID+7;
INSERT INTO `worldstate_name` (`Id`, `Name`) VALUES 
(@SGGUID+1, 'The Underbog - Group 003'),
(@SGGUID+2, 'The Underbog - Group 018'),
(@SGGUID+3, 'The Underbog - Group 019'),
(@SGGUID+4, 'The Underbog - Group 020'),
(@SGGUID+5, 'The Underbog - Group 022'),
(@SGGUID+6, 'The Underbog - Group 024'),
(@SGGUID+7, 'The Underbog - Group 025');

DELETE FROM `conditions` WHERE `condition_entry` BETWEEN @SGGUID+1 AND @SGGUID+14;
INSERT INTO `conditions` (`condition_entry`, `type`, `value1`, `value2`, `value3`, `value4`, `flags`, `comments`) VALUES 
(@SGGUID+1, 42, @SGGUID+1, 1, 0, 0, 0, 'The Underbog - Group 003 -  Type 1'),
(@SGGUID+2, 42, @SGGUID+1, 1, 1, 0, 0, 'The Underbog - Group 003 -  Type 2'),
(@SGGUID+3, 42, @SGGUID+2, 1, 0, 0, 0, 'The Underbog - Group 018 -  Type 1'),
(@SGGUID+4, 42, @SGGUID+2, 1, 1, 0, 0, 'The Underbog - Group 018 -  Type 2'),
(@SGGUID+5, 42, @SGGUID+3, 1, 0, 0, 0, 'The Underbog - Group 019 -  Type 1'),
(@SGGUID+6, 42, @SGGUID+3, 1, 1, 0, 0, 'The Underbog - Group 019 -  Type 2'),
(@SGGUID+7, 42, @SGGUID+4, 1, 0, 0, 0, 'The Underbog - Group 020 -  Type 1'),
(@SGGUID+8, 42, @SGGUID+4, 1, 1, 0, 0, 'The Underbog - Group 020 -  Type 2'),
(@SGGUID+9, 42, @SGGUID+5, 1, 0, 0, 0, 'The Underbog - Group 022 -  Type 1'),
(@SGGUID+10, 42, @SGGUID+5, 1, 1, 0, 0, 'The Underbog - Group 022 -  Type 2'),
(@SGGUID+11, 42, @SGGUID+6, 1, 0, 0, 0, 'The Underbog - Group 024 -  Type 1'),
(@SGGUID+12, 42, @SGGUID+6, 1, 1, 0, 0, 'The Underbog - Group 024 -  Type 2'),
(@SGGUID+13, 42, @SGGUID+7, 1, 0, 0, 0, 'The Underbog - Group 025 -  Type 1'),
(@SGGUID+14, 42, @SGGUID+7, 1, 1, 0, 0, 'The Underbog - Group 025 -  Type 2');

-- =======
-- POOLING
-- =======

-- INSERT INTO `pool_creature` (`guid`, `pool_entry`, `chance`, `description`) VALUES
-- INSERT INTO `pool_creature_template` (`id`, `pool_entry`, `chance`, `description`) VALUES

INSERT INTO `pool_pool` (`pool_id`, `mother_pool`, `chance`, `description`) VALUES
(@PGUID+31, @PGUID+30, 0, 'Ragveil / Flame Cap - #1'),
(@PGUID+32, @PGUID+30, 0, 'Ragveil / Flame Cap - #2'),
(@PGUID+33, @PGUID+30, 0, 'Ragveil / Flame Cap - #3'),
(@PGUID+34, @PGUID+30, 0, 'Ragveil / Flame Cap - #4'),
(@PGUID+35, @PGUID+30, 0, 'Ragveil / Flame Cap - #5'),
(@PGUID+36, @PGUID+30, 0, 'Ragveil / Flame Cap - #6'),
(@PGUID+37, @PGUID+30, 0, 'Ragveil / Flame Cap - #7'),
(@PGUID+60, @PGUID+22, 0, 'Adamantite Deposit / Rich Adamantite Deposit - #1'),
(@PGUID+61, @PGUID+22, 0, 'Adamantite Deposit / Rich Adamantite Deposit - #2'),
(@PGUID+62, @PGUID+22, 0, 'Adamantite Deposit / Rich Adamantite Deposit - #3'),
(@PGUID+63, @PGUID+22, 0, 'Adamantite Deposit / Khorium Vein - #4'),
(@PGUID+64, @PGUID+22, 0, 'Adamantite Deposit / Rich Adamantite Deposit / Khorium Vein - #5'),
(@PGUID+65, @PGUID+22, 0, 'Adamantite Deposit / Rich Adamantite Deposit / Khorium Vein - #6'),
(@PGUID+66, @PGUID+22, 0, 'Adamantite Deposit / Rich Adamantite Deposit / Khorium Vein - #7'),
(@PGUID+67, @PGUID+22, 0, 'Adamantite Deposit / Rich Adamantite Deposit - #8'),
(@PGUID+68, @PGUID+22, 0, 'Adamantite Deposit / Khorium Vein - #9'),
(@PGUID+69, @PGUID+22, 0, 'Adamantite Deposit / Rich Adamantite Deposit - #10'),
(@PGUID+91, @PGUID+90, 0, 'The Underbog - Chest - #1'),
(@PGUID+92, @PGUID+90, 0, 'The Underbog - Chest - #2'),
(@PGUID+93, @PGUID+90, 0, 'The Underbog - Chest - #3'),
(@PGUID+94, @PGUID+90, 0, 'The Underbog - Chest - #4');

INSERT INTO `pool_template` (`entry`, `max_limit`, `description`) VALUES
-- (@PGUID+21, 1, 'The Underbog - Master Herb Pool'), -- gameobject
(@PGUID+22, 4, 'The Underbog - Master Mineral Pool'),
(@PGUID+28, 2, 'The Underbog - Master Ancient Lichen (181278) Pool'),
(@PGUID+29, 2, 'The Underbog - Master Felweed (181270) Pool'),
(@PGUID+30, 2, 'The Underbog - Master Ragveil (181275) / Flame Cap (181276) Pool'),
(@PGUID+31, 1, 'The Underbog - Ragveil / Flame Cap - #1'),
(@PGUID+32, 1, 'The Underbog - Ragveil / Flame Cap - #2'),
(@PGUID+33, 1, 'The Underbog - Ragveil / Flame Cap - #3'),
(@PGUID+34, 1, 'The Underbog - Ragveil / Flame Cap - #4'),
(@PGUID+35, 1, 'The Underbog - Ragveil / Flame Cap - #5'),
(@PGUID+36, 1, 'The Underbog - Ragveil / Flame Cap - #6'),
(@PGUID+37, 1, 'The Underbog - Ragveil / Flame Cap - #7'),
(@PGUID+39, 7, 'The Underbog - Master Sanguine Hibiscus (183385) Pool'),
(@PGUID+60, 1, 'The Underbog - Adamantite Deposit / Rich Adamantite Deposit / Khorium Vein - #1'),
(@PGUID+61, 1, 'The Underbog - Adamantite Deposit / Rich Adamantite Deposit - #2'),
(@PGUID+62, 1, 'The Underbog - Adamantite Deposit / Rich Adamantite Deposit - #3'),
(@PGUID+63, 1, 'The Underbog - Adamantite Deposit / Khorium Vein - #4'),
(@PGUID+64, 1, 'The Underbog - Adamantite Deposit / Rich Adamantite Deposit / Khorium Vein - #5'),
(@PGUID+65, 1, 'The Underbog - Adamantite Deposit / Rich Adamantite Deposit / Khorium Vein - #6'),
(@PGUID+66, 1, 'The Underbog - Adamantite Deposit / Rich Adamantite Deposit / Khorium Vein - #7'),
(@PGUID+67, 1, 'The Underbog - Adamantite Deposit / Rich Adamantite Deposit - #8'),
(@PGUID+68, 1, 'The Underbog - Adamantite Deposit / Khorium Vein - #9'),
(@PGUID+69, 1, 'The Underbog - Adamantite Deposit / Rich Adamantite Deposit - #10'),
(@PGUID+90, 1, 'The Underbog - Master Chest Pool'),
(@PGUID+91, 1, 'The Underbog - Chest - #1'),
(@PGUID+92, 1, 'The Underbog - Chest - #2'),
(@PGUID+93, 1, 'The Underbog - Chest - #3'),
(@PGUID+94, 1, 'The Underbog - Chest - #4');

INSERT INTO `pool_gameobject` (`guid`, `pool_entry`, `chance`, `description`) VALUES
(@OGUID+14, @PGUID+22, 0, 'The Underbog - Adamantite Deposit (181556)'),
(@OGUID+75, @PGUID+22, 0, 'The Underbog - Adamantite Deposit (181556)'),
(@OGUID+76, @PGUID+22, 0, 'The Underbog - Adamantite Deposit (181556)'),
(@OGUID+88, @PGUID+22, 0, 'The Underbog - Adamantite Deposit (181556)'),
(@OGUID+90, @PGUID+22, 0, 'The Underbog - Adamantite Deposit (181556)'),
(@OGUID+95, @PGUID+22, 0, 'The Underbog - Adamantite Deposit (181556)'),
(@OGUID+7, @PGUID+28, 0, 'The Underbog - Ancient Lichen (181278)'),
(@OGUID+8, @PGUID+28, 0, 'The Underbog - Ancient Lichen (181278)'),
(@OGUID+9, @PGUID+28, 0, 'The Underbog - Ancient Lichen (181278)'),
(@OGUID+10, @PGUID+28, 0, 'The Underbog - Ancient Lichen (181278)'),
(@OGUID+11, @PGUID+28, 0, 'The Underbog - Ancient Lichen (181278)'),
(@OGUID+12, @PGUID+28, 0, 'The Underbog - Ancient Lichen (181278)'),
(@OGUID+13, @PGUID+28, 0, 'The Underbog - Ancient Lichen (181278)'),
(@OGUID+22, @PGUID+28, 0, 'The Underbog - Ancient Lichen (181278)'),
(@OGUID+47, @PGUID+28, 0, 'The Underbog - Ancient Lichen (181278)'),
(@OGUID+48, @PGUID+28, 0, 'The Underbog - Ancient Lichen (181278)'),
(@OGUID+49, @PGUID+28, 0, 'The Underbog - Ancient Lichen (181278)'),
(@OGUID+50, @PGUID+28, 0, 'The Underbog - Ancient Lichen (181278)'),
(@OGUID+51, @PGUID+28, 0, 'The Underbog - Ancient Lichen (181278)'),
(@OGUID+52, @PGUID+28, 0, 'The Underbog - Ancient Lichen (181278)'),
(@OGUID+53, @PGUID+28, 0, 'The Underbog - Ancient Lichen (181278)'),
(@OGUID+54, @PGUID+28, 0, 'The Underbog - Ancient Lichen (181278)'),
(@OGUID+55, @PGUID+28, 0, 'The Underbog - Ancient Lichen (181278)'),
(@OGUID+56, @PGUID+28, 0, 'The Underbog - Ancient Lichen (181278)'),
(@OGUID+1, @PGUID+29, 0, 'The Underbog - Felweed (181270)'),
(@OGUID+2, @PGUID+29, 0, 'The Underbog - Felweed (181270)'),
(@OGUID+3, @PGUID+29, 0, 'The Underbog - Felweed (181270)'),
(@OGUID+28, @PGUID+29, 0, 'The Underbog - Felweed (181270)'),
(@OGUID+29, @PGUID+29, 0, 'The Underbog - Felweed (181270)'),
(@OGUID+30, @PGUID+29, 0, 'The Underbog - Felweed (181270)'),
(@OGUID+31, @PGUID+29, 0, 'The Underbog - Felweed (181270)'),
(@OGUID+32, @PGUID+29, 0, 'The Underbog - Felweed (181270)'),
(@OGUID+33, @PGUID+29, 0, 'The Underbog - Felweed (181270)'),
(@OGUID+36, @PGUID+30, 0, 'The Underbog - Ragveil (181275)'),
(@OGUID+4, @PGUID+31, 0, 'The Underbog - Ragveil (181275) - #1'),
(@OGUID+40, @PGUID+31, 0, 'The Underbog - Flame Cap (181276) - #1'),
(@OGUID+5, @PGUID+32, 0, 'The Underbog - Ragveil (181275) - #2'),
(@OGUID+41, @PGUID+32, 0, 'The Underbog - Flame Cap (181276) - #2'),
(@OGUID+37, @PGUID+33, 0, 'The Underbog - Ragveil (181275) - #3'),
(@OGUID+42, @PGUID+33, 0, 'The Underbog - Flame Cap (181276) - #3'),
(@OGUID+34, @PGUID+34, 0, 'The Underbog - Ragveil (181275) - #4'),
(@OGUID+45, @PGUID+34, 0, 'The Underbog - Flame Cap (181276) - #4'),
(@OGUID+35, @PGUID+35, 0, 'The Underbog - Ragveil (181275) - #5'),
(@OGUID+46, @PGUID+35, 0, 'The Underbog - Flame Cap (181276) - #5'),
(@OGUID+38, @PGUID+36, 0, 'The Underbog - Ragveil (181275) - #6'),
(@OGUID+43, @PGUID+36, 0, 'The Underbog - Flame Cap (181276) - #6'),
(@OGUID+39, @PGUID+37, 0, 'The Underbog - Ragveil (181275) - #7'),
(@OGUID+44, @PGUID+37, 0, 'The Underbog - Flame Cap (181276) - #7'),
(@OGUID+19, @PGUID+39, 0, 'The Underbog - Sanguine Hibiscus (183385) - #1'),
(@OGUID+20, @PGUID+39, 0, 'The Underbog - Sanguine Hibiscus (183385) - #2'),
(@OGUID+57, @PGUID+39, 0, 'The Underbog - Sanguine Hibiscus (183385) - #3'),
(@OGUID+58, @PGUID+39, 0, 'The Underbog - Sanguine Hibiscus (183385) - #4'),
(@OGUID+59, @PGUID+39, 0, 'The Underbog - Sanguine Hibiscus (183385) - #5'),
(@OGUID+60, @PGUID+39, 0, 'The Underbog - Sanguine Hibiscus (183385) - #6'),
(@OGUID+61, @PGUID+39, 0, 'The Underbog - Sanguine Hibiscus (183385) - #7'),
(@OGUID+62, @PGUID+39, 0, 'The Underbog - Sanguine Hibiscus (183385) - #8'),
(@OGUID+63, @PGUID+39, 0, 'The Underbog - Sanguine Hibiscus (183385) - #9'),
(@OGUID+64, @PGUID+39, 0, 'The Underbog - Sanguine Hibiscus (183385) - #10'),
(@OGUID+65, @PGUID+39, 0, 'The Underbog - Sanguine Hibiscus (183385) - #11'),
(@OGUID+66, @PGUID+39, 0, 'The Underbog - Sanguine Hibiscus (183385) - #12'),
(@OGUID+67, @PGUID+39, 0, 'The Underbog - Sanguine Hibiscus (183385) - #13'),
(@OGUID+68, @PGUID+39, 0, 'The Underbog - Sanguine Hibiscus (183385) - #14'),
(@OGUID+69, @PGUID+39, 0, 'The Underbog - Sanguine Hibiscus (183385) - #15'),
(@OGUID+70, @PGUID+39, 0, 'The Underbog - Sanguine Hibiscus (183385) - #16'),
(@OGUID+71, @PGUID+39, 0, 'The Underbog - Sanguine Hibiscus (183385) - #17'),
(@OGUID+72, @PGUID+39, 0, 'The Underbog - Sanguine Hibiscus (183385) - #28'),
(@OGUID+73, @PGUID+39, 0, 'The Underbog - Sanguine Hibiscus (183385) - #19'),
(@OGUID+74, @PGUID+39, 0, 'The Underbog - Sanguine Hibiscus (183385) - #20'),
(@OGUID+15, @PGUID+60, 0, 'The Underbog - Adamantite Deposit (181556) - #1'),
(@OGUID+17, @PGUID+60, 0, 'The Underbog - Rich Adamantite Deposit (181569) - #1'),
(@OGUID+21, @PGUID+60, 20, 'The Underbog - Khorium Vein (181557) - #1'),
(@OGUID+92, @PGUID+61, 0, 'The Underbog - Adamantite Deposit (181556)  - #2'),
(@OGUID+102, @PGUID+61, 0, 'The Underbog - Rich Adamantite Deposit (181569)  - #2'),
(@OGUID+97, @PGUID+62, 0, 'The Underbog - Adamantite Deposit (181556) - #3'),
(@OGUID+101, @PGUID+62, 0, 'The Underbog - Rich Adamantite Deposit (181569) - #3'),
(@OGUID+16, @PGUID+63, 20, 'The Underbog - Khorium Vein (181557) - #4'),
(@OGUID+89, @PGUID+63, 0, 'The Underbog - Adamantite Deposit (181556) - #4'),
(@OGUID+98, @PGUID+64, 0, 'The Underbog - Adamantite Deposit (181556) - #5'),
(@OGUID+99, @PGUID+64, 0, 'The Underbog - Rich Adamantite Deposit (181569) - #5'),
(@OGUID+100, @PGUID+64, 0, 'The Underbog - Khorium Vein (181557) - #5'),
(@OGUID+85, @PGUID+65, 0, 'The Underbog - Adamantite Deposit (181556) - #6'),
(@OGUID+86, @PGUID+65, 0, 'The Underbog - Rich Adamantite Deposit (181569) - #6'),
(@OGUID+87, @PGUID+65, 20, 'The Underbog - Khorium Vein (181557) - #6'),
(@OGUID+82, @PGUID+66, 0, 'The Underbog - Adamantite Deposit (181556) - #7'),
(@OGUID+83, @PGUID+66, 0, 'The Underbog - Rich Adamantite Deposit (181569) - #7'),
(@OGUID+84, @PGUID+66, 20, 'The Underbog - Khorium Vein (181557) - #7'),
(@OGUID+103, @PGUID+67, 0, 'The Underbog - Adamantite Deposit (181556) - #8'),
(@OGUID+104, @PGUID+67, 0, 'The Underbog - Rich Adamantite Deposit (181569) - #8'),
(@OGUID+96, @PGUID+68, 0, 'The Underbog - Rich Adamantite Deposit (181569) - #9'),
(@OGUID+105, @PGUID+68, 0, 'The Underbog - Adamantite Deposit (181556) - #9'),
(@OGUID+106, @PGUID+68, 20, 'The Underbog - Khorium Vein (181557) - #9'),
(@OGUID+93, @PGUID+69, 0, 'The Underbog - Rich Adamantite Deposit (181569) - #10'),
(@OGUID+94, @PGUID+69, 0, 'The Underbog - Adamantite Deposit (181556) - #10'),
(@OGUID+107, @PGUID+91, 0, 'The Underbog - Bound Fel Iron Chest (184934) - #1'),
(@OGUID+108, @PGUID+91, 0, 'The Underbog - Solid Fel Iron Chest (184935) - #1'),
(@OGUID+109, @PGUID+91, 0, 'The Underbog - Bound Adamantite Chest (184936) - #1'),
(@OGUID+110, @PGUID+91, 0, 'The Underbog - Solid Adamantite Chest (184937) - #1'),
(@OGUID+111, @PGUID+92, 0, 'The Underbog - Bound Fel Iron Chest (184934) - #2'),
(@OGUID+112, @PGUID+92, 0, 'The Underbog - Solid Fel Iron Chest (184935) - #2'),
(@OGUID+113, @PGUID+92, 0, 'The Underbog - Bound Adamantite Chest (184936) - #2'),
(@OGUID+114, @PGUID+92, 0, 'The Underbog - Solid Adamantite Chest (184937) - #2'),
(@OGUID+115, @PGUID+93, 0, 'The Underbog - Bound Fel Iron Chest (184934) - #3'),
(@OGUID+116, @PGUID+93, 0, 'The Underbog - Solid Fel Iron Chest (184935) - #3'),
(@OGUID+117, @PGUID+93, 0, 'The Underbog - Bound Adamantite Chest (184936) - #3'),
(@OGUID+118, @PGUID+93, 0, 'The Underbog - Solid Adamantite Chest (184937) - #3'),
(@OGUID+119, @PGUID+94, 0, 'The Underbog - Bound Fel Iron Chest (184934) - #4'),
(@OGUID+120, @PGUID+94, 0, 'The Underbog - Solid Fel Iron Chest (184935) - #4'),
(@OGUID+121, @PGUID+94, 0, 'The Underbog - Bound Adamantite Chest (184936) - #4'),
(@OGUID+122, @PGUID+94, 0, 'The Underbog - Solid Adamantite Chest (184937) - #4');

-- INSERT INTO `pool_gameobject_template` (`id`, `pool_entry`, `chance`, `description`) VALUES

-- =========
-- DBSCRIPTS
-- =========

DELETE FROM dbscripts_on_creature_movement WHERE id=1810501;
INSERT INTO `dbscripts_on_creature_movement` (`id`, `delay`, `command`, `datalong`, `datalong2`, `datalong3`, `buddy_entry`, `search_radius`, `data_flags`, `dataint`, `dataint2`, `dataint3`, `dataint4`, `x`, `y`, `z`, `o`, `comments`) VALUES
('1810501', '0', '20', '1', '10', '0', '0', '0', '8', '0', '0', '0', '0', '0', '0', '0', '0', 'Ghaz''an - Random movement around current position');

DELETE FROM dbscripts_on_relay WHERE id = @RELAYID+1;
INSERT INTO `dbscripts_on_relay` (`id`, `delay`, `priority`, `command`, `datalong`, `datalong2`, `datalong3`, `buddy_entry`, `search_radius`, `data_flags`, `dataint`, `dataint2`, `dataint3`, `dataint4`, `x`, `y`, `z`, `o`, `comments`) VALUES
-- Triggered from spell_list when casting Holy Light
(@RELAYID+1,0,0,0,0,0,0,0,0,0,17652,0,0,0,0,0,0,0, 'Murkblood Healer - Emoted Text');

-- INSERT INTO `dbscripts_on_creature_death` (`id`, `delay`, `command`, `datalong`, `datalong2`, `datalong3`, `buddy_entry`, `search_radius`, `data_flags`, `dataint`, `dataint2`, `dataint3`, `dataint4`, `x`, `y`, `z`, `o`, `comments`) VALUES
-- INSERT INTO `dbscripts_on_go_use` (`id`, `delay`, `command`, `datalong`, `datalong2`, `datalong3`, `buddy_entry`, `search_radius`, `data_flags`, `dataint`, `dataint2`, `dataint3`, `dataint4`, `x`, `y`, `z`, `o`, `comments`) VALUES
-- INSERT INTO `dbscripts_on_go_template_use` (`id`, `delay`, `command`, `datalong`, `datalong2`, `datalong3`, `buddy_entry`, `search_radius`, `data_flags`, `dataint`, `dataint2`, `dataint3`, `dataint4`, `x`, `y`, `z`, `o`, `comments`) VALUES
-- INSERT INTO `dbscripts_on_relay` (`id`, `delay`, `command`, `datalong`, `datalong2`, `datalong3`, `buddy_entry`, `search_radius`, `data_flags`, `dataint`, `dataint2`, `dataint3`, `dataint4`, `x`, `y`, `z`, `o`, `comments`) VALUES
-- INSERT INTO `dbscripts_on_event` (`id`, `delay`, `command`, `datalong`, `datalong2`, `datalong3`, `buddy_entry`, `search_radius`, `data_flags`, `dataint`, `dataint2`, `dataint3`, `dataint4`, `x`, `y`, `z`, `o`, `comments`) VALUES
-- INSERT INTO `dbscripts_on_spell` (`id`, `delay`, `command`, `datalong`, `datalong2`, `datalong3`, `buddy_entry`, `search_radius`, `data_flags`, `dataint`, `dataint2`, `dataint3`, `dataint4`, `x`, `y`, `z`, `o`, `comments`) VALUES
-- INSERT INTO `dbscripts_on_gossip` (`id`, `delay`, `command`, `datalong`, `datalong2`, `datalong3`, `buddy_entry`, `search_radius`, `data_flags`, `dataint`, `dataint2`, `dataint3`, `dataint4`, `x`, `y`, `z`, `o`, `comments`) VALUES
-- INSERT INTO `dbscripts_on_quest_start` (`id`, `delay`, `command`, `datalong`, `datalong2`, `datalong3`, `buddy_entry`, `search_radius`, `data_flags`, `dataint`, `dataint2`, `dataint3`, `dataint4`, `x`, `y`, `z`, `o`, `comments`) VALUES
-- INSERT INTO `dbscripts_on_quest_end` (`id`, `delay`, `command`, `datalong`, `datalong2`, `datalong3`, `buddy_entry`, `search_radius`, `data_flags`, `dataint`, `dataint2`, `dataint3`, `dataint4`, `x`, `y`, `z`, `o`, `comments`) VALUES
-- INSERT INTO `dbscript_random_templates` (`id`, `type`, `target_id`, `chance`, `comments`) VALUES


