/* DBScriptData
DBName: Coilfang Reservoir - The Slave Pens
DBScriptName: -
DB%Complete: 90
DBComment:
Wastewalker Captive should only talk OOC if players are in a ~20 yards range, need AI adjustments
EndDBScriptData */

SET @CGUID := 5470000; -- creatures
SET @OGUID := 5470000; -- gameobjects
SET @SGGUID := 5470000; -- spawn_groups
SET @STRINGID := 5470000; -- used for StringID's
SET @RELAYID := 5470000; -- used for dbscript_relay


-- =========
-- CREATURES
-- =========

INSERT INTO `creature` (`guid`, `id`, `map`, `spawnMask`, `position_x`, `position_y`, `position_z`, `orientation`, `spawntimesecsmin`, `spawntimesecsmax`, `spawndist`, `MovementType`) VALUES
(@CGUID+1, 17817, 547, 3, -115.434, -198.1566, -1.348403, 1.913391, 7200, 7200, 2, 1), -- Greater Bogstrok
(@CGUID+2, 17816, 547, 3, -113.4347, -203.0733, -1.334175, 4.924964, 7200, 7200, 1, 1), -- Bogstrok
(@CGUID+3, 17817, 547, 3, -86.2394, -450.119, -1.5877, 3.92841, 7200, 7200, 2, 1), -- Greater Bogstrok
(@CGUID+4, 17816, 547, 3, -116.3354, -211.4682, -1.404813, 4.520403, 7200, 7200, 1, 1), -- Bogstrok
(@CGUID+5, 17817, 547, 3, -21.8928, -194.156, -1.67129, 0.418879, 7200, 7200, 3, 1), -- Greater Bogstrok
(@CGUID+6, 17817, 547, 3, 4.07849, -195.421, -1.55645, 5.69669, 7200, 7200, 3, 1), -- Greater Bogstrok
(@CGUID+7, 17816, 547, 3, -19.7354, -209.031, -1.73865, 1.61351, 7200, 7200, 3, 1), -- Bogstrok
(@CGUID+8, 17816, 547, 3, -66.6831, -451.957, -1.59192, 2.80682, 7200, 7200, 2, 1), -- Bogstrok
(@CGUID+9, 17817, 547, 3, -2.43306, -50.898, -1.94816, 2.90802, 7200, 7200, 0, 0), -- Greater Bogstrok
(@CGUID+10, 17816, 547, 3, -198.296, -697.77, 37.4455, 4.96924, 7200, 7200, 0, 0), -- Bogstrok
(@CGUID+11, 17817, 547, 3, -203.2103,-687.634,37.23816, 4.99673, 7200, 7200, 0, 0), -- Greater Bogstrok
(@CGUID+12, 17817, 547, 3, 47.1251, -95.2975, -1.61889, 3.68264, 7200, 7200, 0, 0), -- Greater Bogstrok
(@CGUID+13, 17816, 547, 3, 43.8724, -83.8232, -3.37974, 3.50811, 7200, 7200, 0, 0), -- Bogstrok
(@CGUID+14, 17816, 547, 3, -1.93023, -63.8702, -1.49829, 2.27939, 7200, 7200, 0, 0), -- Bogstrok
(@CGUID+15, 17817, 547, 3, 32.0059, -250.457, 4.7481, 2.02458, 7200, 7200, 5, 1), -- Greater Bogstrok
(@CGUID+16, 17817, 547, 3, 7.25229, -251.289, 0.339584, 3.36849, 7200, 7200, 5, 1), -- Greater Bogstrok
(@CGUID+17, 17817, 547, 3, 17.7697, -232.722, -0.489372, 5.70723, 7200, 7200, 5, 1), -- Greater Bogstrok
(@CGUID+18, 17817, 547, 3, -123.838, -744.364, 37.1563, 2.58787, 7200, 7200, 0, 0), -- Greater Bogstrok
(@CGUID+19, 17816, 547, 3, -127.141, -750.718, 37.6108, 2.61772, 7200, 7200, 0, 0), -- Bogstrok
(@CGUID+20, 17816, 547, 3, -80.0277, -462.771, -1.62277, 2.25533, 7200, 7200, 2, 1), -- Bogstrok
(@CGUID+21, 17817, 547, 3, -200.234, -703.039, 37.556, 4.96924, 7200, 7200, 0, 0), -- Greater Bogstrok
(@CGUID+22, 17817, 547, 3, -10.0083, -187.066, -1.57996, 5.67879, 7200, 7200, 3, 1), -- Greater Bogstrok
(@CGUID+23, 26190, 547, 3, -95.33572, -207.4834, 16.28742, 1, 7200, 7200, 0, 0), -- [PH] Spank Target Bunny
(@CGUID+24, 17817, 547, 3, -112.311, -208.11, -1.33469, 0.98862, 7200, 7200, 1, 1), -- Greater Bogstrok
(@CGUID+25, 17816, 547, 3, -6.92616, -202.965, -1.55814, 6.11969, 7200, 7200, 3, 1), -- Bogstrok
(@CGUID+26, 17816, 547, 3, -27.7103, -181.083, -2.04282, 6.14356, 7200, 7200, 3, 1), -- Bogstrok
(@CGUID+27, 17817, 547, 3, -93.7209, -467.465, -1.32695, 5.73606, 7200, 7200, 2, 1), -- Greater Bogstrok
-- reuse 28
(@CGUID+29, 17817, 547, 3, -15.1858, -51.2709, -1.5252, 5.64145, 7200, 7200, 0, 0), -- Greater Bogstrok
(@CGUID+30, 17817, 547, 3, 58.2672, -102.968, -1.51906, 2.59789, 7200, 7200, 0, 0), -- Greater Bogstrok
(@CGUID+31, 17816, 547, 3, 17.1413, -246.651, 1.70575, 3.05433, 7200, 7200, 5, 1), -- Bogstrok
(@CGUID+32, 17816, 547, 3, 27.5834, -241.659, 2.29079, 2.89725, 7200, 7200, 5, 1), -- Bogstrok
(@CGUID+33, 17816, 547, 3, 37.807, -231.744, -0.80616, 1.13446, 7200, 7200, 5, 1), -- Bogstrok
(@CGUID+34, 17816, 547, 3, -121.42814,-752.9407,37.346226,2.521, 7200, 7200, 0, 0), -- Bogstrok
(@CGUID+35, 17817, 547, 3, -121.776, -749.779, 37.0171, 2.60908, 7200, 7200, 0, 0), -- Greater Bogstrok
(@CGUID+36, 17890, 547, 3, -294.5036, -380.8706, 30.58193, 1.32645, 86400, 86400, 0, 0), -- Weeder Greenthumb
(@CGUID+37, 17893, 547, 3, -192.1564, -799.5793, 43.89159, 1.239184, 86400, 86400, 0, 0), -- Naturalist Bite
(@CGUID+38, 17938, 547, 3, -67.44096, -551.6196, -1.161117, 4.928274, 7200, 7200, 2, 1), -- Coilfang Observer
(@CGUID+39, 17938, 547, 3, -119.428, -595.805, 8.45653, 5.32325, 7200, 7200, 0, 0), -- Coilfang Observer
(@CGUID+40, 17938, 547, 3, -127.141, -144.428, -1.80314, 0.855211, 7200, 7200, 0, 0), -- Coilfang Observer
(@CGUID+41, 17938, 547, 3, -84.8779, -503.343, -1.50917, 3.28122, 7200, 7200, 0, 0), -- Coilfang Observer
(@CGUID+42, 17940, 547, 3, 75.5067, -354.146, 36.646, 6.15157, 7200, 7200, 0, 0), -- Coilfang Technician
(@CGUID+43, 17940, 547, 3, 104.56651,-343.7326,3.0324378, 3.679, 7200, 7200, 0, 0), -- Coilfang Technician
(@CGUID+44, 17940, 547, 3, 102.378, -340.384, 3.03288, 0.578873, 7200, 7200, 0, 0), -- Coilfang Technician
(@CGUID+45, 17940, 547, 3, -248.382, -380.587, 10.4259, 6.28222, 7200, 7200, 0, 0), -- Coilfang Technician
(@CGUID+46, 17940, 547, 3, 122.6806,-468.11877,3.035651, 3.717551, 7200, 7200, 0, 2), -- Coilfang Technician
(@CGUID+47, 17961, 547, 3, -230.194, -366.174, 3.0356, 5.60621, 7200, 7200, 0, 0), -- Coilfang Enchantress
(@CGUID+48, 17940, 547, 3, 39.51993, -390.1638, 3.035537, 5.277101, 7200, 7200, 3, 1), -- Coilfang Technician
(@CGUID+49, 17940, 547, 3, -225.688, -392.86, 3.03553, 3.03554, 7200, 7200, 0, 0), -- Coilfang Technician
(@CGUID+50, 17940, 547, 3, -225.182, -359.939, 3.03559, 5.60621, 7200, 7200, 0, 0), -- Coilfang Technician
(@CGUID+51, 17961, 547, 3, -223.913, -400.726, 3.03554, 3.48927, 7200, 7200, 0, 0), -- Coilfang Enchantress
(@CGUID+52, 17940, 547, 3, 49.2851, -365.295, 3.11896, 3.52993, 7200, 7200, 4, 1), -- Coilfang Technician
(@CGUID+53, 17940, 547, 3, 127.9172, -459.1344, 3.035864, 4.330433, 7200, 7200, 4, 1), -- Coilfang Technician
(@CGUID+54, 17940, 547, 3, 122.6974, -297.8582, 3.119044, 3.700098, 7200, 7200, 0, 0), -- Coilfang Technician
(@CGUID+55, 17940, 547, 3, 131.6813, -301.2838, 3.035718, 0.6774926, 7200, 7200, 3, 1), -- Coilfang Technician
(@CGUID+56, 17940, 547, 3, -124.279, -362.858, 80.2745, 1.92303, 7200, 7200, 0, 0), -- Coilfang Technician
(@CGUID+57, 17941, 547, 3, 49.4763,-380.21915,3.0355754, 3.2570, 86400, 86400, 0, 4), -- Mennu the Betrayer
(@CGUID+58, 17942, 547, 3, -281.0958, -667.1385, 9.402116, 5.846853, 86400, 86400, 0, 0), -- Quagmirran
(@CGUID+59, 17957, 547, 3, -94.66229,-221.32935,-1.2438293, 1.4757, 7200, 7200, 0, 0), -- Coilfang Champion
(@CGUID+60, 17957, 547, 3, -112.82242,-46.836197,-3.2531695,  1.93732, 7200, 7200, 0, 0), -- Coilfang Champion
(@CGUID+61, 17960, 547, 3, -105.714775,-751.8263,36.927948, 0.400, 7200, 7200, 0, 0), -- Coilfang Soothsayer
(@CGUID+62, 17957, 547, 3, -162.792, -463.417, 3.2051, 1.91986, 7200, 7200, 0, 0), -- Coilfang Champion
(@CGUID+63, 17957, 547, 3, -158.523, -447.859, 3.04078, 3.66519, 7200, 7200, 0, 0), -- Coilfang Champion
(@CGUID+64, 17957, 547, 3, -118.958, -152.85, -1.95728, 0.488692, 7200, 7200, 0, 0), -- Coilfang Champion
(@CGUID+65, 17957, 547, 3, -83.79871, -585.3203, 1.376997, 1.37881, 7200, 7200, 0, 0), -- Coilfang Champion
(@CGUID+66, 17957, 547, 3, -77.88522, -592.5287, 2.310318, 5.951573, 7200, 7200, 0, 0), -- Coilfang Champion
(@CGUID+67, 17938, 547, 3, -175.9361, -769.604, 41.94263, 5.431209, 7200, 7200, 3, 1), -- Coilfang Observer
(@CGUID+68, 17957, 547, 3, -124.06, -263.206, -1.50291, 3.24826, 7200, 7200, 0, 0), -- Coilfang Champion
(@CGUID+69, 17957, 547, 3, -108.859, -42.0496, -3.46715, 1.88496, 7200, 7200, 0, 0), -- Coilfang Champion
(@CGUID+70, 17958, 547, 3, -113.716, -380.437, 81.2446, 0.0009198, 7200, 7200, 0, 0), -- Coilfang Defender
(@CGUID+71, 17958, 547, 3, -114.721, -378.437, 81.2629, 0.0009198, 7200, 7200, 0, 0), -- Coilfang Defender
(@CGUID+72, 17940, 547, 3, -38.729, -401.162, 79.5193, 5.73823, 7200, 7200, 0, 0), -- Coilfang Technician
(@CGUID+73, 17940, 547, 3, -37.6926, -399.452, 79.3836, 5.74807, 7200, 7200, 0, 0), -- Coilfang Technician
(@CGUID+74, 17940, 547, 3, 55.6926, -346.615, 42.4913, 1.13446, 7200, 7200, 0, 0), -- Coilfang Technician
(@CGUID+75, 17940, 547, 3, 54.0835, -351.62, 43.101, 4.59022, 7200, 7200, 0, 0), -- Coilfang Technician
(@CGUID+76, 17958, 547, 3, -83.93549,-523.77386,-1.5914233, 6.139, 7200, 7200, 0, 0), -- Coilfang Defender
(@CGUID+77, 17958, 547, 3, -85.067,-527.6105,-1.5910537, 6.0019, 7200, 7200, 0, 0), -- Coilfang Defender
(@CGUID+78, 17958, 547, 3, -6.498472, -296.8441, 3.15944, 2.932153, 7200, 7200, 0, 0), -- Coilfang Defender
(@CGUID+79, 17958, 547, 3, -11.27964, -312.923, 2.95958, 2.86234, 7200, 7200, 0, 0), -- Coilfang Defender
(@CGUID+80, 17959, 547, 3, -38.087578,-297.45834,-1.3999375, 5.451, 7200, 7200, 0, 4), -- Coilfang Slavehandler
(@CGUID+81, 17959, 547, 3, -78.4796,-246.30057,-2.9249973, 5.6415, 7200, 7200, 0, 4), -- Coilfang Slavehandler
(@CGUID+82, 17959, 547, 3, -79.20152,-275.89697,-0.9708502, 3.977, 7200, 7200, 0, 4), -- Coilfang Slavehandler
(@CGUID+83, 17959, 547, 3, -69.84593,-169.56969,-3.3459024, 3.403, 7200, 7200, 0, 4), -- Coilfang Slavehandler
(@CGUID+84, 17959, 547, 3, -33.9024, -6.95358, -1.43446, 2.65655, 7200, 7200, 0, 4), -- Coilfang Slavehandler
(@CGUID+85, 17959, 547, 3, -58.809, -15.6826, -2.96641, 4.19005, 7200, 7200, 0, 4), -- Coilfang Slavehandler
-- (@CGUID+86, RE-USE
(@CGUID+87, 17960, 547, 3, -127.598, -266.238, -1.49976, 1.29448, 7200, 7200, 0, 0), -- Coilfang Soothsayer
(@CGUID+88, 17961, 547, 3, -92.2789, -224.129, -1.22842, 1.73087, 7200, 7200, 0, 0), -- Coilfang Enchantress
(@CGUID+89, 21126, 547, 3, -114.61851,-582.90625,4.588486, 5.061, 7200, 7200, 0, 4), -- Coilfang Scale-Healer
(@CGUID+90, 17958, 547, 3, -187.1975, -762.9105, 41.80106, 6.133739, 7200, 7200, 3, 1), -- Coilfang Defender
(@CGUID+91, 17961, 547, 3, -123.257, -268.252, -1.49926, 2.47802, 7200, 7200, 0, 0), -- Coilfang Enchantress
(@CGUID+92, 17940, 547, 3, -227.68805,-363.0566,3.035604, 5.60621, 7200, 7200, 0, 0), -- Coilfang Technician
(@CGUID+93, 17940, 547, 3, -224.32506,-396.62097,3.0355346, 3.03554, 7200, 7200, 0, 0), -- Coilfang Technician
(@CGUID+94, 17957, 547, 3, -108.801506,-746.26105,35.89397, 0.400, 7200, 7200, 0, 0), -- Coilfang Champion
(@CGUID+95, 17961, 547, 3, -86.6703, -223.546, -1.16106, 1.65547, 7200, 7200, 0, 0), -- Coilfang Enchantress
(@CGUID+96, 21126, 547, 3, -121.849, -147.45, -1.98127, 1.0821, 7200, 7200, 0, 0), -- Coilfang Scale-Healer
(@CGUID+97, 17961, 547, 3, -76.53473, -588.3738, 1.945644, 0.4363323, 7200, 7200, 0, 0), -- Coilfang Enchantress
(@CGUID+98, 17962, 547, 3, 127.8732, -308.6316, 3.035726, 0.04372006, 7200, 7200, 3, 1), -- Coilfang Collaborator
(@CGUID+99, 17962, 547, 3, 50.1891, -369.036, 3.03561, 3.57458, 7200, 7200, 3, 1), -- Coilfang Collaborator
(@CGUID+100, 17962, 547, 3, 33.9016, -379.3725, 3.118852, 1.605703, 7200, 7200, 0, 0), -- Coilfang Collaborator
(@CGUID+101, 17962, 547, 3, 39.15127, -395.5019, 3.118883, 4.799655, 7200, 7200, 0, 0), -- Coilfang Collaborator
(@CGUID+102, 17962, 547, 3, 46.6612, -362.162, 3.11896, 3.5629, 7200, 7200, 3, 1), -- Coilfang Collaborator
(@CGUID+103, 17962, 547, 3, 128.5895, -450.1704, 3.035084, 3.344318, 7200, 7200, 4, 1), -- Coilfang Collaborator
(@CGUID+104, 17962, 547, 3, 121.3138, -306.0719, 3.035721, 2.764012, 7200, 7200, 3, 1), -- Coilfang Collaborator
(@CGUID+105, 17962, 547, 3, -125.118, -364.674, 80.1646, 1.92303, 7200, 7200, 0, 0), -- Coilfang Collaborator
(@CGUID+106, 17962, 547, 3, 70.4202, -349.78, 37.8924, 0.488692, 7200, 7200, 0, 0), -- Coilfang Collaborator
(@CGUID+107, 17962, 547, 3, -122.464, -363.698, 80.5122, 1.92304, 7200, 7200, 0, 0), -- Coilfang Collaborator
(@CGUID+108, 17962, 547, 3, -251.208, -377.756, 11.7882, 6.28222, 7200, 7200, 0, 0), -- Coilfang Collaborator
(@CGUID+109, 17962, 547, 3, -249.25, -383.417, 10.8428, 6.28126, 7200, 7200, 0, 0), -- Coilfang Collaborator
(@CGUID+110, 17962, 547, 3, 119.7691, -457.3299, 3.033783, 6.122182, 7200, 7200, 4, 1), -- Coilfang Collaborator
-- (@CGUID+111
(@CGUID+112, 17962, 547, 3, 70.3082, -356.168, 38.5397, 5.27089, 7200, 7200, 0, 0), -- Coilfang Collaborator
(@CGUID+113, 17963, 547, 3, -54.63998, -280.2335, -1.283369, 3.996804, 7200, 7200, 0, 0), -- Wastewalker Slave
(@CGUID+114, 17964, 547, 3, -54.29192, -248.0854, -3.691535, 1.972222, 7200, 7200, 0, 0), -- Wastewalker Worker
(@CGUID+115, 0, 547, 3, -89.17553, -91.53407, -2.22339, 6.073746, 7200, 7200, 0, 0), -- spawn_group_entry
(@CGUID+116, 0, 547, 3, -120.7097, -65.83062, -2.223061, 3.159046, 7200, 7200, 0, 0), -- spawn_group_entry
-- (@CGUID+117, RE-USE
(@CGUID+118, 0, 547, 3, -57.08875, -27.93377, -1.772427, 3.176499, 7200, 7200, 0, 0), -- spawn_group_entry
(@CGUID+119, 17963, 547, 3, -78.0172, -191.155, -3.42385, 5.93412, 7200, 7200, 0, 0), -- Wastewalker Slave
(@CGUID+120, 0, 547, 3, -113.1554, -8.017564, -8.669127, 1.762783, 7200, 7200, 0, 0), -- spawn_group_entry
(@CGUID+121, 17963, 547, 3, -69.62327, -245.9392, -3.536769, 0.7679449, 7200, 7200, 0, 0), -- Wastewalker Slave
(@CGUID+122, 17963, 547, 3, -95.53171, -293.335, -1.42634, 5.462881, 7200, 7200, 0, 0), -- Wastewalker Slave
(@CGUID+123, 0, 547, 3, -45.51907, -293.7432, -1.349522, 3.403392, 7200, 7200, 0, 0), -- spawn_group_entry
(@CGUID+124, 17964, 547, 3, -47.75424, -285.9099, -1.310401, 3.752458, 7200, 7200, 0, 0), -- Wastewalker Worker
(@CGUID+125, 17964, 547, 3, -108.3841, -755.4068, 37.9846, 5.078908, 7200, 7200, 0, 0), -- Wastewalker Worker
(@CGUID+126, 17964, 547, 3, -114.9684, -747.1564, 37.98458, 0.8901179, 7200, 7200, 0, 0), -- Wastewalker Worker
(@CGUID+127, 17964, 547, 3, -73.0294, -718.7322, 38.98584, 5.480334, 7200, 7200, 0, 0), -- Wastewalker Worker
(@CGUID+128, 17964, 547, 3, -94.14198, -721.347, 38.1964, 2.827433, 7200, 7200, 0, 0), -- Wastewalker Worker
(@CGUID+129, 0, 547, 3, -101.7542, -14.13979, -7.868871, 4.677482, 7200, 7200, 0, 0), -- spawn_group_entry
(@CGUID+130, 17964, 547, 3, -77.18946, -284.4292, -1.241735, 5.654867, 7200, 7200, 0, 0), -- Wastewalker Worker
(@CGUID+131, 0, 547, 3, -83.51007, -290.5829, -1.381121, 5.393067, 7200, 7200, 0, 0), -- spawn_group_entry
(@CGUID+132, 17964, 547, 3, -38.74315, 3.089242, -1.204552, 1.850049, 7200, 7200, 0, 0), -- Wastewalker Worker
(@CGUID+133, 17964, 547, 3, -47.47281, 3.605731, -1.507226, 1.692969, 7200, 7200, 0, 0), -- Wastewalker Worker
(@CGUID+134, 17964, 547, 3, -27.17291, 1.65894, -0.7652907, 1.815142, 7200, 7200, 0, 0), -- Wastewalker Worker
(@CGUID+135, 0, 547, 3, -96.44904, -62.15407, -1.792045, 0.1396263, 7200, 7200, 0, 0), -- spawn_group_entry
(@CGUID+136, 17964, 547, 3, -61.51235, -20.17615, -2.663957, 4.18879, 7200, 7200, 0, 0), -- Wastewalker Worker
(@CGUID+137, 25961, 547, 3, -109.224, -120.0521, -2.982424, 5.113815, 7200, 7200, 0, 0), -- Earthen Ring Totem
(@CGUID+138, 25961, 547, 3, -92.68961, -119.6279, -2.270359, 4.223697, 7200, 7200, 0, 0), -- Earthen Ring Totem
-- (@CGUID+139, RE-USE
(@CGUID+140, 17964, 547, 3, -73.61772, -182.1575, -5.111982, 5.148721, 7200, 7200, 0, 0), -- Wastewalker Worker
(@CGUID+141, 17963, 547, 3, -60.16751, -176.9379, -4.0791, 4.660029, 7200, 7200, 0, 0), -- Wastewalker Slave
(@CGUID+142, 0, 547, 3, -112.2143, -105.2496, -4.700827, 2.75762, 7200, 7200, 0, 0), -- spawn_group_entry
(@CGUID+143, 0, 547, 3, -71.8825, -19.18774, -4.44727, 4.153883, 7200, 7200, 0, 0), -- spawn_group_entry
(@CGUID+144, 17964, 547, 3, -61.51586, -248.3638, -3.940233, 0.9948376, 7200, 7200, 0, 0), -- Wastewalker Worker
-- (@CGUID+145, RE-USE
(@CGUID+146, 17991, 547, 3, 18.321169,-448.44757,3.055895,  3.277, 86400, 86400, 0, 4), -- Rokmar the Crackler
(@CGUID+147, 18206, 547, 3, -14.3681, -548.778, 1.16364, 4.4855, 86400, 86400, 0, 0), -- Wastewalker Captive
(@CGUID+148, 18206, 547, 3, -18.7948, -577.867, 18.7641, 2.72271, 86400, 86400, 0, 0), -- Wastewalker Captive
(@CGUID+149, 18206, 547, 3, -68.6011, -590.748, 37.5631, 3.63029, 86400, 86400, 0, 0), -- Wastewalker Captive
(@CGUID+150, 18206, 547, 3, -16.1508, -565.019, 1.16364, 3.14159, 86400, 86400, 0, 0), -- Wastewalker Captive
(@CGUID+151, 18206, 547, 3, -36.5463, -247.265, 0.347181, 5.72468, 86400, 86400, 0, 0), -- Wastewalker Captive
(@CGUID+152, 18206, 547, 3, -96.2024, -266.577, 1.46728, 1.64061, 86400, 86400, 0, 0), -- Wastewalker Captive
(@CGUID+153, 18206, 547, 3, -89.4019, -297.022, 1.22901, 0.977384, 86400, 86400, 0, 0), -- Wastewalker Captive
(@CGUID+154, 18206, 547, 3, -91.986, -297.582, 1.22901, 2.28638, 86400, 86400, 0, 0), -- Wastewalker Captive
(@CGUID+155, 18206, 547, 3, -141.558, -269.821, 1.22901, 2.1293, 86400, 86400, 0, 0), -- Wastewalker Captive
(@CGUID+156, 18206, 547, 3, -139.696, -270.764, 1.22901, 0.523599, 86400, 86400, 0, 0), -- Wastewalker Captive
(@CGUID+157, 18206, 547, 3, -131.403, -284.41, 1.22901, 0.366519, 86400, 86400, 0, 0), -- Wastewalker Captive
(@CGUID+158, 18206, 547, 3, -132.83, -283.208, 1.22901, 0.907571, 86400, 86400, 0, 0), -- Wastewalker Captive
(@CGUID+159, 18206, 547, 3, -29.9655, -534.069, 1.16365, 2.56563, 86400, 86400, 0, 0), -- Wastewalker Captive
(@CGUID+160, 18206, 547, 3, -33.7396, -539.5, 30.4304, 2.35619, 86400, 86400, 0, 0), -- Wastewalker Captive
(@CGUID+161, 18206, 547, 3, -29.9972, -536.393, 1.16364, 4.10152, 86400, 86400, 0, 0), -- Wastewalker Captive
(@CGUID+162, 18206, 547, 3, -14.0541, -560.051, 28.0496, 2.82743, 86400, 86400, 0, 0), -- Wastewalker Captive
(@CGUID+163, 18206, 547, 3, -22.2961, -582.496, 1.16364, 2.46091, 86400, 86400, 0, 0), -- Wastewalker Captive
(@CGUID+164, 18206, 547, 3, -37.7495, -590.563, 1.16364, 1.53589, 86400, 86400, 0, 0), -- Wastewalker Captive
(@CGUID+165, 18206, 547, 3, -163.208, -573.244, 13.9979, 0.296706, 86400, 86400, 0, 0), -- Wastewalker Captive
(@CGUID+166, 18206, 547, 3, -39.8357, -592.474, 1.16364, 3.07178, 86400, 86400, 0, 0), -- Wastewalker Captive
(@CGUID+167, 18206, 547, 3, -152.959, -588.344, 8.97107, 5.13127, 86400, 86400, 0, 0), -- Wastewalker Captive
(@CGUID+168, 18206, 547, 3, -152.076, -585.827, 8.97106, 0.366519, 86400, 86400, 0, 0), -- Wastewalker Captive
(@CGUID+169, 18206, 547, 3, -164.002, -575.651, 13.9979, 5.09636, 86400, 86400, 0, 0), -- Wastewalker Captive
(@CGUID+170, 18206, 547, 3, -22.3681, -585.034, 1.16364, 3.80482, 86400, 86400, 0, 0), -- Wastewalker Captive
(@CGUID+171, 18206, 547, 3, -67.35, -588.685, 37.5631, 1.44862, 86400, 86400, 0, 0), -- Wastewalker Captive
(@CGUID+172, 18206, 547, 3, -176.881, -700.307, 40.8833, 4.66003, 86400, 86400, 0, 0), -- Wastewalker Captive
(@CGUID+173, 18206, 547, 3, -188.237, -694.486, 40.8833, 5.16617, 86400, 86400, 0, 0), -- Wastewalker Captive
(@CGUID+174, 18206, 547, 3, -190.947, -693.82, 40.8833, 3.78736, 86400, 86400, 0, 0), -- Wastewalker Captive
(@CGUID+175, 18206, 547, 3, -178.758, -698.342, 40.8833, 3.28122, 86400, 86400, 0, 0), -- Wastewalker Captive
(@CGUID+176, 18206, 547, 3, -33.7518, -585.913, 23.7909, 2.96706, 86400, 86400, 0, 0), -- Wastewalker Captive
(@CGUID+177, 18206, 547, 3, -15.9252, -546.979, 1.16365, 3.22886, 86400, 86400, 0, 0), -- Wastewalker Captive
(@CGUID+178, 18206, 547, 3, -14.1655, -566.952, 1.16364, 4.38078, 86400, 86400, 0, 0), -- Wastewalker Captive
(@CGUID+179, 18206, 547, 3, -28.6516, 8.89823, 1.75265, 3.63029, 86400, 86400, 0, 0), -- Wastewalker Captive
(@CGUID+180, 18206, 547, 3, -41.4328, 9.40508, 1.37165, 5.41052, 86400, 86400, 0, 0), -- Wastewalker Captive
(@CGUID+181, 18206, 547, 3, -43.7605, 9.13253, 1.37165, 4.43314, 86400, 86400, 0, 0), -- Wastewalker Captive
(@CGUID+182, 18206, 547, 3, 9.39124, -11.7804, 0.685416, 4.62512, 86400, 86400, 0, 0), -- Wastewalker Captive
(@CGUID+183, 18206, 547, 3, 7.68906, -10.2118, 0.910605, 3.15905, 86400, 86400, 0, 0), -- Wastewalker Captive
(@CGUID+184, 18206, 547, 3, -39.3192, -248.708, 0.658435, 3.15905, 86400, 86400, 0, 0), -- Wastewalker Captive
(@CGUID+185, 18206, 547, 3, -95.0168, -267.855, 1.46728, 5.89921, 86400, 86400, 0, 0), -- Wastewalker Captive
(@CGUID+186, 18206, 547, 3, -154.646, -197.792, -3.74756, 0.139626, 86400, 86400, 0, 0), -- Wastewalker Captive
(@CGUID+187, 18206, 547, 3, -155.758, -196.114, -3.74756, 1.5708, 86400, 86400, 0, 0), -- Wastewalker Captive
(@CGUID+188, 18206, 547, 3, -91.8373, -148.02, 24.9473, 2.30383, 86400, 86400, 0, 0), -- Wastewalker Captive
(@CGUID+189, 18206, 547, 3, -88.3808, -148.338, 24.9473, 1.11701, 86400, 86400, 0, 0), -- Wastewalker Captive
(@CGUID+190, 18206, 547, 3, -70.3648, -139.91, 1.37165, 3.97935, 86400, 86400, 0, 0), -- Wastewalker Captive
(@CGUID+191, 18206, 547, 3, -70.5757, -138.288, 1.37165, 2.18166, 86400, 86400, 0, 0), -- Wastewalker Captive
(@CGUID+192, 18206, 547, 3, -26.602, 8.73353, 1.75265, 5.28835, 86400, 86400, 0, 0), -- Wastewalker Captive
(@CGUID+193, 17957, 547, 3, -112.21934,-751.7954,37.091347, 0.400, 7200, 7200, 0, 0), -- Coilfang Champion
(@CGUID+194, 17960, 547, 3, -79.08044, -584.6921, 1.512077, 1.082104, 7200, 7200, 0, 0), -- Coilfang Soothsayer
(@CGUID+195, 21126, 547, 3, -74.41975, -545.6223, -1.292343, 4.798717, 7200, 7200, 2, 1), -- Coilfang Scale-Healer
(@CGUID+196, 21126, 547, 3,  -88.2256, -497.443, -1.50776, 2.72271, 7200, 7200, 0, 0), -- Coilfang Scale-Healer
(@CGUID+197, 17961, 547, 3, -106.08208,-741.11414,36.813374, 0.401, 7200, 7200, 0, 0), -- Coilfang Enchantress
(@CGUID+198, 21127, 547, 3, -82.1729, -494.006, -1.5095, 2.3911, 7200, 7200, 0, 0), -- Coilfang Tempest
(@CGUID+199, 21127, 547, 3, -71.23341, -538.0834, -1.594261, 1.741748, 7200, 7200, 2, 1), -- Coilfang Tempest
(@CGUID+200, 17940, 547, 3, 37.12223, -383.4159, 3.035556, 3.438051, 7200, 7200, 3, 1), -- Coilfang Technician
(@CGUID+201, 21127, 547, 3, -64.66994, -542.1275, -1.593479, 1.676171, 7200, 7200, 2, 1), -- Coilfang Tempest
(@CGUID+202, 21127, 547, 3, -116.916, -585.936, 5.48318, 0.383972, 7200, 7200, 0, 0), -- Coilfang Tempest
(@CGUID+203, 21127, 547, 3, -114.484, -592.073, 6.5819, 6.16101, 7200, 7200, 0, 0), -- Coilfang Tempest
(@CGUID+204, 17938, 547, 3, -198.4237, -762.3498, 42.32572, 6.20495, 7200, 7200, 3, 1), -- Coilfang Observer
(@CGUID+205, 17958, 547, 3, -169.5978, -777.3687, 42.23951, 2.213297, 7200, 7200, 3, 1), -- Coilfang Defender
(@CGUID+206, 21128, 547, 3, -117.9165, -599.5141, 9.190624, 3.905454, 7200, 7200, 2, 1), -- Coilfang Ray
(@CGUID+207, 21128, 547, 3, -130.661, -136.5868, -1.98337, 2.411791, 7200, 7200, 2, 1), -- Coilfang Ray
(@CGUID+208, 21128, 547, 3, -71.68305, -553.9335, -0.7895827, 2.841635, 7200, 7200, 2, 1), -- Coilfang Ray
(@CGUID+209, 21128, 547, 3, -88.8648, -510.005, -1.59161, 1.91986, 7200, 7200, 2, 1), -- Coilfang Ray
(@CGUID+210, 22421, 547, 2, -296.4931, -459.0429, 6.146773, 0.7679449, 86400, 86400, 0, 0), -- Skar'this the Heretic
(@CGUID+211, 25697, 547, 3, -92.45719, -110.6642, -2.866759, 2.408554, 86400, 86400, 0, 0), -- Luma Skymother
(@CGUID+212, 25710, 547, 3, 132.721, -116.256, -1.59053, 3.85833, 86400, 86400, 0, 0), -- Numa Cloudsister
(@CGUID+213, 25745, 547, 3, -96.6415, -230.886, 4.78096, 1.41372, 86400, 86400, 0, 0), -- [PH] Ahune Summon Loc Bunny
(@CGUID+214, 25746, 547, 3, -96.8723, -212.842, -1.14914, 4.15388, 86400, 86400, 0, 0), -- [PH] Ahune Loot Loc Bunny
(@CGUID+215, 25754, 547, 3, -93.1848, -115.921, -2.69253, 3.80482, 86400, 86400, 0, 0), -- Earthen Ring Flamecaller
(@CGUID+216, 25754, 547, 3, -110.195, -116.621, -3.25569, 0.10472, 86400, 86400, 0, 0), -- Earthen Ring Flamecaller
(@CGUID+217, 25754, 547, 3, -112.21, -120.209, -2.658, 5.18363, 86400, 86400, 0, 0), -- Earthen Ring Flamecaller
(@CGUID+218, 25952, 547, 3, -97.4688, -231.198, -2.10893, 1.46608, 86400, 86400, 0, 0), -- Slippery Floor Bunny
(@CGUID+219, 25952, 547, 3, -69.839, -162.474, -2.30365, 2.51327, 86400, 86400, 0, 0), -- Slippery Floor Bunny
(@CGUID+220, 25971, 547, 3, -143.172, -147.68, -3.16113, 4.85202, 86400, 86400, 0, 0), -- Shaman Bonfire Bunny 000
(@CGUID+221, 25972, 547, 3, -134.304, -145.78, -1.70332, 4.67748, 86400, 86400, 0, 0), -- Shaman Bonfire Bunny 001
(@CGUID+222, 25973, 547, 3, -125.036, -144.207, -1.9166, 4.99164, 86400, 86400, 0, 0), -- Shaman Bonfire Bunny 002
(@CGUID+223, 26120, 547, 3, -98.1029, -230.786, -10.8085, 1.44862, 86400, 86400, 0, 0), -- Wisp Dest Bunny
(@CGUID+224, 26121, 547, 3, -69.812, -162.495, -2.30451, 1.71042, 86400, 86400, 0, 0), -- Wisp Source Bunny
(@CGUID+225, 13321, 547, 3, 108.5413, -93.65434, -1.498286, 4.612824, 900, 900, 2, 1), -- Frog
(@CGUID+226, 13321, 547, 3, 0.8941399, -62.08305, -1.59056, 1.099319, 900, 900, 2, 1), -- Frog
(@CGUID+227, 13321, 547, 3, -12.29024, -11.12887, -1.629962, 2.846016, 900, 900, 2, 1), -- Frog
(@CGUID+228, 3300, 547, 3, -109.6841, -61.73981, -3.738335, 0.1128916, 900, 900, 2, 1), -- Adder
(@CGUID+229, 13321, 547, 3, -73.84335, -257.7327, -0.7886577, 5.340707, 900, 900, 2, 1), -- Frog
(@CGUID+230, 3300, 547, 3, -74.13567, -318.9264, -1.517496, 2.374645, 900, 900, 2, 1), -- Adder
(@CGUID+231, 3300, 547, 3, -71.67233, -322.2441, -1.543776, 2.666616, 900, 900, 2, 1), -- Adder
(@CGUID+232, 2110, 547, 3, -54.23212, -378.3636, 81.26315, 0.6575821, 900, 900, 2, 1), -- Black Rat
(@CGUID+233, 2110, 547, 3, -224.8464, -361.6551, 3.03558, 1.835537, 900, 900, 2, 1), -- Black Rat
(@CGUID+234, 2110, 547, 3, -225.6222, -357.4599, 3.035603, 4.831161, 900, 900, 2, 1), -- Black Rat
(@CGUID+235, 2110, 547, 3, -271.0908, -418.6881, 3.032713, 4.122585, 900, 900, 2, 1), -- Black Rat
(@CGUID+236, 2110, 547, 3, -267.6875, -423.0457, 3.033333, 2.048809, 900, 900, 2, 1), -- Black Rat
(@CGUID+237, 3300, 547, 3, -92.67388, -682.744, 32.88058, 1.747012, 900, 900, 2, 1), -- Adder
(@CGUID+238, 3300, 547, 3, -93.79716, -688.0134, 34.53195, 4.112295, 900, 900, 2, 1), -- Adder
(@CGUID+239, 13321, 547, 3, -174.8439, -720.9562, 37.89231, 3.282116, 900, 900, 2, 1), -- Frog
(@CGUID+240, 2110, 547, 3, 44.73293, -384.43765, 3.0355592, 0.9511, 900, 900, 2, 1), -- Black Rat
(@CGUID+241, 13321, 547, 3, -91.8257, -156.66465, -2.648026, 2.597963, 900, 900, 2, 1); -- Frog

-- INSERT INTO `creature_spawn_entry` (`guid`, `entry`) VALUES

INSERT INTO `creature_movement` (`id`, `point`, `PositionX`, `PositionY`, `PositionZ`, `orientation`, `waittime`, `ScriptId`) VALUES
(@CGUID+46, 1, 122.6806,-468.11877,3.035651, 3.717551, 10000, 0), -- random waittimer between 8-12 seconds
(@CGUID+46, 2, 138.39915,-456.38684,3.0356631, 100, 10000, 0), -- random waittimer between 8-12 seconds
(@CGUID+46, 3, 128.1114,-475.59592,3.035659,3.63028, 10000, 0), -- random waittimer between 8-12 seconds
(@CGUID+46, 4, 143.49129,-463.94656,3.035671,0.99483, 10000, 0), -- random waittimer between 8-12 seconds
(@CGUID+80, 1, -38.087578,-297.45834,-1.3999375, 100, 1, 1795902),
(@CGUID+80, 2, -41.325123,-284.97256,-1.2997084, 100, 1, 1795902),
(@CGUID+80, 3, -49.053898,-276.486,-1.0135521, 100, 1, 1795902),
(@CGUID+80, 4, -58.623344,-272.43045,-1.2523658, 100, 1, 1795902),
(@CGUID+81, 1, -78.4796,-246.30057,-2.9249973, 100, 0, 0),
(@CGUID+81, 2, -70.96448,-251.71724,-2.9398856, 100, 0, 0),
(@CGUID+81, 3, -61.78871,-253.90524,-3.2789962, 100, 0, 0),
(@CGUID+81, 4, -54.455757,-252.22058,-3.2128677, 100, 0, 0),
(@CGUID+81, 5, -52.00373,-251.65726,-2.9330606, 100, 0, 0),
(@CGUID+81, 6, -47.796593,-247.22282,-2.8943856, 100, 0, 0),
(@CGUID+82, 1, -79.20152,-275.89697,-0.9708502, 100, 0, 0),
(@CGUID+82, 2, -85.52775,-285.34708,-1.4778596, 100, 0, 0),
(@CGUID+82, 3, -94.04997,-286.40472,-1.5394256, 100, 0, 0),
(@CGUID+82, 4, -100.68125,-292.32104,-1.5775821, 100, 0, 0),
(@CGUID+83, 1, -69.84593, -169.56969, -3.3459024, 100, 1, 1795902),
(@CGUID+83, 2, -79.72039, -172.97456, -4.0686054, 100, 1, 1795902),
(@CGUID+83, 3, -87.60288, -181.37634, -3.301994, 100, 1, 1795902),
(@CGUID+83, 4, -91.04075, -192.95897, -1.6159151, 100, 1, 1795902),
(@CGUID+84, 1, -48.399025, 0.686625, -1.8147835, 100, 1, 1795901),
(@CGUID+84, 2, -41.80579, -1.938733, -1.4184747, 100, 1, 1795901),
(@CGUID+84, 3, -33.154163, -1.31646, -1.2554848, 100, 1, 1795901),
(@CGUID+84, 4, -26.136015, -3.06594, -1.2948818, 100, 1, 1795901),
(@CGUID+84, 5, -21.41529, 1.867674, -1.0036224, 100, 1, 1795901),
(@CGUID+85, 1, -52.72164, -27.052872, -1.7162553, 100, 1, 1795902),
(@CGUID+85, 2, -69.57311, -14.861713, -4.3982778, 100, 1, 1795902),
(@CGUID+85, 3, -59.46139, -16.815935, -2.937329, 100, 1, 1795902),
(@CGUID+89, 1, -114.61851,-582.90625,4.588486, 100, 1000, 0),
(@CGUID+89, 2, -111.61708,-587.5662,4.9847913, 100, 0, 0),
(@CGUID+89, 3, -110.53345,-594.992,6.510709, 100, 0, 0),
(@CGUID+89, 4, -114.35795,-604.0504,9.25625, 100, 1000, 0);

DELETE FROM `creature_movement_template` WHERE entry IN (17893,17963, 17964,17941,17942,17957,17960,17961, 17991,25754,25964,25965,25966);
INSERT INTO `creature_movement_template` (`entry`, `pathId`, `point`, `PositionX`, `PositionY`, `PositionZ`, `orientation`, `waittime`, `ScriptId`) VALUES
-- 17893
(17893, 0, 1, -190.926, -796.39, 43.7993, 0, 0, 0),
(17893, 0, 2, -190.926, -796.39, 43.7993, 0.733148, 3000, 1789301),
(17893, 0, 3, -183.408, -780.199, 43.7993, 100, 1000, 1789302),
-- 17963 Wastewalker Slave - Run away when slavehandler dies
(17963, 1, 1,2.626806,-22.682434,-1.715987, 100, 0, 0),
(17963, 1, 2,18.589142,-26.894253,-1.1703262, 100, 0, 0),
(17963, 1, 3,32.433697,-34.26147,-0.9658908, 100, 0, 0),
(17963, 1, 4,43.34351,-45.079365,-1.2911885, 100, 0, 0),
(17963, 1, 5,59.32759,-53.571133,-1.4546233, 100, 0, 0),
(17963, 1, 6,88.90122,-67.848854,-1.5694709, 100, 0, 0),
(17963, 1, 7,103.28419,-77.41594,-1.5905597, 100, 0, 0),
(17963, 1, 8,114.23545,-99.39411,-1.5905597, 100, 0, 0),
(17963, 1, 9,121.80467,-118.15591,-0.047849532, 100, 0, 0),
(17963, 1, 10,121.09884,-142.41917,-0.7381228, 100, 1000, 1796301),
-- 17964 Wastewalker Worker - Run away when slavehandler dies
(17964, 1, 1,2.626806,-22.682434,-1.715987, 100, 0, 0),
(17964, 1, 2,18.589142,-26.894253,-1.1703262, 100, 0, 0),
(17964, 1, 3,32.433697,-34.26147,-0.9658908, 100, 0, 0),
(17964, 1, 4,43.34351,-45.079365,-1.2911885, 100, 0, 0),
(17964, 1, 5,59.32759,-53.571133,-1.4546233, 100, 0, 0),
(17964, 1, 6,88.90122,-67.848854,-1.5694709, 100, 0, 0),
(17964, 1, 7,103.28419,-77.41594,-1.5905597, 100, 0, 0),
(17964, 1, 8,114.23545,-99.39411,-1.5905597, 100, 0, 0),
(17964, 1, 9,121.80467,-118.15591,-0.047849532, 100, 0, 0),
(17964, 1, 10,121.09884,-142.41917,-0.7381228, 100, 1000, 1796401),
-- 17941
(17941, 0, 1, 49.4763,-380.21915,3.0355754, 100, 0, 0),
(17941, 0, 2, 89.26869,-380.23682,15.089901, 100, 0, 0),
(17941, 0, 3, 121.63626,-380.37653,29.957338, 100, 0, 0),
-- 17942
(17942, 0, 1, -261.614, -675.771, 10.5416, 0, 0, 0),
(17942, 0, 2, -246.732, -683.163, 15.529, 0, 0, 0),
(17942, 0, 3, -238.079, -686.423, 18.4731, 0, 0, 0),
(17942, 0, 4, -227.735, -690.909, 22.0258, 0, 0, 0),
(17942, 0, 5, -217.953, -695.75, 26.7694, 0, 0, 0),
(17942, 0, 6, -208.055, -701.381, 34.9482, 0, 0, 0),
(17942, 0, 7, -204.026, -702.29, 37.2308, 0, 0, 0),
(17942, 0, 8, -199.493, -705.598, 37.8027, 100, 1000, 7),
-- 17957
(17957, 1, 1, -97.2996, -744.019, 34.8381, 0, 0, 1795701),
(17957, 1, 2, -99.391, -744.745, 35.1639, 0, 0, 0),
(17957, 1, 3, -101.482, -745.472, 35.4897, 0, 0, 0),
(17957, 1, 4, -104.67, -746.58, 35.4867, 0, 0, 0),
(17957, 1, 5, -106.867, -747.344, 35.4775, 0, 0, 0),
(17957, 1, 6, -109.055, -748.104, 35.4256, 0, 0, 0),
(17957, 1, 7, -112.099, -749.161, 35.386, 0, 0, 0),
(17957, 1, 8, -114.067, -749.845, 36.8722, 0, 0, 0),
(17957, 1, 9, -121.663, -752.485, 37.3026, 0, 0, 0),
(17957, 1, 10, -124.044, -753.312, 37.2635, 0, 0, 0),
(17957, 1, 11, -128.587, -754.891, 37.8923, 0, 0, 0),
(17957, 1, 12, -141.857, -759.502, 37.8923, 0, 0, 0),
(17957, 1, 13, -147.138, -761.337, 37.8923, 0, 0, 0),
(17957, 1, 14, -175.107, -768.043, 41.4645, 0, 0, 0),
(17957, 1, 15, -179.833, -773.106, 43.0967, 0, 0, 0),
(17957, 1, 16, -181.61, -776.623, 43.8054, 0, 0, 0),
-- 17960
(17960, 1, 1, -90.2328, -740.959, 36.8262, 0, 0, 0),
(17960, 1, 2, -97.2765, -745.569, 36.8262, 0, 0, 0),
(17960, 1, 3, -104.32, -750.179, 36.8262, 0, 0, 0),
(17960, 1, 4, -105.792, -750.713, 36.8262, 0, 0, 0),
(17960, 1, 5, -115.675, -749.41, 36.8262, 0, 0, 0),
(17960, 1, 6, -123.117, -749.247, 37.0522, 0, 0, 0),
(17960, 1, 7, -131.139, -752.035, 37.8923, 0, 0, 0),
(17960, 1, 8, -139.155, -754.82, 37.8923, 0, 0, 0),
(17960, 1, 9, -146.842, -757.631, 37.8923, 0, 0, 0),
(17960, 1, 10, -154.447, -759.454, 36.4563, 0, 0, 0),
(17960, 1, 11, -162.529, -761.391, 35.8416, 0, 0, 0),
(17960, 1, 12, -170.165, -763.222, 38.0174, 0, 0, 0),
(17960, 1, 13, -179.153, -767.196, 42.0397, 0, 0, 0),
(17960, 1, 14, -180.005, -768.109, 42.3157, 0, 0, 0),
-- 17961
(17961, 1, 1, -93.8956, -741.546, 35.7611, 0, 0, 0),
(17961, 1, 2, -98.6582, -742.38, 35.6239, 0, 0, 0),
(17961, 1, 3, -103.421, -743.213, 35.4867, 0, 0, 0),
(17961, 1, 4, -106.612, -743.771, 35.5094, 0, 0, 0),
(17961, 1, 5, -108.113, -744.033, 36.3856, 0, 0, 0),
(17961, 1, 6, -115.49, -754.083, 37.3762, 0, 0, 0),
(17961, 1, 7, -120.796, -755.927, 37.6455, 0, 0, 0),
(17961, 1, 8, -128.818, -758.714, 37.8923, 0, 0, 0),
(17961, 1, 9, -136.834, -761.5, 37.8923, 0, 0, 0),
(17961, 1, 10, -145.193, -764.507, 37.8923, 0, 0, 0),
(17961, 1, 11, -152.798, -766.33, 35.7474, 0, 0, 0),
(17961, 1, 12, -160.945, -768.283, 37.0185, 0, 0, 0),
(17961, 1, 13, -168.516, -770.098, 39.7835, 0, 0, 0),
(17961, 1, 14, -173.984, -772.021, 42.0383, 0, 0, 0),
(17961, 1, 15, -174.836, -772.934, 42.3143, 0, 0, 0),
(17961, 1, 16, -180.41, -777.715, 43.8077, 0, 0, 0),
-- 17991 Rokmar the Crackler
(17991, 0, 1, 18.321169,-448.44757,3.055895, 100, 0, 0),
(17991, 0, 2, -13.558029,-454.80655,2.49773, 100, 0, 0),
(17991, 0, 3, -34.37422,-458.81696,-1.952406, 100, 0, 0),
(17991, 0, 4, -62.09498,-454.97253,-1.5922983, 100, 0, 0),
-- 25754
(25754, 0, 1, -110.195, -116.621, -3.25569, 0.10472, 3000, 2575401), 
(25754, 0, 2, -111.9345, -129.7239, -2.038486, 100, 0, 0), 
(25754, 0, 3, -127.8612, -131.6409, -2.100631, 100, 0, 0), 
(25754, 0, 4, -145.2233, -137.5543, -1.59056, 100, 0, 0), 
(25754, 0, 5, -145.2233, -137.5543, -1.59056, 4.95, 5000, 2575403), 
(25754, 1, 1, -145.2233, -137.5543, -1.59056, 100, 100, 5), 
(25754, 1, 2, -140.9589, -134.8379, -1.214794, 100, 0, 0), 
(25754, 1, 3, -134.4589, -131.0879, -1.464794, 100, 0, 0), 
(25754, 1, 4, -128.2089, -127.3379, -1.464794, 100, 0, 0), 
(25754, 1, 5, -123.4589, -125.0879, -1.214794, 100, 0, 0), 
(25754, 1, 6, -119.2089, -122.5879, -1.214794, 100, 0, 0), 
(25754, 1, 7, -117.9589, -121.5879, -1.464794, 100, 0, 0), 
(25754, 1, 8, -115.2089, -119.8379, -1.714794, 100, 0, 0), 
(25754, 1, 9, -112.9589, -118.3379, -2.214794, 100, 0, 0), 
(25754, 1, 10, -110.1945, -116.6215, -3.339027, 0.10472, 5000, 2575402), 
(25754, 2, 1, -112.21, -120.209, -2.658, 5.18363, 3000, 2575401), 
(25754, 2, 2, -130.7326, -127.7443, -1.807112, 100, 0, 0), 
(25754, 2, 3, -129.0413, -132.1494, -2.092847, 100, 0, 0), 
(25754, 2, 4, -129.0413, -132.1494, -2.092847, 5.1, 5000, 2575404), 
(25754, 3, 1, -129.0413, -132.1494, -2.092847, 100, 100, 5), 
(25754, 3, 2, -126.3756, -130.1792, -1.667085, 100, 0, 0), 
(25754, 3, 3, -124.1256, -128.6792, -1.417085, 100, 0, 0), 
(25754, 3, 4, -116.8756, -123.4292, -1.667085, 100, 0, 0), 
(25754, 3, 5, -112.6256, -120.4292, -2.417085, 100, 0, 0), 
(25754, 3, 6, -112.2099, -120.209, -2.741323, 5.18363, 5000, 2575402), 
(25754, 4, 1, -93.1848, -115.921, -2.69253, 3.80482, 3000, 2575401), 
(25754, 4, 2, -100.8831, -124.1661, -1.898314, 100, 0, 0), 
(25754, 4, 3, -111.8603, -131.0156, -1.826195, 100, 0, 0), 
(25754, 4, 4, -133.1662, -129.1665, -1.811036, 100, 0, 0), 
(25754, 4, 5, -137.4383, -136.405, -1.72384, 100, 0, 0), 
(25754, 4, 6, -137.4383, -136.405, -1.72384, 5.03, 5000, 2575405), 
(25754, 5, 1, -128.0616, -131.9128, -1.749853, 100, 100, 5), 
(25754, 5, 2, -125.8116, -130.9128, -1.749853, 100, 0, 0), 
(25754, 5, 3, -124.5616, -130.1628, -1.749853, 100, 0, 0), 
(25754, 5, 4, -113.0616, -124.9128, -2.249853, 100, 0, 0), 
(25754, 5, 5, -103.0616, -120.4128, -1.999853, 100, 0, 0), 
(25754, 5, 6, -101.5616, -119.6628, -1.999853, 100, 0, 0), 
(25754, 5, 7, -94.06155, -116.1628, -2.249853, 100, 0, 0), 
(25754, 5, 8, -93.18479, -115.9206, -2.775866, 3.80482, 5000, 2575402),
-- 25964
(25964, 0, 3, -91.0969, -232.6422, 24.65563,  100, 0, 0),
(25964, 0, 4, -97.20647, -234.4709, 28.46118,  100, 0, 0),
(25964, 0, 5, -101.5825, -234.9054, 29.35008,  100, 0, 0),
(25964, 0, 6, -107.1537, -233.7247, 27.1834,  100, 0, 0),
(25964, 0, 7, -109.4618, -232.0907, 25.12787,  100, 0, 0),
(25964, 0, 8, -109.4792, -229.4328, 20.98899,  100, 0, 0),
(25964, 0, 9, -105.9522, -226.8887, 17.26674,  100, 0, 0),
(25964, 0, 10, -101.0044, -224.8914, 16.04452,  100, 0, 0),
(25964, 0, 11, -96.82773, -225.9608, 15.73896,  100, 0, 0),
(25964, 0, 12, -92.59879, -227.0505, 15.54452,  100, 0, 0),
(25964, 0, 13, -90.07465, -229.0938, 16.58224,  100, 0, 0),
(25964, 0, 14, -88.24558, -231.7715, 22.47455,  100, 0, 0),
(25964, 0, 15, -91.0969, -232.6422, 24.65563,  100, 0, 0),
(25964, 0, 16, -97.20647, -234.4709, 28.46118,  100, 0, 0),
-- 25965
(25965, 0, 3, -91.0969, -232.6422, 24.65563,  100, 0, 0),
(25965, 0, 4, -97.20647, -234.4709, 28.46118,  100, 0, 0),
(25965, 0, 5, -101.5825, -234.9054, 29.35008,  100, 0, 0),
(25965, 0, 6, -107.1537, -233.7247, 27.1834,  100, 0, 0),
(25965, 0, 7, -109.4618, -232.0907, 25.12787,  100, 0, 0),
(25965, 0, 8, -109.4792, -229.4328, 20.98899,  100, 0, 0),
(25965, 0, 9, -105.9522, -226.8887, 17.26674,  100, 0, 0),
(25965, 0, 10, -101.0044, -224.8914, 16.04452,  100, 0, 0),
(25965, 0, 11, -96.82773, -225.9608, 15.73896,  100, 0, 0),
(25965, 0, 12, -92.59879, -227.0505, 15.54452,  100, 0, 0),
(25965, 0, 13, -90.07465, -229.0938, 16.58224,  100, 0, 0),
(25965, 0, 14, -88.24558, -231.7715, 22.47455,  100, 0, 0),
(25965, 0, 15, -91.0969, -232.6422, 24.65563,  100, 0, 0),
(25965, 0, 16, -97.20647, -234.4709, 28.46118,  100, 0, 0),
-- 25966
(25966, 0, 3, -91.0969, -232.6422, 24.65563,  100, 0, 0),
(25966, 0, 4, -97.20647, -234.4709, 28.46118,  100, 0, 0),
(25966, 0, 5, -101.5825, -234.9054, 29.35008,  100, 0, 0),
(25966, 0, 6, -107.1537, -233.7247, 27.1834,  100, 0, 0),
(25966, 0, 7, -109.4618, -232.0907, 25.12787,  100, 0, 0),
(25966, 0, 8, -109.4792, -229.4328, 20.98899,  100, 0, 0),
(25966, 0, 9, -105.9522, -226.8887, 17.26674,  100, 0, 0),
(25966, 0, 10, -101.0044, -224.8914, 16.04452,  100, 0, 0),
(25966, 0, 11, -96.82773, -225.9608, 15.73896,  100, 0, 0),
(25966, 0, 12, -92.59879, -227.0505, 15.54452,  100, 0, 0),
(25966, 0, 13, -90.07465, -229.0938, 16.58224,  100, 0, 0),
(25966, 0, 14, -88.24558, -231.7715, 22.47455,  100, 0, 0),
(25966, 0, 15, -91.0969, -232.6422, 24.65563,  100, 0, 0),
(25966, 0, 16, -97.20647, -234.4709, 28.46118,  100, 0, 0);

INSERT INTO `creature_spawn_data` (`Guid`, `Id`) VALUES 
-- Add GENERIC - SPAWN FLAG RUN to some mobs
(@CGUID+9, 1), -- Greater Bogstrok
(@CGUID+12, 1), -- Greater Bogstrok
(@CGUID+13, 1), -- Bogstrok
(@CGUID+14, 1), -- Bogstrok
(@CGUID+29, 1), -- Greater Bogstrok
(@CGUID+30, 1), -- Greater Bogstrok

(@CGUID+34, 1), -- Greater Bogstrok
(@CGUID+18, 1), -- Bogstrok
(@CGUID+19, 1), -- Bogstrok
(@CGUID+35, 1), -- Greater Bogstrok

(@CGUID+11, 1), -- Bogstrok
(@CGUID+10, 1), -- Bogstrok
(@CGUID+21, 1); -- Greater Bogstrok

INSERT INTO `creature_addon` (`guid`, `mount`, `stand_state`, `sheath_state`, `emote`, `moveflags`, `auras`) VALUES
(@CGUID+100, 0, 0, 1, 69, 0, '5301'), -- Coilfang Collaborator
(@CGUID+101, 0, 0, 1, 69, 0, '5301'); -- Coilfang Collaborator

REPLACE INTO `creature_template_addon` (`entry`, `mount`, `stand_state`, `sheath_state`, `emote`, `moveflags`, `auras`) VALUES
(17890, 0, 0, 1, 0, 0, '29266'), -- Weeder Greenthumb
(17957, 0, 0, 1, 0, 0, NULL), -- Coilfang Champion
(17958, 0, 0, 1, 0, 0, '18950'), -- Coilfang Defender
(17962, 0, 0, 1, 0, 0, '5301'), -- Coilfang Collaborator
(17963, 0, 0, 0, 173, 0, NULL), -- Wastewalker Slave
(17964, 0, 0, 0, 173, 0, NULL), -- Wastewalker Worker
(25697, 0, 0, 1, 0, 0, NULL), -- Luma Skymother
(25745, 0, 0, 1, 0, 0, NULL), -- [PH] Ahune Summon Loc Bunny
(25746, 0, 0, 1, 0, 0, NULL), -- [PH] Ahune Loot Loc Bunny
(25754, 0, 1, 1, 0, 0, NULL), -- Earthen Ring Flamecaller
(25952, 0, 0, 1, 0, 0, '46314'), -- Slippery Floor Bunny
(25971, 0, 0, 1, 0, 0, NULL), -- Shaman Bonfire Bunny 000
(25972, 0, 0, 1, 0, 0, NULL), -- Shaman Bonfire Bunny 001
(25973, 0, 0, 1, 0, 0, NULL); -- Shaman Bonfire Bunny 002

-- ===========
-- GAMEOBJECTS
-- ===========

INSERT INTO `gameobject` (`guid`, `id`, `map`, `spawnMask`, `position_x`, `position_y`, `position_z`, `orientation`, `rotation0`, `rotation1`, `rotation2`, `rotation3`, `spawntimesecsmin`, `spawntimesecsmax`) VALUES
(@OGUID+1, 181270, 547, 3, -196.9489, -756.0709, 40.24133, 6.03884, 0, 0, -0.1218691, 0.9925462, 86400, 86400), -- Felweed
(@OGUID+2, 181270, 547, 3, -86.50966, -632.7056, 20.45266, 3.979355, 0, 0, -0.9135447, 0.4067384, 86400, 86400), -- Felweed
(@OGUID+3, 0, 547, 3, -55.94149, -29.01741, -1.69497, 4.956738, 0, 0, -0.6156607, 0.7880114, 86400, 86400), -- Ragveil/Flame Cap
(@OGUID+4, 0, 547, 3, -170.8404, -779.5743, 42.78715, 3.246347, 0, 0, -0.9986286, 0.05235322, 86400, 86400), -- Ragveil/Flame Cap
(@OGUID+5, 0, 547, 3, -146.6875, -255.8805, -1.585126, 5.654869, 0, 0, -0.3090162, 0.9510568, 86400, 86400), -- Ragveil/Flame Cap
(@OGUID+6, 0, 547, 3, -131.5251, -133.7442, -1.971609, 1.884953, 0, 0, 0.8090162, 0.5877863, 86400, 86400), -- Ragveil/Flame Cap
(@OGUID+7, 181278, 547, 3, -55.62362, 13.89046, -1.58162, 0.9250238, 0, 0, 0.4461975, 0.8949345, 86400, 86400), -- Ancient Lichen
(@OGUID+8, 181278, 547, 3, -85.9097, -548.388, -1.58175, 0.104719, 0, 0, 0, 0, 86400, 86400), -- Ancient Lichen
(@OGUID+9, 181278, 547, 3, -9.246671, -186.4323, -1.567523, 6.056293, 0, 0, -0.113203, 0.9935719, 86400, 86400), -- Ancient Lichen
(@OGUID+10, 181278, 547, 3, -15.10876, -328.1017, -1.58162, 0.2443456, 0, 0, 0.1218691, 0.9925462, 86400, 86400), -- Ancient Lichen
(@OGUID+11, 181278, 547, 3, -9.610509, -69.09045, -1.581619, 2.844883, 0, 0, 0.9890156, 0.1478114, 86400, 86400), -- Ancient Lichen
(@OGUID+12, 0, 547, 3, -78.15105, -601.8337, 3.770265, 2.286379, 0, 0, 0.9099607, 0.4146944, 86400, 86400), -- Adamantite Deposit 181556/Rich Adamantite Deposit 181569/Khorium 181557
(@OGUID+13, 0, 547, 3, -136.8079, -128.9627, -1.692187, 1.919862, 0, 0, 0.8191519, 0.5735767, 86400, 86400), -- Adamantite Deposit 181556/Rich Adamantite Deposit 181569
(@OGUID+14, 0, 547, 3, -70.0015, -481.9862, -1.594852, 2.356195, 0, 0, 0.9238796, 0.3826832, 86400, 86400), -- Adamantite Deposit 181556/Rich Adamantite Deposit 181569
(@OGUID+15, 0, 547, 3, -71.34264, -282.6859, -1.401498, 0.7330382, 0, 0, 0.3583679, 0.9335805, 86400, 86400), -- Adamantite Deposit 181556/Rich Adamantite Deposit 181569
(@OGUID+16, 182094, 547, 3, -192.2968, -799.3084, 43.80826, 5.98648, 0, 0, -0.147809, 0.9890159, 25, 25), -- Cage
(@OGUID+17, 184197, 547, 2, 119.7887, -137.3579, -0.7518879, 1.430738, 0, 0, 0.6558962, 0.7548511, 0, 0), -- Instance_Portal_Difficulty_1
(@OGUID+18, 184198, 547, 1, 119.7887, -137.3579, -0.7518879, 1.430738, 0, 0, 0.6558962, 0.7548511, 0, 0), -- Instance_Portal_Difficulty_0
(@OGUID+19, 185292, 547, 2, -297.0662, -459.9854, 3.035661, 0.1047193, 0, 0, 0.05233574, 0.9986296, 180, 180), -- Skar'this's Prison
(@OGUID+20, 187882, 547, 3, -69.9045, -162.245, -2.36656, 2.42601, 0, 0, 0, 0, 86400, 86400), -- Ice Stone
(@OGUID+21, 188067, 547, 3, -83.5253, -172.181, -3.81652, 0.017452, 0, 0, 0, 0, 180, 180), -- Ice Block
(@OGUID+22, 188067, 547, 3, -75.2318, -217.329, -3.0728, -0.488691, 0, 0, 0, 0, 180, 180), -- Ice Block
(@OGUID+23, 188067, 547, 3, -49.2725, -168.986, -1.89881, 2.00713, 0, 0, 0, 0, 180, 180), -- Ice Block
(@OGUID+24, 188067, 547, 3, -75.9514, -182.771, -4.88202, -1.15192, 0, 0, 0, 0, 180, 180), -- Ice Block
(@OGUID+25, 188067, 547, 3, -71.8962, -145.497, -1.55181, -1.95477, 0, 0, 0, 0, 180, 180), -- Ice Block
(@OGUID+26, 188067, 547, 3, -115.599, -162.772, -1.92403, -0.558504, 0, 0, 0, 0, 180, 180), -- Ice Block
(@OGUID+27, 188067, 547, 3, -79.397, -219.702, -4.04289, -2.19912, 0, 0, 0, 0, 180, 180), -- Ice Block
(@OGUID+28, 188072, 547, 3, -71.4892, -160.732, -4.18569, -0.418879, 0, 0, 0, 0, 180, 180), -- Ice Stone Mount
(@OGUID+29, 188072, 547, 3, -69.2177, -163.491, -2.04477, 2.96704, 0, 0, 0, 0, 180, 180), -- Ice Stone Mount
(@OGUID+30, 188072, 547, 3, -71.8249, -164.475, -3.96298, -0.925024, 0, 0, 0, 0, 180, 180), -- Ice Stone Mount
(@OGUID+31, 188072, 547, 3, -69.2084, -160.345, -4.25643, 1.85005, 0, 0, 0, 0, 180, 180), -- Ice Stone Mount
(@OGUID+32, 188073, 547, 3, -89.7521, -113.5, -2.70944, 0.453785, 0, 0, 0, 0, 180, 180), -- Ahune Bonfire
(@OGUID+33, 188073, 547, 3, -114.957, -117.302, -2.71, 2.00713, 0, 0, 0, 0, 180, 180), -- Ahune Bonfire
(@OGUID+34, 188142, 547, 3, -117.386, -165.965, -2.01865, 0.558504, 0, 0, 0, 0, 180, 180), -- Ice Block, Big
(@OGUID+35, 188142, 547, 3, -72.7531, -185.155, -4.93059, 0.157079, 0, 0, 0, 0, 180, 180), -- Ice Block, Big
(@OGUID+36, 188142, 547, 3, -75.4278, -221.16, -2.88294, 0.488691, 0, 0, 0, 0, 180, 180), -- Ice Block, Big
(@OGUID+37, 188142, 547, 3, -103.713, -245.504, -1.37788, -1.29154, 0, 0, 0, 0, 180, 180), -- Ice Block, Big
(@OGUID+38, 188142, 547, 3, -118.92, -204.802, -1.50416, 1.91986, 0, 0, 0, 0, 180, 180), -- Ice Block, Big
(@OGUID+39, 188142, 547, 3, -74.6596, -243.812, -2.736, 2.21656, 0, 0, 0, 0, 180, 180), -- Ice Block, Big
(@OGUID+40, 181270, 547, 3, -168.0389, -701.5123, 37.90126, 4.206246, 0, 0, -0.8616285, 0.5075394, 86400, 86400), -- Felweed
(@OGUID+41, 181270, 547, 3, -130.5034, -273.6095, -1.583286, 2.600535, 0, 0, 0.9636297, 0.267241, 86400, 86400), -- Felweed
(@OGUID+42, 181270, 547, 3, -110.273, -755.9543, 37.36126, 3.106652, 0, 0, 0.9998474, 0.01746928, 86400, 86400), -- Felweed
(@OGUID+43, 181270, 547, 3, -94.66685, -705.023, 37.34859, 2.18166, 0, 0, 0.8870106, 0.4617491, 86400, 86400), -- Felweed
(@OGUID+44, 181270, 547, 3, -43.26632, -451.8059, -1.961201, 2.426008, 0, 0, 0.9366722, 0.3502074, 86400, 86400), -- Felweed
(@OGUID+45, 181270, 547, 3, -19.01819, -556.112, -1.583509, 0.4537851, 0, 0, 0.2249508, 0.9743701, 86400, 86400), -- Felweed
(@OGUID+46, 0, 547, 3, -76.01762, -482.5548, -1.584484, 3.525572, 0, 0, -0.9816265, 0.1908124, 86400, 86400), -- Ragveil/Flame Cap
(@OGUID+47, 0, 547, 3, -61.49755, -616.1443, -0.567495, 3.019413, 0, 0, 0.9981346, 0.06105176, 86400, 86400), -- Ragveil/Flame Cap
(@OGUID+48, 0, 547, 3, -58.80912, -152.3546, -1.422245, 5.305802, 0, 0, -0.469471, 0.8829479, 86400, 86400), -- Ragveil/Flame Cap
(@OGUID+49, 0, 547, 3, -8.01602, -3.300659, -1.219501, 2.251473, 0, 0, 0.902585, 0.4305117, 86400, 86400), -- Ragveil/Flame Cap
(@OGUID+50, 181276, 547, 3, -170.8404, -779.5743, 42.78715, 3.246347, 0, 0, -0.9986286, 0.05235322, 86400, 86400), -- Flame Cap
(@OGUID+51, 181278, 547, 3, -117.8392, -585.4933, 5.453074, 1.082103, 0, 0, 0.5150375, 0.8571676, 86400, 86400), -- Ancient Lichen
(@OGUID+52, 181278, 547, 3, -110.1741, -316.9949, -1.581104, 3.822273, 0, 0, -0.9426413, 0.3338076, 86400, 86400), -- Ancient Lichen
(@OGUID+53, 181278, 547, 3, -118.4895, -195.3849, -1.527576, 5.550147, 0, 0, -0.3583679, 0.9335805, 86400, 86400), -- Ancient Lichen
(@OGUID+54, 181278, 547, 3, -108.2034, -6.107696, -8.887132, 0.9948372, 0, 0, 0.4771585, 0.8788173, 86400, 86400), -- Ancient Lichen
(@OGUID+55, 181278, 547, 3, -146.8443, -479.7094, -0.817709, 2.809975, 0, 0, 0.9862852, 0.1650499, 86400, 86400), -- Ancient Lichen
(@OGUID+56, 181278, 547, 3, -67.62235, -275.9536, -1.35519, 5.044002, 0, 0, -0.5807028, 0.8141156, 86400, 86400), -- Ancient Lichen
(@OGUID+57, 181278, 547, 3, -76.63354, -194.1921, -3.674984, 4.24115, 0, 0, -0.8526402, 0.5224986, 86400, 86400), -- Ancient Lichen
(@OGUID+58, 181278, 547, 3, -71.76673, -314.1651, -1.477501, 3.68265, 0, 0, -0.9636297, 0.267241, 86400, 86400), -- Ancient Lichen
(@OGUID+59, 181278, 547, 3, -41.41404, -512.5812, -1.585812, 3.787367, 0, 0, -0.9483232, 0.3173059, 86400, 86400), -- Ancient Lichen
(@OGUID+60, 181278, 547, 3, -6.497858, -268.1306, -0.405657, 1.483528, 0, 0, 0.6755896, 0.7372779, 86400, 86400), -- Ancient Lichen
(@OGUID+61, 181278, 547, 3, 57.38564, -76.99403, -2.584514, 3.979355, 0, 0, -0.9135447, 0.4067384, 86400, 86400), -- Ancient Lichen
(@OGUID+62, 0, 547, 3, 0.00864, -186.6674, -1.555333, 3.944446, 0, 0, -0.9205046, 0.3907318, 86400, 86400), -- Adamantite Deposit 181556/Rich Adamantite Deposit 181569
(@OGUID+63, 0, 547, 1, -8.733916, -182.9387, -1.57517, 1.433549, 0, 0, 0, 0, 86400, 86400), -- Bound Fel Iron Chest/Solid Fel Iron Chest - Normal mode
(@OGUID+64, 0, 547, 2, -8.733916, -182.9387, -1.57517, 1.433549, 0, 0, 0, 0, 86400, 86400), -- Bound Adamantite Chest/Solid Adamantite Chest - Heroic mode
(@OGUID+65, 0, 547, 1, -8.92, -209.92, -1.57, 1.93, 0, 0, 0, 0, 86400, 86400), -- Bound Fel Iron Chest/Solid Fel Iron Chest - Normal mode
(@OGUID+66, 0, 547, 2, -8.92, -209.92, -1.57, 1.93, 0, 0, 0, 0, 86400, 86400), -- Bound Adamantite Chest/Solid Adamantite Chest - Heroic mode
(@OGUID+67, 0, 547, 1, -9.452101, -209.0335, -1.579993, 1.675516, 0, 0, 0, 0, 86400, 86400), -- Bound Fel Iron Chest/Solid Fel Iron Chest - Normal mode
(@OGUID+68, 0, 547, 2, -9.452101, -209.0335, -1.579993, 1.675516, 0, 0, 0, 0, 86400, 86400), -- Bound Adamantite Chest/Solid Adamantite Chest - Heroic mode
(@OGUID+69, 0, 547, 1, -15.10876, -328.1017, -1.58162, 0.2443461, 0, 0, 0, 0, 86400, 86400), -- Bound Fel Iron Chest/Solid Fel Iron Chest - Normal mode
(@OGUID+70, 0, 547, 2, -15.10876, -328.1017, -1.58162, 0.2443461, 0, 0, 0, 0, 86400, 86400), -- Bound Adamantite Chest/Solid Adamantite Chest - Heroic mode
(@OGUID+71, 0, 547, 1, -84.90, -294.53, -1.48, 5.39, 0, 0, 0, 0, 86400, 86400), -- Bound Fel Iron Chest/Solid Fel Iron Chest - Normal mode // guessed coords
(@OGUID+72, 0, 547, 2, -84.90, -294.53, -1.48, 5.39, 0, 0, 0, 0, 86400, 86400), -- Bound Adamantite Chest/Solid Adamantite Chest - Heroic mode // guessed coords
(@OGUID+73, 0, 547, 1, 135.5916, -304.6217, 3.035721, -2.687807, 0, 0, 0, 0, 86400, 86400), -- Bound Fel Iron Chest/Solid Fel Iron Chest - Normal mode
(@OGUID+74, 0, 547, 2, 135.5916, -304.6217, 3.035721, -2.687807, 0, 0, 0, 0, 86400, 86400), -- Bound Adamantite Chest/Solid Adamantite Chest - Heroic mode
(@OGUID+75, 0, 547, 1, 134.5852, -446.5189, 3.035388, 2.775068, 0, 0, 0, 0, 86400, 86400), -- Bound Fel Iron Chest/Solid Fel Iron Chest - Normal mode
(@OGUID+76, 0, 547, 2, 134.5852, -446.5189, 3.035388, 2.775068, 0, 0, 0, 0, 86400, 86400), -- Bound Adamantite Chest/Solid Adamantite Chest - Heroic mode
(@OGUID+77, 0, 547, 1, -41.41404, -512.5812, -1.585812, -2.495821, 0, 0, 0, 0, 86400, 86400), -- Bound Fel Iron Chest/Solid Fel Iron Chest - Normal mode
(@OGUID+78, 0, 547, 2, -41.41404, -512.5812, -1.585812, -2.495821, 0, 0, 0, 0, 86400, 86400), -- Bound Adamantite Chest/Solid Adamantite Chest - Heroic mode
(@OGUID+79, 0, 547, 1, -124.2653, -595.8683, 9.163177, 0.06981316, 0, 0, 0, 0, 86400, 86400), -- Bound Fel Iron Chest/Solid Fel Iron Chest - Normal mode
(@OGUID+80, 0, 547, 2, -124.2653, -595.8683, 9.163177, 0.06981316, 0, 0, 0, 0, 86400, 86400); -- Bound Adamantite Chest/Solid Adamantite Chest - Heroic mode

INSERT INTO `gameobject_addon` (`guid`, `animprogress`, `state`) VALUES
(@OGUID+16, 0, -1), -- Cage
(@OGUID+17, 0, 0), -- Instance_Portal_Difficulty_1
(@OGUID+18, 0, 0); -- Instance_Portal_Difficulty_0

INSERT INTO `gameobject_spawn_entry` (`guid`, `entry`) VALUES
(@OGUID+12, '181556'), (@OGUID+12, '181569'), (@OGUID+12, '181557'), -- Adamantite Deposit 181556/Rich Adamantite Deposit 181569/Khorium 181557
(@OGUID+13, '181556'), (@OGUID+13, '181569'), -- Adamantite Deposit 181556/Rich Adamantite Deposit 181569
(@OGUID+14, '181556'), (@OGUID+14, '181569'), -- Adamantite Deposit 181556/Rich Adamantite Deposit 181569
(@OGUID+15, '181556'), (@OGUID+15, '181569'), -- Adamantite Deposit 181556/Rich Adamantite Deposit 181569
(@OGUID+62, '181556'), (@OGUID+74, '181569'), -- Adamantite Deposit 181556/Rich Adamantite Deposit 181569
(@OGUID+63, '184932'), (@OGUID+63, '184933'), -- Bound Fel Iron Chest/Solid Fel Iron Chest - Normal mode
(@OGUID+64, '184940'), (@OGUID+64, '184941'), -- Bound Adamantite Chest/Solid Adamantite Chest - Heroic mode
(@OGUID+65, '184932'), (@OGUID+65, '184933'), -- Bound Fel Iron Chest/Solid Fel Iron Chest - Normal mode
(@OGUID+66, '184940'), (@OGUID+66, '184941'), -- Bound Adamantite Chest/Solid Adamantite Chest - Heroic mode
(@OGUID+67, '184932'), (@OGUID+67, '184933'), -- Bound Fel Iron Chest/Solid Fel Iron Chest - Normal mode
(@OGUID+68, '184940'), (@OGUID+68, '184941'), -- Bound Adamantite Chest/Solid Adamantite Chest - Heroic mode
(@OGUID+69, '184932'), (@OGUID+69, '184933'), -- Bound Fel Iron Chest/Solid Fel Iron Chest - Normal mode
(@OGUID+70, '184940'), (@OGUID+70, '184941'), -- Bound Adamantite Chest/Solid Adamantite Chest - Heroic mode
(@OGUID+71, '184932'), (@OGUID+71, '184933'), -- Bound Fel Iron Chest/Solid Fel Iron Chest - Normal mode
(@OGUID+72, '184940'), (@OGUID+72, '184941'), -- Bound Adamantite Chest/Solid Adamantite Chest - Heroic mode
(@OGUID+73, '184932'), (@OGUID+73, '184933'), -- Bound Fel Iron Chest/Solid Fel Iron Chest - Normal mode
(@OGUID+74, '184940'), (@OGUID+74, '184941'), -- Bound Adamantite Chest/Solid Adamantite Chest - Heroic mode
(@OGUID+75, '184932'), (@OGUID+75, '184933'), -- Bound Fel Iron Chest/Solid Fel Iron Chest - Normal mode
(@OGUID+76, '184940'), (@OGUID+76, '184941'), -- Bound Adamantite Chest/Solid Adamantite Chest - Heroic mode
(@OGUID+77, '184932'), (@OGUID+77, '184933'), -- Bound Fel Iron Chest/Solid Fel Iron Chest - Normal mode
(@OGUID+78, '184940'), (@OGUID+78, '184941'), -- Bound Adamantite Chest/Solid Adamantite Chest - Heroic mode
(@OGUID+79, '184932'), (@OGUID+79, '184933'), -- Bound Fel Iron Chest/Solid Fel Iron Chest - Normal mode
(@OGUID+80, '184940'), (@OGUID+80, '184941'), -- Bound Adamantite Chest/Solid Adamantite Chest - Heroic mode
(@OGUID+3, '181275'), (@OGUID+3, '181276'), -- Ragveil/Flame Cap
(@OGUID+4, '181275'), (@OGUID+4, '181276'), -- Ragveil/Flame Cap
(@OGUID+5, '181275'), (@OGUID+5, '181276'), -- Ragveil/Flame Cap
(@OGUID+6, '181275'), (@OGUID+6, '181276'), -- Ragveil/Flame Cap
(@OGUID+46, '181275'), (@OGUID+46, '181276'), -- Ragveil/Flame Cap
(@OGUID+47, '181275'), (@OGUID+47, '181276'), -- Ragveil/Flame Cap
(@OGUID+48, '181275'), (@OGUID+48, '181276'), -- Ragveil/Flame Cap
(@OGUID+49, '181275'), (@OGUID+49, '181276'); -- Ragveil/Flame Cap

-- ======
-- EVENTS
-- ======

INSERT INTO `game_event_creature` (`guid`, `event`) VALUES
(@CGUID+23, 1), -- [PH] Spank Target Bunny
(@CGUID+137, 1), -- Earthen Ring Totem
(@CGUID+138, 1), -- Earthen Ring Totem
(@CGUID+211, 1), -- Luma Skymother (Midsummer Fire Festival)
(@CGUID+212, 1), -- Numa Cloudsister (Midsummer Fire Festival)
(@CGUID+213, 1), -- [PH] Ahune Summon Loc Bunny (Midsummer Fire Festival)
(@CGUID+214, 1), -- [PH] Ahune Loot Loc Bunny (Midsummer Fire Festival)
(@CGUID+215, 1), -- Earthen Ring Flamecaller (Midsummer Fire Festival)
(@CGUID+216, 1), -- Earthen Ring Flamecaller (Midsummer Fire Festival)
(@CGUID+217, 1), -- Earthen Ring Flamecaller (Midsummer Fire Festival)
(@CGUID+218, 1), -- Slippery Floor Bunny (Midsummer Fire Festival)
(@CGUID+219, 1), -- Slippery Floor Bunny (Midsummer Fire Festival)
(@CGUID+220, 1), -- Shaman Bonfire Bunny 000 (Midsummer Fire Festival)
(@CGUID+221, 1), -- Shaman Bonfire Bunny 001 (Midsummer Fire Festival)
(@CGUID+222, 1), -- Shaman Bonfire Bunny 002 (Midsummer Fire Festival)
(@CGUID+223, 1), -- Wisp Dest Bunny (Midsummer Fire Festival)
(@CGUID+224, 1); -- Wisp Source Bunny (Midsummer Fire Festival)

-- INSERT INTO `game_event_creature_data` (`guid`, `entry_id`, `modelid`, `equipment_id`, `spell_start`, `spell_end`, `event`) VALUES

INSERT INTO `game_event_gameobject` (`guid`, `event`) VALUES
(@OGUID+20, 1), -- Ice Stone (Midsummer Fire Festival)
(@OGUID+21, 1), -- Ice Block (Midsummer Fire Festival)
(@OGUID+22, 1), -- Ice Block (Midsummer Fire Festival)
(@OGUID+23, 1), -- Ice Block (Midsummer Fire Festival)
(@OGUID+24, 1), -- Ice Block (Midsummer Fire Festival)
(@OGUID+25, 1), -- Ice Block (Midsummer Fire Festival)
(@OGUID+26, 1), -- Ice Block (Midsummer Fire Festival)
(@OGUID+27, 1), -- Ice Block (Midsummer Fire Festival)
(@OGUID+28, 1), -- Ice Stone Mount (Midsummer Fire Festival)
(@OGUID+29, 1), -- Ice Stone Mount (Midsummer Fire Festival)
(@OGUID+30, 1), -- Ice Stone Mount (Midsummer Fire Festival)
(@OGUID+31, 1), -- Ice Stone Mount (Midsummer Fire Festival)
(@OGUID+32, 1), -- Ahune Bonfire (Midsummer Fire Festival)
(@OGUID+33, 1), -- Ahune Bonfire (Midsummer Fire Festival)
(@OGUID+34, 1), -- Ice Block, Big (Midsummer Fire Festival)
(@OGUID+35, 1), -- Ice Block, Big (Midsummer Fire Festival)
(@OGUID+36, 1), -- Ice Block, Big (Midsummer Fire Festival)
(@OGUID+37, 1), -- Ice Block, Big (Midsummer Fire Festival)
(@OGUID+38, 1), -- Ice Block, Big (Midsummer Fire Festival)
(@OGUID+39, 1); -- Ice Block, Big (Midsummer Fire Festival)

-- ============
-- SPAWN GROUPS
-- ============

INSERT INTO `spawn_group` (`Id`, `Name`, `Type`, `MaxCount`, `WorldState`, `Flags`, `StringId`) VALUES
-- creatures
-- new
(@SGGUID+1, 'Slave Pens - Group 001 - Greater Bogstrok (2) | Bogstrok - Patrol 001', 0, 3, 0, 1, 0),
(@SGGUID+2, 'Slave Pens - Group 002 - Greater Bogstrok (2) | Bogstrok - Patrol 002', 0, 3, 0, 1, 0),
(@SGGUID+3, 'Slave Pens - Group 003 - Wastewalker Worker (3)', 0, 0, 0, 1, @STRINGID+1),
(@SGGUID+4, 'Slave Pens - Group 004 - Wastewalker Worker | Wastewalker Slave', 0, 0, 0, 1, @STRINGID+2), -- 1 static Wastewalker Worker, 2 spawn-group_entry
(@SGGUID+5, 'Slave Pens - Group 005 - Coilfang Champion (2) - Patrol 003', 0, 0, 0, 1, 0),
(@SGGUID+6, 'Slave Pens - Group 006 - Wastewalker Worker | Wastewalker Slave', 0, 0, 0, 0, 0), 
(@SGGUID+7, 'Slave Pens - Group 007 - Coilfang Champion | Coilfang Ray | Coilfang Observer | Coilfang Scale-Healery', 0, 0, 0, 1, 0),
(@SGGUID+8, 'Slave Pens - Group 008 - Coilfang Champion | Coilfang Enchantress - Patrol 005', 0, 0, 0, 1, 0),
(@SGGUID+9, 'Slave Pens - Group 009 - Wastewalker Worker | Wastewalker Slave (2)', 0, 0, 0, 1, @STRINGID+3), 
(@SGGUID+10, 'Slave Pens - Group 010 - Greater Bogstrok (3) | Bogstrok (3)', 0, 0, 0, 1, 0),
(@SGGUID+11, 'Slave Pens - Group 011 - Greater Bogstrok (3) | Bogstrok (3)', 0, 0, 0, 1, 0),
(@SGGUID+12, 'Slave Pens - Group 012 - Greater Bogstrok (2) | Bogstrok (2)', 0, 0, 0, 1, 0),
(@SGGUID+13, 'Slave Pens - Group 013 - Coilfang Champion | Coilfang Enchantress | Soothsayer - Patrol 006', 0, 0, 0, 1, 0),
(@SGGUID+14, 'Slave Pens - Group 014 - Wastewalker Worker | Wastewalker Slave', 0, 0, 0, 1, @STRINGID+4),
(@SGGUID+15, 'Slave Pens - Group 015 - Wastewalker Worker | Wastewalker Slave', 0, 0, 0, 1, @STRINGID+5),
(@SGGUID+16, 'Slave Pens - Group 016 - Wastewalker Worker | Wastewalker Slave', 0, 0, 0, 1, @STRINGID+6),
(@SGGUID+17, 'Slave Pens - Group 017 - Coilfang Defender (2)', 0, 0, 0, 1, 0),
(@SGGUID+18, 'Slave Pens - Group 018 - Coilfang Technician (2) | Coilfang Collaborator (2)', 0, 0, 0, 1, 0),
(@SGGUID+19, 'Slave Pens - Group 019 - Coilfang Technician (2) - Patrol 007', 0, 0, 0, 1, 0),
(@SGGUID+20, 'Slave Pens - Group 020 - Coilfang Technician (1) | Coilfang Collaborator (2)', 0, 0, 0, 1, 0),
(@SGGUID+21, 'Slave Pens - Group 021 - Coilfang Technician (2) | Coilfang Collaborator (2)', 0, 0, 0, 1, 0),
(@SGGUID+22, 'Slave Pens - Group 022 - Coilfang Technician (2) | Coilfang Collaborator (2)', 0, 0, 0, 1, 0),
(@SGGUID+23, 'Slave Pens - Group 023 - Coilfang Technician (1) | Coilfang Collaborator (2) - Patrol 008', 0, 0, 0, 1, 0),
(@SGGUID+24, 'Slave Pens - Group 024 - Coilfang Technician (2) - Patrol 009', 0, 0, 0, 1, 0),
(@SGGUID+25, 'Slave Pens - Group 025 - Coilfang Technician (2) - Patrol 010', 0, 0, 0, 1, 0),
(@SGGUID+26, 'Slave Pens - Group 026 - Coilfang Defender (2) - Patrol 011', 0, 0, 0, 1, 0),
(@SGGUID+27, 'Slave Pens - Group 027 - Coilfang Technician | Coilfang Collaborator (2) - Patrol 012', 0, 0, 0, 1, 0),
(@SGGUID+28, 'Slave Pens - Group 028 - Coilfang Technician | Coilfang Collaborator (2) - Patrol 013', 0, 0, 0, 1, 0),
(@SGGUID+29, 'Slave Pens - Group 029 - Coilfang Technician (2) | Coilfang Enchantress  - Patrol 014', 0, 0, 0, 1, 0),
(@SGGUID+30, 'Slave Pens - Group 030 - Coilfang Technician (2) | Coilfang Enchantress  - Patrol 015', 0, 0, 0, 1, 0),

(@SGGUID+31, 'Slave Pens - Group 031 - Coilfang Champion (2)', 0, 0, 0, 1, 0),
(@SGGUID+32, 'Slave Pens - Group 032 - Greater Bogstrok (2) | Bogstrok (2)', 0, 0, 0, 1, 0),
(@SGGUID+33, 'Slave Pens - Group 032 - Coilfang Tempest | Observer | Coilfang Scale-Healer | Coilfang Ray', 0, 0, 0, 1, 0),

(@SGGUID+34, 'Slave Pens - Group 034 - Coilfang Defender (2) - Patrol 016', 0, 0, 0, 1, 0),
(@SGGUID+35, 'Slave Pens - Group 035 - Coilfang Tempest (2) | Coilfang Observer | Coilfang Scale-Healer | Coilfang Ray', 0, 0, 0, 1, 0),
(@SGGUID+36, 'Slave Pens - Group 036 - Coilfang Champion (2) | Enchantress | Coilfang Soothsayer', 0, 0, 0, 1, 0),
(@SGGUID+37, 'Slave Pens - Group 037 - Coilfang Tempest | Observer | Coilfang Scale-Healer | Coilfang Tempest | Coilfang Ray', 0, 0, 0, 1, 0),

(@SGGUID+38, 'Slave Pens - Group 038 - Coilfang Champion | Coilfang Soothsayer | Coilfang Enchantress | Coilfang Scale-Healer - Patrol 017', 0, 0, 0, 1, 0),
(@SGGUID+39, 'Slave Pens - Group 039 - Greater Bogstrok (2) | Bogstrok (2) - Patrol 018', 0, 0, 0, 1, 0),
(@SGGUID+40, 'Slave Pens - Group 040 - Greater Bogstrok (2) | Bogstrok (2) - Patrol 019', 0, 0, 0, 1, 0),
(@SGGUID+41, 'Slave Pens - Group 041 - Coilfang Defender (2) | Coilfang Observer (2)', 0, 0, 0, 1, 0),
-- objects
(@SGGUID+10100, 'Slave Pens - Bound Fel Iron Chest/Solid Fel Iron Chest - Normal mode', 1, 1, 0, 0, 0),
(@SGGUID+10101, 'Slave Pens - Bound Adamantite Chest/Solid Adamantite Chest - Heroic mode', 1, 1, 0, 0, 0),
(@SGGUID+1010102, 'Slave Pens - Adamantite Deposit 181556/Rich Adamantite Deposit 181569', 1, 4, 0, 0, 0),
(@SGGUID+1010103, 'Slave Pens - Slave Pens - Anchient Lichen 181278', 1, 4, 0, 0, 0),
(@SGGUID+1010104, 'Slave Pens - Slave Pens - Felweed 181270', 1, 3, 0, 0, 0),
(@SGGUID+1010105, 'Slave Pens - Slave Pens - Ragveil (181275) / Flame Cap (181276)', 1, 2, 0, 0, 0);


INSERT INTO `spawn_group_entry` (`Id`, `Entry`, `MinCount`, `MaxCount`, `Chance`) VALUES
(@SGGUID+4, 17963, 0, 2, 0), (@SGGUID+4, 17964, 0, 2, 0), -- Wastewalker Slave, Wastewalker Worker
(@SGGUID+6, 17963, 0, 0, 0), (@SGGUID+6, 17964, 0, 0, 0), -- Wastewalker Slave, Wastewalker Worker
(@SGGUID+15, 17963, 0, 0, 0), (@SGGUID+15, 17964, 0, 0, 0), -- Wastewalker Slave, Wastewalker Worker
(@SGGUID+16, 17963, 0, 0, 0), (@SGGUID+16, 17964, 0, 0, 0); -- Wastewalker Slave, Wastewalker Worker

INSERT INTO `spawn_group_spawn` (`Id`, `Guid`, `SlotId`) VALUES
-- creatures new
(@SGGUID+1, @CGUID+30, 0), -- Greater Bogstrok
(@SGGUID+1, @CGUID+12, 1), -- Greater Bogstrok
(@SGGUID+1, @CGUID+13, 2), -- Bogstrok

(@SGGUID+2, @CGUID+29, 0), -- Greater Bogstrok
(@SGGUID+2, @CGUID+9, 1), -- Greater Bogstrok
(@SGGUID+2, @CGUID+14, 2), -- Bogstrok

(@SGGUID+3, @CGUID+132, 0), -- Wastewalker Worker
(@SGGUID+3, @CGUID+133, 1), -- Wastewalker Worker
(@SGGUID+3, @CGUID+134, 2), -- Wastewalker Worker

(@SGGUID+4, @CGUID+118, 0), -- spawn_group_entry
(@SGGUID+4, @CGUID+136, 1), -- spawn_group_entry
(@SGGUID+4, @CGUID+143, 2), -- spawn_group_entry

(@SGGUID+5, @CGUID+60, 0), -- Coilfang Champion
(@SGGUID+5, @CGUID+69, 1), -- Coilfang Champion

(@SGGUID+6, @CGUID+129, -1), -- spawn_group_entry
(@SGGUID+6, @CGUID+120, -1), -- spawn_group_entry
(@SGGUID+6, @CGUID+116, -1), -- spawn_group_entry
(@SGGUID+6, @CGUID+135, -1), -- spawn_group_entry
(@SGGUID+6, @CGUID+115, -1), -- spawn_group_entry
(@SGGUID+6, @CGUID+142, -1), -- spawn_group_entry

(@SGGUID+7, @CGUID+64, 0), -- Coilfang Champion
(@SGGUID+7, @CGUID+40, 1), -- Coilfang Observer
(@SGGUID+7, @CGUID+96, 2), -- Coilfang Scale-Healery
(@SGGUID+7, @CGUID+207, 3), -- Coilfang Ray

(@SGGUID+8, @CGUID+59, 0), -- Coilfang Champion
(@SGGUID+8, @CGUID+88, 1), -- Coilfang Enchantress
(@SGGUID+8, @CGUID+95, 2), -- Coilfang Enchantress

(@SGGUID+9, @CGUID+119, -1), -- Wastewalker Slave
(@SGGUID+9, @CGUID+140, -1), -- Wastewalker Worker
(@SGGUID+9, @CGUID+141, -1), -- Wastewalker Worker

(@SGGUID+10, @CGUID+22, -1), -- Greater Bogstrok
(@SGGUID+10, @CGUID+5, -1), -- Greater Bogstrok
(@SGGUID+10, @CGUID+6, -1), -- Greater Bogstrok
(@SGGUID+10, @CGUID+7, -1), -- Bogstrok
(@SGGUID+10, @CGUID+25, -1), -- Bogstrok
(@SGGUID+10, @CGUID+26, -1), -- Bogstrok

(@SGGUID+11, @CGUID+31, -1), -- Bogstrok
(@SGGUID+11, @CGUID+15, -1), -- Greater Bogstrok
(@SGGUID+11, @CGUID+16, -1), -- Greater Bogstrok
(@SGGUID+11, @CGUID+17, -1), -- Greater Bogstrok
(@SGGUID+11, @CGUID+32, -1), -- Bogstrok
(@SGGUID+11, @CGUID+33, -1), -- Bogstrok

(@SGGUID+12, @CGUID+1, -1), -- Greater Bogstrok
(@SGGUID+12, @CGUID+2, -1), -- Bogstrok
(@SGGUID+12, @CGUID+4, -1), -- Bogstrok
(@SGGUID+12, @CGUID+24, -1), -- Greater Bogstrok

(@SGGUID+13, @CGUID+68, 0), -- Coilfang Champion
(@SGGUID+13, @CGUID+87, 1), -- Coilfang Soothsayer
(@SGGUID+13, @CGUID+91, 2), -- Coilfang Enchantress

(@SGGUID+14, @CGUID+121, -1), -- Wastewalker Slave
(@SGGUID+14, @CGUID+144, -1), -- Wastewalker Worker
(@SGGUID+14, @CGUID+114, -1), -- Wastewalker Worker

(@SGGUID+15, @CGUID+130, -1), -- Wastewalker Worker
(@SGGUID+15, @CGUID+131, -1), -- spawn_group_entry
(@SGGUID+15, @CGUID+122, -1), --  Wastewalker Slave

(@SGGUID+16, @CGUID+113, -1), -- Wastewalker Slave
(@SGGUID+16, @CGUID+124, -1), -- Wastewalker Worker
(@SGGUID+16, @CGUID+123, -1), -- spawn_group_entry

(@SGGUID+17, @CGUID+78, 0), -- Coilfang Defender
(@SGGUID+17, @CGUID+79, 1), -- Coilfang Defender

(@SGGUID+18, @CGUID+54, 0), -- Coilfang Technician
(@SGGUID+18, @CGUID+55, 1), -- Coilfang Technician
(@SGGUID+18, @CGUID+98, 2), -- Coilfang Collaborator
(@SGGUID+18, @CGUID+104, 3), -- Coilfang Collaborator

(@SGGUID+19, @CGUID+43, 0), -- Coilfang Technician
(@SGGUID+19, @CGUID+44, 1), -- Coilfang Technician

(@SGGUID+20, @CGUID+52, 0), -- Coilfang Technician
(@SGGUID+20, @CGUID+99, 1), -- Coilfang Collaborator
(@SGGUID+20, @CGUID+102, 2), -- Coilfang Collaborator

(@SGGUID+21, @CGUID+48, 0), -- Coilfang Technician
(@SGGUID+21, @CGUID+200, 1), -- Coilfang Technician
(@SGGUID+21, @CGUID+100, 2), -- Coilfang Collaborator
(@SGGUID+21, @CGUID+101, 3), -- Coilfang Collaborator

(@SGGUID+22, @CGUID+53, 0), -- Coilfang Technician
(@SGGUID+22, @CGUID+46, 1), -- Coilfang Technician
(@SGGUID+22, @CGUID+103, 2), -- Coilfang Collaborator
(@SGGUID+22, @CGUID+110, 3), -- Coilfang Collaborator

(@SGGUID+23, @CGUID+42, 0), -- Coilfang Technician
(@SGGUID+23, @CGUID+106, 1), -- Coilfang Collaborator
(@SGGUID+23, @CGUID+112, 2), -- Coilfang Collaborator

(@SGGUID+24, @CGUID+74, 0), -- Coilfang Technician
(@SGGUID+24, @CGUID+75, 1), -- Coilfang Technician

(@SGGUID+25, @CGUID+72, 0), -- Coilfang Technician
(@SGGUID+25, @CGUID+73, 1), -- Coilfang Technician

(@SGGUID+26, @CGUID+70, 0), -- Coilfang Defender
(@SGGUID+26, @CGUID+71, 1), -- Coilfang Defender

(@SGGUID+27, @CGUID+56, 0), -- Coilfang Technician
(@SGGUID+27, @CGUID+105, 1), -- Coilfang Collaborator
(@SGGUID+27, @CGUID+107, 2), -- Coilfang Collaborator

(@SGGUID+28, @CGUID+45, 0), -- Coilfang Technician
(@SGGUID+28, @CGUID+108, 1), -- Coilfang Collaborator
(@SGGUID+28, @CGUID+109, 2), -- Coilfang Collaborator

(@SGGUID+29, @CGUID+92, 0), -- Coilfang Technician
(@SGGUID+29, @CGUID+50, 1), -- Coilfang Technician
(@SGGUID+29, @CGUID+47, 2), -- Coilfang Enchantress

(@SGGUID+30, @CGUID+93, 0), -- Coilfang Technician
(@SGGUID+30, @CGUID+49, 1), -- Coilfang Technician
(@SGGUID+30, @CGUID+51, 2), -- Coilfang Enchantress

(@SGGUID+31, @CGUID+62, 0), -- Coilfang Champion
(@SGGUID+31, @CGUID+63, 1), -- Coilfang Champion

(@SGGUID+32, @CGUID+8, -1), -- Bogstrok
(@SGGUID+32, @CGUID+3, -1), -- Greater Bogstrok
(@SGGUID+32, @CGUID+20, -1), -- Bogstrok
(@SGGUID+32, @CGUID+27, -1), -- Greater Bogstrok

(@SGGUID+33, @CGUID+198, -1), -- Coilfang Tempest
(@SGGUID+33, @CGUID+41, -1), -- Coilfang Observer
(@SGGUID+33, @CGUID+196, -1), -- Coilfang Scale-Healer
(@SGGUID+33, @CGUID+209, -1), -- Coilfang Ray

(@SGGUID+34, @CGUID+76, 0), -- Coilfang Defender
(@SGGUID+34, @CGUID+77, 1), -- Coilfang Defender

(@SGGUID+35, @CGUID+195, -1), -- Coilfang Scale-Healer
(@SGGUID+35, @CGUID+38, -1), -- Coilfang Observer
(@SGGUID+35, @CGUID+199, -1), -- Coilfang Tempest
(@SGGUID+35, @CGUID+201, -1), -- Coilfang Tempest
(@SGGUID+35, @CGUID+208, -1), -- Coilfang Ray

(@SGGUID+36, @CGUID+65, -1), -- Coilfang Champion
(@SGGUID+36, @CGUID+66, -1), -- Coilfang Champion
(@SGGUID+36, @CGUID+97, -1), -- Coilfang Enchantress
(@SGGUID+36, @CGUID+194, -1), -- Coilfang Soothsayer

(@SGGUID+37, @CGUID+39, -1), -- Coilfang Observer
(@SGGUID+37, @CGUID+89, -1), -- Coilfang Scale-Healer
(@SGGUID+37, @CGUID+202, -1), -- Coilfang Tempest
(@SGGUID+37, @CGUID+203, -1), -- Coilfang Tempest
(@SGGUID+37, @CGUID+206, -1), -- Coilfang Ray

(@SGGUID+38, @CGUID+193, 0), -- Coilfang Champion
(@SGGUID+38, @CGUID+94, 1), -- Coilfang Champion
(@SGGUID+38, @CGUID+61, 2), -- Coilfang Soothsayer
(@SGGUID+38, @CGUID+197, 3), -- Coilfang Enchantress

(@SGGUID+39, @CGUID+34, 0), -- Bogstrok
(@SGGUID+39, @CGUID+18, 1), -- Greater Bogstrok
(@SGGUID+39, @CGUID+19, 2), -- Bogstrok
(@SGGUID+39, @CGUID+35, 3), -- Greater Bogstrok

(@SGGUID+40, @CGUID+11, 0), -- Greater Bogstrok
(@SGGUID+40, @CGUID+10, 1), -- Bogstrok
(@SGGUID+40, @CGUID+21, 2), -- Greater Bogstrok
(@SGGUID+40, @CGUID+28, 3), -- Bogstrok

(@SGGUID+41, @CGUID+205, -1), -- Coilfang Observer
(@SGGUID+41, @CGUID+67, -1), -- Coilfang Observer
(@SGGUID+41, @CGUID+90, -1), -- Coilfang Defender
(@SGGUID+41, @CGUID+204, -1), -- Coilfang Observer

-- objects
(@SGGUID+10100, @OGUID+63, -1), -- Bound Fel Iron Chest/Solid Fel Iron Chest - Normal mode
(@SGGUID+10100, @OGUID+65, -1), -- Bound Fel Iron Chest/Solid Fel Iron Chest - Normal mode
(@SGGUID+10100, @OGUID+67, -1), -- Bound Fel Iron Chest/Solid Fel Iron Chest - Normal mode
(@SGGUID+10100, @OGUID+69, -1), -- Bound Fel Iron Chest/Solid Fel Iron Chest - Normal mode
(@SGGUID+10100, @OGUID+71, -1), -- Bound Fel Iron Chest/Solid Fel Iron Chest - Normal mode
(@SGGUID+10100, @OGUID+73, -1), -- Bound Fel Iron Chest/Solid Fel Iron Chest - Normal mode
(@SGGUID+10100, @OGUID+75, -1), -- Bound Fel Iron Chest/Solid Fel Iron Chest - Normal mode
(@SGGUID+10100, @OGUID+77, -1), -- Bound Fel Iron Chest/Solid Fel Iron Chest - Normal mode
(@SGGUID+10100, @OGUID+79, -1), -- Bound Fel Iron Chest/Solid Fel Iron Chest - Normal mode
(@SGGUID+10101, @OGUID+64, -1), -- Bound Adamantite Chest/Solid Adamantite Chest - Heroic mode
(@SGGUID+10101, @OGUID+66, -1), -- Bound Adamantite Chest/Solid Adamantite Chest - Heroic mode
(@SGGUID+10101, @OGUID+68, -1), -- Bound Adamantite Chest/Solid Adamantite Chest - Heroic mode
(@SGGUID+10101, @OGUID+70, -1), -- Bound Adamantite Chest/Solid Adamantite Chest - Heroic mode
(@SGGUID+10101, @OGUID+72, -1), -- Bound Adamantite Chest/Solid Adamantite Chest - Heroic mode
(@SGGUID+10101, @OGUID+74, -1), -- Bound Adamantite Chest/Solid Adamantite Chest - Heroic mode
(@SGGUID+10101, @OGUID+76, -1), -- Bound Adamantite Chest/Solid Adamantite Chest - Heroic mode
(@SGGUID+10101, @OGUID+78, -1), -- Bound Adamantite Chest/Solid Adamantite Chest - Heroic mode
(@SGGUID+10101, @OGUID+80, -1), -- Bound Adamantite Chest/Solid Adamantite Chest - Heroic mode
(@SGGUID+1010102, @OGUID+12, -1), -- Adamantite Deposit 181556/Rich Adamantite Deposit 181569/Khorium 181557
(@SGGUID+1010102, @OGUID+13, -1), -- Adamantite Deposit 181556/Rich Adamantite Deposit 181569
(@SGGUID+1010102, @OGUID+14, -1), -- Adamantite Deposit 181556/Rich Adamantite Deposit 181569
(@SGGUID+1010102, @OGUID+15, -1), -- Adamantite Deposit 181556/Rich Adamantite Deposit 181569
(@SGGUID+1010102, @OGUID+62, -1), -- Adamantite Deposit 181556/Rich Adamantite Deposit 181569
(@SGGUID+1010103, @OGUID+7, -1), -- Anchient Lichen (181278)
(@SGGUID+1010103, @OGUID+8, -1), -- Anchient Lichen (181278)
(@SGGUID+1010103, @OGUID+9, -1), -- Anchient Lichen (181278)
(@SGGUID+1010103, @OGUID+10, -1), -- Anchient Lichen (181278)
(@SGGUID+1010103, @OGUID+11, -1), -- Anchient Lichen (181278)
(@SGGUID+1010103, @OGUID+51, -1), -- Anchient Lichen (181278)
(@SGGUID+1010103, @OGUID+52, -1), -- Anchient Lichen (181278)
(@SGGUID+1010103, @OGUID+53, -1), -- Anchient Lichen (181278)
(@SGGUID+1010103, @OGUID+54, -1), -- Anchient Lichen (181278)
(@SGGUID+1010103, @OGUID+55, -1), -- Anchient Lichen (181278)
(@SGGUID+1010103, @OGUID+56, -1), -- Anchient Lichen (181278)
(@SGGUID+1010103, @OGUID+57, -1), -- Anchient Lichen (181278)
(@SGGUID+1010103, @OGUID+58, -1), -- Anchient Lichen (181278)
(@SGGUID+1010103, @OGUID+59, -1), -- Anchient Lichen (181278)
(@SGGUID+1010103, @OGUID+60, -1), -- Anchient Lichen (181278)
(@SGGUID+1010103, @OGUID+61, -1), -- Anchient Lichen (181278)
(@SGGUID+1010104, @OGUID+1, -1), -- Felweed (181270)
(@SGGUID+1010104, @OGUID+2, -1), -- Felweed (181270)
(@SGGUID+1010104, @OGUID+40, -1), -- Felweed (181270)
(@SGGUID+1010104, @OGUID+41, -1), -- Felweed (181270)
(@SGGUID+1010104, @OGUID+42, -1), -- Felweed (181270)
(@SGGUID+1010104, @OGUID+43, -1), -- Felweed (181270)
(@SGGUID+1010104, @OGUID+44, -1), -- Felweed (181270)
(@SGGUID+1010104, @OGUID+45, -1), -- Felweed (181270)
(@SGGUID+1010105, @OGUID+3, -1), -- Ragveil/Flame Cap
(@SGGUID+1010105, @OGUID+4, -1), -- Ragveil/Flame Cap
(@SGGUID+1010105, @OGUID+5, -1), -- Ragveil/Flame Cap
(@SGGUID+1010105, @OGUID+6, -1), -- Ragveil/Flame Cap
(@SGGUID+1010105, @OGUID+46, -1), -- Ragveil/Flame Cap
(@SGGUID+1010105, @OGUID+47, -1), -- Ragveil/Flame Cap
(@SGGUID+1010105, @OGUID+48, -1), -- Ragveil/Flame Cap
(@SGGUID+1010105, @OGUID+49, -1); -- Ragveil/Flame Cap

INSERT INTO `spawn_group_formation` (`Id`, `FormationType`, `FormationSpread`, `FormationOptions`, `PathId`, `MovementType`, `Comment`) VALUES
(@SGGUID+1, 1, 4, 0, @SGGUID+1, 4, 'Slave Pens - Group 001 - Greater Bogstrok (2) | Bogstrok - Patrol 001'),
(@SGGUID+2, 1, 4, 0, @SGGUID+2, 4, 'Slave Pens - Group 002 - Greater Bogstrok (2) | Bogstrok - Patrol 002'),
(@SGGUID+5, 2, 4, 0, @SGGUID+5, 4, 'Slave Pens - Group 005 - Coilfang Champion (2) - Patrol 003'),
(@SGGUID+8, 3, 4, 0, @SGGUID+8, 4, 'Slave Pens - Group 008 - Coilfang Champion | Coilfang Enchantress - Patrol 005'),
(@SGGUID+13, 3, 4, 0, @SGGUID+13, 4, 'Slave Pens - Group 013 - Coilfang Champion | Coilfang Enchantress | Soothsayer - Patrol 006'),
(@SGGUID+19, 2, 4, 0, @SGGUID+19, 4, 'Slave Pens - Group 019 - Coilfang Technician (2) - Patrol 007'),
(@SGGUID+23, 3, 4, 0, @SGGUID+23, 4, 'Slave Pens - Group 023 - Coilfang Technician (1) | Coilfang Collaborator (2) - Patrol 008'),
(@SGGUID+24, 2, 4, 0, @SGGUID+24, 4, 'Slave Pens - Group 024 - Coilfang Technician (2) - Patrol 009'),
(@SGGUID+25, 2, 4, 0, @SGGUID+25, 4, 'Slave Pens - Group 025 - Coilfang Technician (2) - Patrol 010'),
(@SGGUID+26, 2, 3, 0, @SGGUID+26, 4, 'Slave Pens - Group 026 - Coilfang Defender (2) - Patrol 011'),
(@SGGUID+27, 3, 4, 0, @SGGUID+27, 4, 'Slave Pens - Group 027 - Coilfang Technician | Coilfang Collaborator (2) - Patrol 012'),
(@SGGUID+28, 3, 4, 0, @SGGUID+28, 4, 'Slave Pens - Group 028 - Coilfang Technician | Coilfang Collaborator (2) - Patrol 013'),
(@SGGUID+29, 2, 4, 0, @SGGUID+29, 4, 'Slave Pens - Group 029 - Coilfang Technician (2) | Coilfang Enchantress - Patrol 014'),
(@SGGUID+30, 2, 4, 0, @SGGUID+30, 4, 'Slave Pens - Group 030 - Coilfang Technician (2) | Coilfang Enchantress - Patrol 015'),
(@SGGUID+34, 2, 3, 0, @SGGUID+34, 4, 'Slave Pens - Group 034 - Coilfang Defender (2) - Patrol 016'),
(@SGGUID+38, 2, 4, 0, @SGGUID+38, 4, 'Slave Pens - Group 038 - Coilfang Champion | Coilfang Soothsayer | Coilfang Enchantress | Coilfang Scale-Healer - Patrol 017'),
(@SGGUID+39, 1, 4, 0, @SGGUID+39, 4, 'Slave Pens - Group 039 - Greater Bogstrok (2) | Bogstrok (2) - Patrol 018'),
(@SGGUID+40, 1, 4, 0, @SGGUID+40, 4, 'Slave Pens - Group 040 - Greater Bogstrok (2) | Bogstrok (2) - Patrol 019');

INSERT INTO `waypoint_path` (`PathId`, `Point`, `PositionX`, `PositionY`, `PositionZ`, `Orientation`, `WaitTime`, `ScriptId`) VALUES
-- new
(@SGGUID+1, 1, 33.37823, -87.9232, -1.5905597, 100, 0, 0),
(@SGGUID+1, 2, 72.864685, -108.93815, -2.027463, 100, 0, 0),
(@SGGUID+1, 3, 105.93962, -96.519394, -1.5905597, 100, 0, 0),
(@SGGUID+1, 4, 98.80076, -74.54215, -2.0243971, 100, 0, 0),
(@SGGUID+1, 5, 67.494705, -58.285694, -1.4311179, 100, 0, 0),
(@SGGUID+1, 6, 51.18646, -46.834156, -1.5248076, 100, 0, 0),

(@SGGUID+2, 1, 15.634654, -74.30151, -1.5905597, 100, 0, 0),
(@SGGUID+2, 2, -5.456379, -55.968067, -1.5905597, 100, 0, 0),
(@SGGUID+2, 3, -4.678229, -29.313978, -2.1448636, 100, 0, 0),
(@SGGUID+2, 4, 10.841391, -26.391367, -1.4450822, 100, 0, 0),
(@SGGUID+2, 5, 35.471954, -39.486942, -1.0565685, 100, 0, 0),

(@SGGUID+5, 1, -112.82242, -46.836197, -3.2531695, 100, 0, 0),
(@SGGUID+5, 2, -117.92906, -26.649307, -6.5814204, 100, 0, 0),
(@SGGUID+5, 3, -113.02221, -13.998462, -9.294763, 100, 0, 0),
(@SGGUID+5, 4, -99.75725, -7.121468, -9.277856, 100, 0, 0),
(@SGGUID+5, 5, -86.92553, -3.28355, -7.37143, 100, 0, 0),
(@SGGUID+5, 6, -62.609547, -5.966096, -3.558902, 100, 0, 0),

(@SGGUID+8, 1, -94.66229,-221.32935, -1.2438293, 100, 0, 0),
(@SGGUID+8, 2, -96.58342,-192.55623, -1.6107723, 100, 0, 0),
(@SGGUID+8, 3, -101.39325,-162.79597, -2.5401618, 100, 0, 0),
(@SGGUID+8, 4, -97.396614,-148.95576, -1.9677485, 100, 0, 0),
(@SGGUID+8, 5, -78.558304,-149.64978, -1.9562871, 100, 0, 0),
(@SGGUID+8, 6, -49.81517,-168.06767, -1.9161165, 100, 0, 0),
(@SGGUID+13, 1, -135.18245,-264.3937,-1.5928656, 100, 0, 0),
(@SGGUID+13, 2, -96.45731,-252.5105,-1.2026949, 100, 0, 0),
(@SGGUID+13, 3, -72.88378,-260.1831,-1.2228462, 100, 0, 0),
(@SGGUID+13, 4, -48.752335,-262.20273,-0.8791759, 100, 0, 0),
(@SGGUID+19, 1, 104.56651,-343.7326,3.0324378, 100, 0, 0),
(@SGGUID+19, 2, 88.46067,-354.25873,3.0356727, 100, 0, 0),
(@SGGUID+19, 3, 63.1788,-360.7239,3.0356328, 100, 0, 0),

(@SGGUID+23, 1, 84.32233,-355.31314,34.59769, 100, 0, 0),
(@SGGUID+23, 2, 106.91983,-363.1571,32.197872, 100, 0, 0),
(@SGGUID+23, 3, 123.67997,-369.14206,30.701508, 100, 0, 0),
(@SGGUID+23, 4, 131.45589,-380.78525,30.077143, 100, 0, 0),
(@SGGUID+23, 5, 124.25077,-391.9638,30.730648, 100, 0, 0),
(@SGGUID+23, 6, 106.44565,-397.10135,32.270786, 100, 0, 0),
(@SGGUID+23, 7, 84.27282,-405.44107,34.60864, 100, 0, 0),

(@SGGUID+24, 1, 50.593475,-347.18506,43.32531, 100, 0, 0),
(@SGGUID+24, 2, 10.812712,-345.4971,59.181576, 100, 0, 0),
(@SGGUID+24, 3, -11.609047,-348.55582,70.28157, 100, 0, 0),
(@SGGUID+24, 4, -51.178356,-365.4542,81.021706, 100, 0, 0),

(@SGGUID+25, 1, -49.831036,-394.43207,81.02048, 100, 0, 0),
(@SGGUID+25, 2, -38.72895,-401.16205,79.519264, 100, 0, 0),
(@SGGUID+25, 3, -11.247518,-412.01126,70.102516, 100, 0, 0),
(@SGGUID+25, 4, 11.266998,-414.90323,58.969685, 100, 0, 0),
(@SGGUID+25, 5, 38.81258,-415.03116,47.454975, 100, 0, 0),
(@SGGUID+25, 6, 53.303783,-413.38776,42.375145, 100, 0, 0),

(@SGGUID+26, 1, -57.01482,-380.75848,81.29693, 100, 0, 0),
(@SGGUID+26, 2, -84.22245,-380.4095,78.72163, 100, 0, 0),
(@SGGUID+26, 3, -114.71889,-380.43747,81.247215, 100, 0, 0),

(@SGGUID+27, 1, -124.27898,-362.85834,80.274536, 100, 0, 0),
(@SGGUID+27, 2, -119.12202,-366.2761,81.00296, 100, 0, 0),
(@SGGUID+27, 3, -119.18936,-394.48737,80.9744, 100, 0, 0),
(@SGGUID+27, 4, -124.20847,-398.524,80.28374, 100, 0, 0),

(@SGGUID+28, 1, -229.06407,-380.6496,3.0354943, 100, 0, 0),
(@SGGUID+28, 2, -248.38216,-380.5874,10.425892, 100, 0, 0),
(@SGGUID+28, 3, -267.8213,-380.56857,20.334038, 100, 0, 0),
(@SGGUID+28, 4, -291.18933,-380.3938,30.125166, 100, 0, 0),

(@SGGUID+29, 1, -227.68805,-363.0566,3.035604, 100, 0, 0),
(@SGGUID+29, 2, -263.95883,-333.90656,3.0356667, 100, 0, 0),
(@SGGUID+29, 3, -254.09215,-355.1459,3.035639, 100, 0, 0),

(@SGGUID+30, 1, -224.32506,-396.62097,3.0355346, 100, 0, 0),
(@SGGUID+30, 2, -255.33366,-407.8583,3.0356631, 100, 0, 0),
(@SGGUID+30, 3, -269.14896,-421.1905,3.0330684, 100, 0, 0),

(@SGGUID+34, 1, -83.93549,-523.77386,-1.5914233, 100, 0, 0),
(@SGGUID+34, 2, -74.375824,-526.5931,-1.5943141, 100, 0, 0),
(@SGGUID+34, 3, -62.04731,-528.7617,-1.5941613, 100, 0, 0),
(@SGGUID+34, 4, -54.048965,-542.6787,-1.5936232, 100, 0, 0),
(@SGGUID+34, 5, -54.877804,-556.5964,-1.5929497, 100, 0, 0),
(@SGGUID+34, 6, -67.603195,-566.9261,-0.6967133, 100, 0, 0),
(@SGGUID+34, 7, -75.75858,-585.0732,1.723919, 100, 0, 0),
(@SGGUID+34, 8, -104.19448,-592.87317,5.20782, 100, 0, 0),
(@SGGUID+34, 9, -103.67276,-611.86194,10.930438, 100, 0, 0),

(@SGGUID+38, 1, -112.21934,-751.7954,37.091347, 100, 0, 0),
(@SGGUID+38, 2, -83.497406,-735.865,36.541836, 100, 0, 0),
(@SGGUID+38, 3, -89.53006,-701.02655,36.55273, 100, 0, 0),
(@SGGUID+38, 4, -97.61304,-672.66565,30.076414, 100, 0, 0),
(@SGGUID+38, 5, -99.05717,-625.1839,16.924713, 100, 0, 0),

(@SGGUID+39, 1, -121.42814,-752.9407,37.346226, 100, 0, 0),
(@SGGUID+39, 2, -144.27388,-731.4174,37.89232, 100, 0, 0),
(@SGGUID+39, 3, -172.50328,-720.9616,37.892315, 100, 0, 0),
(@SGGUID+39, 4, -194.77405,-707.0978,37.89232, 100, 0, 0),
(@SGGUID+39, 5, -204.18204,-684.4947,37.353416, 100, 0, 0),

(@SGGUID+40, 1, -203.2103,-687.634,37.23816, 100, 0, 0),
(@SGGUID+40, 2, -209.34328,-713.1055,36.894287, 100, 0, 0),
(@SGGUID+40, 3, -203.70541,-734.4595,35.6812, 100, 0, 0),
(@SGGUID+40, 4, -180.52708,-743.2256,35.604977, 100, 0, 0),
(@SGGUID+40, 5, -147.30037,-752.92,37.892323, 100, 0, 0),
(@SGGUID+40, 6, -135.51462,-772.65594,38.24504, 100, 0, 0);

INSERT INTO `waypoint_path_name` (`PathId`, `Name`) VALUES
(@SGGUID+1,'Slave Pens - Group 001 - Greater Bogstrok (2) | Bogstrok - Patrol 001'),
(@SGGUID+2,'Slave Pens - Group 002 - Greater Bogstrok (2) | Bogstrok - Patrol 002'),
(@SGGUID+5,'Slave Pens - Group 005 - Coilfang Champion (2) - Patrol 003'),
(@SGGUID+8, 'Slave Pens - Group 008 - Coilfang Champion | Coilfang Enchantress - Patrol 005'),
(@SGGUID+13, 'SSlave Pens - Group 013 - Coilfang Champion | Coilfang Enchantress | Soothsayer - Patrol 006'),
(@SGGUID+19, 'Slave Pens - Group 019 - Coilfang Technician (2) - Patrol 007'),
(@SGGUID+23, 'Slave Pens - Group 023 - Coilfang Technician (1) | Coilfang Collaborator (2) - Patrol 008'),
(@SGGUID+24, 'Slave Pens - Group 024 - Coilfang Technician (2) - Patrol 009'),
(@SGGUID+25,'Slave Pens - Group 025 - Coilfang Technician (2) - Patrol 010'),
(@SGGUID+26,'Slave Pens - Group 026 - Coilfang Defender (2) - Patrol 011'),
(@SGGUID+27,'Slave Pens - Group 027 - Coilfang Technician | Coilfang Collaborator (2) - Patrol 012'),
(@SGGUID+28,'Slave Pens - Group 028 - Coilfang Technician | Coilfang Collaborator (2) - Patrol 013'),
(@SGGUID+29, 'Slave Pens - Group 029 - Coilfang Technician (2) | Coilfang Enchantress - Patrol 014'),
(@SGGUID+30, 'Slave Pens - Group 030 - Coilfang Technician (2) | Coilfang Enchantress - Patrol 015'),
(@SGGUID+34, 'Slave Pens - Group 034 - Coilfang Defender (2) - Patrol 016'),
(@SGGUID+38,'Slave Pens - Group 038 - Coilfang Champion | Coilfang Soothsayer | Coilfang Enchantress | Coilfang Scale-Healer - Patrol 017'),
(@SGGUID+39,'Slave Pens - Group 039 - Greater Bogstrok (2) | Bogstrok (2) - Patrol 018'),
(@SGGUID+40,'Slave Pens - Group 040 - Greater Bogstrok (2) | Bogstrok (2) - Patrol 019');


-- StringIDs
DELETE FROM string_id WHERE Id BETWEEN @STRINGID+1 AND @STRINGID+6;
INSERT INTO `string_id` (Id, Name) VALUES 
(@STRINGID+1, 'SP_COILFANG_SLAVEHANDLER_01'),
(@STRINGID+2, 'SP_COILFANG_SLAVEHANDLER_02'),
(@STRINGID+3, 'SP_COILFANG_SLAVEHANDLER_03'),
(@STRINGID+4, 'SP_COILFANG_SLAVEHANDLER_04'),
(@STRINGID+5, 'SP_COILFANG_SLAVEHANDLER_05'),
(@STRINGID+6, 'SP_COILFANG_SLAVEHANDLER_06');

-- =========
-- DBSCRIPTS
-- =========

DELETE FROM `dbscripts_on_creature_movement` WHERE `id` IN (1789301,1789302,1795701,2575401,2575402,2575403,2575404,2575405);
INSERT INTO `dbscripts_on_creature_movement` (`id`, `delay`, `command`, `datalong`, `datalong2`, `datalong3`, `buddy_entry`, `search_radius`, `data_flags`, `dataint`, `dataint2`, `dataint3`, `dataint4`, `x`, `y`, `z`, `o`, `comments`) VALUES
(1789301, 0, 0, 0, 0, 0, 0, 0, 0, 14575, 0, 0, 0, 0, 0, 0, 0, 'Naturalist Bite - Say on orientation change'),
(1789302, 0, 29, 1, 1, 0, 0, 0, 0, 0, 0, 0, 0, 0, 0, 0, 0, 'Naturalist Bite - Add NPC Flag gossip'),
(1789302, 0, 32, 1, 0, 0, 0, 0, 0, 0, 0, 0, 0, 0, 0, 0, 0, 'Naturalist Bite - Pause Waypoints'),
(1795701, 0, 0, 0, 0, 0, 0, 0, 0, 15896, 0, 0, 0, 0, 0, 0, 0, 'Coilfang Champion - Say On Spawn'),
(2575401, 0, 28, 0, 0, 0, 0, 0, 0x04, 0, 0, 0, 0, 0, 0, 0, 0, 'UNIT_STAND_STATE_STAND'),
(2575401, 5, 25, 1, 0, 0, 0, 0, 0x04, 0, 0, 0, 0, 0, 0, 0, 0, 'RUN ON'),
(2575401, 10, 29, 1, 0, 0, 0, 0, 0x04, 0, 0, 0, 0, 0, 0, 0, 0, 'Remove NPCFLAGS'),
(2575402, 0, 28, 1, 0, 0, 0, 0, 0x04, 0, 0, 0, 0, 0, 0, 0, 0, 'UNIT_SIT'),
(2575402, 10, 29, 1, 1, 0, 0, 0, 0x04, 0, 0, 0, 0, 0, 0, 0, 0, 'Remove NPCFLAGS'),
(2575402, 100, 20, 0, 0, 0, 0, 0, 0x04, 0, 0, 0, 0, 0, 0, 0, 0, 'Idle'),
(2575403, 10, 20, 0, 0, 0, 0, 0, 0x04, 0, 0, 0, 0, 0, 0, 0, 0, 'Idle'),
(2575403, 1000, 15, 46345, 0, 0, 0, 0, 0x04, 0, 0, 0, 0, 0, 0, 0, 0, 'cast 46345'),
(2575403, 5000, 14, 46345, 0, 0, 0, 0, 0x04, 0, 0, 0, 0, 0, 0, 0, 0, 'unaura 46345'),
(2575403, 9000, 15, 46341, 1, 0, 25971, @CGUID+220, 1 | 0x10, 0, 0, 0, 0, 0, 0, 0, 0, 'cast 46341'),
(2575404, 10, 20, 0, 0, 0, 0, 0, 0x04, 0, 0, 0, 0, 0, 0, 0, 0, 'Idle'),
(2575404, 1000, 15, 46345, 0, 0, 0, 0, 0x04, 0, 0, 0, 0, 0, 0, 0, 0, 'cast 46345'),
(2575404, 5000, 14, 46345, 0, 0, 0, 0, 0x04, 0, 0, 0, 0, 0, 0, 0, 0, 'unaura 46345'),
(2575404, 6000, 15, 46341, 1, 0, 25973, @CGUID+222, 1 | 0x10, 0, 0, 0, 0, 0, 0, 0, 0, 'cast 46341'),
(2575405, 10, 20, 0, 0, 0, 0, 0, 0x04, 0, 0, 0, 0, 0, 0, 0, 0, 'Idle'),
(2575405, 1000, 15, 46345, 0, 0, 0, 0, 0x04, 0, 0, 0, 0, 0, 0, 0, 0, 'cast 46345'),
(2575405, 5000, 14, 46345, 0, 0, 0, 0, 0x04, 0, 0, 0, 0, 0, 0, 0, 0, 'unaura 46345'),
(2575405, 6000, 15, 46341, 1, 0, 25972, @CGUID+221, 1 | 0x10, 0, 0, 0, 0, 0, 0, 0, 0, 'cast 46341');

DELETE FROM `dbscripts_on_creature_death` WHERE id = 25740;
INSERT INTO `dbscripts_on_creature_death` (`id`, `delay`, `command`, `datalong`, `datalong2`, `datalong3`, `buddy_entry`, `search_radius`, `data_flags`, `dataint`, `dataint2`, `dataint3`, `dataint4`, `x`, `y`, `z`, `o`, `comments`) VALUES
(25740,1,15,5,0,0,25971,@CGUID+220,7 | 0x10,0,0,0,0,0,0,0,0,'Shaman Bonfire Bunny 000 - kill self'),
(25740,2,15,5,0,0,25972,@CGUID+221,7 | 0x10,0,0,0,0,0,0,0,0,'Shaman Bonfire Bunny 001 - kill self'),
(25740,3,15,5,0,0,25973,@CGUID+222,7 | 0x10,0,0,0,0,0,0,0,0,'Shaman Bonfire Bunny 002 - kill self'),
(25740,10,20,2,1,0,25745,@CGUID+216,7 | 0x10,1,0,0,0,0,0,0,0,'Earthen Ring Flamecaller#1 - Waypoints'),
(25740,20,20,2,3,0,25745,@CGUID+217,7 | 0x10,1,0,0,0,0,0,0,0,'Earthen Ring Flamecaller#2 - Waypoints'),
(25740,30,20,2,5,0,25745,@CGUID+215,7 | 0x10,1,0,0,0,0,0,0,0,'Earthen Ring Flamecaller#2 - Waypoints');

DELETE FROM `dbscripts_on_relay` WHERE `id` IN (10024,20598,20599,20600,20601);
INSERT INTO `dbscripts_on_relay` (`id`, `delay`, `command`, `datalong`, `datalong2`, `datalong3`, `buddy_entry`, `search_radius`, `data_flags`, `dataint`, `dataint2`, `dataint3`, `dataint4`, `x`, `y`, `z`, `o`, `comments`) VALUES
(10024, 0, 20, 2, 1, 0, 0, 0, 0, 0, 0, 0, 0, 0, 0, 0, 0, 'Coilfang mob - Move Waypoint'),
(20598, 1500, 31, 25971, 200, 0, 0, 0, 0, 0, 0, 0, 0, 0, 0, 0, 0, 'search for 25971'),
(20598, 2000, 15, 45964, 1, 0, 25971, 255, 3, 0, 0, 0, 0, 0, 0, 0, 0, 'cast 45964 b->m'),
(20598, 3000, 31, 25754, 200, 0, 0, 0, 0, 0, 0, 0, 0, 0, 0, 0, 0, 'search for 25754'),
(20598, 3100, 0, 0, 0, 0, 25754, 200, 3, 24930, 0, 0, 0, 0, 0, 0, 0, 'buddy SAY - The Earthen Ring\'s Assault Begins.'),
(20599, 1, 31, 25972, 200, 0, 0, 0, 0, 0, 0, 0, 0, 0, 0, 0, 0, 'search for 25972'),
(20599, 100, 15, 45964, 1, 0, 25972, 255, 3, 0, 0, 0, 0, 0, 0, 0, 0, 'cast 45964 b->m'),
(20600, 1, 31, 25973, 200, 0, 0, 0, 0, 0, 0, 0, 0, 0, 0, 0, 0, 'search for 25973'),
(20600, 100, 15, 45964, 1, 0, 25973, 255, 3, 0, 0, 0, 0, 0, 0, 0, 0, 'cast 45964 b->m'),
(20601, 1, 31, 25754, 200, 0, 0, 0, 0, 0, 0, 0, 0, 0, 0, 0, 0, 'search for 25754'),
(20601, 100, 0, 0, 0, 0, 25754, @CGUID+216, 7 | 0x10, 24931, 0, 0, 0, 0, 0, 0, 0, 'buddy SAY - Ahune Retreats.  His defenses diminish.'),
(20601, 37000, 0, 0, 0, 0, 25754, @CGUID+216, 7 | 0x10, 24932, 0, 0, 0, 0, 0, 0, 0, 'buddy SAY - Ahune will soon resurface.');

DELETE FROM `dbscripts_on_gossip` WHERE `id` IN (752001,754001,1138901);
INSERT INTO `dbscripts_on_gossip` (`id`, `delay`, `command`, `datalong`, `datalong2`, `datalong3`, `buddy_entry`, `search_radius`, `data_flags`, `dataint`, `dataint2`, `dataint3`, `dataint4`, `x`, `y`, `z`, `o`, `comments`) VALUES
-- 752001
(752001, 0, 8, 17893, 1, 0, 0, 0, 0, 0, 0, 0, 0, 0, 0, 0, 0, 'Naturalist Bite - Give Kill Credit to Group'),
(752001, 0, 13, 0, 0, 0, 182094, 5, 1, 0, 0, 0, 0, 0, 0, 0, 0, 'Naturalist Bite - Open cage'),
(752001, 0, 48, 256, 0, 0, 0, 0, 0, 0, 0, 0, 0, 0, 0, 0, 0, 'Naturalist Bite - Remove UNIT_FLAG_IMMUNE_TO_PLAYER'),
(752001, 0, 48, 512, 0, 0, 0, 0, 0, 0, 0, 0, 0, 0, 0, 0, 0, 'Naturalist Bite - Remove UNIT_FLAG_IMMUNE_TO_NPC'),
(752001, 0, 22, 113, 1, 0, 0, 0, 0, 0, 0, 0, 0, 0, 0, 0, 0, 'Naturalist Bite - Change faction'),
(752001, 0, 29, 1, 2, 0, 0, 0, 0, 0, 0, 0, 0, 0, 0, 0, 0, 'Naturalist Bite - Remove NPC Gossip flag'),
(752001, 0, 20, 2, 0, 0, 0, 0, 0, 0, 0, 0, 0, 0, 0, 0, 0, 'Naturalist Bite - Move Waypoint'),
(752001, 0, 10, 17957, 300000, 1, 0, 0, 8, 1, 0, 0, 0, -97.29962, -744.0187, 34.83808, 3.476041, 'Naturalist Bite - Spawn Coilfang Champion'),
(752001, 0, 10, 17960, 300000, 1, 0, 0, 8, 1, 0, 0, 0, -93.89555, -741.5464, 35.76108, 3.737259, 'Naturalist Bite - Spawn Coilfang Soothsayer'),
(752001, 0, 10, 17961, 300000, 1, 0, 0, 8, 1, 0, 0, 0, -90.23283, -740.959, 35.3191, 35.94978, 'Naturalist Bite - Spawn Coilfang Enchantress'),
-- 754001
(754001, 0, 15, 34906, 3, 0, 0, 0, 0, 0, 0, 0, 0, 0, 0, 0, 0, 'Naturalist Bite - Cast Mark of Bite'),
-- 1138901
(1138901, 0, 15, 45937, 0, 0, 25745, @CGUID+213, 7 | 0x10, 0, 0, 0, 0, 0, 0, 0, 0, '[PH] Ahune Summon Loc Bunny - Cast Ahune - Summoning Visual 1'),
(1138901, 100, 20, 2, 0, 0, 25745, @CGUID+216, 7 | 0x10, 1, 0, 0, 0, 0, 0, 0, 0, 'Earthen Ring Flamecaller#1 - Waypoints'),
(1138901, 101, 20, 2, 4, 0, 25745, @CGUID+215, 7 | 0x10, 1, 0, 0, 0, 0, 0, 0, 0, 'Earthen Ring Flamecaller#2 - Waypoints'),
(1138901, 102, 20, 2, 2, 0, 25745, @CGUID+217, 7 | 0x10, 1, 0, 0, 0, 0, 0, 0, 0, 'Earthen Ring Flamecaller#3 - Waypoints'),
(1138901, 500, 40, 0, 0, 0, 0, 0, 0, 0, 0, 0, 0, 0, 0, 0, 0, 'despawn object'),
(1138901, 1000, 15, 46603, 0, 0, 0, 0, 0, 0, 0, 0, 0, 0, 0, 0, 0, 'cast Force Wisp Flight Missile'),
(1138901, 1000, 0, 0, 0, 0, 0, 0, 0, 24895, 0, 0, 0, 0, 0, 0, 0, 'say Ahune 1'),
(1138901, 3000, 15, 45930, 0, 0, 0, 0, 0, 0, 0, 0, 0, 0, 0, 0, 0, 'cast Ahune - Summoning Rhyme Spell,  make bonfire'),
(1138901, 3000, 0, 0, 0, 0, 0, 0, 0, 24893, 0, 0, 0, 0, 0, 0, 0, 'say Ahune 2'),
(1138901, 5000, 0, 0, 0, 0, 0, 0, 0, 24894, 0, 0, 0, 0, 0, 0, 0, 'say Ahune 3'),
(1138901, 10000, 15, 46402, 0, 0, 25745, @CGUID+213, 7 | 0x10, 0, 0, 0, 0, 0, 0, 0, 0, '[PH] Ahune Summon Loc Bunny - Cast Ahune Resurfaces'),
(1138901, 10000, 10, 25740, 0, 0, 0, 0, 0, 0, 0, 0, 0,  -99.1021, -233.753, -1.22297, 1.5282, 'spawn Ahune'),
(1138901, 12000, 10, 25865, 0, 0, 25740, 255, 7,  0, 0, 0, 0, -98.0151, -230.456, -1.21089, 1.79769, 'spawn Frozen Core');


-- new relay scripts, will get merged when all is done
DELETE FROM dbscripts_on_relay WHERE id BETWEEN @RELAYID+1 AND @RELAYID+4;
INSERT INTO `dbscripts_on_relay` (`id`, `delay`, `priority`, `command`, `datalong`, `datalong2`, `datalong3`, `buddy_entry`, `search_radius`, `data_flags`, `dataint`, `dataint2`, `dataint3`, `dataint4`, `x`, `y`, `z`, `o`, `comments`) VALUES
-- Wastewalker Slave/Wastewalker Worker script after Coilfang Slavemaster dies
(@RELAYID+1,0,0,20,2,1,0,0,0,0,0,0,0,0,0,0,0,0,'Wastewalker Slave/Wastewalker Worker - Set Active'), -- just to make sure they run their way to the end and despawn
(@RELAYID+1,0,1,20,0,0,0,0,0,0,2,0,0,0,0,0,0,0,'Wastewalker Slave/Wastewalker Worker - Stop Movement'),
(@RELAYID+1,0,2,1,5,0,0,0,0,0,0,0,0,0,0,0,0,0,'Wastewalker Slave/Wastewalker Worker - Emote OneShotExclamation'),
(@RELAYID+1,0,3,0,@RELAYID+1,0,0,0,0,0,0,0,0,0,0,0,0,0,'Wastewalker Slave/Wastewalker Worker - random yell'),
(@RELAYID+1,1000,0,20,2,1,0,0,0,0,2,0,0,0,0,0,0,0,'Wastewalker Slave/Wastewalker Worker - Change Movement'),
-- Right Side Coilfang Slavehandler RP's
(@RELAYID+2,0,0,31,0,2,0,@STRINGID+1,5,0x800,0,0,0,0,0,0,0,0, 'Coilfang Slavehandler - search for string id - terminate if not found'),
(@RELAYID+2,1,1,32,1,0,0,0,0,0,0,0,0,0,0,0,0,0, 'Coilfang Slavehandler - stop waypoint'),
(@RELAYID+2,1,2,21,1,0,0,0,0,0,0,0,0,0,0,0,0,0,'Coilfang Slavehandler - Set Active'),
(@RELAYID+2,1,3,37,0,0,2,@STRINGID+1,5,2050,0,0,0,0,0,0,0,0, 'Coilfang Slavehandler - move to StringID'),
(@RELAYID+2,1000,0,36,0,0,2,@STRINGID+1,5,2049,0,0,0,0,0,0,0,0, 'Coilfang Slavehandler - face stringID'),
(@RELAYID+2,2000,0,1,0,0,0,@STRINGID+1,5,2048,0,0,0,0,0,0,0,0, 'StringId - remove emote'),
(@RELAYID+2,2000,1,15,6754,0,2,@STRINGID+1,5,2050,0,0,0,0,0,0,0,0, 'Coilfang Slavehandler - Cast Slap on StringID'),
(@RELAYID+2,2000,2,36,0,0,0,@STRINGID+1,5,2048,0,0,0,0,0,0,0,0, 'StringId - face Legionnaire'),
(@RELAYID+2,2000,3,1,15,0,0,0,0,0,0,0,0,0,0,0,0,0, 'Coilfang Slavehandler - Emote OneShotRoar'),
(@RELAYID+2,2000,4,0,0,0,0,0,0,0,14412,0,0,0,0,0,0,0, 'Coilfang Slavehandler - Yell text'),
(@RELAYID+2,4000,0,28,8,0,0,@STRINGID+1,5,2048,0,0,0,0,0,0,0,0, 'StringId - standstate kneel'),
(@RELAYID+2,5000,0,1,36,0,0,0,0,0,0,0,0,0,0,0,0,0, 'Coilfang Slavehandler - Emote OneShotAttack1H'),
(@RELAYID+2,8000,0,1,36,0,0,0,0,0,0,0,0,0,0,0,0,0, 'Coilfang Slavehandler - Emote OneShotAttack1H'),
(@RELAYID+2,10000,0,45,@RELAYID+3,0,0,@STRINGID+1,5,2048,0,0,0,0,0,0,0,0, 'StringId - start relay script'),
(@RELAYID+2,10000,1,32,0,0,0,0,0,0,0,0,0,0,0,0,0,0, 'Coilfang Slavehandler  - start waypoint'),
-- 3 seconds after event ends, remove kneel state and yell text, reset orientation, 15 seconds after this getting back work state
(@RELAYID+3,3000,0,28,0,0,0,0,0,0,0,0,0,0,0,0,0,0, 'StringId - standstate stand'),
(@RELAYID+3,3000,1,36,1,0,0,0,0,0,0,0,0,0,0,0,0,0, 'StringId - reset facing'),
(@RELAYID+3,3000,2,0,0,0,0,0,0,0,15108,0,0,0,0,0,0,0, 'StringId - Yell'),
(@RELAYID+3,5000,0,1,173,0,0,0,0,0,0,0,0,0,0,0,0,0, 'StringId - EmoteState WORK'),
-- Slavehandler Random Yell
(@RELAYID+4,0,0,1,1,0,0,0,0,0,0,0,0,0,0,0,0,0, 'Coilfang Slavehandler - Emote Talk'),
(@RELAYID+4,0,1,0,@RELAYID+4,0,0,0,0,0,0,0,0,0,0,0,0,0, 'Coilfang Slavehandler - Random Yell'),
-- Coilfang Scale-Healer - RP used via creature_ai_scripts
(@RELAYID+5,0,0,21,1,0,0,0,0,0,0,0,0,0,0,0,0,0,'Coilfang Scale-Healer - Set Active'),
(@RELAYID+5,0,1,32,1,0,0,0,0,0,0,0,0,0,0,0,0,0, 'Coilfang Scale-Healer - stop waypoint'),
(@RELAYID+5,5000,0,3,0,0,0,0,0,0,0,0,0,0,0,0,0,2.9496, 'Coilfang Scale-Healer - change orientation'),
(@RELAYID+5,6000,0,1,1,0,0,0,0,0,0,0,0,0,0,0,0,0, 'Coilfang Scale-Healer - Emote OneShotTalk'),
(@RELAYID+5,6000,1,0,@RELAYID+6,0,0,0,0,0,0,0,0,0,0,0,0,0, 'Coilfang Scale-Healer - Random Say'),
(@RELAYID+5,8000,0,21,0,0,0,0,0,0,0,0,0,0,0,0,0,0,'Coilfang Scale-Healer - Remove Active'),
(@RELAYID+5,8000,1,32,0,0,0,0,0,0,0,0,0,0,0,0,0,0, 'Coilfang Scale-Healer - start waypoint');

DELETE FROM dbscript_random_templates WHERE id BETWEEN @RELAYID+1 AND @RELAYID+6;
INSERT INTO dbscript_random_templates (id, type, target_id, chance, comments) VALUES
-- Shattered Hand Legionnaire 001 script
(@RELAYID+1, 0, 18713, 0, 'Slave Pens - Wastewalker Slave/Wastewalker Worker random yell'),
(@RELAYID+1, 0, 18711, 0, 'Slave Pens - Wastewalker Slave/Wastewalker Worker random yell'),
(@RELAYID+1, 0, 18712, 0, 'Slave Pens - Wastewalker Slave/Wastewalker Worker random yell'),
(@RELAYID+1, 0, 18707, 0, 'Slave Pens - Wastewalker Slave/Wastewalker Worker random yell'),
(@RELAYID+1, 0, 18708, 0, 'Slave Pens - Wastewalker Slave/Wastewalker Worker random yell'),
(@RELAYID+1, 0, 18710, 0, 'Slave Pens - Wastewalker Slave/Wastewalker Worker random yell'),
-- Coilfang Slavehandler
(@RELAYID+2, 1, @RELAYID+2, 10, 'Coilfang Slavehandler - 10% chance for random RP'),
(@RELAYID+2, 1, 0, 90, 'Coilfang Slavehandler - 90% nothing'),
(@RELAYID+3, 1, @RELAYID+4, 10, 'Coilfang Slavehandler - 10% chance for random Yell'),
(@RELAYID+3, 1, 0, 90, 'Coilfang Slavehandler - 90% nothing'),
(@RELAYID+4, 0, 14404, 0, 'Coilfang Slavehandler - random yell'),
(@RELAYID+4, 0, 14412, 0, 'Coilfang Slavehandler - random yell'),
(@RELAYID+4, 0, 14413, 0, 'Coilfang Slavehandler - random yell'),
(@RELAYID+4, 0, 14414, 0, 'Coilfang Slavehandler - random yell'),
(@RELAYID+4, 0, 14415, 0, 'Coilfang Slavehandler - random yell'),
-- Wastewalker Captive random say on ooc los
(@RELAYID+5, 0, 15103, 0, 'Coilfang Slavehandler - random say'),
(@RELAYID+5, 0, 15106, 0, 'Coilfang Slavehandler - random say'),
(@RELAYID+5, 0, 15107, 0, 'Coilfang Slavehandler - random say'),
-- Coilfang Scale-Healer random rp text
(@RELAYID+6, 0, 19081, 0, 'Coilfang Scale-Healer - random say'),
(@RELAYID+6, 0, 19083, 0, 'Coilfang Scale-Healer - random say');

DELETE FROM dbscripts_on_creature_movement WHERE id IN (1795901, 1795902, 1796301, 1796401);
INSERT INTO `dbscripts_on_creature_movement` (`id`, `delay`, `priority`, `command`, `datalong`, `datalong2`, `datalong3`, `buddy_entry`, `search_radius`, `data_flags`, `dataint`, `dataint2`, `dataint3`, `dataint4`, `x`, `y`, `z`, `o`, `comments`) VALUES
-- Coilfang Slavehandler random RP events on moving
(1795901, 0, 0, 45, 0, @RELAYID+2, 0, 0, 0, 0, 0, 0, 0, 0, 0, 0, 0, 0, 'Coilfang Slavehandler - 10% chance for random RP'),
(1795902, 0, 0, 45, 0, @RELAYID+3, 0, 0, 0, 0, 0, 0, 0, 0, 0, 0, 0, 0, 'Coilfang Slavehandler - 10% chance for random RP'),
-- Wastewalker Slave
(1796301, 0, 0, 18, 0, 0, 0, 0, 0, 0, 0, 0, 0, 0, 0, 0, 0, 0, 'Wastewalker Slave - Despawn self'),
-- Wastewalker Worker
(1796401, 0, 0, 18, 0, 0, 0, 0, 0, 0, 0, 0, 0, 0, 0, 0, 0, 0, 'Wastewalker Worker - Despawn self');


-- INSERT INTO `dbscripts_on_go_use` (`id`, `delay`, `command`, `datalong`, `datalong2`, `datalong3`, `buddy_entry`, `search_radius`, `data_flags`, `dataint`, `dataint2`, `dataint3`, `dataint4`, `x`, `y`, `z`, `o`, `comments`) VALUES
-- INSERT INTO `dbscripts_on_go_template_use` (`id`, `delay`, `command`, `datalong`, `datalong2`, `datalong3`, `buddy_entry`, `search_radius`, `data_flags`, `dataint`, `dataint2`, `dataint3`, `dataint4`, `x`, `y`, `z`, `o`, `comments`) VALUES
-- INSERT INTO `dbscripts_on_event` (`id`, `delay`, `command`, `datalong`, `datalong2`, `datalong3`, `buddy_entry`, `search_radius`, `data_flags`, `dataint`, `dataint2`, `dataint3`, `dataint4`, `x`, `y`, `z`, `o`, `comments`) VALUES
-- INSERT INTO `dbscripts_on_spell` (`id`, `delay`, `command`, `datalong`, `datalong2`, `datalong3`, `buddy_entry`, `search_radius`, `data_flags`, `dataint`, `dataint2`, `dataint3`, `dataint4`, `x`, `y`, `z`, `o`, `comments`) VALUES
-- INSERT INTO `dbscripts_on_quest_start` (`id`, `delay`, `command`, `datalong`, `datalong2`, `datalong3`, `buddy_entry`, `search_radius`, `data_flags`, `dataint`, `dataint2`, `dataint3`, `dataint4`, `x`, `y`, `z`, `o`, `comments`) VALUES
-- INSERT INTO `dbscripts_on_quest_end` (`id`, `delay`, `command`, `datalong`, `datalong2`, `datalong3`, `buddy_entry`, `search_radius`, `data_flags`, `dataint`, `dataint2`, `dataint3`, `dataint4`, `x`, `y`, `z`, `o`, `comments`) VALUES
-- INSERT INTO `dbscript_random_templates` (`id`, `type`, `target_id`, `chance`, `comments`) VALUES
