/* DBScriptData
DBName: Tempest Keep - The Arcatraz
DBScriptName: instance_arcatraz
DB%Complete: 80
DBComment:
* Arcatraz Sentinel no respawn as they respawn with 100% hp
* General ACID Recheck for all Creatures required
* (@CGUID+86, @CGUID+80, 32768); -- Warden Mellichar -> Unchained Doombringer -- Need FLAG_AGGRO_ON_DEATH as the Death of the last Unchained Doombringer should put the group in combat with Endboss Event
EndDBScriptData */

SET @CGUID := 5520000; -- creatures
SET @OGUID := 5520000; -- gameobjects
SET @PGUID := 48900; -- pools
SET @SGGUID := 5520000; -- spawn_groups
SET @STRINGID := 5520000; -- used for StringID's
SET @RELAYID := 5520000; -- used for dbscript_on_relay


-- =========
-- CREATURES
-- =========

INSERT INTO `creature_movement` (`id`, `point`, `PositionX`, `PositionY`, `PositionZ`, `orientation`, `waittime`, `ScriptId`) VALUES
(@CGUID+9, 1, 186.8511, -17.043463, -10.028533, 100, 100, 5),
(@CGUID+9, 2, 154.92224, 0.133047, -10.1021595, 100, 0, 0),
(@CGUID+9, 3, 118.42155, 0.256821, -10.136737, 100, 100, 6),
(@CGUID+9, 4, 107.806114, 1.4212999, -10.160327, 100, 100, 2),
(@CGUID+12, 1, 206.893, 22.9948, 48.2139, 3.20196, 1, 5),
(@CGUID+12, 2, 223.208, 22.3428, 48.3392, 0.076076, 0, 0),
(@CGUID+12, 3, 267.205, 21.6406, 48.3504, 0.023454, 0, 0),
(@CGUID+12, 4, 313.569, 22.1016, 48.3504, 6.23281, 0, 0),
(@CGUID+12, 5, 344.487, 22.3783, 48.3379, 0.032093, 0, 0),
(@CGUID+12, 6, 368.271, 21.9975, 48.2127, 0.01717, 0, 0),
(@CGUID+12, 7, 400.191, 22.0121, 48.2127, 0.010102, 0, 0),
(@CGUID+12, 8, 419.79, 22.2101, 48.2133, 0.010102, 0, 0),
(@CGUID+12, 9, 424.231, 14.8928, 48.2133, 4.5984, 0, 0),
(@CGUID+12, 10, 425.881, 3.23986, 48.2061, 4.83402, 0, 0),
(@CGUID+12, 11, 443.302, -0.542986, 48.2114, 6.26109, 0, 0),
(@CGUID+12, 12, 457.661, 1.59947, 48.2307, 0.164825, 0, 0),
(@CGUID+12, 13, 464.795, 5.55337, 48.4041, 0.537104, 0, 0),
(@CGUID+12, 14, 468.035, 13.9639, 49.4229, 1.15207, 0, 0),
(@CGUID+12, 15, 467.408, 18.2939, 49.7933, 1.71442, 0, 0),
(@CGUID+12, 16, 463.347, 27.6971, 50.7511, 1.92019, 0, 0),
(@CGUID+12, 17, 459.654, 36.5773, 50.8465, 2.1134, 0, 0),
(@CGUID+12, 18, 455.16, 39.4752, 50.8465, 2.56893, 0, 0),
(@CGUID+12, 19, 445.222, 41.1223, 50.3475, 2.97734, 0, 0),
(@CGUID+12, 20, 437.781, 43.6748, 49.5498, 2.81633, 0, 0),
(@CGUID+12, 21, 432.252, 42.9315, 48.983, 3.2106, 0, 0),
(@CGUID+12, 22, 427.619, 39.6984, 48.3121, 3.75096, 0, 0),
(@CGUID+12, 23, 423.374, 27.9096, 48.2301, 4.36671, 0, 0),
(@CGUID+12, 24, 410.734, 22.5105, 48.2164, 3.56874, 0, 0),
(@CGUID+12, 25, 401.738, 22.0779, 48.2137, 3.15405, 0, 0),
(@CGUID+12, 26, 368.434, 21.9003, 48.2137, 3.11949, 0, 0),
(@CGUID+12, 27, 346.604, 22.3952, 48.3335, 3.11321, 0, 0),
(@CGUID+12, 28, 304.418, 22.7126, 48.3504, 3.15562, 0, 0),
(@CGUID+12, 29, 264.007, 22.3188, 48.3504, 3.11086, 0, 0),
(@CGUID+12, 30, 229.906, 22.6008, 48.3142, 3.10065, 0, 0),
(@CGUID+13, 1, 300.757, 40.6855, 22.4412, 6.1544, 1, 5),
(@CGUID+13, 2, 266.582, 45.6146, 22.4412, 3.00417, 0, 0),
(@CGUID+13, 3, 300.608, 40.5754, 22.4412, 6.27378, 0, 0),
(@CGUID+13, 4, 267.06, 41.3581, 22.4412, 3.06386, 0, 0),
(@CGUID+13, 5, 284.295, 41.9085, 22.4412, 0.031433, 0, 0),
(@CGUID+13, 6, 269.81, 34.1758, 22.4412, 3.61599, 0, 0),
(@CGUID+13, 7, 264.534, 44.0584, 22.4412, 2.10881, 0, 0),
(@CGUID+13, 8, 295.828, 42.0824, 22.4412, 6.1811, 0, 0),
(@CGUID+13, 9, 263.093, 44.3916, 22.4412, 3.74558, 0, 0),
(@CGUID+13, 10, 282.178, 42.4389, 22.4412, 6.16303, 0, 0),
(@CGUID+13, 11, 262.842, 42.3572, 22.4412, 3.1047, 0, 0),
(@CGUID+13, 12, 302.24, 41.5065, 22.4412, 6.20545, 0, 0),
(@CGUID+14, 1, 276.189, -4.19569, 22.4413, 1.57709, 1, 5),
(@CGUID+14, 2, 266.139, 7.79699, 22.4413, 2.25803, 0, 0),
(@CGUID+14, 3, 266.247, -22.6114, 22.4474, 4.7878, 0, 0),
(@CGUID+14, 4, 281.42, -21.5927, 22.446, 0.053416, 0, 0),
(@CGUID+14, 5, 283.91, -8.08894, 22.4417, 1.49541, 0, 0),
(@CGUID+14, 6, 276.132, -11.52, 22.4434, 3.88066, 0, 0),
(@CGUID+14, 7, 278.106, -27.9497, 22.4444, 4.90247, 0, 0),
(@CGUID+14, 8, 279.399, -11.1783, 22.444, 1.59359, 0, 0),
(@CGUID+14, 9, 268.779, -0.587566, 22.4415, 1.92031, 0, 0),
(@CGUID+14, 10, 279.827, -10.0563, 22.4419, 5.7719, 0, 0),
(@CGUID+14, 11, 267.893, -24.199, 22.448, 4.04324, 0, 0),
(@CGUID+14, 12, 266.199, 1.03333, 22.4423, 1.81585, 0, 0),
(@CGUID+14, 13, 278.067, -8.70831, 22.4423, 5.69965, 0, 0),
(@CGUID+14, 14, 277.867, -28.1689, 22.4441, 4.8789, 0, 0),
(@CGUID+14, 15, 279.703, -17.5282, 22.4439, 1.1192, 0, 0),
(@CGUID+14, 16, 287.853, -22.0041, 22.444, 5.8418, 0, 0),
(@CGUID+14, 17, 279.812, -8.4003, 22.4425, 2.11587, 0, 0),
(@CGUID+14, 18, 270.202, 0.472228, 22.4425, 2.36563, 0, 0),
(@CGUID+14, 19, 266.016, 9.32503, 22.4425, 1.98079, 0, 0),
(@CGUID+14, 20, 267.74, 0.89882, 22.4425, 5.03127, 0, 0),
(@CGUID+14, 21, 277.643, -5.01753, 22.4425, 5.71064, 0, 0),
(@CGUID+14, 22, 280.211, -20.0439, 22.4444, 5.08311, 0, 0),
(@CGUID+14, 23, 278.357, -7.86163, 22.4429, 1.74674, 0, 0),
(@CGUID+14, 24, 281.524, -20.043, 22.4442, 4.93074, 0, 0),
(@CGUID+14, 25, 278.958, -7.84203, 22.4428, 1.92738, 0, 0),
(@CGUID+14, 26, 263.749, 3.74835, 22.4414, 2.48894, 0, 0),
(@CGUID+14, 27, 267.41, -22.7768, 22.4477, 4.9386, 0, 0),
(@CGUID+14, 28, 278.467, -9.57264, 22.4435, 1.06658, 0, 0),
(@CGUID+14, 29, 278.335, -27.7132, 22.4453, 4.67706, 0, 0),
(@CGUID+14, 30, 282.311, -16.8075, 22.4453, 0.962126, 0, 0),
(@CGUID+16, 1, 300.643, 132.433, 22.2279, 2.36485, 1, 5),
(@CGUID+16, 2, 280.268, 145.768, 22.2246, 2.50858, 0, 0),
(@CGUID+16, 3, 205.459, 147.222, 22.5299, 3.09684, 0, 0),
(@CGUID+16, 4, 178.317, 161.465, 22.4396, 2.62482, 0, 0),
(@CGUID+16, 5, 177.156, 132.55, 22.4396, 4.78466, 0, 0),
(@CGUID+16, 6, 206.137, 146.36, 22.5333, 0.494819, 0, 0),
(@CGUID+16, 7, 285.688, 145.898, 22.2281, 6.21723, 0, 0),
(@CGUID+16, 8, 299.448, 130.977, 22.2257, 5.41848, 0, 0),
(@CGUID+16, 9, 301.781, 110.523, 22.2247, 4.69827, 0, 0),
(@CGUID+16, 10, 301.419, 72.4437, 22.4521, 4.58046, 0, 0),
(@CGUID+19, 1, 216.848, -18.8814, -10.0988, 0.296885, 0, 0),
(@CGUID+19, 2, 224.405, -10.9059, -9.18466, 1.19931, 0, 0),
(@CGUID+19, 3, 224.719, -4.69658, -8.65524, 1.5441, 0, 0),
(@CGUID+19, 4, 219.63, 5.64645, -7.4853, 2.18342, 0, 0),
(@CGUID+19, 5, 207.05, 16.8875, -7.46839, 2.54077, 0, 0),
(@CGUID+19, 6, 198.094, 21.969, -8.38857, 2.45831, 0, 0),
(@CGUID+19, 7, 189.256, 21.1475, -9.35965, 3.23428, 0, 0),
(@CGUID+19, 8, 184.529, 17.1224, -10.0637, 3.84689, 0, 0),
(@CGUID+19, 9, 184.106, -12.7646, -10.1119, 4.69826, 0, 0),
(@CGUID+19, 10, 197.46, -22.8893, -10.1035, 5.63446, 0, 0),
(@CGUID+19, 11, 196.538, -38.4966, -10.1035, 4.67941, 0, 0),
(@CGUID+19, 12, 196.503, -61.2816, -10.0907, 4.71083, 0, 0),
(@CGUID+19, 13, 202.605, -63.8882, -10.0996, 5.8795, 0, 0),
(@CGUID+19, 14, 208.134, -60.9671, -10.0854, 0.595344, 0, 0),
(@CGUID+19, 15, 209.609, -48.5543, -10.0796, 1.73731, 0, 0),
(@CGUID+19, 16, 209.366, -22.7744, -10.0799, 1.58023, 0, 0),
(@CGUID+19, 17, 213.747, -20.2203, -10.0749, 0.5278, 0, 0),
-- reworked
(@CGUID+33, 1, 276.79434,-145.29054,-10.11652, 100, 0, 0),
(@CGUID+33, 2, 256.17062,-143.82663,-10.110913, 100, 0, 0),
(@CGUID+33, 3, 245.10881,-143.02563,-10.110268, 100, 0, 0),
(@CGUID+33, 4, 245.43143,-128.669,-10.117723, 100, 0, 0),
(@CGUID+33, 5, 221.3861,-128.95544,-10.114537, 100, 0, 0),
(@CGUID+33, 6, 207.70795,-129.07368,-10.109515, 100, 0, 0),
(@CGUID+34, 1, 208.53522,-152.27895,-10.112484, 100, 0, 0),
(@CGUID+34, 2, 221.87071,-152.57721,-10.11229, 100, 0, 0),
(@CGUID+34, 3, 237.18454,-152.618,-10.10515, 100, 0, 0),
(@CGUID+34, 4, 253.95305,-152.81169,-10.106597, 100, 0, 0),
(@CGUID+34, 5, 253.27829,-175.50299,-10.103562, 100, 0, 0),
-- Entropic Eye / Death Watcher
-- They have 2 waypoints, and they gonna rnd move for ~20-30 seconds at this position
(@CGUID+36, 1, 232.48465,-138.72578,-10.11108, 100, 0, 0),
(@CGUID+36, 2, 214.05183,-138.74442,-10.110648, 100, 0, 0),
(@CGUID+38, 1, 257.83023,-125.83658,-10.123239, 100, 0, 0),
(@CGUID+38, 2, 258.53995,-147.47809,-10.109458, 100, 0, 0),
-- protean horror intro waypoints
(@CGUID+46, 1, 176.223, 8.54549, -9.98461, 100, 0, 0),
(@CGUID+46, 2, 157.84132,0.62546,-10.102133, 100, 0, 0),
(@CGUID+46, 3, 140.85771,0.796949,-10.101937, 100, 0, 0),
(@CGUID+46, 4, 123.21317,0.05694,-10.102104, 100, 0, 0),
(@CGUID+46, 5, 88.4931,0.287307,-11.026913, 100, 100, 2),
(@CGUID+47, 1, 183.572, 16.4955, -10.0309, 100, 0, 0),
(@CGUID+47, 2, 157.84132,0.62546,-10.102133, 100, 0, 0),
(@CGUID+47, 3, 140.85771,0.796949,-10.101937, 100, 0, 0),
(@CGUID+47, 4, 123.21317,0.05694,-10.102104, 100, 0, 0),
(@CGUID+47, 5, 88.4931,0.287307,-11.026913, 100, 100, 2),
(@CGUID+48, 1, 185.691, 22.1126, -9.58162, 100, 0, 0),
(@CGUID+48, 2, 157.84132,0.62546,-10.102133, 100, 0, 0),
(@CGUID+48, 3, 140.85771,0.796949,-10.101937, 100, 0, 0),
(@CGUID+48, 4, 123.21317,0.05694,-10.102104, 100, 0, 0),
(@CGUID+48, 5, 88.4931,0.287307,-11.026913, 100, 100, 2),
(@CGUID+49, 1, 189.86, 12.663, -10.0084, 100, 0, 0),
(@CGUID+49, 2, 157.84132,0.62546,-10.102133, 100, 0, 0),
(@CGUID+49, 3, 140.85771,0.796949,-10.101937, 100, 0, 0),
(@CGUID+49, 4, 123.21317,0.05694,-10.102104, 100, 0, 0),
(@CGUID+49, 5, 88.4931,0.287307,-11.026913, 100, 100, 2),
(@CGUID+50, 1, 176.218, -8.04078, -10.0188, 100, 0, 0),
(@CGUID+50, 2, 157.84132,0.62546,-10.102133, 100, 0, 0),
(@CGUID+50, 3, 140.85771,0.796949,-10.101937, 100, 0, 0),
(@CGUID+50, 4, 123.21317,0.05694,-10.102104, 100, 0, 0),
(@CGUID+50, 5, 88.4931,0.287307,-11.026913, 100, 100, 2),
(@CGUID+51, 1, 182.631, -12.4686, -10.0272, 100, 0, 0),
(@CGUID+51, 2, 157.84132,0.62546,-10.102133, 100, 0, 0),
(@CGUID+51, 3, 140.85771,0.796949,-10.101937, 100, 0, 0),
(@CGUID+51, 4, 123.21317,0.05694,-10.102104, 100, 0, 0),
(@CGUID+51, 5, 88.4931,0.287307,-11.026913, 100, 100, 2),
(@CGUID+52, 1, 182.755, -19.8442, -10.0229, 100, 0, 0),
(@CGUID+52, 2, 157.84132,0.62546,-10.102133, 100, 0, 0),
(@CGUID+52, 3, 140.85771,0.796949,-10.101937, 100, 0, 0),
(@CGUID+52, 4, 123.21317,0.05694,-10.102104, 100, 0, 0),
(@CGUID+52, 5, 88.4931,0.287307,-11.026913, 100, 100, 2),
(@CGUID+53, 1, 191.813, -17.5303, -10.0188, 100, 0, 0),
(@CGUID+53, 2, 157.84132,0.62546,-10.102133, 100, 0, 0),
(@CGUID+53, 3, 140.85771,0.796949,-10.101937, 100, 0, 0),
(@CGUID+53, 4, 123.21317,0.05694,-10.102104, 100, 0, 0),
(@CGUID+53, 5, 88.4931,0.287307,-11.026913, 100, 100, 2),
(@CGUID+58, 1, 293.068, 9.06769, 22.4412, 5.20909, 0, 0),
(@CGUID+58, 2, 299.217, 9.39975, 22.4412, 5.20909, 0, 0),
(@CGUID+58, 3, 289.77, 4.2795, 22.4412, 5.20909, 0, 0),
(@CGUID+58, 4, 291.079, 10.5524, 21.4829, 5.20909, 0, 0),
(@CGUID+58, 5, 295.308, 3.61129, 22.4412, 5.20909, 0, 0),
(@CGUID+58, 6, 302.637, -7.91027, 22.4412, 5.37009, 0, 0),
(@CGUID+58, 7, 307.828, -14.1909, 22.4412, 5.66069, 0, 0),
(@CGUID+58, 8, 305.289, -9.6896, 22.4414, 1.61023, 0, 0),
(@CGUID+58, 9, 308.783, -7.57181, 22.4414, 0.569579, 0, 0),
(@CGUID+58, 10, 305.408, -8.52473, 22.4414, 3.41665, 0, 0),
(@CGUID+58, 11, 309.159, -6.65172, 22.4414, 0.400719, 0, 0),
(@CGUID+58, 12, 309.704, -9.7612, 22.4414, 4.88534, 0, 0),
(@CGUID+58, 13, 307.84, -6.79902, 22.4414, 2.13252, 0, 0),
(@CGUID+58, 14, 300.231, -10.4407, 22.4414, 2.03435, 0, 0),
(@CGUID+58, 15, 294.277, 2.26656, 22.4414, 2.06969, 0, 0),
(@CGUID+59, 1, 271.906, 32.0908, 22.4128, 4.37827, 0, 0),
(@CGUID+59, 2, 279.664, 31.4638, 20.8149, 5.8823, 0, 0),
(@CGUID+59, 3, 277.18, 35.6081, 22.4412, 2.11239, 0, 0),
(@CGUID+59, 4, 280.351, 40.1525, 22.4412, 2.11239, 0, 0),
(@CGUID+59, 5, 272.927, 41.1023, 22.4412, 2.22627, 0, 0),
(@CGUID+59, 6, 280.04, 36.9946, 22.4412, 5.60349, 0, 0),
(@CGUID+59, 7, 271.893, 42.348, 22.4412, 2.15559, 0, 0),
(@CGUID+59, 8, 257.273, 50.5591, 22.4412, 3.04701, 0, 0),
(@CGUID+59, 9, 269.272, 62.4761, 22.4412, 0.76936, 0, 0),
(@CGUID+59, 10, 272.27, 44.0685, 22.4412, 5.13225, 0, 0),
(@CGUID+64, 1, 305.7355, 148.0587, 24.8633, 3.979351, 8000, 1001),
(@CGUID+64, 2, 305.7355, 148.0587, 24.8633, 3.979351, 18000, 1001),
(@CGUID+64, 3, 305.7355, 148.0587, 24.8633, 3.979351, 12000, 1001),
(@CGUID+64, 4, 305.7355, 148.0587, 24.8633, 3.979351, 6000, 1005),
(@CGUID+64, 5, 305.7355, 148.0587, 24.8633, 3.979351, 55000, 0),
(@CGUID+66, 1, 201.658, 138.055, 22.4799, 0.953483, 5000, 0),
(@CGUID+66, 2, 198.899, 135.182, 22.4372, 3.94742, 2000, 0),
(@CGUID+66, 3, 199.476, 140.64, 22.4996, 1.46556, 5000, 0),
(@CGUID+66, 4, 202.355, 134.739, 22.4127, 5.16636, 3000, 0),
(@CGUID+66, 5, 197.449, 140.796, 22.4224, 2.1897, 1000, 0),
(@CGUID+66, 6, 201.673, 135.624, 22.4131, 5.39727, 0, 0),
(@CGUID+66, 7, 189.193, 134.968, 22.4397, 3.26491, 0, 0),
(@CGUID+66, 8, 176.916, 133.268, 22.4397, 3.23899, 0, 0),
(@CGUID+66, 9, 177.012, 143.453, 22.4397, 1.56138, 4000, 0),
(@CGUID+66, 10, 177.485, 132.554, 22.4397, 4.89853, 0, 0),
(@CGUID+66, 11, 186.466, 134.748, 22.4397, 0.206567, 0, 0),
(@CGUID+66, 12, 200.482, 134.913, 22.417, 0.047131, 0, 0),
(@CGUID+68, 1, 203.624, 156.421, 22.4224, 0.04938, 5000, 0),
(@CGUID+68, 2, 201.115, 157.017, 22.43, 3.31035, 3000, 0),
(@CGUID+68, 3, 200.381, 154.526, 22.43, 4.42562, 4000, 0),
(@CGUID+68, 4, 198.234, 155.301, 22.437, 2.79513, 1000, 0),
(@CGUID+68, 5, 202.348, 156.521, 22.4264, 0.288139, 2000, 0),
(@CGUID+68, 6, 199.168, 158.033, 22.4371, 2.69774, 0, 0),
(@CGUID+68, 7, 188.511, 159.851, 22.4399, 3.13599, 0, 0),
(@CGUID+68, 8, 176.868, 160.7, 22.4399, 3.09515, 0, 0),
(@CGUID+68, 9, 176.784, 146.915, 22.4399, 4.59684, 5000, 0),
(@CGUID+68, 10, 181.198, 147.084, 22.4399, 0.038385, 1000, 0),
(@CGUID+68, 11, 178.418, 148.858, 22.4399, 2.57365, 3000, 0),
(@CGUID+68, 12, 177.629, 145.204, 22.4399, 4.49944, 2000, 0),
(@CGUID+68, 13, 176.239, 148.944, 22.4399, 1.92648, 5000, 0),
(@CGUID+68, 14, 176.538, 161.781, 22.4399, 1.54242, 0, 0),
(@CGUID+68, 15, 187.247, 159.955, 22.4399, 6.14171, 0, 0),
(@CGUID+68, 16, 201.458, 159.143, 22.4321, 6.20061, 0, 0),
(@CGUID+74, 1, 454.72, 39.4298, 50.8465, 2.84682, 0, 0),
(@CGUID+74, 2, 445.098, 43.0044, 50.307, 2.87274, 0, 0),
(@CGUID+74, 3, 436.149, 44.5008, 49.4455, 2.91201, 0, 0),
(@CGUID+74, 4, 429.378, 43.0711, 48.6463, 3.27958, 0, 0),
(@CGUID+74, 5, 425.88, 39.2374, 48.1989, 3.94246, 0, 0),
(@CGUID+74, 6, 427.007, 31.3021, 48.2374, 4.85352, 0, 0),
(@CGUID+74, 7, 437.728, 17.4817, 48.2131, 5.39544, 0, 0),
(@CGUID+74, 8, 440.471, 6.12514, 48.2117, 4.94934, 0, 0),
(@CGUID+74, 9, 440.767, -16.4589, 48.2117, 4.58805, 0, 0),
(@CGUID+74, 10, 450.292, -15.9272, 48.2264, 0.156837, 0, 0),
(@CGUID+74, 11, 451.301, -6.25667, 48.2343, 1.46688, 0, 0),
(@CGUID+74, 12, 451.922, 0.912464, 48.2306, 1.48416, 0, 0),
(@CGUID+74, 13, 453.763, 2.72407, 48.2348, 0.777301, 0, 0),
(@CGUID+74, 14, 463.693, 4.9248, 48.2929, 0.218098, 0, 0),
(@CGUID+74, 15, 468.068, 10.7025, 49.1064, 0.950874, 0, 0),
(@CGUID+74, 16, 467.922, 18.8861, 49.8541, 1.58862, 0, 0),
(@CGUID+74, 17, 466.032, 23.5883, 50.3245, 1.95304, 0, 0),
(@CGUID+74, 18, 462.582, 28.267, 50.8465, 2.23657, 0, 0),
(@CGUID+74, 19, 461.345, 34.9268, 50.8465, 1.70643, 0, 0),
(@CGUID+74, 20, 457.107, 38.777, 50.8465, 2.40465, 0, 0),
(@CGUID+78, 1, 456.1953, -162.02287, 43.097973, 100, 0, 0),
(@CGUID+78, 2, 444.38632, -151.77869, 43.037457, 100, 0, 0),
(@CGUID+78, 3, 437.77167, -136.3138, 43.100117, 100, 0, 0),
(@CGUID+78, 4, 441.69543, -123.04215, 43.10011, 100, 0, 0),
(@CGUID+78, 5, 445.06357, -105.65653, 43.100105, 100, 0, 0),
(@CGUID+78, 6, 446.46475, -89.316284, 43.100094, 100, 0, 0),
(@CGUID+78, 7, 446.41287, -65.38533, 48.39542, 100, 0, 0),
(@CGUID+78, 8, 446.46475, -89.316284, 43.100094, 100, 0, 0),
(@CGUID+78, 9, 445.06357, -105.65653, 43.100105, 100, 0, 0),
(@CGUID+78, 10, 441.69543, -123.04215, 43.10011, 100, 0, 0),
(@CGUID+78, 11, 437.77167, -136.3138, 43.100117, 100, 0, 0),
(@CGUID+78, 12, 444.38632, -151.77869, 43.037457, 100, 0, 0),
(@CGUID+149, 1, 164.571, 164.083, 22.4412, 5.65782, 0, 0),
(@CGUID+149, 2, 170.578, 160.263, 22.4412, 5.71673, 0, 0),
(@CGUID+149, 3, 169.973, 154.136, 22.4412, 4.73498, 0, 0),
(@CGUID+149, 4, 169.182, 141.596, 22.4412, 4.73498, 0, 0),
(@CGUID+149, 5, 168.66, 131.837, 22.4412, 4.73498, 0, 0),
(@CGUID+149, 6, 156.824, 125.214, 22.4412, 3.6904, 0, 0),
(@CGUID+149, 7, 167.874, 131.315, 22.4412, 0.537026, 0, 0),
(@CGUID+149, 8, 169.395, 142.563, 22.4412, 1.63187, 0, 0),
(@CGUID+149, 9, 169.308, 160.427, 22.4412, 1.56904, 0, 0),
(@CGUID+149, 10, 160.217, 167.234, 22.4018, 2.57435, 0, 0),
(@CGUID+150, 1, 123.885, 145.896, 22.4412, 5.02403, 0, 0),
(@CGUID+150, 2, 127.482, 137.667, 22.4412, 5.26357, 0, 0),
(@CGUID+150, 3, 137.833, 130.779, 22.4412, 5.73481, 0, 0),
(@CGUID+150, 4, 149.739, 125.261, 22.4412, 5.9233, 0, 0),
(@CGUID+150, 5, 158.195, 129.08, 22.4412, 0.614008, 0, 0),
(@CGUID+150, 6, 166.062, 133.917, 22.4412, 0.614008, 0, 0),
(@CGUID+150, 7, 166.258, 147.552, 22.4412, 1.59576, 0, 0),
(@CGUID+150, 8, 166.267, 159.768, 22.4412, 1.61539, 0, 0),
(@CGUID+150, 9, 151.15, 168.768, 22.4313, 2.65212, 0, 0),
(@CGUID+150, 10, 140.21, 164.22, 22.4401, 3.68492, 0, 0),
(@CGUID+150, 11, 125.306, 157.433, 22.4401, 3.68492, 0, 0);

INSERT INTO `creature_movement_template` (`entry`, `pathId`, `point`, `PositionX`, `PositionY`, `PositionZ`, `orientation`, `waittime`, `ScriptId`) VALUES
-- Protean Horror 01 - Path 1 
(20865, 1, 1, 274.492, -160.3677, -10.11127, 100, 1, 5),
(20865, 1, 2, 261.6127, -189.98672, -10.10487, 100, 0, 0),
(20865, 1, 3, 227.53447, -192.88065, -10.105654, 100, 0, 0),
(20865, 1, 4, 234.71745, -166.73166, -10.107577, 100, 0, 0),
(20865, 1, 5, 274.492, -160.3677, -10.11127, 100, 1, 2086501),
-- Protean Horror 01 - Path 2
(20865, 2, 1, 274.492, -160.3677, -10.11127, 100, 1, 5),
(20865, 2, 2, 230.67825, -159.68645, -10.113051, 100, 0, 0),
(20865, 2, 3, 230.01398, -122.99717, -10.118055, 100, 0, 0),
(20865, 2, 4, 260.8361, -119.30777, -10.123237, 100, 0, 0),
(20865, 2, 5, 274.492,-160.3677,-10.11127, 100, 1, 2086501),
-- Protean Horror 01 - Path 3
(20865, 3, 1, 274.492, -160.3677, -10.11127, 100, 1, 5),
(20865, 3, 2, 246.39204, -144.1044, -10.109891, 100, 0, 0),
(20865, 3, 3, 216.76047, -123.82127, -10.108683, 100, 0, 0),
(20865, 3, 4, 202.98213, -110.55506, -10.123076, 100, 0, 0),
(20865, 3, 5, 194.93211, -130.28767, -10.12011, 100, 0, 0),
(20865, 3, 6, 194.4479, -140.82317, -10.118727, 100, 0, 0),
(20865, 3, 7, 224.49347, -142.0825, -10.110895, 100, 0, 0),
(20865, 3, 8, 253.40977, -160.71367, -10.1047535, 100, 0, 0),
(20865, 3, 9, 274.492, -160.3677, -10.11127, 100, 1, 2086501),
-- Protean Horror 02 - Path 1 
(20865, 4, 1, 220.35661, -161.02452, -10.113402, 100, 1, 5),
(20865, 4, 2, 236.75801, -193.39262, -10.107179, 100, 0, 0),
(20865, 4, 3, 260.3886, -194.68185, -10.105082, 100, 0, 0),
(20865, 4, 4, 268.60522, -158.09924, -10.105517, 100, 0, 0),
(20865, 4, 5, 237.7268, -160.15494, -10.101749, 100, 0, 0),
(20865, 4, 6, 220.80006, -160.14894, -10.113282, 100, 1, 2086502),
-- Protean Horror 02 - Path 2
(20865, 5, 1, 220.35661, -161.02452, -10.113402, 100, 1, 5),
(20865, 5, 2, 202.58867, -149.75804, -10.114253, 100, 0, 0),
(20865, 5, 3, 202.54631, -119.9808, -10.119678, 100, 0, 0),
(20865, 5, 4, 235.29565, -126.66605, -10.1168585, 100, 0, 0),
(20865, 5, 5, 260.4425, -120.10798, -10.123238, 100, 0, 0),
(20865, 5, 6, 261.34445, -148.69566, -10.109158, 100, 0, 0),
(20865, 5, 7, 220.35661, -161.02452, -10.113402, 100, 1, 2086502),
-- Protean Horror 03 - Path 3
(20865, 6, 1, 220.35661, -161.02452, -10.113402, 100, 1, 5),
(20865, 6, 2, 220.80006, -160.14894, -10.113282, 100, 0, 0),
(20865, 6, 3, 228.45674, -182.32353, -0.4047474, 100, 0, 0),
(20865, 6, 4, 242.84274, -189.01254, 6.2220397, 100, 0, 0),
(20865, 6, 5, 258.3724, -185.33528, 13.020767, 100, 0, 0),
(20865, 6, 6, 267.94284, -170.10384, 20.863707, 100, 0, 0),
(20865, 6, 7, 267.90543, -139.87071, 22.630386, 100, 0, 0),
(20865, 6, 8, 267.39816, -90.36618, 22.497723, 100, 0, 0),
(20865, 6, 9, 267.5015, -100.45144, 22.546911, 100, 0, 0),
(20865, 6, 10, 267.20602, -169.32367, 21.112097, 100, 0, 0),
(20865, 6, 11, 258.33258, -183.84918, 13.519743, 100, 0, 0),
(20865, 6, 12, 243.24022, -187.99068, 6.286567, 100, 0, 0),
(20865, 6, 13, 229.67354, -182.05469, -0.16981333, 100, 0, 0),
(20865, 6, 14, 220.35661, -161.02452, -10.113402, 100, 1, 2086502);

-- INSERT INTO `creature_addon` (`guid`, `mount`, `stand_state`, `sheath_state`, `emote`, `moveflags`, `auras`) VALUES

REPLACE INTO `creature_template_addon` (`entry`, `mount`, `stand_state`, `sheath_state`, `emote`, `moveflags`, `auras`) VALUES
(20857, 0, 0, 1, 333, 0, '38805'), -- Arcatraz Defender - Immolate (previously in ACID)
(20859, 0, 0, 2, 376, 0, NULL), -- Arcatraz Warder
(20864, 0, 0, 1, 0, 0, NULL), -- Protean Nightmare
(20865, 0, 0, 1, 0, 0, NULL), -- Protean Horror
(20866, 0, 0, 1, 0, 0, NULL), -- Soul Devourer
(20867, 0, 0, 1, 0, 0, NULL), -- Death Watcher
(20870, 0, 0, 1, 0, 0, NULL), -- Zereketh the Unbound
(20873, 0, 0, 1, 0, 0, '19818'), -- Negaton Warp-Master
(20875, 0, 0, 1, 0, 0, NULL), -- Negaton Screamer
(20880, 0, 0, 1, 0, 0, ''), -- Eredar Deathbringer
(20881, 0, 0, 1, 0, 0, NULL), -- Unbound Devastator
(20882, 0, 0, 1, 0, 0, '16380'), -- Skulking Witch
(20883, 0, 0, 1, 0, 0, NULL), -- Spiteful Temptress
(20885, 0, 0, 1, 0, 0, NULL), -- Dalliah the Doomsayer
(20896, 0, 0, 1, 0, 0, NULL), -- Ethereum Slayer
(20897, 0, 0, 1, 0, 0, NULL), -- Ethereum Wave-Caster
(20898, 0, 0, 1, 0, 0, NULL), -- Gargantuan Abyssal
(20900, 0, 0, 1, 0, 0, NULL), -- Unchained Doombringer
(20901, 0, 0, 1, 0, 0, NULL), -- Sargeron Archer
(20902, 0, 0, 1, 0, 0, NULL), -- Sargeron Hellcaller
(20904, 0, 0, 1, 0, 0, '36852'), -- Warden Mellichar
(20978, 0, 0, 1, 0, 0, NULL), -- Wrath-Scryer's Felfire
(21186, 0, 0, 1, 0, 0, NULL), -- Arcane Warder Target
(21303, 0, 0, 1, 0, 0, '29266'), -- Defender Corpse
(21304, 0, 0, 1, 0, 0, '29266'), -- Warder Corpse
(21346, 0, 0, 1, 0, 0, '36649'), -- Sightless Eye
(21436, 0, 0, 1, 0, 0, NULL), -- Tempest Keep Prison Alpha Pod Target
(21437, 0, 0, 1, 0, 0, NULL), -- Tempest Keep Prison Beta Pod Target
(21438, 0, 0, 1, 0, 0, NULL), -- Tempest Keep Prison Delta Pod Target
(21439, 0, 0, 1, 0, 0, NULL), -- Tempest Keep Prison Gamma Pod Target
(21440, 0, 0, 1, 0, 0, '36852'), -- Tempest Keep Prison Boss Pod Target
(21702, 0, 0, 1, 0, 0, NULL), -- Ethereum Life-Binder
(21962, 0, 0, 1, 0, 0, '29266'); -- Udalo

INSERT INTO `creature_linking` (`guid`, `master_guid`, `flag`) VALUES
(@CGUID+42, @CGUID+43, 1155), -- Arcatraz Sentinel -> Arcatraz Sentinel

(@CGUID+72, @CGUID+73, 1155), -- Ethereum Slayer -> Ethereum Slayer
(@CGUID+145, @CGUID+73, 1155), -- Ethereum Life-Binder -> Ethereum Slayer
(@CGUID+76, @CGUID+73, 1155), -- Ethereum Wave-Caster -> Ethereum Slayer
(@CGUID+75, @CGUID+74, 1679), -- Ethereum Slayer -> Ethereum Slayer
(@CGUID+77, @CGUID+74, 1679), -- Ethereum Wave-Caster -> Ethereum Slayer
(@CGUID+146, @CGUID+74, 1679), -- Ethereum Life-Binder -> Ethereum Slayer
(@CGUID+82, @CGUID+84, 1155), -- Sargeron Archer -> Sargeron Hellcaller
(@CGUID+83, @CGUID+85, 1155); -- Sargeron Archer -> Sargeron Hellcaller

REPLACE INTO `creature_linking_template` (`entry`, `map`, `master_entry`, `flag`, `search_range`) VALUES
-- (20859, 552, 20857, 1, 0), -- Arcatraz Warder -> Arcatraz Defender
(21466, 552, 20912, 4112, 0), -- Harbinger Skyriss -> Harbinger Skyriss
(21467, 552, 20912, 4112, 0); -- Harbinger Skyriss -> Harbinger Skyriss

INSERT INTO `creature_spawn_entry` (`guid`, `entry`) VALUES
(@CGUID+64, 20879), (@CGUID+64, 20880), -- Eredar Soul-Eater, Eredar Deathbringer
(@CGUID+67, 20881), (@CGUID+67, 20883); -- Unbound Devastator, Spiteful Temptress

DELETE FROM creature_spawn_data WHERE Id IN (2086501, 2086501);
INSERT INTO `creature_spawn_data` (`Guid`, `Id`) VALUES 
-- Protean Horror
(@CGUID+15, 2086501),
(@CGUID+39, 2086502);

DELETE FROM creature_spawn_data_template WHERE Entry IN (2086501);
INSERT INTO `creature_spawn_data_template` (`Entry`, `RelayId`, `StringId`, `Name`) VALUES 
(2086501, @RELAYID+1, 0, 'Protean Horror - Start relayscript on spawn'),
(2086502, @RELAYID+5, 0, 'Protean Horror - Start relayscript on spawn');


INSERT INTO `creature` (`guid`, `id`, `map`, `spawnMask`, `position_x`, `position_y`, `position_z`, `orientation`, `spawntimesecsmin`, `spawntimesecsmax`, `spawndist`, `MovementType`) VALUES
(@CGUID+1, 15384, 552, 3, 466.582, -126.723, 43.1834, 3.7001, 7200, 7200, 0, 0), -- OLDWorld Trigger (DO NOT DELETE)
(@CGUID+2, 20857, 552, 3, 101.977, -2.98757, -10.1691, 0.20944, 7200, 7200, 0, 0), -- Arcatraz Defender
(@CGUID+3, 20857, 552, 3, 103.497, 1.23046, -10.1701, 6.21804, 7200, 7200, 0, 0), -- Arcatraz Defender
(@CGUID+4, 20857, 552, 3, 101.624, 6.57745, -10.1856, 5.8294, 7200, 7200, 0, 0), -- Arcatraz Defender
(@CGUID+5, 20859, 552, 3, 69.6491, -14.8739, -10.0332, 0.541052, 7200, 7200, 0, 0), -- Arcatraz Warder
(@CGUID+6, 20859, 552, 3, 73.3906, -16.7659, -10.0612, 0.541052, 7200, 7200, 0, 0), -- Arcatraz Warder
(@CGUID+7, 20859, 552, 3, 76.9442, 18.8223, -10.1055, 5.68977, 7200, 7200, 0, 0), -- Arcatraz Warder
(@CGUID+8, 20859, 552, 3, 73.8442, 17.5507, -10.0701, 5.89921, 7200, 7200, 0, 0), -- Arcatraz Warder
(@CGUID+9, 20864, 552, 3, 186.8511, -17.043463, -10.028533, 1.75680, 10, 10, 0, 2), -- Protean Nightmare
(@CGUID+10, 20864, 552, 3, 208.993, 6.98038, -7.38507, 0.74831, 7200, 7200, 0, 0), -- Protean Nightmare
(@CGUID+11, 20864, 552, 3, 202.78, -41.4077, -10.0187, 5.84685, 7200, 7200, 0, 0), -- Protean Nightmare
(@CGUID+12, 20865, 552, 3, 219.948, 22.4258, 48.3374, 3.14979, 7200, 7200, 0, 2), -- Protean Horror
(@CGUID+13, 20865, 552, 3, 285.555, 40.5121, 22.4412, 0.179863, 7200, 7200, 0, 2), -- Protean Horror
(@CGUID+14, 20865, 552, 3, 278.648, -12.6903, 22.4479, 1.41948, 7200, 7200, 0, 2), -- Protean Horror
(@CGUID+15, 20865, 552, 3, 274.55026,-161.28899,-10.110444, 2.60, 7200, 7200, 0, 0), -- Protean Horror
(@CGUID+16, 20865, 552, 3, 301.17, 71.9341, 22.4508, 4.70266, 7200, 7200, 0, 2), -- Protean Horror
(@CGUID+17, 20865, 552, 3, 212.919, 6.28938, -7.38507, 0.311741, 7200, 7200, 0, 0), -- Protean Horror
(@CGUID+18, 20865, 552, 3, 208.762, 11.0853, -7.38507, 6.00414, 7200, 7200, 0, 0), -- Protean Horror
(@CGUID+19, 20865, 552, 3, 203.914, -56.3795, -10.0144, 0.123065, 25, 25, 0, 0), -- Protean Horror
(@CGUID+20, 20865, 552, 3, 200.566, -55.4827, -10.0178, 6.0259, 7200, 7200, 0, 0), -- Protean Horror
(@CGUID+21, 20865, 552, 3, 203.65, -60.4947, -10.0155, 0.499034, 7200, 7200, 0, 0), -- Protean Horror
(@CGUID+22, 20865, 552, 3, 202.513, -57.6073, -10.0839, 6.217, 7200, 7200, 0, 0), -- Protean Horror
(@CGUID+23, 20865, 552, 3, 198.804, -58.2479, -10.0106, 6.16678, 7200, 7200, 0, 0), -- Protean Horror
(@CGUID+24, 20865, 552, 3, 200.716, -60.7629, -10.0145, 0.159309, 7200, 7200, 0, 0), -- Protean Horror
(@CGUID+25, 20865, 552, 3, 201.551, -36.3583, -10.0187, 5.67892, 7200, 7200, 0, 0), -- Protean Horror
(@CGUID+26, 20865, 552, 3, 205.741, -44.8498, -10.0129, 3.64967, 7200, 7200, 0, 0), -- Protean Horror
(@CGUID+27, 20865, 552, 3, 200.498, -118.427, -10.0377, 3.10863, 7200, 7200, 0, 0), -- Protean Horror
(@CGUID+28, 20865, 552, 3, 200.933, -116.515, -10.0799, 3.51618, 7200, 7200, 0, 0), -- Protean Horror
(@CGUID+29, 20865, 552, 3, 200.014, -115.796, -10.0399, 3.40614, 7200, 7200, 0, 0), -- Protean Horror
(@CGUID+30, 20865, 552, 3, 201.692, -113.662, -10.0399, 3.59385, 7200, 7200, 0, 0), -- Protean Horror
(@CGUID+31, 20865, 552, 3, 200.498, -118.427, -10.0377, 3.10863, 7200, 7200, 0, 0), -- Protean Horror
(@CGUID+32, 20865, 552, 3, 203.556, -117.874, -10.0371, 3.46516, 7200, 7200, 0, 0), -- Protean Horror
(@CGUID+33, 20866, 552, 3, 276.79434, -145.29054, -10.11652, 3.0579, 7200, 7200, 0, 4), -- Soul Devourer
(@CGUID+34, 20866, 552, 3, 208.53522,-152.27895,-10.112484, 6.1362, 7200, 7200, 0, 4), -- Soul Devourer
(@CGUID+35, 0, 552, 3, 265.94, -184.657, -10.105, 0.148303, 7200, 7200, 8, 1), -- spawn_group_entry
(@CGUID+36, 0, 552, 3, 232.225, -138.710, -10.111, 2.40855, 7200, 7200, 0, 2), -- spawn_group_entry
(@CGUID+37, 0, 552, 3, 244.464, -156.903, -10.0211, 2.56403, 7200, 7200, 8, 1), -- spawn_group_entry
(@CGUID+38, 0, 552, 3, 257.83023,-125.83658,-10.123239, 0.9138, 7200, 7200, 0, 2), -- spawn_group_entry
(@CGUID+39, 20865, 552, 3, 220.35661,-161.02452,-10.113402, 2.60445, 7200, 7200, 0, 0), -- Protean Horror
-- PLEASE RE-USE 40
(@CGUID+41, 20869, 552, 3, 264.2865, -61.32112, 22.45335, 5.288348, 7200, 7200, 0, 0), -- Arcatraz Sentinel
(@CGUID+42, 20869, 552, 3, 253.942, 131.8811, 22.39496, 0.7679449, 7200, 7200, 0, 0), -- Arcatraz Sentinel
(@CGUID+43, 20869, 552, 3, 255.4978, 158.9143, 22.36194, 5.410521, 7200, 7200, 0, 0), -- Arcatraz Sentinel
(@CGUID+44, 20869, 552, 3, 336.5143, 27.42666, 48.42604, 3.839724, 7200, 7200, 0, 0), -- Arcatraz Sentinel
(@CGUID+45, 20869, 552, 3, 395.413, 18.19484, 48.29602, 2.495821, 7200, 7200, 0, 0), -- Arcatraz Sentinel
-- Entrance RP Protean Horror
(@CGUID+46, 20865, 552, 3, 176.223, 8.54549, -9.98461, 4.57276, 1, 1, 0, 2), -- Protean Horror
(@CGUID+47, 20865, 552, 3, 183.572, 16.4955, -10.0309, 0.890118, 1, 1, 0, 2), -- Protean Horror
(@CGUID+48, 20865, 552, 3, 185.691, 22.1126, -9.58162, 1.22173, 1, 1, 0, 2), -- Protean Horror
(@CGUID+49, 20865, 552, 3, 189.86, 12.663, -10.0084, 3.03687, 1, 1, 0, 2), -- Protean Horror
(@CGUID+50, 20865, 552, 3, 176.218, -8.04078, -10.0188, 4.01426, 1, 1, 0, 2), -- Protean Horror
(@CGUID+51, 20865, 552, 3, 182.631, -12.4686, -10.0272, 1.58825, 1, 1, 0, 2), -- Protean Horror
(@CGUID+52, 20865, 552, 3, 182.755, -19.8442, -10.0229, 5.21853, 1, 1, 0, 2), -- Protean Horror
(@CGUID+53, 20865, 552, 3, 191.813, -17.5303, -10.0188, 3.28122, 1, 1, 0, 2), -- Protean Horror
-- PLEASE RE-USE 54-56
(@CGUID+57, 20870, 552, 3, 275.788, -123.343, -10.1232, 6.13695, 86400, 86400, 5, 1), -- Zereketh the Unbound
(@CGUID+58, 20873, 552, 3, 292.552, 8.8547, 22.4412, 5.35439, 7200, 7200, 0, 2), -- Negaton Warp-Master
(@CGUID+59, 20873, 552, 3, 274.324, 38.2864, 22.4412, 2.15167, 7200, 7200, 0, 2), -- Negaton Warp-Master
(@CGUID+60, 20875, 552, 3, 275.458, 7.17656, 22.4434, 1.48273, 7200, 7200, 5, 1), -- Negaton Screamer
(@CGUID+61, 20875, 552, 3, 292.445, 32.8977, 21.5072, 4.24085, 7200, 7200, 5, 1), -- Negaton Screamer
(@CGUID+62, 20875, 552, 3, 284.956, 22.5675, 20.8149, 0.3452, 7200, 7200, 0, 0), -- Negaton Screamer
(@CGUID+63, 20879, 552, 3, 285.519, 146.155, 22.3118, 5.79449, 7200, 7200, 0, 0), -- Eredar Soul-Eater
(@CGUID+64, 0, 552, 3, 305.7355, 148.0587, 24.8633, 3.979351, 7200, 7200, 0, 2), -- creature_spawn_entry
(@CGUID+65, 20880, 552, 3, 301.778, 125.168, 22.2269, 1.55752, 7200, 7200, 0, 0), -- Eredar Deathbringer
(@CGUID+66, 20881, 552, 3, 198.229, 134.81, 22.4779, 0.027622, 7200, 7200, 0, 2), -- Unbound Devastator
(@CGUID+67, 0, 552, 3, 148.05, 146.994, 20.8982, 6.26573, 7200, 7200, 0, 0), -- creature_spawn_entry
(@CGUID+68, 20883, 552, 3, 199.46, 154.953, 22.3714, 3.95347, 7200, 7200, 0, 2), -- Spiteful Temptress
-- PLEASE RE-USE 69
(@CGUID+70, 20885, 552, 3, 137.234, 128.506, 22.5245, 1.01229, 86400, 86400, 0, 0), -- Dalliah the Doomsayer
(@CGUID+71, 20886, 552, 3, 136.2, 168.31, 22.5245, 5.23599, 86400, 86400, 0, 0), -- Wrath-Scryer Soccothrates
(@CGUID+72, 20896, 552, 3, 433.027, 6.10896, 48.2954, 2.87979, 7200, 7200, 0, 0), -- Ethereum Slayer
(@CGUID+73, 20896, 552, 3, 429.812, 12.0886, 48.2949, 5.20108, 7200, 7200, 0, 0), -- Ethereum Slayer
(@CGUID+74, 20896, 552, 3, 457.725, 37.7515, 50.8465, 2.77771, 7200, 7200, 0, 2), -- Ethereum Slayer
(@CGUID+75, 20896, 552, 3, 458.313, 41.8073, 50.808, 1.93433, 7200, 7200, 0, 0), -- Ethereum Slayer
(@CGUID+76, 20897, 552, 3, 434.228, 9.77371, 48.2944, 3.57792, 7200, 7200, 0, 0), -- Ethereum Wave-Caster
(@CGUID+77, 20897, 552, 3, 461.361, 39.6362, 50.7995, 2.68896, 7200, 7200, 0, 0), -- Ethereum Wave-Caster
(@CGUID+78, 20898, 552, 3, 456.1953, -162.02287, 43.097973, 1.57296, 7200, 7200, 0, 2), -- Gargantuan Abyssal
(@CGUID+79, 20898, 552, 3, 452.778, -136.182, 43.1001, 5.45005, 7200, 7200, 5, 1), -- Gargantuan Abyssal
(@CGUID+80, 20900, 552, 3, 429.11, -156.501, 43.0686, 1.99487, 7200, 7200, 5, 1), -- Unchained Doombringer
(@CGUID+81, 20900, 552, 3, 432.257, -114.243, 43.1834, 1.13446, 7200, 7200, 0, 0), -- Unchained Doombringer
(@CGUID+82, 20901, 552, 3, 431.237, -72.8754, 48.4787, 0.174533, 7200, 7200, 0, 0), -- Sargeron Archer
(@CGUID+83, 20901, 552, 3, 460.864, -74.1793, 48.4787, 2.94961, 7200, 7200, 0, 0), -- Sargeron Archer
(@CGUID+84, 20902, 552, 3, 436.245, -76.3012, 48.4787, 1.74533, 7200, 7200, 0, 0), -- Sargeron Hellcaller
(@CGUID+85, 20902, 552, 3, 457.611, -76.815, 48.4787, 1.09956, 7200, 7200, 0, 0), -- Sargeron Hellcaller
(@CGUID+86, 20904, 552, 3, 445.803, -169.007, 43.6442, 4.74729, 43200, 43200, 0, 0), -- Warden Mellichar
(@CGUID+87, 20978, 552, 3, 117.826, 198.081, 22.5245, 5.18363, 300, 300, 0, 0), -- Wrath-Scryer's Felfire
(@CGUID+88, 20978, 552, 3, 117.861, 198.068, 22.5245, 4.41568, 300, 300, 0, 0), -- Wrath-Scryer's Felfire
(@CGUID+89, 20978, 552, 3, 117.914, 198.068, 22.5245, 1.46608, 300, 300, 0, 0), -- Wrath-Scryer's Felfire
(@CGUID+90, 20978, 552, 3, 117.75, 198.164, 22.5245, 3.735, 300, 300, 0, 0), -- Wrath-Scryer's Felfire
(@CGUID+91, 20978, 552, 3, 117.868, 198.278, 22.5245, 1.97222, 300, 300, 0, 0), -- Wrath-Scryer's Felfire
(@CGUID+92, 20978, 552, 3, 117.959, 198.309, 22.5245, 1.65806, 300, 300, 0, 0), -- Wrath-Scryer's Felfire
(@CGUID+93, 21186, 552, 3, 115.734, -1.29285, -10.0188, 0.261799, 7200, 7200, 0, 0), -- Arcane Warder Target
(@CGUID+94, 21186, 552, 3, 114.841, 2.44889, -10.0188, 2.98451, 7200, 7200, 0, 0), -- Arcane Warder Target
(@CGUID+95, 21186, 552, 3, 118.098, 0.268171, -10.0188, 1.69297, 7200, 7200, 0, 0), -- Arcane Warder Target
(@CGUID+96, 0, 552, 3, 197.955, -86.8133, -10.0174, 5.8294, 86400, 86400, 0, 0), -- spawn_group_entry
(@CGUID+97, 0, 552, 3, 206.342, -98.2784, -10.0262, 2.6529, 86400, 86400, 0, 0), -- spawn_group_entry
(@CGUID+98, 0, 552, 3, 213.626, -161.424, -10.0346, 2.74017, 86400, 86400, 0, 0), -- spawn_group_entry
(@CGUID+99, 21303, 552, 3, 273.438, -64.07, 22.4534, 22.4534, 86400, 86400, 0, 0), -- Defender Corpse
(@CGUID+100, 21303, 552, 3, 270.819, -45.4794, 22.4534, 4.46804, 86400, 86400, 0, 0), -- Defender Corpse
(@CGUID+101, 0, 552, 3, 229.997, -162.192, -10.0346, 0.0698132, 86400, 86400, 0, 0), -- spawn_group_entry
(@CGUID+102, 0, 552, 3, 276.173, -179.818, -10.0223, 1.43117, 86400, 86400, 0, 0), -- spawn_group_entry
(@CGUID+103, 21303, 552, 3, 285.416, 127.127, 22.2951, 4.69494, 86400, 86400, 0, 0), -- Defender Corpse
(@CGUID+104, 21303, 552, 3, 253.689, 139.868, 22.4121, 2.30383, 86400, 86400, 0, 0), -- Defender Corpse
(@CGUID+105, 21303, 552, 3, 253.951, 155.001, 22.3806, 4.93928, 86400, 86400, 0, 0), -- Defender Corpse
(@CGUID+106, 21303, 552, 3, 298.848, 151.748, 22.3105, 5.70723, 86400, 86400, 0, 0), -- Defender Corpse
(@CGUID+107, 21303, 552, 3, 306.976, 141.112, 22.2286, 3.0285, 86400, 86400, 0, 0), -- Defender Corpse
(@CGUID+108, 21303, 552, 3, 272.501, -40.1927, 22.509, 2.9147, 86400, 86400, 0, 0), -- Defender Corpse
(@CGUID+109, 0, 552, 3, 232.754, -198.125, -10.023, 5.61996, 86400, 86400, 0, 0), -- spawn_group_entry
(@CGUID+110, 21303, 552, 3, 262.56, -65.5981, 22.4534, 1.50098, 86400, 86400, 0, 0), -- Defender Corpse
(@CGUID+111, 21303, 552, 3, 312.929, -7.19062, 22.5245, 4.03171, 86400, 86400, 0, 0), -- Defender Corpse
(@CGUID+112, 21303, 552, 3, 311.119, -5.50369, 22.5245, 1.5708, 86400, 86400, 0, 0), -- Defender Corpse
(@CGUID+113, 21303, 552, 3, 293.885, 70.9368, 22.5262, 1.55334, 86400, 86400, 0, 0), -- Defender Corpse
(@CGUID+114, 21303, 552, 3, 291.632, 70.5809, 22.5269, 2.00713, 86400, 86400, 0, 0), -- Defender Corpse
(@CGUID+115, 21303, 552, 3, 397.07, 25.3331, 48.296, 0.523599, 86400, 86400, 0, 0), -- Defender Corpse
(@CGUID+116, 21303, 552, 3, 392.004, 18.3857, 48.296, 1.48353, 86400, 86400, 0, 0), -- Defender Corpse
(@CGUID+117, 21303, 552, 3, 257.344, 155.568, 22.3321, 4.71239, 86400, 86400, 0, 0), -- Defender Corpse
(@CGUID+118, 0, 552, 3, 210.114, -161.992, -10.0359, 6.12611, 86400, 86400, 0, 0), -- spawn_group_entry
-- reuse cguid+119 - cguid+120
(@CGUID+121, 21304, 552, 3, 273.438, -64.07, 22.4534, 22.4534, 86400, 86400, 0, 0), -- Warder Corpse
(@CGUID+122, 21304, 552, 3, 270.819, -45.4794, 22.4534, 4.46804, 86400, 86400, 0, 0), -- Warder Corpse
-- reuse +123
-- reuse +124
(@CGUID+125, 21304, 552, 3, 285.416, 127.127, 22.2951, 4.69494, 86400, 86400, 0, 0), -- Warder Corpse
(@CGUID+126, 21304, 552, 3, 253.689, 139.868, 22.4121, 2.30383, 86400, 86400, 0, 0), -- Warder Corpse
(@CGUID+127, 21304, 552, 3, 253.951, 155.001, 22.3806, 4.93928, 86400, 86400, 0, 0), -- Warder Corpse
(@CGUID+128, 21304, 552, 3, 298.848, 151.748, 22.3105, 5.70723, 86400, 86400, 0, 0), -- Warder Corpse
(@CGUID+129, 21304, 552, 3, 306.976, 141.112, 22.2286, 3.0285, 86400, 86400, 0, 0), -- Warder Corpse
(@CGUID+130, 21304, 552, 3, 272.501, -40.1927, 22.509, 2.9147, 86400, 86400, 0, 0), -- Warder Corpse
-- reuse +131
(@CGUID+132, 21304, 552, 3, 262.56, -65.5981, 22.4534, 1.50098, 86400, 86400, 0, 0), -- Warder Corpse
(@CGUID+133, 21304, 552, 3, 312.929, -7.19062, 22.5245, 4.03171, 86400, 86400, 0, 0), -- Warder Corpse
(@CGUID+134, 21304, 552, 3, 311.119, -5.50369, 22.5245, 1.5708, 86400, 86400, 0, 0), -- Warder Corpse
(@CGUID+135, 21304, 552, 3, 293.885, 70.9368, 22.5262, 1.55334, 86400, 86400, 0, 0), -- Warder Corpse
(@CGUID+136, 21304, 552, 3, 291.632, 70.5809, 22.5269, 2.00713, 86400, 86400, 0, 0), -- Warder Corpse
(@CGUID+137, 21304, 552, 3, 397.07, 25.3331, 48.296, 0.523599, 86400, 86400, 0, 0), -- Warder Corpse
(@CGUID+138, 21304, 552, 3, 392.004, 18.3857, 48.296, 1.48353, 86400, 86400, 0, 0), -- Warder Corpse
(@CGUID+139, 21304, 552, 3, 257.344, 155.568, 22.3321, 4.71239, 86400, 86400, 0, 0), -- Warder Corpse
(@CGUID+140, 21436, 552, 3, 478.326, -148.505, 55.2775, 2.54818, 7200, 7200, 0, 0), -- Tempest Keep Prison Alpha Pod Target
(@CGUID+141, 21437, 552, 3, 413.292, -148.378, 54.8771, 0.296706, 7200, 7200, 0, 0), -- Tempest Keep Prison Beta Pod Target
(@CGUID+142, 21438, 552, 3, 420.179, -174.396, 54.8305, 0.087266, 7200, 7200, 0, 0), -- Tempest Keep Prison Delta Pod Target
(@CGUID+143, 21439, 552, 3, 471.795, -174.58, 55.0008, 2.87979, 7200, 7200, 0, 0), -- Tempest Keep Prison Gamma Pod Target
(@CGUID+144, 21440, 552, 3, 445.763, -191.639, 57.5766, 3.9619, 7200, 7200, 0, 0), -- Tempest Keep Prison Boss Pod Target
(@CGUID+145, 21702, 552, 3, 429.409, 7.09051, 48.2896, 1.23918, 7200, 7200, 0, 0), -- Ethereum Life-Binder
(@CGUID+146, 21702, 552, 3, 460.075, 36.9325, 50.8465, 2.89159, 7200, 7200, 0, 0), -- Ethereum Life-Binder
(@CGUID+147, 21962, 552, 3, 468.6516, 12.2102, 49.38526, 1.291544, 7200, 7200, 0, 0), -- Udalo
(@CGUID+148, 20882, 552, 3, 193.005005, 147.296600, 22.441151, 6.204718, 7200, 7200, 10, 1), -- Skulking Witch
(@CGUID+149, 20882, 552, 3, 164.571, 164.083, 22.4412, 5.65782, 7200, 7200, 0, 2), -- Skulking Witch
(@CGUID+150, 20882, 552, 3, 123.33, 146.789, 22.4412, 0.00192785, 7200, 7200, 0, 2); -- Skulking Witch

-- ===========
-- GAMEOBJECTS
-- ===========

INSERT INTO `gameobject` (`guid`, `id`, `map`, `spawnMask`, `position_x`, `position_y`, `position_z`, `orientation`, `rotation0`, `rotation1`, `rotation2`, `rotation3`, `spawntimesecsmin`, `spawntimesecsmax`) VALUES
(@OGUID+1, 182198, 552, 3, 320.304, -21.8057, 22.4412, 1.8675, 0, 0, 0, 0, 86400, 86400), -- Arcane Container
(@OGUID+2, 183362, 552, 3, 439.832, 32.7644, 48.2747, -3.10335, 0, 0, 0, 0, 180, 180), -- Brazier
(@OGUID+3, 183363, 552, 3, 455.298, 16.4321, 48.2747, -3.10335, 0, 0, 0, 0, 180, 180), -- Brazier
(@OGUID+4, 183961, 552, 3, 484.1, -150.403, 61.5632, -0.436333, 0, 0, 0, 0, 180, 180), -- Stasis Pod Alpha
(@OGUID+5, 183962, 552, 3, 477.488, -174.455, 61.5633, -0.087266, 0, 0, 0, 0, 43200, 43200), -- Stasis Pod Gamma
(@OGUID+6, 183963, 552, 3, 407.962, -151.243, 61.5632, -2.70526, 0, 0, 0, 0, 180, 180), -- Stasis Pod Beta
(@OGUID+7, 183964, 552, 3, 414.255, -175.364, 61.5589, -3.05433, 0, 0, 0, 0, 180, 180), -- Stasis Pod Delta
(@OGUID+8, 183965, 552, 3, 445.835, -208.129, 73.9555, 3.14159, 0, 0, 0, 0, 43200, 43200), -- Stasis Pod Omega
(@OGUID+9, 184213, 552, 3, -3.77762, 0.178076, -1.55146, 3.14159, 0, 0, 0, 0, 0, 0), -- Instance_Portal_Difficulty_0
(@OGUID+10, 184214, 552, 3, -3.77762, 0.178076, -1.55146, 3.14159, 0, 0, 0, 0, 0, 0), -- Instance_Portal_Difficulty_1
(@OGUID+11, 184318, 552, 3, 199.827, 117.488, 23.8766, 3.14159, 0, 0, 0, 0, 43200, 43200), -- Containment Core Security Field Alpha
(@OGUID+12, 184319, 552, 3, 199.911, 102.009, 23.6937, 3.14159, 0, 0, 0, 0, 43200, 43200), -- Containment Core Security Field Beta
(@OGUID+13, 184802, 552, 3, 445.786, -169.263, 43.0466, -0.558505, 0, 0, 0, 0, 43200, 43200); -- Warden's Shield

-- INSERT INTO `gameobject_addon` (`guid`, `animprogress`, `state`) VALUES

-- ======
-- EVENTS
-- ======

-- INSERT INTO `game_event_creature` (`guid`, `event`) VALUES
-- INSERT INTO `game_event_creature_data` (`guid`, `entry_id`, `modelid`, `equipment_id`, `spell_start`, `spell_end`, `event`) VALUES
-- INSERT INTO `game_event_gameobject` (`guid`, `event`) VALUES

-- ============
-- SPAWN GROUPS
-- ============

DELETE FROM worldstate_name WHERE Id IN (@SGGUID+1, @SGGUID+2);
INSERT INTO `worldstate_name` (`Id`, `Name`) VALUES 
(@SGGUID+1, 'The Arcatraz - Proteon Horror'),
(@SGGUID+2, 'The Arcatraz - Proteon Nightmare');

DELETE FROM `conditions` WHERE `condition_entry` IN (@SGGUID+1, @SGGUID+2);
INSERT INTO `conditions` (`condition_entry`, `type`, `value1`, `value2`, `value3`, `value4`, `flags`, `comments`) VALUES 
(@SGGUID+1, 42, @SGGUID+1, 1, 1, 0, 0, 'The Arcatraz - Proteon Horror'),
(@SGGUID+2, 42, @SGGUID+2, 1, 1, 0, 0, 'The Arcatraz - Proteon Nightmare');

INSERT INTO `spawn_group` (`Id`, `Name`, `Type`, `MaxCount`, `WorldState`, `WorldStateExpression`, `Flags`, `StringID`) VALUES
-- Intro Researches:
-- 9 Protean Horror (small ones) spawning in the back, respawn timer around 1 seconds, keep respawning till all Arcatraz Warders are dead
-- Both spawn_groups 1+2 have to be dead then protean horrors stop spawning 
(@SGGUID+1, 'The Arcatraz - Group 001 - Arcatraz Warder (2) - Right', 0, 0, 0, 0, 1, 0),
(@SGGUID+2, 'The Arcatraz - Group 002 - Arcatraz Warder (2) - Left', 0, 0, 0, 0, 1, 0),
-- 1 Proteon Nightmare (Big One) spawning in the back, respawn timer around 5 seconds, keep respawning till all 3 Arcatraz Defenders are dead
(@SGGUID+3, 'The Arcatraz - Group 003 - Arcatraz Defender (3)', 0, 0, 0, 0, 1, 0),
(@SGGUID+4, 'The Arcatraz - Group 004 - Protean Horror (1)', 0, 0, @SGGUID+1, 0, 0, 0),
(@SGGUID+5, 'The Arcatraz - Group 005 - Protean Nightmare (1)', 0, 0, @SGGUID+2, 0, 0, 0),

(@SGGUID+6, 'The Arcatraz - Group 006 - Protean Nightmare (1) - Protean Horror (2) | Patrol 01', 0, 0, 0, 0, 1, 0),
(@SGGUID+7, 'The Arcatraz - Group 007 - Protean Nightmare (1) - Protean Horror (2) | Patrol 02', 0, 0, 0, 0, 1, 0),
(@SGGUID+8, 'The Arcatraz - Group 008 - Protean Horror (6) | Patrol 03', 0, 0, 0, 0, 1, 0),

(@SGGUID+9, 'The Arcatraz - Group 009 - Warder/Defender Corpse', 0, 0, 0, 0, 0, 0),
(@SGGUID+10, 'The Arcatraz - Group 010 - Warder/Defender Corpse', 0, 0, 0, 0, 0, 0),
-- Boss Room
(@SGGUID+11, 'The Arcatraz - Group 011 - Protean Horror (6) | Patrol 04', 0, 0, 0, 0, 1, 0),
(@SGGUID+12, 'The Arcatraz - Group 012 - Death Watcher / Entropic Eye', 0, 0, 0, 0, 0, 0),

(@SGGUID+13, 'The Arcatraz - Group 013 - Warder/Defender Corpse', 0, 1, 0, 0, 0, 0), -- 3 different spawns only 1 active
(@SGGUID+14, 'The Arcatraz - Group 014 - Warder/Defender Corpse', 0, 1, 0, 0, 0, 0); -- 2 different spawns only 1 active

INSERT INTO `spawn_group_entry` (`Id`, `Entry`, `MinCount`, `MaxCount`, `Chance`) VALUES
(@SGGUID+9, 21303, 0, 0, 0), (@SGGUID+9, 21304, 0, 0, 0), -- Defener Corpse, Warder Corpse
(@SGGUID+10, 21303, 0, 0, 0), (@SGGUID+10, 21304, 0, 0, 0), -- Defener Corpse, Warder Corpse
(@SGGUID+12, 20867, 1, 3, 0), (@SGGUID+12, 20868, 1, 3, 0), -- Death Watcher, Entropic Eye

(@SGGUID+13, 21303, 0, 0, 0), (@SGGUID+13, 21304, 0, 0, 0), -- Defener Corpse, Warder Corpse
(@SGGUID+14, 21303, 0, 0, 0), (@SGGUID+14, 21304, 0, 0, 0); -- Defener Corpse, Warder Corpse

INSERT INTO `spawn_group_spawn` (`Id`, `Guid`, `SlotId`, `Chance`) VALUES
(@SGGUID+1, @CGUID+5, 0, 0), -- Arcatraz Warder - left
(@SGGUID+1, @CGUID+6, 1, 0), -- Arcatraz Warder - right

(@SGGUID+2, @CGUID+7, 0, 0), -- Arcatraz Warder - left
(@SGGUID+2, @CGUID+8, 1, 0), -- Arcatraz Warder - right

(@SGGUID+3, @CGUID+2, 0, 0), -- Arcatraz Defender right
(@SGGUID+3, @CGUID+3, 1, 0), -- Arcatraz Defender middle
(@SGGUID+3, @CGUID+4, 2, 0), -- Arcatraz Defender left

(@SGGUID+4, @CGUID+46, 0, 0), -- Protean Horror
(@SGGUID+4, @CGUID+47, 1, 0), -- Protean Horror
(@SGGUID+4, @CGUID+48, 2, 0), -- Protean Horror
(@SGGUID+4, @CGUID+49, 3, 0), -- Protean Horror
(@SGGUID+4, @CGUID+50, 4, 0), -- Protean Horror
(@SGGUID+4, @CGUID+51, 5, 0), -- Protean Horror
(@SGGUID+4, @CGUID+52, 6, 0), -- Protean Horror
(@SGGUID+4, @CGUID+53, 7, 0), -- Protean Horror

(@SGGUID+5, @CGUID+9, 0, 0), -- Protean Nightmare

(@SGGUID+6, @CGUID+10, 0, 0), -- Protean Nightmare
(@SGGUID+6, @CGUID+17, 1, 0), -- Protean Horror
(@SGGUID+6, @CGUID+18, 2, 0), -- Protean Horror

(@SGGUID+7, @CGUID+11, 0, 0), -- Protean Nightmare
(@SGGUID+7, @CGUID+25, 1, 0), -- Protean Horror
(@SGGUID+7, @CGUID+26, 2, 0), -- Protean Horror

(@SGGUID+8, @CGUID+22, 0, 0), -- Protean Horror
(@SGGUID+8, @CGUID+19, 1, 0), -- Protean Horror
(@SGGUID+8, @CGUID+20, 2, 0), -- Protean Horror
(@SGGUID+8, @CGUID+23, 3, 0), -- Protean Horror
(@SGGUID+8, @CGUID+24, 4, 0), -- Protean Horror
(@SGGUID+8, @CGUID+21, 5, 0), -- Protean Horror

(@SGGUID+9, @CGUID+96, 0, 0), -- spawn_group_entry
(@SGGUID+10, @CGUID+97, 0, 0), -- spawn_group_entry

(@SGGUID+11, @CGUID+28, 0, 0), -- Protean Horror
(@SGGUID+11, @CGUID+31, 1, 0), -- Protean Horror
(@SGGUID+11, @CGUID+27, 2, 0), -- Protean Horror
(@SGGUID+11, @CGUID+32, 3, 0), -- Protean Horror
(@SGGUID+11, @CGUID+30, 4, 0), -- Protean Horror
(@SGGUID+11, @CGUID+29, 5, 0), -- Protean Horror

(@SGGUID+12, @CGUID+35, -1, 0), -- spawn_group_entry
(@SGGUID+12, @CGUID+36, -1, 0), -- spawn_group_entry
(@SGGUID+12, @CGUID+37, -1, 0), -- spawn_group_entry
(@SGGUID+12, @CGUID+38, -1, 0), -- spawn_group_entry


(@SGGUID+13, @CGUID+98, -1, 0), -- spawn_group_entry
(@SGGUID+13, @CGUID+101, -1, 0), -- spawn_group_entry
(@SGGUID+13, @CGUID+118, -1, 0), -- spawn_group_entry
(@SGGUID+14, @CGUID+102, -1, 0), -- spawn_group_entry
(@SGGUID+14, @CGUID+109, -1, 0); -- spawn_group_entry

INSERT INTO `spawn_group_formation` (`Id`, `FormationType`, `FormationSpread`, `FormationOptions`, `PathId`, `MovementType`, `Comment`) VALUES
(@SGGUID+6, 3, 3, 0, @SGGUID+6, 2, 'The Arcatraz - Group 006 - Protean Nightmare (1) - Protean Horror (2) | Patrol 01'),
(@SGGUID+7, 3, 3, 0, @SGGUID+7, 2, 'The Arcatraz - Group 007 - Protean Nightmare (1) - Protean Horror (2) | Patrol 02'),
(@SGGUID+8, 6, 3, 0, @SGGUID+8, 2, 'The Arcatraz - Group 008 - Protean Horror (6) | Patrol 03'),
(@SGGUID+11, 6, 3, 0, @SGGUID+11, 2, 'The Arcatraz - Group 011 - Protean Horror (6) | Patrol 04');

INSERT INTO `waypoint_path_name` (`PathId`, `Name`) VALUES
(@SGGUID+6, 'The Arcatraz - Group 006 - Protean Nightmare (1) - Protean Horror (2) | Patrol 01'),
(@SGGUID+7, 'The Arcatraz - Group 007 - Protean Nightmare (1) - Protean Horror (2) | Patrol 02'),
(@SGGUID+8, 'The Arcatraz - Group 008 - Protean Horror (6) | Patrol 03'),
(@SGGUID+11, 'The Arcatraz - Group 008 - Protean Horror (6) | Patrol 04');

INSERT INTO `waypoint_path` (`PathId`, `Point`, `PositionX`, `PositionY`, `PositionZ`, `Orientation`, `WaitTime`, `ScriptId`) VALUES
(@SGGUID+6, 1, 208.34787,9.844978, -7.4684005, 2.8623, 20000, 0), -- remove formation, and rnd move around for 20 seconds
(@SGGUID+6, 2, 217.09438, 9.082261, -7.4683995, 100, 0, 0),
(@SGGUID+6, 3, 224.82596, -1.105318, -8.197451, 100, 0, 0),
(@SGGUID+6, 4, 223.71288, -13.408787, -9.599378, 100, 0, 0),
(@SGGUID+6, 5, 212.49054, -17.97817, -10.091022, 100, 0, 0),
(@SGGUID+6, 6, 198.7105, -5.965413, -10.102091, 100, 0, 0),
(@SGGUID+6, 7, 192.63458, 6.129091, -10.10528, 100, 200000, 0), -- remove formation, and rnd move around for 20 seconds
(@SGGUID+6, 8, 183.20636, 12.026545, -10.096576, 100, 0, 0),
(@SGGUID+6, 9, 187.25227, 20.871046, -9.640596, 100, 0, 0),
(@SGGUID+6, 10, 196.87997, 22.969841, -8.600537, 100, 0, 0),
(@SGGUID+6, 11, 205.79718, 18.459171, -7.626488, 100, 0, 0),
(@SGGUID+7, 1, 202.77959, -41.40766, -10.095723, 100, 20000, 0), -- remove formation, and rnd move around for 20 seconds
(@SGGUID+7, 2, 203.17947, -32.20689, -10.101378, 100, 0, 0), 
(@SGGUID+7, 3, 203.19337, -20.843853, -10.093281, 100, 20000, 0), -- remove formation, and rnd move around for 20 seconds
(@SGGUID+8, 1, 208.07149, -29.18059, -10.091507, 100, 0, 0),
(@SGGUID+8, 2, 210.0403, -21.635162, -10.089756, 100, 0, 0),
(@SGGUID+8, 3, 223.61438, -13.931542, -9.641647, 100, 0, 0),
(@SGGUID+8, 4, 223.23763, 3.027244, -7.9025264, 100, 0, 0),
(@SGGUID+8, 5, 201.15181, 21.944275, -8.097511, 100, 0, 0),
(@SGGUID+8, 6, 183.84764, 17.15893, -10.106732, 100, 0, 0),
(@SGGUID+8, 7, 186.73946, 2.564413, -10.102718, 100, 0, 0),
(@SGGUID+8, 8, 197.93507, -17.824755, -10.097534, 100, 0, 0),
(@SGGUID+8, 9, 197.42511, -56.04032, -10.106724, 100, 0, 0),
(@SGGUID+8, 10, 202.3496, -61.534344, -10.108492, 100, 0, 0),
(@SGGUID+8, 11, 208.22867, -57.986126, -10.064104, 100, 0, 0),
(@SGGUID+11, 1, 195.13905, -118.79325,-10.12332, 100, 0, 0),
(@SGGUID+11, 2, 195.03548, -145.50099,-10.116196, 100, 0, 0),
(@SGGUID+11, 3, 212.1964, -157.94833,-10.113149, 100, 0, 0),
(@SGGUID+11, 4, 231.8269, -157.86928,-10.112798, 100, 0, 0),
(@SGGUID+11, 5, 235.90848, -164.12933,-10.106403, 100, 0, 0),
(@SGGUID+11, 6, 235.05792, -181.03023,-10.108897, 100, 0, 0),
(@SGGUID+11, 7, 223.98999, -186.03038,-10.10672, 100, 0, 0),
(@SGGUID+11, 8, 230.39694, -194.16634,-10.107081, 100, 0, 0),
(@SGGUID+11, 9, 259.7843, -195.02864,-10.10507, 100, 0, 0),
(@SGGUID+11, 10, 272.83566, -175.49477, -10.104804, 100, 0, 0),
(@SGGUID+11, 11, 278.45392, -153.14717, -10.1086855, 100, 0, 0),
(@SGGUID+11, 12, 280.5827, -136.87622, -10.121723, 100, 0, 0),
(@SGGUID+11, 13, 261.5679, -119.71741, -10.123237, 100, 0, 0),
(@SGGUID+11, 14, 245.82552, -122.29325, -10.123243, 100, 0, 0),
(@SGGUID+11, 15, 220.30566, -121.72503, -10.117749, 100, 0, 0),
(@SGGUID+11, 16, 202.52419, -114.3171, -10.123289, 100, 0, 0);


-- =======
-- POOLING
-- =======

INSERT INTO `pool_pool` (`pool_id`, `mother_pool`, `chance`, `description`) VALUES
(@PGUID+4, @PGUID+23, 0, 'Arcatraz - Warder/Defender Corpses - Pool 4'),
(@PGUID+5, @PGUID+23, 0, 'Arcatraz - Warder/Defender Corpses - Pool 5'),
(@PGUID+8, @PGUID+23, 0, 'Arcatraz - Warder/Defender Corpses - Pool 8'),
(@PGUID+9, @PGUID+23, 0, 'Arcatraz - Warder/Defender Corpses - Pool 9'),
(@PGUID+10, @PGUID+23, 0, 'Arcatraz - Warder/Defender Corpses - Pool 10'),
(@PGUID+11, @PGUID+23, 0, 'Arcatraz - Warder/Defender Corpses - Pool 11'),
(@PGUID+12, @PGUID+23, 0, 'Arcatraz - Warder/Defender Corpses - Pool 12'),
(@PGUID+13, @PGUID+23, 0, 'Arcatraz - Warder/Defender Corpses - Pool 13'),
(@PGUID+15, @PGUID+23, 0, 'Arcatraz - Warder/Defender Corpses - Pool 15'),
(@PGUID+16, @PGUID+23, 0, 'Arcatraz - Warder/Defender Corpses - Pool 16'),
(@PGUID+17, @PGUID+23, 0, 'Arcatraz - Warder/Defender Corpses - Pool 17'),
(@PGUID+18, @PGUID+23, 0, 'Arcatraz - Warder/Defender Corpses - Pool 18'),
(@PGUID+19, @PGUID+23, 0, 'Arcatraz - Warder/Defender Corpses - Pool 19'),
(@PGUID+20, @PGUID+23, 0, 'Arcatraz - Warder/Defender Corpses - Pool 20'),
(@PGUID+21, @PGUID+23, 0, 'Arcatraz - Warder/Defender Corpses - Pool 21'),
(@PGUID+22, @PGUID+23, 0, 'Arcatraz - Warder/Defender Corpses - Pool 22');

INSERT INTO `pool_template` (`entry`, `max_limit`, `description`) VALUES
(@PGUID+4, 1, 'Arcatraz - Warder/Defender Corpses - Pool 4'),
(@PGUID+5, 1, 'Arcatraz - Warder/Defender Corpses - Pool 5'),
(@PGUID+8, 1, 'Arcatraz - Warder/Defender Corpses - Pool 8'),
(@PGUID+9, 1, 'Arcatraz - Warder/Defender Corpses - Pool 9'),
(@PGUID+10, 1, 'Arcatraz - Warder/Defender Corpses - Pool 10'),
(@PGUID+11, 1, 'Arcatraz - Warder/Defender Corpses - Pool 11'),
(@PGUID+12, 1, 'Arcatraz - Warder/Defender Corpses - Pool 12'),
(@PGUID+13, 1, 'Arcatraz - Warder/Defender Corpses - Pool 13'),
(@PGUID+15, 1, 'Arcatraz - Warder/Defender Corpses - Pool 15'),
(@PGUID+16, 1, 'Arcatraz - Warder/Defender Corpses - Pool 16'),
(@PGUID+17, 1, 'Arcatraz - Warder/Defender Corpses - Pool 17'),
(@PGUID+18, 1, 'Arcatraz - Warder/Defender Corpses - Pool 18'),
(@PGUID+19, 1, 'Arcatraz - Warder/Defender Corpses - Pool 19'),
(@PGUID+20, 1, 'Arcatraz - Warder/Defender Corpses - Pool 20'),
(@PGUID+21, 1, 'Arcatraz - Warder/Defender Corpses - Pool 21'),
(@PGUID+22, 1, 'Arcatraz - Warder/Defender Corpses - Pool 22'),
(@PGUID+23, 16, 'Arcatraz - Warder/Defender Corpses - Master Pool'),
(@PGUID+24, 2, 'Arcatraz - Skulking Witch - Pool');

INSERT INTO `pool_creature` (`guid`, `pool_entry`, `chance`, `description`) VALUES
(@CGUID+99, @PGUID+4, 0, 'Arcatraz - Defender Corpse - Pool 4'),
(@CGUID+121, @PGUID+4, 0, 'Arcatraz - Warder Corpse - Pool 4'),
(@CGUID+100, @PGUID+5, 0, 'Arcatraz - Defender Corpse - Pool 5'),
(@CGUID+122, @PGUID+5, 0, 'Arcatraz - Warder Corpse - Pool 5'),
(@CGUID+103, @PGUID+8, 0, 'Arcatraz - Defender Corpse - Pool 8'),
(@CGUID+125, @PGUID+8, 0, 'Arcatraz - Warder Corpse - Pool 8'),
(@CGUID+104, @PGUID+9, 0, 'Arcatraz - Defender Corpse - Pool 9'),
(@CGUID+126, @PGUID+9, 0, 'Arcatraz - Warder Corpse - Pool 9'),
(@CGUID+105, @PGUID+10, 0, 'Arcatraz - Defender Corpse - Pool 10'),
(@CGUID+127, @PGUID+10, 0, 'Arcatraz - Warder Corpse - Pool 10'),
(@CGUID+106, @PGUID+11, 0, 'Arcatraz - Defender Corpse - Pool 11'),
(@CGUID+128, @PGUID+11, 0, 'Arcatraz - Warder Corpse - Pool 11'),
(@CGUID+107, @PGUID+12, 0, 'Arcatraz - Defender Corpse - Pool 12'),
(@CGUID+129, @PGUID+12, 0, 'Arcatraz - Warder Corpse - Pool 12'),
(@CGUID+108, @PGUID+13, 0, 'Arcatraz - Defender Corpse - Pool 13'),
(@CGUID+130, @PGUID+13, 0, 'Arcatraz - Warder Corpse - Pool 13'),
(@CGUID+110, @PGUID+15, 0, 'Arcatraz - Defender Corpse - Pool 15'),
(@CGUID+132, @PGUID+15, 0, 'Arcatraz - Warder Corpse - Pool 15'),
(@CGUID+111, @PGUID+16, 0, 'Arcatraz - Defender Corpse - Pool 16'),
(@CGUID+133, @PGUID+16, 0, 'Arcatraz - Warder Corpse - Pool 16'),
(@CGUID+112, @PGUID+17, 0, 'Arcatraz - Defender Corpse - Pool 17'),
(@CGUID+134, @PGUID+17, 0, 'Arcatraz - Warder Corpse - Pool 17'),
(@CGUID+113, @PGUID+18, 0, 'Arcatraz - Defender Corpse - Pool 18'),
(@CGUID+135, @PGUID+18, 0, 'Arcatraz - Warder Corpse - Pool 18'),
(@CGUID+114, @PGUID+19, 0, 'Arcatraz - Defender Corpse - Pool 19'),
(@CGUID+136, @PGUID+19, 0, 'Arcatraz - Warder Corpse - Pool 19'),
(@CGUID+115, @PGUID+20, 0, 'Arcatraz - Defender Corpse - Pool 20'),
(@CGUID+137, @PGUID+20, 0, 'Arcatraz - Warder Corpse - Pool 20'),
(@CGUID+116, @PGUID+21, 0, 'Arcatraz - Defender Corpse - Pool 21'),
(@CGUID+138, @PGUID+21, 0, 'Arcatraz - Warder Corpse - Pool 21'),
(@CGUID+117, @PGUID+22, 0, 'Arcatraz - Defender Corpse - Pool 22'),
(@CGUID+139, @PGUID+22, 0, 'Arcatraz - Warder Corpse - Pool 22'),
(@CGUID+148, @PGUID+24, 0, 'Arcatraz - Skulking Witch - Pool'),
(@CGUID+149, @PGUID+24, 0, 'Arcatraz - Skulking Witch - Pool'),
(@CGUID+150, @PGUID+24, 0, 'Arcatraz - Skulking Witch - Pool');

-- INSERT INTO `pool_gameobject` (`guid`, `pool_entry`, `chance`, `description`) VALUES
-- INSERT INTO `pool_gameobject_template` (`id`, `pool_entry`, `chance`, `description`) VALUES
-- INSERT INTO `pool_creature_template` (`id`, `pool_entry`, `chance`, `description`) VALUES

-- =========
-- DBSCRIPTS
-- =========

DELETE FROM dbscript_random_templates WHERE id BETWEEN @RELAYID+1 AND @RELAYID+2;
INSERT INTO dbscript_random_templates (id, type, target_id, chance, comments) VALUES
-- Protean Horror 1 - 3 different paths
(@RELAYID+1, 1, @RELAYID+2, 0, 'Protean Horror - Waypoint Path 1'),
(@RELAYID+1, 1, @RELAYID+3, 0, 'Protean Horror - Waypoint Path 2'),
(@RELAYID+1, 1, @RELAYID+4, 0, 'Protean Horror - Waypoint Path 3'),

(@RELAYID+2, 1, @RELAYID+6, 0, 'Protean Horror - Waypoint Path 4'),
(@RELAYID+2, 1, @RELAYID+7, 0, 'Protean Horror - Waypoint Path 5'),
(@RELAYID+2, 1, @RELAYID+8, 0, 'Protean Horror - Waypoint Path 6');

DELETE FROM dbscripts_on_relay WHERE id BETWEEN @RELAYID+1 AND @RELAYID+8;
INSERT INTO `dbscripts_on_relay` (`id`, `delay`, `priority`, `command`, `datalong`, `datalong2`, `datalong3`, `buddy_entry`, `search_radius`, `data_flags`, `dataint`, `dataint2`, `dataint3`, `dataint4`, `x`, `y`, `z`, `o`, `comments`) VALUES
-- Protean Horror - on spawn random waypoint movement (3 possible paths)
(@RELAYID+1,0,0,45,0,@RELAYID+1,0,0,0,0,0,0,0,0,0,0,0,0,'Protean Horror - choose random path'),
-- Path 1
(@RELAYID+2,0,0,20,2,1,0,0,0,0,0,0,0,0,0,0,0,0,'Protean Horror - PathID 1'),
(@RELAYID+3,0,0,20,2,2,0,0,0,0,0,0,0,0,0,0,0,0,'Protean Horror - PathID 2'),
(@RELAYID+4,0,0,20,2,3,0,0,0,0,0,0,0,0,0,0,0,0,'Protean Horror - PathID 3'),

(@RELAYID+5,0,0,45,0,@RELAYID+2,0,0,0,0,0,0,0,0,0,0,0,0,'Protean Horror - choose random path'),
-- Path 1
(@RELAYID+6,0,0,20,2,4,0,0,0,0,0,0,0,0,0,0,0,0,'Protean Horror - PathID 4'),
(@RELAYID+7,0,0,20,2,5,0,0,0,0,0,0,0,0,0,0,0,0,'Protean Horror - PathID 5'),
(@RELAYID+8,0,0,20,2,6,0,0,0,0,0,0,0,0,0,0,0,0,'Protean Horror - PathID 6');

DELETE FROM dbscripts_on_creature_movement WHERE id IN (2086501, 2086502);
INSERT INTO `dbscripts_on_creature_movement` (`id`, `delay`, `priority`, `command`, `datalong`, `datalong2`, `datalong3`, `buddy_entry`, `search_radius`, `data_flags`, `dataint`, `dataint2`, `dataint3`, `dataint4`, `x`, `y`, `z`, `o`, `comments`) VALUES
(2086501, 0, 0, 45, 0, @RELAYID+1, 0, 0, 0, 0, 0, 0, 0, 0, 0, 0, 0, 0, 'Protean Horror - choose random path'),
(2086502, 0, 0, 45, 0, @RELAYID+2, 0, 0, 0, 0, 0, 0, 0, 0, 0, 0, 0, 0, 'Protean Horror - choose random path');

-- Protean Nightmare
-- Todo: 
-- SGGUID+6 and SGGUID+7 will remove formation and let every group member have rnd movement before switching back to formation and continue waypoint rotation
-- (2086401, 0, 0, 51, 151, @SGGUID+6, 0, 0, 0, 0, 0, 0, 0, 0, 0, 0, 0, 0, 'Protean Nightmare - Remove Formation'),
-- (2086401, 0, 1, 20, 1, 3, 0, 0, 0, 0, 0, 0, 0, 0, 0, 0, 0, 0, 'Protean Nightmare - Change to Movement RND'),
-- (2086401, 19000, 1, 51, 150, @SGGUID+6, 0, 0, 0, 0, 0, 3, 0, 0, 3, 0, 0, 0, 'Protean Nightmare - Create Formation'),
-- (2086401, 20000, 1, 20, @SGGUID+6, 2, 0, 0, 0, 0, 0, 0, 0, 0, 0, 0, 0, 0, 'Protean Nightmare - Change to Waypoint Movement');

-- INSERT INTO `dbscripts_on_go_use` (`id`, `delay`, `command`, `datalong`, `datalong2`, `datalong3`, `buddy_entry`, `search_radius`, `data_flags`, `dataint`, `dataint2`, `dataint3`, `dataint4`, `x`, `y`, `z`, `o`, `comments`) VALUES
-- INSERT INTO `dbscripts_on_go_template_use` (`id`, `delay`, `command`, `datalong`, `datalong2`, `datalong3`, `buddy_entry`, `search_radius`, `data_flags`, `dataint`, `dataint2`, `dataint3`, `dataint4`, `x`, `y`, `z`, `o`, `comments`) VALUES
-- INSERT INTO `dbscripts_on_creature_death` (`id`, `delay`, `command`, `datalong`, `datalong2`, `datalong3`, `buddy_entry`, `search_radius`, `data_flags`, `dataint`, `dataint2`, `dataint3`, `dataint4`, `x`, `y`, `z`, `o`, `comments`) VALUES
-- INSERT INTO `dbscripts_on_event` (`id`, `delay`, `command`, `datalong`, `datalong2`, `datalong3`, `buddy_entry`, `search_radius`, `data_flags`, `dataint`, `dataint2`, `dataint3`, `dataint4`, `x`, `y`, `z`, `o`, `comments`) VALUES
-- INSERT INTO `dbscripts_on_spell` (`id`, `delay`, `command`, `datalong`, `datalong2`, `datalong3`, `buddy_entry`, `search_radius`, `data_flags`, `dataint`, `dataint2`, `dataint3`, `dataint4`, `x`, `y`, `z`, `o`, `comments`) VALUES
-- INSERT INTO `dbscripts_on_gossip` (`id`, `delay`, `command`, `datalong`, `datalong2`, `datalong3`, `buddy_entry`, `search_radius`, `data_flags`, `dataint`, `dataint2`, `dataint3`, `dataint4`, `x`, `y`, `z`, `o`, `comments`) VALUES
-- INSERT INTO `dbscripts_on_quest_start` (`id`, `delay`, `command`, `datalong`, `datalong2`, `datalong3`, `buddy_entry`, `search_radius`, `data_flags`, `dataint`, `dataint2`, `dataint3`, `dataint4`, `x`, `y`, `z`, `o`, `comments`) VALUES
-- INSERT INTO `dbscripts_on_quest_end` (`id`, `delay`, `command`, `datalong`, `datalong2`, `datalong3`, `buddy_entry`, `search_radius`, `data_flags`, `dataint`, `dataint2`, `dataint3`, `dataint4`, `x`, `y`, `z`, `o`, `comments`) VALUES
-- INSERT INTO `dbscript_random_templates` (`id`, `type`, `target_id`, `chance`, `comments`) VALUES



