/* DBScriptData
DBName: Tempest Keep - The Botanica
DBScriptName: -
DB%Complete: 85
DBComment:
* Recheck RP Scripts for Sunseeker Geomancer 18420
EndDBScriptData */

SET @CGUID := 5530000; -- creatures
SET @OGUID := 5530000; -- gameobjects
SET @PGUID := 49000; -- pools
SET @SGGUID := 5530000; -- spawn_groups
SET @STRINGID := 5530000; -- used for StringID's
SET @RELAYID := 5530000; -- used for dbscript_on_relay

-- =========
-- CREATURES
-- =========

INSERT INTO `creature_movement` (`id`, `point`, `PositionX`, `PositionY`, `PositionZ`, `orientation`, `waittime`, `ScriptId`) VALUES
(@CGUID+6, 1, 6.788073, 151.4322, -5.4570436, 100, 0, 0),
(@CGUID+6, 2, 2.362805,147.59216,-5.540375, 100, 0, 0),
(@CGUID+6, 3, 1.4508862,134.90886,-5.5403657, 100, 0, 0),
(@CGUID+6, 4, 4.29729,131.94543,-5.5403824,4.7298421, 100,1799301),
(@CGUID+7, 1, -7.523286, 231.72736, -5.540363, 100, 0, 0),
(@CGUID+7, 2, -7.061299,213.17163,-5.540358,4.72984, 100, 1799301),
(@CGUID+8, 1, 6.1883936, 230.93802, -5.540376, 100, 0, 0),
(@CGUID+8, 2, 6.8805857,213.50626,-5.540371,4.7298421, 100, 1799301),
(@CGUID+9, 1, 32.346626, 283.20956, -5.5604477, 100, 0, 0),
(@CGUID+9, 2, 26.896982,287.0706,-4.1127744, 100, 0, 0),
(@CGUID+9, 3, 20.110651,286.30273,-1.8328751, 100, 0, 0),
(@CGUID+9, 4, 16.271194,284.02432,-1.5828129,3.071779, 100, 1799301),
(@CGUID+10, 1, 32.74755, 292.83197, -5.5621696, 100, 0, 0),
(@CGUID+10, 2, 21.091858,289.26254,-1.8360193, 100, 0, 0),
(@CGUID+10, 3, 16.016445,291.94034,-1.5188626,3.071779, 100, 1799301),
(@CGUID+11, 1,  75.01243, 283.88235, -5.3920293, 100, 0, 0),
(@CGUID+11, 2,  47.614925,284.43405,-5.6762114,3.0717, 100, 1799301),
(@CGUID+12, 1,  75.30202, 292.3356, -5.3812394, 100, 0, 0),
(@CGUID+12, 2,  47.417965,291.92233,-5.6771345,3.0717, 100, 1799301),
(@CGUID+15, 1, 2.71023, 59.10882, -5.62977, 100, 0, 0),
(@CGUID+15,	2, 2.616398,46.717686,-5.612038,4.817108,100,1799301),
(@CGUID+16, 1, -6.33425, 59.407, -5.55881, 0.030197, 0, 0),
(@CGUID+16, 2, -5.080652,46.597015,-5.6218123,4.81710863, 100,1799301),
(@CGUID+17, 1, 0.660349, 104.14, -5.63461, 2.63602, 0, 0),
(@CGUID+17, 2, -0.022206, 89.449295, -5.6558495, 100, 0, 0),
(@CGUID+17, 3, 2.641394, 89.34601, -5.6321697, 4.81710863, 100,1799301),
(@CGUID+18, 1, -2.99842, 104.287, -5.62851, 0.514356, 0, 0),
(@CGUID+18, 2, -5.041232,89.27867,-5.672416,4.817108, 100,1799301),
(@CGUID+19, 1, -8.37349, 150.82703, -5.4570227, 100, 0, 0),
(@CGUID+19, 2, -2.929497,133.55092,-5.540361, 100, 0, 0),
(@CGUID+19, 3, -5.799148,131.35872,-5.540354,4.729842, 100,1799301),
(@CGUID+26, 1, -161.20561,391.88025,-17.6449,1.9547, 100, 1799302),
(@CGUID+26, 2, -162.18033,409.83426,-17.708645, 100, 0, 0),
(@CGUID+26, 3, -162.64375,427.75867,-17.793741, 100, 4000, 1799304),
(@CGUID+27, 1, -166.664, 391.763, -17.6139, 100, 100, 1799303),
(@CGUID+27, 2, -171.43996,422.89474,-17.744581, 100, 4000, 1799304),
(@CGUID+36, 1, 76.77335, 282.6367, -5.3302107, 100, 0, 0),
(@CGUID+36, 2, 48.324623, 287.81854, -5.6766315, 100, 100, 1840401),
(@CGUID+40, 1, 14.184935, 177.34564, -5.540413, 100, 0, 0),
(@CGUID+40, 2, 14.394636, 191.62259, -5.540397, 100, 0, 0),
(@CGUID+40, 3, 9.744885, 197.85094, -5.5403867, 100, 0, 0),
(@CGUID+40, 4, -0.7083383, 202.68777, -5.5403733, 100, 0, 0),
(@CGUID+40, 5, -0.863688, 242.40205, -5.575537, 100, 0, 0),
(@CGUID+41, 1, 48.18709, 287.5947, -5.6766033, 100, 0, 0),
(@CGUID+41, 2, 9.004453, 288.18857, 0.010088495, 100, 0, 0),
(@CGUID+41, 3, -2.241252, 288.31714, 1.0406969, 100, 0, 0),
(@CGUID+41, 4, -15.361143, 288.29004, -0.9933745, 100, 0, 0),
(@CGUID+42,1,-1.203372,40.81776,-5.697605, 100, 0, 0),
(@CGUID+42,2,-1.29136,76.94684,-5.6766257, 100, 0, 0),
(@CGUID+42,3,-0.755125,111.97571,-5.6210504, 100, 0, 0),
(@CGUID+43, 1,  -0.733345, 122.922, -5.54038, 0, 0, 0),
(@CGUID+43, 2, -0.681508, 156.79243, -5.5403776, 100, 0, 0),
(@CGUID+43, 3, -16.622828, 182.00102, -5.540346, 100, 0, 0),
(@CGUID+43, 4, -15.95655, 167.93321, -5.5403438, 100, 0, 0),
(@CGUID+43, 5, -0.7087244, 156.81229, -5.5403714, 100, 0, 0),
(@CGUID+44, 1, 17.342175, 193.04478, -5.5404058, 0.94247776, 18000, 0), -- waittime between 5 and 30 seconds
(@CGUID+44, 2, 13.118124, 198.47266, -5.5403895, 0.85521131, 18000, 0), -- waittime between 5 and 30 seconds
(@CGUID+46, 1, -19.617546, 196.94617, -5.540346, 1.361356, 18000, 0), -- waittime between 5 and 30 seconds
(@CGUID+46, 2, -10.832382, 198.47723, -5.540348, 100, 0, 0),
(@CGUID+46, 3, -7.085683, 202.04625, -5.5403624, 100, 0, 0),
(@CGUID+46, 4, -8.21974, 204.3309, -5.5403585, 3.5604715, 18000, 0), -- waittime between 5 and 30 seconds
(@CGUID+46, 5, -12.490674, 195.6114, -5.540347, 100, 0, 0),
(@CGUID+46, 6, -16.424341, 194.29588, -5.5403495, 100, 0, 0),
(@CGUID+48, 1, 2.213683, 163.03323, -5.5403795, 2.251474618911743164, 17000, 0), -- waittime between 5 and 30 seconds
(@CGUID+48, 2, -4.294355, 161.2607, -5.540364, 100, 0, 0),
(@CGUID+48, 3, -6.205455, 163.51398, -5.54036, 100, 0, 0),
(@CGUID+48, 4, -6.24241, 166.6921, -5.5403614, 100, 0, 0),
(@CGUID+48, 5, -6.24241, 166.6921, -5.5403614,1.780235767364501953, 18000, 0), -- waittime between 5 and 30 seconds
(@CGUID+48, 6, -3.464332, 161.02238, -5.540366, 100, 0, 0),
(@CGUID+48, 7, 0.992403, 160.6039, -5.5403786, 100, 0, 0),
(@CGUID+52, 1, 159.73839,450.8425,-5.4134717,4.6949357, 40000, 1842001),
(@CGUID+52, 2, 162.57597,441.6976,-6.8499804, 100, 0, 0),
(@CGUID+52, 3, 162.00397,439.0201,-6.834277, 100, 0, 0),
(@CGUID+52, 4, 157.23569,436.5563,-6.774154,3.618516921997070312, 14000, 1842002),
(@CGUID+52, 5, 162.69269,439.46976,-6.8432956, 100, 0, 0),
(@CGUID+52, 6, 161.09004,446.55927,-6.8829055, 100, 0, 0),
(@CGUID+53, 1, 89.44688,492.10977,-5.3934565,6.248278, 40000, 1842001),
(@CGUID+53, 2,98.24995,491.0886,-6.7881303, 100, 0, 0),
(@CGUID+53, 3,101.62144,492.35785,-6.8148685,0.360056608915328979,14000, 1842003),
(@CGUID+53, 4,92.9932,491.44473,-6.772856, 100, 0, 0),
(@CGUID+61, 1, 164.13808,501.65262,-2.1696212, 0.418879032135009765, 20000, 0), -- waittime between 20 and 25 seconds
(@CGUID+61, 2, 160.26875,496.43365,-3.2064958, 100, 0, 0),
(@CGUID+61, 3, 158.66127,492.3432,-4.3930135, 100, 0, 0),
(@CGUID+61, 4, 156.15257,489.36734,-4.859781, 100, 0, 0),
(@CGUID+61, 5, 150.52888,483.8496,-4.525158, 100, 0, 0),
(@CGUID+61, 6, 138.15617,471.4412,-1.7105827, 100, 0, 0),
(@CGUID+61, 7, 125.0919,458.282,-4.002604, 100, 0, 0),
(@CGUID+61, 8, 121.70873,455.64517,-4.8065243, 100, 16000, 1842101),
(@CGUID+61, 9, 130.02815,463.01624,-2.5864294, 100, 0, 0),
(@CGUID+61, 10, 136.78746,469.63675,-1.535325, 100, 0, 0),
(@CGUID+61, 11, 143.60991,477.3061,-2.8943598, 100, 0, 0),
(@CGUID+61, 12, 151.18382,484.21405,-4.5561795, 100, 0, 0),
(@CGUID+61, 13, 157.28519,490.94662,-4.815488, 100, 0, 0),
(@CGUID+61, 14, 158.17474,496.27377,-3.8682458, 100, 0, 0),
(@CGUID+61, 15, 159.99934,499.248,-2.327699, 100, 0, 0),
(@CGUID+91, 1, 20.113728,588.08594,-17.791412,1.3600497, 46000, 1950501),
(@CGUID+91, 2,17.958559,579.54846,-17.867413,100,0,0),
(@CGUID+91, 3,18.16002,574.67346,-17.969099,100,3000,1950502),
(@CGUID+91, 4,18.734104,581.6368,-17.87518,100,0,0),
(@CGUID+96, 1, -9.717303,588.702,-17.651875,2.11580, 46000, 1950501), 
(@CGUID+96, 2, -5.630207,580.3536,-17.832806, 100, 0, 0),
(@CGUID+96, 3, -5.105361,573.27606,-17.917187, 100, 3000, 1950502),
(@CGUID+96, 4, -6.470564,582.909,-17.803978, 100, 0, 0),
(@CGUID+121,1,1.63937,482.49994,-5.5345893,100,0,0),
(@CGUID+121,2,-6.525395,482.93228,-5.4927783,100,0,0),
(@CGUID+121,3,-13.819373,488.85602,-5.4253745,100,0,0),
(@CGUID+121,4,-17.635359,496.55002,-5.370692,100,0,0),
(@CGUID+121,5,-16.294327,503.0782,-5.324291,100,0,0),
(@CGUID+122,1,2.500325,493.41788,-5.437914, 100, 0, 0),
(@CGUID+122,2,-10.811854,498.69476,-5.355442, 100, 0, 0),
(@CGUID+122,3,-10.506299,509.9379,-5.2755303, 100, 0, 0),
(@CGUID+127,1,34.537453,554.1877,-18.313955,100,0,0),
(@CGUID+127,2,13.711286,556.805,-18.161873,100,0,0),
(@CGUID+127,3,-11.505647,559.82526,-18.09619,100,0,0),
(@CGUID+127,4,-29.17254,568.2135,-17.99052,100,0,0);

INSERT INTO `creature_movement_template` (`entry`, `pathId`, `point`, `PositionX`, `PositionY`, `PositionZ`, `orientation`, `waittime`, `ScriptId`) VALUES
(17975, 0, 1, 116.32591,455.5696,-4.941401,3.3859, 220000, 1797501), -- between 20-30 seconds
(17975, 0, 2, 120.16402,450.68173,-4.894922,4.5553, 220000, 1797501),
-- Commander Sarannis
(17976, 0, 1, 125.72935,321.18497,-3.6359386, 100, 0, 0),
(17976, 0, 2, 151.0752,295.8979,-4.574456, 100, 1000, 1797601),
-- Bloodwarder Steward after Intro
(18404, 1, 1, 50.01569,292.96957,-5.64004, 100, 1000, 0),
(18404, 1, 2, 50.185688,282.52002,-5.6333885, 100, 1000, 0),
-- Bloodfalcon RP Waypoints 
-- cguid +30
(18155, 1, 1, -4.634653, 291.63293, 0.8281061, 100, 0, 0),
(18155, 1, 2, -4.589425, 284.45688, 0.84829205, 100, 0, 0),
(18155, 1, 3, -23.234816, 285.8802, -1.8473233, 100, 0, 0),
(18155, 1, 4, -29.06995, 287.01328, -1.8473243, 100, 1000, 1815501),
-- cguid +31
(18155, 2, 1, -32.633892, 313.6926, -2.9892454, 100, 2000, 0),
(18155, 2, 2, -36.44413, 294.66745, -1.847323, 100, 0, 0),
(18155, 2, 3, -42.860966, 291.474, -1.8473232, 100, 0, 0),
(18155, 2, 4, -36.010468, 279.61514, -1.8473252, 100, 0, 0),
(18155, 2, 5, -29.392775, 291.65842, -1.8473235, 100, 0, 0),
(18155, 2, 6, -36.823017, 294.92844, -1.8473228, 100, 1000, 1815501),
-- cguid+32
(18155, 3, 1, -30.482723, 259.80405, -3.4442956, 100, 2000, 0),
(18155, 3, 2, -36.03879, 280.80167, -1.8473251, 100, 0, 0),
(18155, 3, 3, -30.454828, 284.31418, -1.8473247, 100, 0, 0),
(18155, 3, 4, -36.54842, 295.91965, -1.8473227, 100, 0, 0),
(18155, 3, 5, -43.856365, 291.876, -1.8473231, 100, 0, 0),
(18155, 3, 6, -36.486675, 280.83936, -1.8473251, 100, 1000, 1815501),
-- cguid +34
(18155, 4, 1, 111.71642, 300.11435, -5.3999314, 100, 0, 0),
(18155, 4, 2, 120.55673, 289.947, -5.4101934, 100, 0, 0),
(18155, 4, 3, 124.90892, 284.409, -5.414986, 100, 0, 0),
(18155, 4, 4, 114.74198, 276.31375, -6.998992, 100, 0, 0),
(18155, 4, 5, 109.52783, 279.67487, -6.9367213, 100, 1000, 1815501),
-- cguid +35
(18155, 5, 1, 85.99113, 289.54016, -5.40623, 100, 0, 0),
(18155, 5, 2, 77.20944, 279.08054, -5.4442782, 100, 0, 0),
(18155, 5, 3, 84.07146, 264.81665, -5.4246054, 100, 0, 0),
(18155, 5, 4, 92.041145, 267.70798, -5.393035, 100, 0, 0),
(18155, 5, 5, 100.84679, 280.37253, -6.887546, 100, 1000, 1815501);

INSERT INTO `creature_addon` (`guid`, `mount`, `stand_state`, `sheath_state`, `emote`, `moveflags`, `auras`) VALUES
(@CGUID+44, 0, 0, 0, 69, 0, NULL), -- Bloodwarder Greenkeeper
(@CGUID+45, 0, 8, 0, 0, 0, NULL), -- Bloodwarder Greenkeeper
(@CGUID+46, 0, 0, 0, 69, 0, NULL), -- Bloodwarder Greenkeeper
(@CGUID+47, 0, 8, 0, 0, 0, NULL), -- Bloodwarder Greenkeeper
(@CGUID+48, 0, 0, 0, 69, 0, NULL), -- Bloodwarder Greenkeeper
(@CGUID+49, 0, 0, 0, 0, 0, NULL), -- Bloodwarder Greenkeeper
(@CGUID+50, 0, 0, 0, 0, 0, NULL), -- Bloodwarder Greenkeeper
(@CGUID+51, 0, 0, 0, 69, 0, NULL), -- Bloodwarder Greenkeeper
(@CGUID+54, 0, 0, 0, 69, 0, NULL), -- spawn_group_entry
(@CGUID+55, 0, 0, 1, 0, 0, NULL), -- spawn_group_entry
(@CGUID+56, 0, 0, 1, 0, 0, NULL), -- spawn_group_entry
(@CGUID+57, 0, 0, 1, 0, 0, NULL), -- spawn_group_entry
(@CGUID+58, 0, 0, 1, 0, 0, NULL), -- spawn_group_entry
(@CGUID+59, 0, 0, 0, 69, 0, NULL), -- spawn_group_entry
(@CGUID+60, 0, 0, 1, 69, 0, NULL), -- Sunseeker Researcher
(@CGUID+61, 0, 0, 1, 0, 0, NULL), -- Sunseeker Researcher
(@CGUID+62, 0, 0, 1, 0, 0, NULL), -- spawn_group_entry
(@CGUID+63, 0, 8, 0, 0, 0, NULL), -- Sunseeker Botanist
(@CGUID+65, 0, 8, 0, 0, 0, NULL), -- Sunseeker Botanist
(@CGUID+67, 0, 8, 0, 0, 0, NULL), -- Sunseeker Botanist
(@CGUID+68, 0, 0, 1, 0, 0, NULL), -- Sunseeker Botanist
(@CGUID+69, 0, 0, 1, 0, 0, NULL), -- Sunseeker Botanist
(@CGUID+86, 0, 0, 0, 69, 0, NULL), -- spawn_group_entry
(@CGUID+87, 0, 0, 1, 69, 0, NULL), -- spawn_group_entry
(@CGUID+88, 0, 0, 1, 69, 0, NULL), -- spawn_group_entry
(@CGUID+89, 0, 0, 1, 69, 0, NULL), -- spawn_group_entry
(@CGUID+90, 0, 0, 1, 0, 0, NULL), -- Sunseeker Chemist
(@CGUID+97, 0, 0, 0, 69, 0, NULL), -- Sunseeker Gene-Splicer
(@CGUID+98, 0, 0, 0, 69, 0, NULL), -- Sunseeker Gene-Splicer
(@CGUID+99, 0, 0, 0, 69, 0, NULL), -- Sunseeker Gene-Splicer
(@CGUID+100, 0, 7, 1, 0, 0, NULL), -- Sunseeker Gene-Splicer
(@CGUID+101, 0, 7, 1, 0, 0, NULL), -- Sunseeker Gene-Splicer
(@CGUID+102, 0, 7, 1, 0, 0, NULL), -- Sunseeker Gene-Splicer
(@CGUID+103, 0, 7, 1, 0, 0, NULL), -- Sunseeker Gene-Splicer
(@CGUID+104, 0, 7, 1, 0, 0, NULL), -- Sunseeker Gene-Splicer
(@CGUID+105, 0, 7, 1, 0, 0, NULL), -- Sunseeker Gene-Splicer
(@CGUID+106, 0, 7, 1, 0, 0, NULL), -- Sunseeker Gene-Splicer
(@CGUID+107, 0, 7, 1, 0, 0, NULL), -- Sunseeker Gene-Splicer
(@CGUID+108, 0, 7, 1, 0, 0, NULL), -- Sunseeker Gene-Splicer
(@CGUID+109, 0, 7, 1, 0, 0, NULL), -- Sunseeker Gene-Splicer
(@CGUID+110, 0, 7, 1, 0, 0, NULL), -- Sunseeker Gene-Splicer
(@CGUID+111, 0, 7, 1, 0, 0, NULL), -- Sunseeker Gene-Splicer
(@CGUID+112, 0, 0, 0, 69, 0, NULL), -- Sunseeker Herbalist
(@CGUID+113, 0, 0, 0, 69, 0, NULL), -- Sunseeker Herbalist
(@CGUID+116, 0, 0, 0, 69, 0, NULL), -- Sunseeker Harvester
(@CGUID+117, 0, 0, 0, 69, 0, NULL), -- Sunseeker Harvester
(@CGUID+118, 0, 0, 0, 69, 0, NULL), -- Sunseeker Harvester
(@CGUID+119, 0, 0, 0, 69, 0, NULL), -- Sunseeker Harvester
(@CGUID+179, 0, 8, 0, 0, 0, NULL); -- Bloodwarder Mender

REPLACE INTO `creature_template_addon` (`entry`, `mount`, `stand_state`, `sheath_state`, `emote`, `moveflags`, `auras`) VALUES
(17993, 0, 0, 0, 0, 0, NULL), -- Bloodwarder Protector
(17976, 0, 0, 1, 0, 0, '19818 34792'), -- Commander Sarannis
(19843, 0, 0, 1, 0, 0, '30831'); -- Nethervine Trickster

INSERT INTO `creature_linking` (`guid`, `master_guid`, `flag`) VALUES
(@CGUID+157, @CGUID+158, 1155), -- Frayer Wildling -> Frayer Wildling
(@CGUID+159, @CGUID+158, 1155), -- Frayer Wildling -> Frayer Wildling
(@CGUID+160, @CGUID+158, 1155), -- Frayer Wildling -> Frayer Wildling
(@CGUID+161, @CGUID+158, 1155), -- Frayer Wildling -> Frayer Wildling
(@CGUID+162, @CGUID+158, 1155), -- Frayer Wildling -> Frayer Wildling
(@CGUID+163, @CGUID+158, 1155), -- Frayer Wildling -> Frayer Wildling
(@CGUID+164, @CGUID+158, 1155), -- Frayer Wildling -> Frayer Wildling
(@CGUID+165, @CGUID+158, 1155), -- Frayer Wildling -> Frayer Wildling
(@CGUID+166, @CGUID+158, 1155), -- Frayer Wildling -> Frayer Wildling
(@CGUID+167, @CGUID+175, 1155), -- Frayer Wildling -> Frayer Wildling
(@CGUID+168, @CGUID+175, 1155), -- Frayer Wildling -> Frayer Wildling
(@CGUID+169, @CGUID+175, 1155), -- Frayer Wildling -> Frayer Wildling
(@CGUID+170, @CGUID+175, 1155), -- Frayer Wildling -> Frayer Wildling
(@CGUID+171, @CGUID+175, 1155), -- Frayer Wildling -> Frayer Wildling
(@CGUID+172, @CGUID+175, 1155), -- Frayer Wildling -> Frayer Wildling
(@CGUID+173, @CGUID+175, 1155), -- Frayer Wildling -> Frayer Wildling
(@CGUID+174, @CGUID+175, 1155), -- Frayer Wildling -> Frayer Wildling
(@CGUID+176, @CGUID+175, 1155); -- Frayer Wildling -> Frayer Wildling

-- REPLACE INTO `creature_linking_template` (`entry`, `map`, `master_entry`, `flag`, `search_range`) VALUES

-- INSERT INTO `creature_spawn_entry` (`guid`, `entry`) VALUES

INSERT INTO `creature` (`guid`, `id`, `map`, `spawnMask`, `position_x`, `position_y`, `position_z`, `orientation`, `spawntimesecsmin`, `spawntimesecsmax`, `spawndist`, `MovementType`) VALUES
(@CGUID+1, 17975, 553, 3, 116.32591,455.5696,-4.941401,3.3859, 86400, 86400, 0, 2), -- High Botanist Freywinn
(@CGUID+2, 17976, 553, 3, 125.72935,321.18497,-3.6359386, 5.47973, 86400, 86400, 0, 2), -- Commander Sarannis
(@CGUID+3, 17977, 553, 3, 63.84069, 391.8824, -27.89385, 3.211406, 86400, 86400, 0, 0), -- Warp Splinter
(@CGUID+4, 17978, 553, 3, 4.9486, 596.5779, -15.07834, 4.694936, 86400, 86400, 0, 0), -- Thorngrin the Tender
(@CGUID+5, 17980, 553, 3, -204.1253, 391.249, -11.19434, 0.01745329, 86400, 86400, 0, 0), -- Laj
(@CGUID+6, 17993, 553, 3, 6.788073, 151.4322, -5.4570436, 0.19198, 7200, 7200, 0, 0), -- Bloodwarder Protector
(@CGUID+7, 17993, 553, 3, -7.523286, 231.72736, -5.540363, 6.24230, 7200, 7200, 0, 0), -- Bloodwarder Protector
(@CGUID+8, 17993, 553, 3, 6.1883936, 230.93802, -5.540376, 3.1466, 7200, 7200, 0, 0), -- Bloodwarder Protector
(@CGUID+9, 17993, 553, 3, 32.346626, 283.20956, -5.5604477, 1.8325957, 7200, 7200, 0, 0), -- Bloodwarder Protector
(@CGUID+10, 17993, 553, 3, 32.74755, 292.83197, -5.5621696, 5.323254, 7200, 7200, 0, 0), -- Bloodwarder Protector
(@CGUID+11, 17993, 553, 3, 75.01243, 283.88235, -5.3920293, 1.762782, 7200, 7200, 0, 0), -- Bloodwarder Protector
(@CGUID+12, 17993, 553, 3, 75.30202, 292.3356, -5.3812394, 4.95673513, 7200, 7200, 0, 0), -- Bloodwarder Protector
(@CGUID+13, 17993, 553, 3, -164.989, 473.034, -17.7416, 1.5708, 7200, 7200, 0, 0), -- Bloodwarder Protector
(@CGUID+14, 17993, 553, 3, -157.669, 471.719, -17.7416, 1.76278, 7200, 7200, 0, 0), -- Bloodwarder Protector
(@CGUID+15, 17993, 553, 3, 2.71023, 59.10882, -5.62977, 3.12338, 7200, 7200, 0, 2), -- Bloodwarder Protector
(@CGUID+16, 17993, 553, 3, -6.33425, 59.407, -5.55881, 0.030197, 7200, 7200, 0, 2), -- Bloodwarder Protector
(@CGUID+17, 17993, 553, 3, 0.660349, 104.14, -5.63461, 2.63602, 7200, 7200, 0, 2), -- Bloodwarder Protector
(@CGUID+18, 17993, 553, 3, -2.99842, 104.287, -5.62851, 0.514356, 7200, 7200, 0, 2), -- Bloodwarder Protector
(@CGUID+19, 17993, 553, 3, -8.37349, 150.82703, -5.4570227, 0.191986, 7200, 7200, 0, 0), -- Bloodwarder Protector
(@CGUID+20, 17993, 553, 3, 151.661, 281.789, -4.33474, 1.61228, 7200, 7200, 0, 0), -- Bloodwarder Protector
(@CGUID+21, 17993, 553, 3, 153.757, 281.744, -4.00861, 2.17694, 7200, 7200, 0, 0), -- Bloodwarder Protector
(@CGUID+22, 17993, 553, 3, 165.165, 295.535, -4.37166, 3.11024, 7200, 7200, 0, 0), -- Bloodwarder Protector
(@CGUID+23, 17993, 553, 3, 164.969, 292.953, -4.00805, 2.37327, 7200, 7200, 0, 0), -- Bloodwarder Protector
(@CGUID+24, 17993, 553, 3, 161.403, 285.599, -3.09818, 1.74291, 7200, 7200, 0, 0), -- Bloodwarder Protector
(@CGUID+25, 17993, 553, 3, 163.108, 287.899, -3.3132, 2.55293, 7200, 7200, 0, 0), -- Bloodwarder Protector
(@CGUID+26, 17993, 553, 3, -161.206, 391.88, -17.6449, 1.95477, 7200, 7200, 0, 0), -- Bloodwarder Protector
(@CGUID+27, 17993, 553, 3, -166.664, 391.763, -17.6139, 1.32645, 7200, 7200, 0, 0), -- Bloodwarder Protector
(@CGUID+28, 17994, 553, 3, -35.5817, 287.674, -1.76399, 5.654867, 7200, 7200, 0, 0), -- Bloodwarder Falconer
(@CGUID+29, 17994, 553, 3, 102.0354, 286.8515, -6.792948, 0.8377581, 7200, 7200, 2, 1), -- Bloodwarder Falconer
(@CGUID+30, 18155, 553, 3, -29.06995,287.01328,-1.8473243, 0.007071402, 7200, 7200, 3, 1), -- Bloodfalcon
(@CGUID+31, 18155, 553, 3, -36.823017,294.92844,-1.8473228, 3.965074, 7200, 7200, 3, 1), -- Bloodfalcon
(@CGUID+32, 18155, 553, 3, -36.486675,280.83936,-1.8473251, 4.205199, 7200, 7200, 3, 1), -- Bloodfalcon
(@CGUID+33, 18155, 553, 3, 99.73528, 294.2418, -6.621962, 5.114256, 7200, 7200, 3, 1), -- Bloodfalcon
(@CGUID+34, 18155, 553, 3, 109.52783, 279.67487, -6.9367213, 2.450218, 7200, 7200, 3, 1), -- Bloodfalcon
(@CGUID+35, 18155, 553, 3, 100.84679,280.37253,-6.887546, 1.894372, 7200, 7200, 3, 1), -- Bloodfalcon
(@CGUID+36, 18404, 553, 3, 76.77335, 282.6367, -5.3302107, 1.815142, 7200, 7200, 0, 0), -- Bloodwarder Steward
(@CGUID+37, 18404, 553, 3, 149.565, 281.787, -4.65385, 1.01615, 7200, 7200, 0, 0), -- Bloodwarder Steward
(@CGUID+38, 18404, 553, 3, 165.194, 298.208, -4.77445, 3.85272, 7200, 7200, 0, 0), -- Bloodwarder Steward
(@CGUID+39, 18404, 553, 3, 159.136, 283.813, -3.27211, 1.29749, 7200, 7200, 0, 0), -- Bloodwarder Steward
(@CGUID+40, 18405, 553, 3, 14.3946, 191.623, -5.5404, 1.55611, 7200, 7200, 0, 4), -- Tempest-Forge Peacekeeper
(@CGUID+41, 18405, 553, 3, 9.004453, 288.18857, 0.010088495, 3.13537, 7200, 7200, 0, 4), -- Tempest-Forge Peacekeeper
(@CGUID+42, 18405, 553, 3, -0.891327, 103.078, -5.69279, 4.69708, 7200, 7200, 0, 2), -- Tempest-Forge Peacekeeper
(@CGUID+43, 18405, 553, 3, -0.733345, 122.922, -5.54038, 4.71166, 7200, 7200, 0, 2), -- Tempest-Forge Peacekeeper
(@CGUID+44, 18419, 553, 3, 17.342175,193.04478,-5.5404058,0.942477762699127197, 7200, 7200, 0, 2), -- Bloodwarder Greenkeeper
(@CGUID+45, 18419, 553, 3, 15.8812, 195.363, -5.45708, 0.244346, 7200, 7200, 0, 0), -- Bloodwarder Greenkeeper
(@CGUID+46, 18419, 553, 3, -19.617546,196.94617,-5.540346,1.361356854438781738, 7200, 7200, 0, 2), -- Bloodwarder Greenkeeper
(@CGUID+47, 18419, 553, 3, -14.2483, 197.646, -5.45702, 2.49582, 7200, 7200, 0, 0), -- Bloodwarder Greenkeeper
(@CGUID+48, 18419, 553, 3, 2.213683,163.03323,-5.5403795,2.251474618911743164, 7200, 7200, 0, 2), -- Bloodwarder Greenkeeper
(@CGUID+49, 18419, 553, 3, 3.13933, 253.476, -5.3924, 3.14159, 7200, 7200, 0, 0), -- Bloodwarder Greenkeeper
(@CGUID+50, 18419, 553, 3, -4.45333, 252.871, -5.39659, 0.0698132, 7200, 7200, 0, 0), -- Bloodwarder Greenkeeper
(@CGUID+51, 18419, 553, 3,-3.43691, 163.531, -5.45704, 1.15192, 7200, 7200, 0, 0), -- Bloodwarder Greenkeeper
(@CGUID+52, 18420, 553, 3, 159.73839,450.8425,-5.4134717,4.6949357, 7200, 7200, 0, 2), -- Sunseeker Geomancer
(@CGUID+53, 18420, 553, 3, 89.44688,492.10977,-5.3934565,6.248278, 7200, 7200, 0, 2), -- Sunseeker Geomancer
(@CGUID+54, 0, 553, 3, 152.061, 369.717, -5.30307, 0.785398, 7200, 7200, 0, 0), -- spawn_group_entry
(@CGUID+55, 0, 553, 3, 158.615, 411.407, -5.30312, 3.78736, 7200, 7200, 0, 0), -- spawn_group_entry
(@CGUID+56, 0, 553, 3, 176.38, 392.68, -5.30307, 3.76991, 7200, 7200, 0, 0), -- spawn_group_entry
(@CGUID+57, 0, 553, 3, 197.545, 377.96, -5.40067, 5.63741, 7200, 7200, 0, 0), -- spawn_group_entry
(@CGUID+58, 0, 553, 3, 199.583, 372.112, -5.43548, 0.663225, 7200, 7200, 0, 0), -- spawn_group_entry
(@CGUID+59, 0, 553, 3, 152.883, 411.747, -5.30312, 5.37561, 7200, 7200, 0, 0), -- spawn_group_entry
(@CGUID+60, 18421, 553, 3, 170.102, 499.288, -2.20102, 1.29154, 7200, 7200, 0, 0), -- Sunseeker Researcher
(@CGUID+61, 18421, 553, 3, 164.13808,501.65262,-2.1696212, 0.4188790321, 7200, 7200, 0, 2), -- Sunseeker Researcher
(@CGUID+62, 0, 553, 3, 175.843, 387.166, -5.30306, 2.23402, 7200, 7200, 0, 0), -- spawn_group_entry
(@CGUID+63, 18422, 553, 3, 158.949, 369.891, -5.30307, 0.471239, 7200, 7200, 0, 0), -- Sunseeker Botanist
(@CGUID+64, 18422, 553, 3, 161.32674,377.6318,-5.38641,3.892084, 7200, 7200, 0, 0), -- Sunseeker Botanist
(@CGUID+65, 18422, 553, 3, 161.187, 408.951, -5.30312, 6.26573, 7200, 7200, 0, 0), -- Sunseeker Botanist
(@CGUID+66, 18422, 553, 3,161.58592,402.9305,-5.38644,2.2689280, 7200, 7200, 0, 0), -- Sunseeker Botanist
(@CGUID+67, 18422, 553, 3, 194.021, 381.961, -5.3712, 5.16617, 7200, 7200, 0, 0), -- Sunseeker Botanist
(@CGUID+68, 18422, 553, 3, 174.261, 496.247, -2.47682, 2.21657, 7200, 7200, 0, 0), -- Sunseeker Botanist
(@CGUID+69, 18422, 553, 3, 161.825, 508.441, -2.50882, 5.48033, 7200, 7200, 0, 0), -- Sunseeker Botanist
(@CGUID+70, 18587, 553, 3, 168.887, 442.034, -6.92318, 3.42043, 7200, 7200, 3, 1), -- Frayer
(@CGUID+71, 18587, 553, 3, 171.384, 437.23, -6.93856, 4.57889, 7200, 7200, 3, 1), -- Frayer
(@CGUID+72, 18587, 553, 3, 165.965, 436.164, -6.87502, 3.31047, 7200, 7200, 3, 1), -- Frayer
(@CGUID+73, 18587, 553, 3, 162.939, 433.365, -6.83591, 1.92972, 7200, 7200, 3, 1), -- Frayer
(@CGUID+74, 18587, 553, 3, 160.993, 438.481, -6.82266, 1.33912, 7200, 7200, 3, 1), -- Frayer
(@CGUID+75, 18587, 553, 3, 154.784, 437.83, -6.75847, 3.11804, 7200, 7200, 3, 1), -- Frayer
(@CGUID+76, 18587, 553, 3, 152.573, 431.55, -6.71444, 4.02518, 7200, 7200, 3, 1), -- Frayer
(@CGUID+77, 18587, 553, 3, 148.663, 437.22, -6.69541, 0.616554, 7200, 7200, 3, 1), -- Frayer
(@CGUID+78, 18587, 553, 3, 106.105, 497.828, -6.85461, 3.17223, 7200, 7200, 3, 1), -- Frayer
(@CGUID+79, 18587, 553, 3, 106.341, 502.968, -6.91221, 5.29123, 7200, 7200, 3, 1), -- Frayer
(@CGUID+80, 18587, 553, 3, 103.268, 494.14, -6.80064, 3.66938, 7200, 7200, 0, 0), -- Frayer
(@CGUID+81, 18587, 553, 3, 107.35, 493.805, -6.82242, 3.66938, 7200, 7200, 3, 1), -- Frayer
(@CGUID+82, 18587, 553, 3, 102.983, 485.073, -6.70173, 3.69687, 7200, 7200, 3, 1), -- Frayer
(@CGUID+83, 18587, 553, 3, 99.0343, 483.894, -6.67042, 3.69687, 7200, 7200, 3, 1), -- Frayer
(@CGUID+84, 18587, 553, 3, 103.663, 480.451, -6.65843, 3.69687, 7200, 7200, 3, 1), -- Frayer
(@CGUID+85, 18587, 553, 3, 101.155, 490.86, -6.75729, 3.69687, 7200, 7200, 3, 1), -- Frayer
(@CGUID+86, 0, 553, 3, 152.396, 375.262, -5.30307, 5.42797, 7200, 7200, 0, 0), -- spawn_group_entry
(@CGUID+87, 0, 553, 3, 170.202, 387.448, -5.30306, 0.541052, 7200, 7200, 0, 0), -- spawn_group_entry
(@CGUID+88, 0, 553, 3, 152.395, 406.044, -5.30312, 0.855211, 7200, 7200, 0, 0), -- spawn_group_entry
(@CGUID+89, 0, 553, 3, 198.131, 373.662, -5.42373, 0.471239, 7200, 7200, 0, 0), -- spawn_group_entry
(@CGUID+90, 19486, 553, 3, 165.405, 504.418, -2.20859, 0.10472, 7200, 7200, 0, 0), -- Sunseeker Chemist
(@CGUID+91, 19505, 553, 3, 20.113728,588.08594,-17.791412,1.3600497, 7200, 7200, 0, 2), -- Sunseeker Channeler
(@CGUID+92, 19505, 553, 3, 1.54828, 505.512, -5.23187, 2.28638, 7200, 7200, 0, 0), -- Sunseeker Channeler
(@CGUID+93, 19505, 553, 3, -4.28845, 505.214, -5.22576, 0.820305, 7200, 7200, 0, 0), -- Sunseeker Channeler
(@CGUID+94, 19505, 553, 3, -20.1536, 505.03, -5.22962, 1.27409, 7200, 7200, 0, 0), -- Sunseeker Channeler
(@CGUID+95, 19505, 553, 3, -15.6348, 505.633, -5.2228, 2.47837, 7200, 7200, 0, 0), -- Sunseeker Channeler
(@CGUID+96, 19505, 553, 3, -9.717303,588.702,-17.651875,2.11580, 7200, 7200, 0, 2), -- Sunseeker Channeler
(@CGUID+97, 19507, 553, 3, -131.527, 507.604, -17.7416, 4.15388, 7200, 7200, 0, 0), -- Sunseeker Gene-Splicer
(@CGUID+98, 19507, 553, 3, -150.399, 526.537, -17.7416, 3.63028, 7200, 7200, 0, 0), -- Sunseeker Gene-Splicer
(@CGUID+99, 19507, 553, 3, -160.49, 499.152, -17.7416, 3.19395, 7200, 7200, 0, 0), -- Sunseeker Gene-Splicer
(@CGUID+100, 19507, 553, 3, -157.634, 411.701, -17.6124, 1.27409, 7200, 7200, 0, 0), -- Sunseeker Gene-Splicer
(@CGUID+101, 19507, 553, 3, -177.217, 408.964, -17.6069, 2.07694, 7200, 7200, 0, 0), -- Sunseeker Gene-Splicer
(@CGUID+102, 19507, 553, 3, -150.54, 400.302, -17.7579, 2.75762, 7200, 7200, 0, 0), -- Sunseeker Gene-Splicer
(@CGUID+103, 19507, 553, 3, -172.605, 403.925, -17.6111, 4.74729, 7200, 7200, 0, 0), -- Sunseeker Gene-Splicer
(@CGUID+104, 19507, 553, 3, -173.274, 390.129, -17.6073, 3.50811, 7200, 7200, 0, 0), -- Sunseeker Gene-Splicer
(@CGUID+105, 19507, 553, 3, -177.095, 378.248, -17.6081, 5.18363, 7200, 7200, 0, 0), -- Sunseeker Gene-Splicer
(@CGUID+106, 19507, 553, 3, -172.32, 380.316, -17.6107, 0.890118, 7200, 7200, 0, 0), -- Sunseeker Gene-Splicer
(@CGUID+107, 19507, 553, 3, -166.857, 398.471, -17.6142, 4.2237, 7200, 7200, 0, 0), -- Sunseeker Gene-Splicer
(@CGUID+108, 19507, 553, 3, -154.356, 386.376, -17.7216, 4.43314, 7200, 7200, 0, 0), -- Sunseeker Gene-Splicer
(@CGUID+109, 19507, 553, 3, -179.922, 401.107, -17.6042, 0.488692, 7200, 7200, 0, 0), -- Sunseeker Gene-Splicer
(@CGUID+110, 19507, 553, 3, -164.275, 375.683, -17.6168, 2.75762, 7200, 7200, 0, 0), -- Sunseeker Gene-Splicer
(@CGUID+111, 19507, 553, 3, -152.4, 372.664, -17.6055, 0.331613, 7200, 7200, 0, 0), -- Sunseeker Gene-Splicer
(@CGUID+112, 19508, 553, 3, -129.174, 503.963, -17.7416, 3.38594, 7200, 7200, 0, 0), -- Sunseeker Herbalist
(@CGUID+113, 19508, 553, 3, -163.527, 504.29, -17.7416, 3.90954, 7200, 7200, 0, 0), -- Sunseeker Herbalist
(@CGUID+114, 19508, 553, 3, -16.2608, 482.706, -5.38576, 3.94444, 7200, 7200, 0, 0), -- Sunseeker Herbalist
(@CGUID+115, 19508, 553, 3, -17.3213, 485.099, -5.36875, 2.96706, 7200, 7200, 0, 0), -- Sunseeker Herbalist
(@CGUID+116, 19509, 553, 3, -135.687, 508.005, -17.7416, 4.7822, 7200, 7200, 0, 0), -- Sunseeker Harvester
(@CGUID+117, 19509, 553, 3, -154.478, 529.907, -17.7416, 3.75246, 7200, 7200, 0, 0), -- Sunseeker Harvester
(@CGUID+118, 19509, 553, 3, -149.586, 522.217, -17.7416, 2.82743, 7200, 7200, 0, 0), -- Sunseeker Harvester
(@CGUID+119, 19509, 553, 3, -161.771, 495.03, -17.7416, 2.93215, 7200, 7200, 0, 0), -- Sunseeker Harvester
(@CGUID+120, 19509, 553, 3, -15.0387, 479.981, -5.40512, 1.39626, 7200, 7200, 0, 0), -- Sunseeker Harvester
(@CGUID+121, 19511, 553, 3, 1.63937,482.49994,-5.5345893, 6.193, 7200, 7200, 0, 4), -- Nethervine Inciter
(@CGUID+122, 19511, 553, 3, 2.500325,493.41788,-5.437914, 6.193, 7200, 7200, 0, 4), -- Nethervine Inciter
(@CGUID+123, 19511, 553, 3, -9.98952, 577.369, -17.7983, 1.13446, 7200, 7200, 0, 0), -- Nethervine Inciter
(@CGUID+124, 19511, 553, 3, -0.867442, 569.955, -17.8747, 1.44862, 7200, 7200, 0, 0), -- Nethervine Inciter
(@CGUID+125, 19511, 553, 3, 13.7186, 579.122, -17.7867, 1.98968, 7200, 7200, 0, 0), -- Nethervine Inciter
(@CGUID+126, 19511, 553, 3, 13.1327, 569.824, -17.9185, 1.79769, 7200, 7200, 0, 0), -- Nethervine Inciter
(@CGUID+127, 19511, 553, 3, 34.537453,554.1877,-18.313955, 3.0654, 7200, 7200, 0, 4), -- Nethervine Inciter
(@CGUID+128, 19511, 553, 3, -9.34382, 516.5084, -5.6364613, 5.61429, 7200, 7200, 0, 0), -- Nethervine Inciter
(@CGUID+129, 19512, 553, 3, -8.29304, 568.918, -17.9035, 1.25664, 7200, 7200, 0, 0), -- Nethervine Reaper
(@CGUID+130, 19512, 553, 3, 0.125824, 576.989, -17.7821, 1.41372, 7200, 7200, 0, 0), -- Nethervine Reaper
(@CGUID+131, 19512, 553, 3, 20.6579, 570.267, -17.9328, 2.04204, 7200, 7200, 0, 0), -- Nethervine Reaper
(@CGUID+132, 19512, 553, 3, 22.3027, 579.251, -17.8083, 2.25147, 7200, 7200, 0, 0), -- Nethervine Reaper
(@CGUID+133, 19512, 553, 3, -9.892082,519.5764,-5.8180337, 6.05097, 7200, 7200, 0, 0), -- Nethervine Reaper
(@CGUID+134, 19513, 553, 3, -178.098, 414.293, -17.6069, 5.61996, 7200, 7200, 0, 0), -- Mutate Fear-Shrieker
(@CGUID+135, 19513, 553, 3, -170.727, 408.12, -17.6117, 0.680678, 7200, 7200, 0, 0), -- Mutate Fear-Shrieker
(@CGUID+136, 19513, 553, 3, -158.333, 409.194, -17.6105, 5.95157, 7200, 7200, 0, 0), -- Mutate Fear-Shrieker
(@CGUID+137, 19513, 553, 3, -155.913, 404.689, -17.6097, 1.11701, 7200, 7200, 0, 0), -- Mutate Fear-Shrieker
(@CGUID+138, 19513, 553, 3, -173.101, 371.972, -17.6119, 0.698132, 7200, 7200, 0, 0), -- Mutate Fear-Shrieker
(@CGUID+139, 19513, 553, 3, -157.757, 376.544, -17.6102, 2.07694, 7200, 7200, 0, 0), -- Mutate Fear-Shrieker
(@CGUID+140, 19555, 553, 3, -18.0924, 509.914, 1.61268, 3.52556, 7200, 7200, 0, 0), -- TK Atrium Channel Target
(@CGUID+141, 19555, 553, 3, -1.83877, 510.545, 0.624383, 2.58309, 7200, 7200, 0, 0), -- TK Atrium Channel Target
(@CGUID+142, 19555, 553, 3, -9.87732, 599.763, -8.5421, 6.03884, 7200, 7200, 0, 0), -- TK Atrium Channel Target
(@CGUID+143, 19555, 553, 3, 20.0907, 599.71, -8.29904, 3.14159, 7200, 7200, 0, 0), -- TK Atrium Channel Target
(@CGUID+144, 19557, 553, 3, 160.619, 371.029, -5.30307, 3.24631, 7200, 7200, 0, 0), -- Greater Frayer
(@CGUID+145, 19557, 553, 3, 163.06595,381.01263,-5.3864136,3.892084, 7200, 7200, 0, 0), -- Greater Frayer
(@CGUID+146, 19557, 553, 3, 163.089, 409.039, -5.30312, 2.60054, 7200, 7200, 0, 0), -- Greater Frayer
(@CGUID+147, 19557, 553, 3, 165.01082,403.72226,-5.3864384,2.268928, 7200, 7200, 0, 0), -- Greater Frayer
(@CGUID+148, 19557, 553, 3, 194.849, 380.179, -5.3831, 1.67552, 7200, 7200, 0, 0), -- Greater Frayer
(@CGUID+149, 19557, 553, 3, 172.615, 498.358, -2.31229, 4.43314, 7200, 7200, 0, 0), -- Greater Frayer
(@CGUID+150, 19557, 553, 3, 163.761, 507.106, -2.36096, 3.50811, 7200, 7200, 0, 0), -- Greater Frayer
(@CGUID+151, 19598, 553, 3, -130.892, 514.109, -17.7416, 0.628319, 7200, 7200, 2, 1), -- Mutate Fleshlasher
(@CGUID+152, 19598, 553, 3, -127.188, 508.097, -17.7416, 0.680678, 7200, 7200, 2, 1), -- Mutate Fleshlasher
(@CGUID+153, 19598, 553, 3, -148.281, 533.29, -17.7415, 2.86234, 7200, 7200, 2, 1), -- Mutate Fleshlasher
(@CGUID+154, 19598, 553, 3, -144.334, 524.885, -17.7416, 3.56047, 7200, 7200, 2, 1), -- Mutate Fleshlasher
(@CGUID+155, 19598, 553, 3, -158.112, 507.402, -17.7416, 5.49779, 7200, 7200, 2, 1), -- Mutate Fleshlasher
(@CGUID+156, 19598, 553, 3, -153.206, 499.78, -17.7416, 4.39823, 7200, 7200, 2, 1), -- Mutate Fleshlasher
(@CGUID+157, 19608, 553, 3, -7.40264, 405.74, -28.8768, 0.568592, 7200, 7200, 3, 1), -- Frayer Wildling
(@CGUID+158, 19608, 553, 3, -11.3965, 409.641, -28.9496, 1.05554, 7200, 7200, 3, 1), -- Frayer Wildling
(@CGUID+159, 19608, 553, 3, -5.04485, 413.541, -28.7785, 0.851335, 7200, 7200, 3, 1), -- Frayer Wildling
(@CGUID+160, 19608, 553, 3, -2.76557, 407.948, -28.8031, 0.851335, 7200, 7200, 3, 1), -- Frayer Wildling
(@CGUID+161, 19608, 553, 3, 2.45118, 411.253, -27.8576, 0.851335, 7200, 7200, 3, 1), -- Frayer Wildling
(@CGUID+162, 19608, 553, 3, 1.42734, 417.668, -28.5357, 0.851335, 7200, 7200, 3, 1), -- Frayer Wildling
(@CGUID+163, 19608, 553, 3, -12.6501, 413.66, -28.9731, 0.851335, 7200, 7200, 3, 1), -- Frayer Wildling
(@CGUID+164, 19608, 553, 3, 8.47863, 406.905, -27.2781, 0.00703203, 7200, 7200, 3, 1), -- Frayer Wildling
(@CGUID+165, 19608, 553, 3, 5.30724, 405.438, -27.6309, 0.00703203, 7200, 7200, 3, 1), -- Frayer Wildling
(@CGUID+166, 19608, 553, 3, 17.547, 404.861, -27.1645, 3.80836, 7200, 7200, 3, 1), -- Frayer Wildling
(@CGUID+167, 19608, 553, 3, 23.7654, 371.145, -26.2477, 5.5166, 7200, 7200, 3, 1), -- Frayer Wildling
(@CGUID+168, 19608, 553, 3, 9.38162, 375.868, -26.9916, 5.46555, 7200, 7200, 3, 1), -- Frayer Wildling
(@CGUID+169, 19608, 553, 3, 17.2784, 379.591, -27.3824, 5.46555, 7200, 7200, 3, 1), -- Frayer Wildling
(@CGUID+170, 19608, 553, 3, 33.6453, 373.674, -26.3937, 5.46555, 7200, 7200, 3, 1), -- Frayer Wildling
(@CGUID+171, 19608, 553, 3, 10.53953, 360.2061, -27.91825, 4.641111, 7200, 7200, 3, 1), -- Frayer Wildling
(@CGUID+172, 19608, 553, 3, 1.964939, 378.8695, -27.9353, 3.421268, 7200, 7200, 3, 1), -- Frayer Wildling
(@CGUID+173, 19608, 553, 3, 13.03359, 381.2849, -27.96042, 5.918366, 7200, 7200, 3, 1), -- Frayer Wildling
(@CGUID+174, 19608, 553, 3, 23.2317, 359.402, -26.5154, 1.86057, 7200, 7200, 3, 1), -- Frayer Wildling
(@CGUID+175, 19608, 553, 3, 1.29839, 363.459, -28.1844, 2.15117, 7200, 7200, 3, 1), -- Frayer Wildling
(@CGUID+176, 19608, 553, 3, 16.9297, 368.371, -26.301, 0.360461, 7200, 7200, 3, 1), -- Frayer Wildling
(@CGUID+177, 19633, 553, 3, 10.61955, 202.3912, -5.457047, 4.13643, 7200, 7200, 0, 0), -- Bloodwarder Mender
(@CGUID+178, 19633, 553, 3, -11.26626, 201.1227, -5.457016, 5.51524, 7200, 7200, 0, 0), -- Bloodwarder Mender
(@CGUID+179, 19633, 553, 3, -0.755704, 255.12, -5.40764, 1.67552, 7200, 7200, 0, 0), -- Bloodwarder Mender
(@CGUID+180, 19633, 553, 3,  6.21388, 166.129, -5.54038, 5.40107, 7200, 7200, 2, 1), -- Bloodwarder Mender
(@CGUID+181, 19843, 553, 3, -65.5479, 559.724, -17.7843, 5.83758, 7200, 7200, 4, 1), -- Nethervine Trickster
(@CGUID+182, 19843, 553, 3, -78.5785, 551.703, -17.8073, 0.81755, 7200, 7200, 3, 1), -- Nethervine Trickster
(@CGUID+183, 19865, 553, 3, -172.983, 418.549, -17.631, 2.54818, 7200, 7200, 0, 0), -- Mutate Horror
(@CGUID+184, 19865, 553, 3, -174.267, 401.28, -17.6078, 5.37561, 7200, 7200, 0, 0), -- Mutate Horror
(@CGUID+185, 19865, 553, 3, -151.525, 413.861, -17.6048, 3.735, 7200, 7200, 0, 0), -- Mutate Horror
(@CGUID+186, 19865, 553, 3, -157.645, 396.704, -17.6893, 5.75959, 7200, 7200, 0, 0), -- Mutate Horror
(@CGUID+187, 19865, 553, 3, -164.314, 371.267, -17.6188, 5.89921, 7200, 7200, 0, 0), -- Mutate Horror
(@CGUID+188, 19865, 553, 3, -168.994, 383.447, -17.6124, 4.7822, 7200, 7200, 0, 0); -- Mutate Horror

-- ===========
-- GAMEOBJECTS
-- ===========

INSERT INTO `gameobject` (`guid`, `id`, `map`, `spawnMask`, `position_x`, `position_y`, `position_z`, `orientation`, `rotation0`, `rotation1`, `rotation2`, `rotation3`, `spawntimesecsmin`, `spawntimesecsmax`) VALUES
(@OGUID+1, 184215, 553, 1, 47.64511, -35.73307, -1.096961, 2.358326, 0, 0, 0.9242868, 0.3816986, 0, 0), -- Instance_Portal_Difficulty_0
(@OGUID+2, 184216, 553, 2, 47.64511, -35.73307, -1.096961, 2.358326, 0, 0, 0.9242868, 0.3816986, 0, 0), -- Instance_Portal_Difficulty_1
(@OGUID+3, 184217, 553, 1, 161.7445, 391.5876, -36.14458, 3.191312, 0, 0, -0.999691, 0.02485682, 0, 0), -- Instance_Portal_Difficulty_0
(@OGUID+4, 184218, 553, 2, 161.7445, 391.5876, -36.14458, 3.191312, 0, 0, -0.999691, 0.02485682, 0, 0), -- Instance_Portal_Difficulty_1
(@OGUID+5, 181270, 553, 3, 173.0421, 388.6885, -3.900286, 4.799657, 0, 0, -0.6755896, 0.7372779, 86400, 86400), -- Felweed
(@OGUID+6, 181270, 553, 3, -154.1918, 523.5183, -16.01933, 3.351047, 0, 0, -0.9945211, 0.1045355, 86400, 86400), -- Felweed
(@OGUID+7, 181270, 553, 3, 28.6266, 356.7638, -26.15407, 3.787367, 0, 0, -0.9483232, 0.3173059, 86400, 86400), -- Felweed
(@OGUID+8, 181270, 553, 3, 41.43266, 356.0775, -26.01737, 1.867502, 0, 0, 0.8038568, 0.5948228, 86400, 86400), -- Felweed
(@OGUID+9, 181270, 553, 3, 63.45014, 427.0817, -25.50683, 0.5410506, 0, 0, 0.2672377, 0.9636307, 86400, 86400), -- Felweed
(@OGUID+10, 181270, 553, 3, 9.857398, 418.2055, -27.59235, 5.201083, 0, 0, -0.5150375, 0.8571676, 86400, 86400), -- Felweed
(@OGUID+11, 181271, 553, 3, 0.634392, 165.9616, -3.672326, 3.769912, 0, 0, -0.9510565, 0.3090171, 86400, 86400), -- Dreaming Glory
(@OGUID+12, 181271, 553, 3, 155.0183, 409.8469, -3.525341, 6.19592, 0, 0, -0.04361916, 0.9990482, 86400, 86400), -- Dreaming Glory
(@OGUID+13, 181271, 553, 3, -22.20031, 502.6438, -4.840034, 0.3141584, 0, 0, 0.1564341, 0.9876884, 86400, 86400), -- Dreaming Glory
(@OGUID+14, 181277, 553, 3, -165.2932, 495.9111, -15.07489, 4.398232, 0, 0, -0.8090162, 0.5877863, 86400, 86400), -- Terocone
(@OGUID+15, 181279, 553, 3, -0.459927, 256.7108, -4.356128, 3.822273, 0, 0, -0.9426413, 0.3338076, 86400, 86400), -- Netherbloom
(@OGUID+16, 181279, 553, 3, 169.2339, 504.4491, 0.050639, 2.321287, 0, 0, 0.9170599, 0.3987495, 86400, 86400), -- Netherbloom
(@OGUID+17, 181279, 553, 3, 115.8156, 450.6175, -3.823856, 0.2792516, 0, 0, 0.1391726, 0.9902682, 86400, 86400), -- Netherbloom
(@OGUID+18, 184940, 553, 3, 154.0024, 377.8789, -5.386404, 1.902409, 0, 0, 0, 0, 86400, 86400), -- Bound Adamantite Chest
(@OGUID+19, 184941, 553, 3, 154.0024, 377.8789, -5.386404, 1.902409, 0, 0, 0, 0, 86400, 86400); -- Solid Adamantite Chest

INSERT INTO `gameobject_addon` (`guid`, `animprogress`, `state`) VALUES
(@OGUID+1, 0, 0), -- Instance_Portal_Difficulty_0
(@OGUID+2, 0, 0), -- Instance_Portal_Difficulty_1
(@OGUID+3, 0, 0), -- Instance_Portal_Difficulty_0
(@OGUID+4, 0, 0); -- Instance_Portal_Difficulty_1

-- ======
-- EVENTS
-- ======

INSERT INTO `game_event_creature_data` (`guid`, `entry_id`, `modelid`, `equipment_id`, `spell_start`, `spell_end`, `event`) VALUES
(@CGUID+1, 0, 22805, 0, 0, 0, 2); -- High Botanist Freywinn (Feast of Winter Veil - Main Event)

-- INSERT INTO `game_event_creature` (`guid`, `event`) VALUES
-- INSERT INTO `game_event_gameobject` (`guid`, `event`) VALUES

-- ======
-- StringIDs
-- ======

DELETE FROM string_id WHERE Id BETWEEN @STRINGID+1 AND @STRINGID+9;
INSERT INTO `string_id` (Id, Name) VALUES 
(@STRINGID+1, 'BLOODWARDER_PROTECTOR_GROUP_01'),
(@STRINGID+2, 'BLOODWARDER_PROTECTOR_GROUP_02'),
(@STRINGID+3, 'BLOODWARDER_PROTECTOR_GROUP_03'),
(@STRINGID+4, 'BLOODWARDER_PROTECTOR_GROUP_04'),
(@STRINGID+5, 'BLOODWARDER_PROTECTOR_GROUP_05'),
(@STRINGID+6, 'BLOODWARDER_PROTECTOR_GROUP_06'),
(@STRINGID+7, 'BLOODFALCON_01'),
(@STRINGID+8, 'BLOODFALCON_02'),
(@STRINGID+9, 'BLOODFALCON_03'),
(@STRINGID+10, 'BLOODFALCON_04'),
(@STRINGID+11, 'BLOODFALCON_05'),
(@STRINGID+12, 'COMMANDER_SARANNIS_GROUP_01'), -- bloodwarder protector / steward groups before sarannis
(@STRINGID+13, 'COMMANDER_SARANNIS_GROUP_02'), -- bloodwarder protector / steward groups before sarannis
(@STRINGID+14, 'COMMANDER_SARANNIS_GROUP_03'), -- bloodwarder protector / steward groups before sarannis
(@STRINGID+15, 'BOTANICA_PLANTS'), -- used for custom unit_condition
(@STRINGID+16, 'SUNSEEKER_CHANNELER_GROUP_RIGHT'),
(@STRINGID+17, 'SUNSEEKER_CHANNELER_GROUP_LEFT'),
(@STRINGID+18, 'SUNSEEKER_CHANNELER_TARGET'),
(@STRINGID+19, 'BLOODWARDER_PROTECTOR_GROUP_07');

DELETE FROM creature_spawn_data WHERE Id IN (1799301, 1815501, 1815502, 1815503, 1815504, 1815505, 1950701);
INSERT INTO `creature_spawn_data` (`Guid`, `Id`) VALUES 
-- Bloodwarder Protector with differen Factions
(@CGUID+26, '1799301'),
(@CGUID+27, '1799301'),
-- Bloodfalcon StringIds
(@CGUID+30, '1815501'),
(@CGUID+31, '1815502'),
(@CGUID+32, '1815503'),
(@CGUID+34, '1815504'),
(@CGUID+35, '1815505'),
-- Nethervince Inciter target for Sunseeker Channeler - Channel spell
(@CGUID+122, '1951101'),
-- Sunseeker Gene-Splicer - differenct faction and not selectable
(@CGUID+100, '1950701'),
(@CGUID+101, '1950701'),
(@CGUID+102, '1950701'),
(@CGUID+103, '1950701'),
(@CGUID+104, '1950701'),
(@CGUID+105, '1950701'),
(@CGUID+106, '1950701'),
(@CGUID+107, '1950701'),
(@CGUID+108, '1950701'),
(@CGUID+109, '1950701'),
(@CGUID+110, '1950701'),
(@CGUID+111, '1950701');

DELETE FROM creature_spawn_data_template WHERE Entry IN (1799301, 1815501, 1815502, 1815503, 1815504, 1815505, 1950701, 1951101);
INSERT INTO `creature_spawn_data_template` (`Entry`, `UnitFlags`, `Faction`, `StringId`, `Name`) VALUES 
('1799301', '0', '190', '0', 'The Botanica - Bloodwarder Protector'),
('1815501', '0', '0', @STRINGID+7, 'The Botanica - BLOODFALCON_01'), 
('1815502', '0', '0', @STRINGID+8, 'The Botanica - BLOODFALCON_02'), 
('1815503', '0', '0', @STRINGID+9, 'The Botanica - BLOODFALCON_03'),
('1815504', '0', '0', @STRINGID+10, 'The Botanica - BLOODFALCON_04'),
('1815505', '0', '0', @STRINGID+11, 'The Botanica - BLOODFALCON_05'),
('1951101', '0', '0', @STRINGID+18, 'The Botanica - SUNSEEKER_CHANNELER_TARGET'),
-- [27] Flags: 33587264 - UNIT_FLAG_UNINTERACTIBLE - UNIT_FLAG_SWIMMING - UNIT_FLAG_UNK_6
('1950701', '33587264', '190', '0', 'The Botanica - Sunseeker Gene-Splicer');


-- ============
-- SPAWN GROUPS
-- ============

INSERT INTO `spawn_group` (`Id`, `Name`, `Type`, `MaxCount`, `WorldState`, `WorldStateExpression`, `Flags`, `StringID`) VALUES
(@SGGUID+1, 'The Botanica - Group 001 - Bloodwarder Protector (2)', 0, 0, 0, 0, 1, @STRINGID+1),
(@SGGUID+2, 'The Botanica - Group 002 - Bloodwarder Protector (2)', 0, 0, 0, 0, 1, @STRINGID+2),
(@SGGUID+3, 'The Botanica - Group 003 - Bloodwarder Protector (2)', 0, 0, 0, 0, 1, @STRINGID+3),
(@SGGUID+4, 'The Botanica - Group 004 - Bloodwarder Greenkeeper (2) - Bloodwarder Mender', 0, 0, 0, 0, 1, 0),
(@SGGUID+5, 'The Botanica - Group 005 - Bloodwarder Greenkeeper (2) - Bloodwarder Mender', 0, 0, 0, 0, 1, 0),
(@SGGUID+6, 'The Botanica - Group 006 - Bloodwarder Greenkeeper (2) - Bloodwarder Mender', 0, 0, 0, 0, 1, 0),
(@SGGUID+7, 'The Botanica - Group 007 - Bloodwarder Protector (2)', 0, 0, 0, 0, 1, @STRINGID+4),
(@SGGUID+8, 'The Botanica - Group 008 - Bloodwarder Greenkeeper (2) - Bloodwarder Mender', 0, 0, 0, 0, 1, 0),
(@SGGUID+9, 'The Botanica - Group 009 - Bloodwarder Falconer - Bloodfalcon (3)', 0, 4, 0, 0, 3, 0),
(@SGGUID+10, 'The Botanica - Group 010 - Bloodwarder Protector (2)', 0, 0, 0, 0, 1, @STRINGID+5),
(@SGGUID+11, 'The Botanica - Group 011 - Bloodwarder Protector (2) - Bloodwarder Steward', 0, 0, 0, 0, 1, @STRINGID+6),
(@SGGUID+12, 'The Botanica - Group 012 - Bloodwarder Falconer - Bloodfalcon (3)', 0, 4, 0, 0, 1, 0),
(@SGGUID+13, 'The Botanica - Group 013 - Bloodwarder Steward - Bloodwarder Protector (2)', 0, 0, 0, 0, 1, @STRINGID+12),
(@SGGUID+14, 'The Botanica - Group 014 - Bloodwarder Steward - Bloodwarder Protector (2)', 0, 0, 0, 0, 1, @STRINGID+13),
(@SGGUID+15, 'The Botanica - Group 015 - Bloodwarder Steward - Bloodwarder Protector (2)', 0, 0, 0, 0, 1, @STRINGID+14),
(@SGGUID+16, 'The Botanica - Group 016 - Sunseeker Botanist  - Greater Frayer - Sunseeker Researcher | Sunseeker Chemist', 0, 4, 0, 0, 1, 0),
(@SGGUID+17, 'The Botanica - Group 017 - Sunseeker Researcher | Sunseeker Chemist', 0, 3, 0, 0, 1, 0),
(@SGGUID+18, 'The Botanica - Group 018 - Sunseeker Botanist - Greater Frayer - Sunseeker Researcher | Sunseeker Chemist', 0, 5, 0, 0, 1, 0),
(@SGGUID+19, 'The Botanica - Group 019 - Sunseeker Botanist - Greater Frayer - Sunseeker Researcher | Sunseeker Chemist', 0, 5, 0, 0, 1, 0),
(@SGGUID+20, 'The Botanica - Group 020 - Sunseeker Botanist - Greater Frayer | Patrol 01', 0, 0, 0, 0, 1, 0),
(@SGGUID+21, 'The Botanica - Group 021 - Sunseeker Botanist - Greater Frayer | Patrol 02', 0, 0, 0, 0, 1, 0),
(@SGGUID+22, 'The Botanica - Group 022 - Sunseeker Geomancer - Frayer (8)', 0, 0, 0, 0, 1, 0),
(@SGGUID+23, 'The Botanica - Group 023 - Sunseeker Researcher - Greater Frayer - Sunseeker Botanist', 0, 0, 0, 0, 0, 0), -- this group dont aggro together
(@SGGUID+24, 'The Botanica - Group 024 - Sunseeker Chemist - Greater Frayer - Sunseeker Botanist', 0, 0, 0, 0, 0, 0), -- this group dont aggro together
(@SGGUID+25, 'The Botanica - Group 025 - Sunseeker Geomancer - Frayer (8)', 0, 0, 0, 0, 3, 0), -- respawn together
(@SGGUID+26, 'The Botanica - Group 026 - Sunseeker Harvester - Sunseeker Herbalist (2)', 0, 0, 0, 0, 1, 0), 
(@SGGUID+27, 'The Botanica - Group 027 - Sunseeker Channeler (2)', 0, 0, 0, 0, 1, @STRINGID+16), 
(@SGGUID+28, 'The Botanica - Group 028 - Sunseeker Channeler (2)', 0, 0, 0, 0, 1, @STRINGID+17), 
(@SGGUID+29, 'The Botanica - Group 029 - Nethervine Inciter - Nethervine Reaper | Patrol 03', 0, 0, 0, 0, 1, 0),
(@SGGUID+30, 'The Botanica - Group 030 - Nethervine Inciter (2)- Nethervine Reaper (2)', 0, 0, 0, 0, 1, 0),
(@SGGUID+31, 'The Botanica - Group 031 - Nethervine Inciter (2)- Nethervine Reaper (2)', 0, 0, 0, 0, 1, 0),
(@SGGUID+32, 'The Botanica - Group 032 - Sunseeker Gene-Splicer - Sunseeker Herbalist - Sunseeker Harvester - Mutate Fleshlasher (2)', 0, 0, 0, 0, 3, 0), -- aggro and respawn together
(@SGGUID+33, 'The Botanica - Group 033 - Sunseeker Gene-Splicer - Sunseeker Harvester (2) - Mutate Fleshlasher (2)', 0, 0, 0, 0, 3, 0), -- aggro and respawn together
(@SGGUID+34, 'The Botanica - Group 034 - Sunseeker Gene-Splicer - Sunseeker Herbalist - Sunseeker Harvester - Mutate Fleshlasher (2)', 0, 0, 0, 0, 3, 0), -- aggro and respawn together
(@SGGUID+35, 'The Botanica - Group 035 - Bloodwarder Protector (2)', 0, 0, 0, 0, 1, 0),
(@SGGUID+36, 'The Botanica - Group 036 - Mutate Horror (2) - Mutate Fear-Shrieker (2)', 0, 0, 0, 0, 1, 0),
(@SGGUID+37, 'The Botanica - Group 037 - Mutate Horror (2) - Mutate Fear-Shrieker (2)', 0, 0, 0, 0, 1, 0),
(@SGGUID+38, 'The Botanica - Group 038 - Mutate Horror (2) - Mutate Fear-Shrieker (2)', 0, 0, 0, 0, 1, 0),
(@SGGUID+39, 'The Botanica - Group 039 - Bloodwarder Protector (2)', 0, 0, 0, 0, 1, @STRINGID+19);

INSERT INTO `spawn_group_entry` (`Id`, `Entry`, `MinCount`, `MaxCount`, `Chance`) VALUES
(@SGGUID+16, 18421, 1, 1, 0), (@SGGUID+16, 19486, 1, 1, 0), -- Sunseeker Researcher, Sunseeker Chemist
(@SGGUID+17, 18421, 1, 2, 0), (@SGGUID+17, 19486, 1, 2, 0), -- Sunseeker Researcher, Sunseeker Chemist
(@SGGUID+18, 18421, 1, 2, 0), (@SGGUID+18, 19486, 1, 2, 0), -- Sunseeker Researcher, Sunseeker Chemist
(@SGGUID+19, 18421, 1, 2, 0), (@SGGUID+19, 19486, 1, 2, 0); -- Sunseeker Researcher, Sunseeker Chemist

INSERT INTO `spawn_group_spawn` (`Id`, `Guid`, `SlotId`, `Chance`) VALUES
(@SGGUID+1, @CGUID+15, 0, 0), -- Bloodwarder Protector - right
(@SGGUID+1, @CGUID+16, 1, 0), -- Bloodwarder Protector - left

(@SGGUID+2, @CGUID+17, 0, 0), -- Bloodwarder Protector - right
(@SGGUID+2, @CGUID+18, 1, 0), -- Bloodwarder Protector - left

(@SGGUID+3, @CGUID+6, 0, 0), -- Bloodwarder Protector - right
(@SGGUID+3, @CGUID+19, 1, 0), -- Bloodwarder Protector - left

(@SGGUID+4, @CGUID+180, 0, 0), -- Bloodwarder Mender
(@SGGUID+4, @CGUID+48, 1, 0), -- Bloodwarder Greenkeeper
(@SGGUID+4, @CGUID+51, 2, 0), -- Bloodwarder Greenkeeper

(@SGGUID+5, @CGUID+177, 0, 0), -- Bloodwarder Mender
(@SGGUID+5, @CGUID+45, 1, 0), -- Bloodwarder Greenkeeper
(@SGGUID+5, @CGUID+44, 2, 0), -- Bloodwarder Greenkeeper

(@SGGUID+6, @CGUID+178, 0, 0), -- Bloodwarder Mender
(@SGGUID+6, @CGUID+47, 1, 0), -- Bloodwarder Greenkeeper
(@SGGUID+6, @CGUID+46, 2, 0), -- Bloodwarder Greenkeeper

(@SGGUID+7, @CGUID+7, 0, 0), -- Bloodwarder Protector - left
(@SGGUID+7, @CGUID+8, 1, 0), -- Bloodwarder Protector - right

(@SGGUID+8, @CGUID+179, 0, 0), -- Bloodwarder Mender
(@SGGUID+8, @CGUID+49, 1, 0), -- Bloodwarder Greenkeeper
(@SGGUID+8, @CGUID+50, 2, 0), -- Bloodwarder Greenkeeper

(@SGGUID+9, @CGUID+28, 0, 0), -- Bloodwarder Falconer
(@SGGUID+9, @CGUID+30, 1, 0), -- Bloodfalcon
(@SGGUID+9, @CGUID+31, 2, 0), -- Bloodfalcon
(@SGGUID+9, @CGUID+32, 3, 0), -- Bloodfalcon

(@SGGUID+10, @CGUID+9, 0, 0), -- Bloodwarder Protector - right
(@SGGUID+10, @CGUID+10, 1, 0), -- Bloodwarder Protector - left

(@SGGUID+11, @CGUID+36, 0, 0), -- Bloodwarder Steward
(@SGGUID+11, @CGUID+11, 1, 0), -- Bloodwarder Protector - right
(@SGGUID+11, @CGUID+12, 2, 0), -- Bloodwarder Protector - left

(@SGGUID+12, @CGUID+29, 0, 0), -- Bloodwarder Falconer
(@SGGUID+12, @CGUID+33, 1, 0), -- Bloodfalcon
(@SGGUID+12, @CGUID+34, 2, 0), -- Bloodfalcon
(@SGGUID+12, @CGUID+35, 3, 0), -- Bloodfalcon

(@SGGUID+13, @CGUID+37, 0, 0), -- Bloodwarder Steward
(@SGGUID+13, @CGUID+20, 1, 0), -- Bloodwarder Protector
(@SGGUID+13, @CGUID+21, 2, 0), -- Bloodwarder Protector

(@SGGUID+14, @CGUID+39, 0, 0), -- Bloodwarder Steward
(@SGGUID+14, @CGUID+24, 1, 0), -- Bloodwarder Protector
(@SGGUID+14, @CGUID+25, 2, 0), -- Bloodwarder Protector

(@SGGUID+15, @CGUID+38, 0, 0), -- Bloodwarder Steward
(@SGGUID+15, @CGUID+22, 1, 0), -- Bloodwarder Protector
(@SGGUID+15, @CGUID+23, 2, 0), -- Bloodwarder Protector

(@SGGUID+16, @CGUID+63, 0, 0), -- Sunseeker Botanist
(@SGGUID+16, @CGUID+144, 1, 0), -- Greater Frayer
(@SGGUID+16, @CGUID+54, 2, 0), -- spawn_group_entry
(@SGGUID+16, @CGUID+86, 3, 0), -- spawn_group_entry

(@SGGUID+17, @CGUID+87, 0, 0), -- spawn_group_entry
(@SGGUID+17, @CGUID+62, 1, 0), -- spawn_group_entry
(@SGGUID+17, @CGUID+56, 2, 0), -- spawn_group_entry

(@SGGUID+18, @CGUID+67, 0, 0), -- Sunseeker Botanist
(@SGGUID+18, @CGUID+148, 1, 0), -- Greater Frayer
(@SGGUID+18, @CGUID+57, 2, 0), -- spawn_group_entry
(@SGGUID+18, @CGUID+89, 3, 0), -- spawn_group_entry
(@SGGUID+18, @CGUID+58, 3, 0), -- spawn_group_entry

(@SGGUID+19, @CGUID+65, 0, 0), -- Sunseeker Botanist
(@SGGUID+19, @CGUID+146, 1, 0), -- Greater Frayer
(@SGGUID+19, @CGUID+55, 2, 0), -- spawn_group_entry
(@SGGUID+19, @CGUID+59, 3, 0), -- spawn_group_entry
(@SGGUID+19, @CGUID+88, 3, 0), -- spawn_group_entry

(@SGGUID+20, @CGUID+64, 0, 0), -- Sunseeker Botanist
(@SGGUID+20, @CGUID+145, 1, 0), -- Greater Frayer

(@SGGUID+21, @CGUID+66, 0, 0), -- Sunseeker Botanist
(@SGGUID+21, @CGUID+147, 1, 0), -- Greater Frayer

(@SGGUID+22, @CGUID+52, 0, 0), -- Sunseeker Geomancer
(@SGGUID+22, @CGUID+70, 1, 0), -- Frayer
(@SGGUID+22, @CGUID+71, 2, 0), -- Frayer
(@SGGUID+22, @CGUID+72, 3, 0), -- Frayer
(@SGGUID+22, @CGUID+73, 4, 0), -- Frayer
(@SGGUID+22, @CGUID+74, 5, 0), -- Frayer
(@SGGUID+22, @CGUID+75, 6, 0), -- Frayer
(@SGGUID+22, @CGUID+76, 7, 0), -- Frayer
(@SGGUID+22, @CGUID+77, 8, 0), -- Frayer

(@SGGUID+23, @CGUID+60, 0, 0), -- Sunseeker Researcher
(@SGGUID+23, @CGUID+68, 1, 0), -- Sunseeker Botanist
(@SGGUID+23, @CGUID+149, 2, 0), -- Greater Frayer 
(@SGGUID+24, @CGUID+90, 0, 0), -- Sunseeker Chemist
(@SGGUID+24, @CGUID+69, 1, 0), -- Sunseeker Botanist
(@SGGUID+24, @CGUID+150, 2, 0), -- Greater Frayer 

(@SGGUID+25, @CGUID+53, 0, 0), -- Sunseeker Geomancer
(@SGGUID+25, @CGUID+78, 1, 0), -- Frayer
(@SGGUID+25, @CGUID+79, 2, 0), -- Frayer
(@SGGUID+25, @CGUID+80, 3, 0), -- Frayer
(@SGGUID+25, @CGUID+81, 4, 0), -- Frayer
(@SGGUID+25, @CGUID+82, 5, 0), -- Frayer
(@SGGUID+25, @CGUID+83, 6, 0), -- Frayer
(@SGGUID+25, @CGUID+84, 7, 0), -- Frayer
(@SGGUID+25, @CGUID+85, 8, 0), -- Frayer

(@SGGUID+26, @CGUID+120, 0, 0), -- Sunseeker Harvester
(@SGGUID+26, @CGUID+114, 1, 0), -- Sunseeker Herbalist
(@SGGUID+26, @CGUID+115, 2, 0), -- Sunseeker Herbalist

(@SGGUID+27, @CGUID+92, 0, 0), -- Sunseeker Channeler
(@SGGUID+27, @CGUID+93, 1, 0), -- Sunseeker Channeler

(@SGGUID+28, @CGUID+94, 0, 0), -- Sunseeker Channeler
(@SGGUID+28, @CGUID+95, 1, 0), -- Sunseeker Channeler

(@SGGUID+29, @CGUID+128, 0, 0), -- Nethervine Inciter
(@SGGUID+29, @CGUID+133, 1, 0), -- Nethervine Reaper

(@SGGUID+30, @CGUID+125, 0, 0), -- Nethervine Inciter
(@SGGUID+30, @CGUID+126, 1, 0), -- Nethervine Inciter
(@SGGUID+30, @CGUID+131, 2, 0), -- Nethervine Reaper
(@SGGUID+30, @CGUID+132, 3, 0), -- Nethervine Reaper

(@SGGUID+31, @CGUID+123, 0, 0), -- Nethervine Inciter
(@SGGUID+31, @CGUID+124, 1, 0), -- Nethervine Inciter
(@SGGUID+31, @CGUID+129, 2, 0), -- Nethervine Reaper
(@SGGUID+31, @CGUID+130, 3, 0), -- Nethervine Reaper

(@SGGUID+32, @CGUID+97, 0, 0), -- Sunseeker Gen-Splicer
(@SGGUID+32, @CGUID+112, 1, 0), -- Sunseeker Herbalist
(@SGGUID+32, @CGUID+116, 2, 0), -- Sunseeker Harvester
(@SGGUID+32, @CGUID+151, 3, 0), -- Mutate Fleshlasher
(@SGGUID+32, @CGUID+152, 4, 0), -- Mutate Fleshlasher

(@SGGUID+33, @CGUID+98, 0, 0), -- Sunseeker Gen-Splicer
(@SGGUID+33, @CGUID+117, 1, 0), -- Sunseeker Harvester
(@SGGUID+33, @CGUID+118, 2, 0), -- Sunseeker Harvester
(@SGGUID+33, @CGUID+153, 3, 0), -- Mutate Fleshlasher
(@SGGUID+33, @CGUID+154, 4, 0), -- Mutate Fleshlasher

(@SGGUID+34, @CGUID+99, 0, 0), -- Sunseeker Gen-Splicer
(@SGGUID+34, @CGUID+113, 1, 0), -- Sunseeker Herbalist
(@SGGUID+34, @CGUID+119, 2, 0), -- Sunseeker Harvester
(@SGGUID+34, @CGUID+155, 3, 0), -- Mutate Fleshlasher
(@SGGUID+34, @CGUID+156, 4, 0), -- Mutate Fleshlasher

(@SGGUID+35, @CGUID+13, 0, 0), -- Bloodwarder Protector - right
(@SGGUID+35, @CGUID+14, 1, 0), -- Bloodwarder Protector - left

(@SGGUID+36, @CGUID+183, 0, 0), -- Mutate Horror
(@SGGUID+36, @CGUID+184, 1, 0), -- Mutate Horror
(@SGGUID+36, @CGUID+135, 2, 0), -- Mutate Fear-Shrieker
(@SGGUID+36, @CGUID+134, 3, 0), -- Mutate Fear-Shrieker

(@SGGUID+37, @CGUID+185, 0, 0), -- Mutate Horror
(@SGGUID+37, @CGUID+186, 1, 0), -- Mutate Horror
(@SGGUID+37, @CGUID+136, 2, 0), -- Mutate Fear-Shrieker
(@SGGUID+37, @CGUID+137, 3, 0), -- Mutate Fear-Shrieker

(@SGGUID+38, @CGUID+187, 0, 0), -- Mutate Horror
(@SGGUID+38, @CGUID+188, 1, 0), -- Mutate Horror
(@SGGUID+38, @CGUID+138, 2, 0), -- Mutate Fear-Shrieker
(@SGGUID+38, @CGUID+139, 3, 0), -- Mutate Fear-Shrieker

(@SGGUID+39, @CGUID+26, 0, 0), -- Bloodwarder Protector - left
(@SGGUID+39, @CGUID+27, 1, 0); -- Bloodwarder Protector - right

INSERT INTO `spawn_group_formation` (`Id`, `FormationType`, `FormationSpread`, `FormationOptions`, `PathId`, `MovementType`, `Comment`) VALUES
(@SGGUID+20, 1, 3, 0, @SGGUID+20, 2, 'The Botanica - Group 020 - Sunseeker Botanist - Greater Frayer | Patrol 01'),
(@SGGUID+21, 1, 3, 0, @SGGUID+21, 2, 'The Botanica - Group 021 - Sunseeker Botanist - Greater Frayer | Patrol 02'),
(@SGGUID+29, 2, 3, 0, @SGGUID+29, 2, 'The Botanica - Group 029 - Nethervine Inciter - Nethervine Reaper | Patrol 03');


INSERT INTO `waypoint_path_name` (`PathId`, `Name`) VALUES
(@SGGUID+20, 'The Botanica - Group 020 - Sunseeker Botanist - Greater Frayer | Patrol 01'),
(@SGGUID+21, 'The Botanica - Group 021 - Sunseeker Botanist - Greater Frayer | Patrol 02'),
(@SGGUID+29, 'The Botanica - Group 029 - Nethervine Inciter - Nethervine Reaper | Patrol 03');

INSERT INTO `waypoint_path` (`PathId`, `Point`, `PositionX`, `PositionY`, `PositionZ`, `Orientation`, `WaitTime`, `ScriptId`) VALUES
(@SGGUID+20, 1, 161.32674, 377.6318, -5.38641,3.892084121704101562, 20000, 0), -- waittime between 15-25 seconds
(@SGGUID+20, 2, 164.73518, 383.69333, -5.3864155, 100, 0, 0),
(@SGGUID+20, 3, 164.08838, 388.16116, -5.386421, 100, 0, 0),
(@SGGUID+20, 4, 161.8422, 392.52505, -5.3864274, 100, 0, 0),
(@SGGUID+20, 5, 159.04375, 394.92587, -5.3864317, 100, 0, 0),
(@SGGUID+20, 6, 154.68452, 398.07758, -5.386438, 100, 0, 0),
(@SGGUID+20, 7, 153.94124, 401.8906, -5.3864427,0.942477762699127197, 20000, 0), -- waittime between 15-25 seconds
(@SGGUID+20, 8, 157.82056, 395.40057, -5.386433, 100, 0, 0),
(@SGGUID+20, 9, 160.73982, 392.51236, -5.386428, 100, 0, 0),
(@SGGUID+20, 10, 163.7198, 388.017, -5.386421, 100, 0, 0),
(@SGGUID+20, 11, 163.84503, 385.06787, -5.386418, 100, 0, 0),
(@SGGUID+20, 12, 163.11421, 380.81992, -5.386413, 100, 0, 0),

(@SGGUID+21, 1, 161.58592, 402.9305, -5.38644,2.268928050994873046, 20000, 0), -- waittime between 15-25 seconds
(@SGGUID+21, 2, 168.7618, 399.839, -5.386432, 100, 0, 0),
(@SGGUID+21, 3, 172.81506, 400.5747, -5.3864307, 100, 0, 0),
(@SGGUID+21, 4, 177.91023, 400.0075, -5.3864274, 100, 0, 0),
(@SGGUID+21, 5, 181.75496, 397.46924, -5.3864226, 100, 0, 0),
(@SGGUID+21, 6, 182.47469, 393.09888, -5.3864174, 100, 0, 0),
(@SGGUID+21, 7, 183.03293, 388.3197, -5.386411, 100, 0, 0),
(@SGGUID+21, 8, 185.39342, 384.4199, -5.3914785, 100, 0, 0),
(@SGGUID+21, 9, 188.07881, 383.3712, -5.397547, 100, 0, 0),
(@SGGUID+21, 10, 191.3777, 384.4846, -5.4048786,0.767944872379302978, 20000, 0), -- waittime between 15-25 seconds
(@SGGUID+21, 11, 183.88887, 388.4998, -5.3879004, 100, 0, 0),
(@SGGUID+21, 12, 182.7735, 392.4268, -5.3864164, 100, 0, 0),
(@SGGUID+21, 13, 181.82643, 397.84805, -5.386423, 100, 0, 0),
(@SGGUID+21, 14, 177.46024, 402.43765, -5.3864307, 100, 0, 0),
(@SGGUID+21, 15, 169.00165, 404.75284, -5.386438, 100, 0, 0),

(@SGGUID+29, 1, -9.34382, 516.5084, -5.6364613, 100, 0, 0),
(@SGGUID+29, 2, 4.990617, 518.1604, -7.1384215, 100, 0, 0),
(@SGGUID+29, 3, 19.445581, 526.3201, -11.257847, 100, 0, 0),
(@SGGUID+29, 4, 23.91135, 540.4265, -18.37715, 100, 0, 0),
(@SGGUID+29, 5, 18.103956, 548.5428, -18.329508, 100, 0, 0),
(@SGGUID+29, 6, -1.83314, 553.56354, -18.160204, 100, 0, 0),
(@SGGUID+29, 7, -17.958172, 553.2923, -18.191555, 100, 0, 0),
(@SGGUID+29, 8, -30.428175, 550.3372, -18.30474, 100, 0, 0),
(@SGGUID+29, 9, -43.321644, 544.68585, -18.359993, 100, 0, 0),
(@SGGUID+29, 10, -46.765606, 533.5467, -15.893311, 100, 0, 0),
(@SGGUID+29, 11, -37.181698, 524.0293, -10.16431, 100, 0, 0),
(@SGGUID+29, 12, -21.582249, 517.7063, -6.4752502, 100, 0, 0);

-- =======
-- POOLING
-- =======

-- INSERT INTO `pool_pool` (`pool_id`, `mother_pool`, `chance`, `description`) VALUES

REPLACE INTO `pool_template` (`entry`, `max_limit`, `description`) VALUES
(@PGUID+21, 2, 'The Botanica - Master Felweed (181270) / Terocone (181277) Pool'), -- gameobject
(@PGUID+22, 1, 'The Botanica - Master Dreaming Glory (181271) Pool'),
(@PGUID+23, 1, 'The Botanica - Master Netherbloom (181279) Pool'),
(@PGUID+24, 1, 'The Botanica - Bound / Solid Adamantite Chest');

-- INSERT INTO `pool_creature` (`guid`, `pool_entry`, `chance`, `description`) VALUES
-- INSERT INTO `pool_creature_template` (`id`, `pool_entry`, `chance`, `description`) VALUES

INSERT INTO `pool_gameobject` (`guid`, `pool_entry`, `chance`, `description`) VALUES
(@OGUID+5, @PGUID+21, 0, 'The Botanica - Felweed (181270)'),
(@OGUID+6, @PGUID+21, 0, 'The Botanica - Felweed (181270)'),
(@OGUID+7, @PGUID+21, 0, 'The Botanica - Felweed (181270)'),
(@OGUID+8, @PGUID+21, 0, 'The Botanica - Felweed (181270)'),
(@OGUID+9, @PGUID+21, 0, 'The Botanica - Felweed (181270)'),
(@OGUID+10, @PGUID+21, 0, 'The Botanica - Felweed (181270)'),
(@OGUID+11, @PGUID+22, 0, 'The Botanica - Dreaming Glory (181271)'),
(@OGUID+12, @PGUID+22, 0, 'The Botanica - Dreaming Glory (181271)'),
(@OGUID+13, @PGUID+22, 0, 'The Botanica - Dreaming Glory (181271)'),
(@OGUID+14, @PGUID+21, 0, 'The Botanica - Terocone (181277)'),
(@OGUID+15, @PGUID+23, 0, 'The Botanica - Netherbloom (181279)'),
(@OGUID+16, @PGUID+23, 0, 'The Botanica - Netherbloom (181279)'),
(@OGUID+17, @PGUID+23, 0, 'The Botanica - Netherbloom (181279)'),
(@OGUID+18, @PGUID+24, 0, 'The Botanica - Bound Adamantite Chest (184940)'),
(@OGUID+19, @PGUID+24, 0, 'The Botanica - Solid Adamantite Chest (184941)');

-- INSERT INTO `pool_gameobject_template` (`id`, `pool_entry`, `chance`, `description`) VALUES

-- =========
-- DBSCRIPTS
-- =========

DELETE FROM dbscripts_on_creature_movement WHERE id IN (1797501, 1797601, 1799301, 1799302, 1799303, 1799304, 1815501, 1840401, 1842001, 1842002, 1842003, 1842101, 1950501, 1950502);
INSERT INTO `dbscripts_on_creature_movement` (`id`, `delay`, `priority`, `command`, `datalong`, `datalong2`, `datalong3`, `buddy_entry`, `search_radius`, `data_flags`, `dataint`, `dataint2`, `dataint3`, `dataint4`, `x`, `y`, `z`, `o`, `comments`) VALUES
-- High Botanist Freywinn
(1797501, 10000, 1, 0, 0, 0, 0, 0, 0, 0, 16945, 16946, 16947, 16948, 0, 0, 0, 0, 'High Botanist Freywinn - Say Text'),
-- Commander Sarannis RP 
(1797601, 0, 0, 45, 0, @RELAYID+3, 0, 0, 0, 0, 0, 0, 0, 0, 0, 0, 0, 0, 'Commander Sarannis - 10% chance to yell, 10% chance to talk with friends'),
-- Sunseeker Protector entrance Intro 
(1799301, 0, 0, 20, 0, 0, 0, 0, 0, 0, 0, 0, 0, 0, 0, 0, 0, 0, 'Bloodwarder Protector - Disable Waypoint Movement'),
(1799301, 2000, 0, 1, 66, 0, 0, 0, 0, 0, 0, 0, 0, 0, 0, 0, 0, 0, 'Bloodwarder Protector - Emote Salute'),
(1799301, 4000, 0, 1, 333, 0, 0, 0, 0, 0, 0, 0, 0, 0, 0, 0, 0, 0, 'Bloodwarder Protector - Emote STATE_READY1H'),
(1799302, 0, 0, 25, 1, 0, 0, 0, 0, 0, 0, 0, 0, 0, 0, 0, 0, 0, 'Bloodwarder Protector - RunMode On'),
(1799302, 0, 1, 0, 0, 0, 0, 0, 0, 0, 16993, 0, 0, 0, 0, 0, 0, 0, 'Bloodwarder Protector - Yell Text'),
(1799303, 0, 0, 25, 1, 0, 0, 0, 0, 0, 0, 0, 0, 0, 0, 0, 0, 0, 'Bloodwarder Protector - RunMode On'),
(1799303, 0, 1, 0, 0, 0, 0, 0, 0, 0, 16994, 0, 0, 0, 0, 0, 0, 0, 'Bloodwarder Protector - Yell Text'),
(1799304, 0, 0, 20, 0, 0, 0, 0, 0, 0, 0, 0, 0, 0, 0, 0, 0, 0, 'Bloodwarder Protector - Disable Waypoint Movement'),
(1799304, 1000, 0, 15, 7, 0, 0, 0, 0, 0, 0, 0, 0, 0, 0, 0, 0, 0, 'Bloodwarder Protector - Cast Suicide'),
-- Bloodfalcon after RP waypoints go back to rnd movement with 3y dist 
(1815501, 0, 0, 20, 0, 0, 0, 0, 0, 0, 0, 0, 0, 0, 0, 0, 0, 0, 'Bloodfalcon - Disable Movement'),
(1815501, 1000, 0, 20, 1, 3, 0, 0, 0, 0, 0, 0, 0, 0, 0, 0, 0, 0, 'Bloodfalcon - RandomMovement 3yards'),
-- Bloodwarder Steward
(1840401, 0, 0, 20, 0, 0, 0, 0, 0, 0, 0, 0, 0, 0, 0, 0, 0, 0, 'Bloodwarder Steward - Disable Waypoint Movement'),
(1840401, 1000, 0, 1, 5, 0, 0, 0, 0, 0, 0, 0, 0, 0, 0, 0, 0, 0, 'Bloodwarder Protector - Emote Exclamation'),
(1840401, 4000, 0, 20, 2, 1, 0, 0, 0, 0, 0, 0, 0, 0, 0, 0, 0, 0, 'Bloodwarder Steward - Move Waypoints'),
-- Sunseeker Geomancer
(1842001, 2000, 0, 15, 34167, 0, 0, 0, 0, 0, 0, 0, 0, 0, 0, 0, 0, 0, 'Sunseeker Geomancer - Cast Blizard'), 
(1842001, 20000, 0, 15, 34169, 0, 0, 0, 0, 0, 0, 0, 0, 0, 0, 0, 0, 0, 'Sunseeker Geomancer - Cast RainOfFire'), 
(1842002, 1000, 0, 15, 34170, 0, 0, 0, 0, 0, 0, 0, 0, 0, 0, 0, 0, 0, 'Sunseeker Geomancer - Cast Arcane Explosion'),
(1842002, 3000, 0, 15, 34170, 0, 0, 0, 0, 0, 0, 0, 0, 0, 0, 0, 0, 0, 'Sunseeker Geomancer - Cast Arcane Explosion'), 
(1842002, 5000, 0, 15, 34170, 0, 0, 0, 0, 0, 0, 0, 0, 0, 0, 0, 0, 0, 'Sunseeker Geomancer - Cast Arcane Explosion'), 
(1842002, 8000, 0, 0, 0, 0, 0, 0, 0, 0, 17178, 0, 0, 0, 0, 0, 0, 0, 'Sunseeker Geomancer - Say Text'),
(1842003, 1000, 0, 15, 34170, 0, 0, 0, 0, 0, 0, 0, 0, 0, 0, 0, 0, 0, 'Sunseeker Geomancer - Cast Arcane Explosion'),
(1842003, 3000, 0, 15, 34170, 0, 0, 0, 0, 0, 0, 0, 0, 0, 0, 0, 0, 0, 'Sunseeker Geomancer - Cast Arcane Explosion'), 
(1842003, 5000, 0, 15, 34170, 0, 0, 0, 0, 0, 0, 0, 0, 0, 0, 0, 0, 0, 'Sunseeker Geomancer - Cast Arcane Explosion'), 
-- Sunseeker Researcher Patroling at 2nd Boss
(1842101, 1000, 0, 31, 17975, 10, 0, 0, 0, 0, 0, 0, 0, 0, 0, 0, 0, 0, 'Sunseeker Researcher - Terminate if High Botanist Freywinn'),
(1842101, 2000, 0, 36, 0, 0, 0, 17975, 10, 1, 0, 0, 0, 0, 0, 0, 0, 0, 'Sunseeker Researcher - Face High Botanist Freywinn'),
(1842101, 2000, 1, 0, 0, 0, 0, 0, 0, 0, 16942, 0, 0, 0, 0, 0, 0, 0, 'Sunseeker Researcher - Say Text'),
(1842101, 8000, 0, 36, 0, 0, 0, 17975, 10, 1, 0, 0, 0, 0, 0, 0, 0, 0, 'Sunseeker Researcher - Face High Botanist Freywinn'),
(1842101, 8000, 1, 0, 0, 0, 0, 0, 0, 0, 16942, 0, 0, 0, 0, 0, 0, 0, 'Sunseeker Researcher - Say Text'),
(1842101, 15000, 0, 0, 0, 0, 0, 0, 0, 0, 16944, 0, 0, 0, 0, 0, 0, 0, 'Sunseeker Researcher - Say EmotedText'),
-- Sunseeker Channeler
(1950501, 16000, 0, 15, 34221, 0, 0, 19555, 20, 1, 0, 0, 0, 0, 0, 0, 0, 0, 'Sunseeker Channeler - Cast Crystal Channel on TK Atrium Channel Target'),
(1950501, 44000, 0, 47, 3, 0, 0, 0, 0, 0, 0, 0, 0, 0, 0, 0, 0, 0, 'Sunseeker Channeler - Stop Channel'),
(1950502, 2000, 0, 15, 34222, 0, 0, 0, 0, 0, 0, 0, 0, 0, 0, 0, 0, 0, 'Sunseeker Channeler - Cast Sunseeker Blessing');



DELETE FROM dbscript_random_templates WHERE id BETWEEN @RELAYID+1 AND @RELAYID+3;
INSERT INTO dbscript_random_templates (id, type, target_id, chance, comments) VALUES
-- Bloodwarder Falconer RP script 
(@RELAYID+1, 1, @RELAYID+2, 0, 'Bloodwarder Falconer - random talk Bloodfalcon 01'),
(@RELAYID+1, 1, @RELAYID+3, 0, 'Bloodwarder Falconer - random talk Bloodfalcon 02'),
(@RELAYID+1, 1, @RELAYID+4, 0, 'Bloodwarder Falconer - random talk Bloodfalcon 02'),
-- 2nd Bloodwarder Falconer RP script
(@RELAYID+2, 1, @RELAYID+5, 0, 'Bloodwarder Falconer - random talk Bloodfalcon 03'),
(@RELAYID+2, 1, @RELAYID+6, 0, 'Bloodwarder Falconer - random talk Bloodfalcon 04'),
-- Commander Sarannis
(@RELAYID+3, 1, @RELAYID+7, 5, 'Commander Sarannis - random yell'),
(@RELAYID+3, 1, @RELAYID+8, 5, 'Commander Sarannis - talk event 01'),
(@RELAYID+3, 1, @RELAYID+9, 5, 'Commander Sarannis - talk event 02'),
(@RELAYID+3, 1, @RELAYID+10, 5, 'Commander Sarannis - talk event 03'),
(@RELAYID+3, 1, 0, 80, 'Commander Sarannis - nothing');

-- RelayScripts for RP handled via creature_ai_scripts
DELETE FROM dbscripts_on_relay WHERE id BETWEEN @RELAYID+1 AND @RELAYID+14;
INSERT INTO `dbscripts_on_relay` (`id`, `delay`, `priority`, `command`, `datalong`, `datalong2`, `datalong3`, `buddy_entry`, `search_radius`, `data_flags`, `dataint`, `dataint2`, `dataint3`, `dataint4`, `x`, `y`, `z`, `o`, `comments`) VALUES
-- Bloodwarder Greenkeeper at then end of first Hallway
-- On retail the rp can even happen if one of the Bloodwarder Greenkeepers is dead, to minimize dberrors we only let the rp happen when both are alive
(@RELAYID+1, 0, 0, 31, 18419, 8, 0, 0, 0, 0, 0, 0, 0, 0, 0, 0, 0, 0,'Bloodwarder Greenkeeper - Terminate Script if 2nd Bloodwarder Greenkeeper Found'),
(@RELAYID+1, 0, 1, 3, 0, 0, 0, 0, 0, 0, 0, 0, 0, 0, 0, 0, 0, 0.06981, 'Bloodwarder Greenkeeper - Move Orientation'),
(@RELAYID+1, 0, 2, 3, 0, 0, 0, 18419, 8, 0, 0, 0, 0, 0, 0, 0, 0, 3.1415, 'Bloodwarder Greenkeeper (2) - Move Orientation'),
(@RELAYID+1, 0, 3, 1, 378, 0, 0, 0, 0, 0, 0, 0, 0, 0, 0, 0, 0, 0., 'Bloodwarder Greenkeeper - Emote StateTalk'),
(@RELAYID+1, 0, 4, 1, 378, 0, 0, 18419, 8, 0, 0, 0, 0, 0, 0, 0, 0, 0, 'Bloodwarder Greenkeeper (2) - Emote StateTalk'),
(@RELAYID+1, 7000, 0, 3, 0, 0, 0, 0, 0, 0, 0, 0, 0, 0, 0, 0, 0, 2.14675, 'Bloodwarder Greenkeeper - Move Orientation'),
(@RELAYID+1, 7000, 1, 3, 0, 0, 0, 18419, 8, 0, 0, 0, 0, 0, 0, 0, 0, 0.977, 'Bloodwarder Greenkeeper (2) - Move Orientation'),
(@RELAYID+1, 7000, 2, 1, 69, 0, 0, 0, 0, 0, 0, 0, 0, 0, 0, 0, 0, 0., 'Bloodwarder Greenkeeper - Emote StateUseStanding'),
(@RELAYID+1, 7000, 3, 1, 69, 0, 0, 18419, 8, 0, 0, 0, 0, 0, 0, 0, 0, 0, 'Bloodwarder Greenkeeper (2) - Emote StateUseStanding'),
-- Bloodwarder Falconer RP 01 with Bloodfalcon CGUID+30
(@RELAYID+2,0,0,31,0,10,0,@STRINGID+7,10,0x800,0,0,0,0,0,0,0,0, 'Bloodwarder Falconer - search for string id - terminate if not found'),
(@RELAYID+2,1,1,3,0,0,0,0,0,0,0,0,0,0,0,0,0,6.265731, 'Bloodwarder Falconer - Change Orientation'),
(@RELAYID+2,1,2,1,25,0,0,0,0,0,0,0,0,0,0,0,0,0, 'Bloodwarder Falconer - Emote Point'),
(@RELAYID+2,1,3,0,0,0,0,0,0,0,16783,0,0,0,0,0,0,0, 'Bloodwarder Falconer - Say Text'),
(@RELAYID+2,1,4,20,2,1,0,@STRINGID+7,10,2048,2,0,0,0,0,0,0,0, 'StringId - start waypoints'),
-- Bloodwarder Falconer RP 02 with Bloodfalcon CGUID+31
(@RELAYID+3,0,0,31,0,10,0,@STRINGID+8,10,0x800,0,0,0,0,0,0,0,0, 'Bloodwarder Falconer - search for string id - terminate if not found'),
(@RELAYID+3,1,1,3,0,0,0,0,0,0,0,0,0,0,0,0,0,1.570796, 'Bloodwarder Falconer - Change Orientation'),
(@RELAYID+3,1,2,1,25,0,0,0,0,0,0,0,0,0,0,0,0,0, 'Bloodwarder Falconer - Emote Point'),
(@RELAYID+3,1,3,0,0,0,0,0,0,0,16783,0,0,0,0,0,0,0, 'Bloodwarder Falconer - Say Text'),
(@RELAYID+3,1,4,20,2,2,0,@STRINGID+8,10,2048,2,0,0,0,0,0,0,0, 'StringId - start waypoints'),
-- Bloodwarder Falconer RP 03 with Bloodfalcon CGUID+32
(@RELAYID+4,0,0,31,0,10,0,@STRINGID+9,10,0x800,0,0,0,0,0,0,0,0, 'Bloodwarder Falconer - search for string id - terminate if not found'),
(@RELAYID+4,1,1,3,0,0,0,0,0,0,0,0,0,0,0,0,0,4.7822, 'Bloodwarder Falconer - face StringID'),
(@RELAYID+4,1,2,1,25,0,0,0,0,0,0,0,0,0,0,0,0,0, 'Bloodwarder Falconer - Emote Point'),
(@RELAYID+4,1,3,0,0,0,0,0,0,0,16783,0,0,0,0,0,0,0, 'Bloodwarder Falconer - Say Text'),
(@RELAYID+4,1,4,20,2,3,0,@STRINGID+9,10,2048,2,0,0,0,0,0,0,0, 'StringId - start waypoints'),
-- 2nd Bloodwarder Falconer RP 01 with Bloodfalcone CGUID+34
(@RELAYID+5,0,0,31,0,10,0,@STRINGID+10,10,0x800,0,0,0,0,0,0,0,0, 'Bloodwarder Falconer - search for string id - terminate if not found'),
(@RELAYID+5,1,1,36,0,0,0,@STRINGID+10,10,2049,0,0,0,0,0,0,0,0,'Bloodwarder Falconer - face StringID'),
(@RELAYID+5,1,2,1,25,0,0,0,0,0,0,0,0,0,0,0,0,0, 'Bloodwarder Falconer - Emote Point'),
(@RELAYID+5,1,3,0,0,0,0,0,0,0,16783,0,0,0,0,0,0,0, 'Bloodwarder Falconer - Say Text'),
(@RELAYID+5,1,4,20,2,4,0,@STRINGID+10,10,2048,2,0,0,0,0,0,0,0, 'StringId - start waypoints'),
-- 2nd Bloodwarder Falconer RP 01 with Bloodfalcone CGUID+35
(@RELAYID+6,0,0,31,0,10,0,@STRINGID+11,10,0x800,0,0,0,0,0,0,0,0, 'Bloodwarder Falconer - search for string id - terminate if not found'),
(@RELAYID+6,1,1,36,0,0,0,@STRINGID+11,10,2049,0,0,0,0,0,0,0,0,'Bloodwarder Falconer - face StringID'),
(@RELAYID+6,1,2,1,25,0,0,0,0,0,0,0,0,0,0,0,0,0, 'Bloodwarder Falconer - Emote Point'),
(@RELAYID+6,1,3,0,0,0,0,0,0,0,16783,0,0,0,0,0,0,0, 'Bloodwarder Falconer - Say Text'),
(@RELAYID+6,1,4,20,2,5,0,@STRINGID+11,10,2048,2,0,0,0,0,0,0,0, 'StringId - start waypoints'),
-- Commander Sarannis random Yell
(@RELAYID+7,0,0,32,1,0,0,0,0,0,0,0,0,0,0,0,0,0, 'Commander Sarannis - Stop Waypoint'),
(@RELAYID+7,1,0,3,0,0,0,0,0,0,0,0,0,0,155.922,290.894,-4.873918,0, 'Commander Sarannis - MoveToPoint'),
(@RELAYID+7,2000,0,1,4,0,0,0,0,0,0,0,0,0,0,0,0,0, 'Commander Sarannis - Emote Cheer'),
(@RELAYID+7,2000,1,0,0,0,0,0,0,0,16861,0,0,0,0,0,0,0, 'Commander Sarannis - Say Text'),
(@RELAYID+7,8000,0,32,0,0,0,0,0,0,0,0,0,0,0,0,0,0, 'Commander Sarannis - Start Waypoint'),
-- Commander Sarannis talk event group 01
(@RELAYID+8,0,0,31,0,10,0,@STRINGID+12,20,0x800,0,0,0,0,0,0,0,0, 'Commander Sarannis - search for string id - terminate if not found'),
(@RELAYID+8,1,0,32,1,0,0,0,0,0,0,0,0,0,0,0,0,0, 'Commander Sarannis - Stop Waypoint'),
(@RELAYID+8,1,1,3,0,0,0,0,0,0,0,0,0,0,151.53856,284.7357,-4.882605,0, 'Commander Sarannis - MoveToPoint'),
(@RELAYID+8,3000,0,3,0,0,0,0,0,0,0,0,0,0,0,0,0,4.7538, 'Commander Sarannis - Change Orientation'),
(@RELAYID+8,3000,1,1,66,0,0,0,0,0,0,0,0,0,0,0,0,0, 'Commander Sarannis - Emote OneShotSalute'),
(@RELAYID+8,3000,2,36,0,0,0,@STRINGID+12,5,2560,0,0,0,0,0,0,0,0, 'StringId - face Commander Sarannis'),
(@RELAYID+8,3000,3,1,66,0,0,@STRINGID+12,5,2560,0,0,0,0,0,0,0,0, 'StringId - Emote OneShotSalute'),
(@RELAYID+8,6000,1,1,1,0,0,0,0,0,0,0,0,0,0,0,0,0, 'Commander Sarannis - Emote Talk'),
(@RELAYID+8,13000,0,32,0,0,0,0,0,0,0,0,0,0,0,0,0,0, 'Commander Sarannis - Start Waypoint'),
-- Commander Sarannis talk event group 02
(@RELAYID+9,0,0,31,0,10,0,@STRINGID+13,20,0x800,0,0,0,0,0,0,0,0, 'Commander Sarannis - search for string id - terminate if not found'),
(@RELAYID+9,1,0,32,1,0,0,0,0,0,0,0,0,0,0,0,0,0, 'Commander Sarannis - Stop Waypoint'),
(@RELAYID+9,1,1,3,0,0,0,0,0,0,0,0,0,0,160.72835,289.48978,-4.2098813,0, 'Commander Sarannis - MoveToPoint'),
(@RELAYID+9,3000,0,3,0,0,0,0,0,0,0,0,0,0,0,0,0,5.693943, 'Commander Sarannis - Change Orientation'),
(@RELAYID+9,3000,1,1,66,0,0,0,0,0,0,0,0,0,0,0,0,0, 'Commander Sarannis - Emote OneShotSalute'),
(@RELAYID+9,3000,2,36,0,0,0,@STRINGID+13,5,2560,0,0,0,0,0,0,0,0, 'StringId - face Commander Sarannis'),
(@RELAYID+9,3000,3,1,66,0,0,@STRINGID+13,5,2560,0,0,0,0,0,0,0,0, 'StringId - Emote OneShotSalute'),
(@RELAYID+9,6000,1,1,1,0,0,0,0,0,0,0,0,0,0,0,0,0, 'Commander Sarannis - Emote Talk'),
(@RELAYID+9,13000,0,32,0,0,0,0,0,0,0,0,0,0,0,0,0,0, 'Commander Sarannis - Start Waypoint'),
-- Commander Sarannis talk event group 03
(@RELAYID+10,0,0,31,0,10,0,@STRINGID+14,20,0x800,0,0,0,0,0,0,0,0, 'Commander Sarannis - search for string id - terminate if not found'),
(@RELAYID+10,1,0,32,1,0,0,0,0,0,0,0,0,0,0,0,0,0, 'Commander Sarannis - Stop Waypoint'),
(@RELAYID+10,1,1,3,0,0,0,0,0,0,0,0,0,0,162.1837,295.61197,-4.9209743,0, 'Commander Sarannis - MoveToPoint'),
(@RELAYID+10,3000,0,3,0,0,0,0,0,0,0,0,0,0,0,0,0,6.2574, 'Commander Sarannis - Change Orientation'),
(@RELAYID+10,3000,1,1,66,0,0,0,0,0,0,0,0,0,0,0,0,0, 'Commander Sarannis - Emote OneShotSalute'),
(@RELAYID+10,3000,2,36,0,0,0,@STRINGID+14,5,2560,0,0,0,0,0,0,0,0, 'StringId - face Commander Sarannis'),
(@RELAYID+10,3000,3,1,66,0,0,@STRINGID+14,5,2560,0,0,0,0,0,0,0,0, 'StringId - Emote OneShotSalute'),
(@RELAYID+10,6000,1,1,1,0,0,0,0,0,0,0,0,0,0,0,0,0, 'Commander Sarannis - Emote Talk'),
(@RELAYID+10,13000,0,32,0,0,0,0,0,0,0,0,0,0,0,0,0,0, 'Commander Sarannis - Start Waypoint'),
-- Commander Sarannis AI dbscript
(@RELAYID+11,0,0,0,0,0,0,0,0,0,17562,0,0,0,0,0,0,0, 'Commander Sarannis - Emoted Text'),
(@RELAYID+11,2000,0,0,0,0,0,0,0,0,19941,0,0,0,0,0,0,0, 'Commander Sarannis - Say Text'),
-- Sunseeker Botanist
(@RELAYID+12, 0, 0, 31, 19557, 5, 0, 0, 0, 0, 0, 0, 0, 0, 0, 0, 0, 0,'Sunseeker Botanist - Terminate Script if Greater Frayer Found'),
(@RELAYID+12,1,1,1,274,0,0,0,0,0,0,0,0,0,0,0,0,0, 'Sunseeker Botanist - Emote OneShotNo'),
(@RELAYID+12,1,2,0,0,0,0,0,0,0,17000,0,0,0,0,0,0,0, 'Sunseeker Botanist - Say Text'),
(@RELAYID+12,3000,0,15,34254,0,0,0,0,0,0,0,0,0,0,0,0,0, 'Sunseeker Botanist - Cast Rejuvenate Plant'),
(@RELAYID+12,10000,0,1,273,0,0,0,0,0,0,0,0,0,0,0,0,0, 'Sunseeker Botanist - Emote OneShotYes'),
(@RELAYID+12,10000,1,0,0,0,0,0,0,0,16999,0,0,0,0,0,0,0, 'Sunseeker Botanist - Say Text'),
-- Sunseeker Channeler
(@RELAYID+13,0,0,15,34156,0,0,@STRINGID+16,10,2560,0,0,0,0,0,0,0,0, 'StringID - Cast Crystal Channel'),
(@RELAYID+2,9000,0,31,0,10,0,@STRINGID+8,10,0x800,0,0,0,0,0,0,0,0, 'Sunseeker Channeler - Terminitate Script if Nethervince Inciter not found'),
(@RELAYID+13,11000,0,15,34200,0,0,@STRINGID+18,15,2049,0,0,0,0,0,0,0,0, 'Sunseeker Channeler - Cast Crystal Channel'),
(@RELAYID+13,19000,0,1,11,0,0,@STRINGID+16,10,2560,0,0,0,0,0,0,0,0, 'StringID - Emote Laugh'),
(@RELAYID+14,0,0,15,34156,0,0,@STRINGID+17,10,2560,0,0,0,0,0,0,0,0, 'StringID - Cast Crystal Channel');

-- INSERT INTO `dbscripts_on_creature_death` (`id`, `delay`, `command`, `datalong`, `datalong2`, `datalong3`, `buddy_entry`, `search_radius`, `data_flags`, `dataint`, `dataint2`, `dataint3`, `dataint4`, `x`, `y`, `z`, `o`, `comments`) VALUES
-- INSERT INTO `dbscripts_on_go_use` (`id`, `delay`, `command`, `datalong`, `datalong2`, `datalong3`, `buddy_entry`, `search_radius`, `data_flags`, `dataint`, `dataint2`, `dataint3`, `dataint4`, `x`, `y`, `z`, `o`, `comments`) VALUES
-- INSERT INTO `dbscripts_on_go_template_use` (`id`, `delay`, `command`, `datalong`, `datalong2`, `datalong3`, `buddy_entry`, `search_radius`, `data_flags`, `dataint`, `dataint2`, `dataint3`, `dataint4`, `x`, `y`, `z`, `o`, `comments`) VALUES
-- INSERT INTO `dbscripts_on_relay` (`id`, `delay`, `command`, `datalong`, `datalong2`, `datalong3`, `buddy_entry`, `search_radius`, `data_flags`, `dataint`, `dataint2`, `dataint3`, `dataint4`, `x`, `y`, `z`, `o`, `comments`) VALUES
-- INSERT INTO `dbscripts_on_event` (`id`, `delay`, `command`, `datalong`, `datalong2`, `datalong3`, `buddy_entry`, `search_radius`, `data_flags`, `dataint`, `dataint2`, `dataint3`, `dataint4`, `x`, `y`, `z`, `o`, `comments`) VALUES
-- INSERT INTO `dbscripts_on_spell` (`id`, `delay`, `command`, `datalong`, `datalong2`, `datalong3`, `buddy_entry`, `search_radius`, `data_flags`, `dataint`, `dataint2`, `dataint3`, `dataint4`, `x`, `y`, `z`, `o`, `comments`) VALUES
-- INSERT INTO `dbscripts_on_gossip` (`id`, `delay`, `command`, `datalong`, `datalong2`, `datalong3`, `buddy_entry`, `search_radius`, `data_flags`, `dataint`, `dataint2`, `dataint3`, `dataint4`, `x`, `y`, `z`, `o`, `comments`) VALUES
-- INSERT INTO `dbscripts_on_quest_start` (`id`, `delay`, `command`, `datalong`, `datalong2`, `datalong3`, `buddy_entry`, `search_radius`, `data_flags`, `dataint`, `dataint2`, `dataint3`, `dataint4`, `x`, `y`, `z`, `o`, `comments`) VALUES
-- INSERT INTO `dbscripts_on_quest_end` (`id`, `delay`, `command`, `datalong`, `datalong2`, `datalong3`, `buddy_entry`, `search_radius`, `data_flags`, `dataint`, `dataint2`, `dataint3`, `dataint4`, `x`, `y`, `z`, `o`, `comments`) VALUES
-- INSERT INTO `dbscript_random_templates` (`id`, `type`, `target_id`, `chance`, `comments`) VALUES


