/* DBScriptData
DBName: Auchindoun - Sethekk Halls
DBScriptName: instance_sethekk_halls
DB%Complete: 90
DBComment:
Missing rework of herb/ore grouping
Most of the non moving npcs should have a random OOC Emote
EndDBScriptData */

SET @CGUID := 5560000; -- creatures
SET @OGUID := 5560000; -- gameobjects
SET @PGUID := 49300; -- pools
SET @SGGUID := 5560000; -- spawn_groups
SET @STRINGID := 5560000; -- used for StringID's
SET @RELAYID := 5560000; -- used for dbscript_relay

-- =========
-- CREATURES
-- =========

INSERT INTO `creature_movement` (`id`, `point`, `PositionX`, `PositionY`, `PositionZ`, `orientation`, `waittime`, `ScriptId`) VALUES
(@CGUID+8, 1, -238.53963,160.60075,-0.12405233, 100, 0, 0),
(@CGUID+8, 2, -239.22995,168.25558,-0.08834212, 100, 0, 0),
(@CGUID+8, 3, -245.3342,170.36398,0.04497503, 100, 0, 0),
(@CGUID+12, 1, -264.9457,179.76292,0.033908542, 0, 0, 0),
(@CGUID+12, 2, -258.26074,182.91333,0.03933986, 0, 0, 0),
(@CGUID+12, 3, -255.95424,188.71451,0.042812075, 0, 0, 0),
(@CGUID+28, 1, -243.1212,329.36237,27.06958, 0, 0, 0),
(@CGUID+28, 2, -235.42253,324.18118,26.987646, 0, 0, 0),
(@CGUID+28, 3, -226.3113,324.1906,27.157164, 0, 0, 0),
(@CGUID+30, 1, -103.86865,297.52078,26.516693, 0, 0, 0),
(@CGUID+30, 2, -95.58192,299.37805,26.483166, 0, 0, 0),
(@CGUID+30, 3, -95.795074,309.50726,25.902016, 0, 0, 0),
(@CGUID+31, 1, -82.03732,277.92352,26.707567, 0, 0, 0),
(@CGUID+31, 2, -87.07979,275.7488,26.679401, 0, 0, 0),
(@CGUID+31, 3, -88.232155,269.7406,26.807932, 0, 0, 0),
(@CGUID+32, 1, -44.706738,282.19345,26.748894, 0, 0, 0),
(@CGUID+32, 2, -49.351517,289.82507,26.876232, 0, 0, 0),
(@CGUID+32, 3, -56.364132,289.20328,26.88951, 0, 0, 0),
(@CGUID+32, 4, -62.931053,283.66907,26.916052, 0, 0, 0),
(@CGUID+39, 1, 37.3747, 19.4704, 0.0177172, 0, 0, 0),
(@CGUID+39, 2, 29.68629, 5.3468, 0.00626638, 3.29887, 1000, 1832301),
(@CGUID+42, 1, 40.1819, 18.5666, 0.00793885, 0, 0, 0),
(@CGUID+42, 2, 30.366282, -5.023761, 0.00549, 3.143932, 1000, 1832301),
(@CGUID+89, 1, -277.5177,205.64934,26.722033, 100, 0, 0),
(@CGUID+89, 2, -254.78401,204.45663,26.815353, 100, 0, 0),
(@CGUID+89, 3, -226.15234,205.7063,27.346067, 100, 0, 0),
(@CGUID+89, 4, -214.3615,200.47395,26.72269, 100, 0, 0),
(@CGUID+89, 5, -212.5275,168.4632,26.758505, 100, 0, 0),
(@CGUID+89, 6, -214.89592,150.32657,26.876207, 100, 0, 0),
(@CGUID+89, 7, -221.88576,141.7515,26.764343, 100, 0, 0),
(@CGUID+89, 8, -242.04726,141.69954,26.76713, 100, 0, 0),
(@CGUID+89, 9, -259.85416,141.33255,13.56271, 100, 0, 0),
(@CGUID+89, 10, -269.01578,144.18152,13.579221, 100, 0, 0),
(@CGUID+89, 11, -271.80103,152.93188,13.523027, 100, 0, 0),
(@CGUID+89, 12, -272.65973,170.79295,0.056994434, 100, 0, 0),
(@CGUID+90, 1, -228.45494,151.97469,0.048201732, 100, 0, 0),
(@CGUID+90, 2, -226.6313,167.8625,-0.19895585, 100, 0, 0),
(@CGUID+90, 3, -239.73395,171.82242,-0.026919192, 100, 0, 0),
(@CGUID+90, 4, -253.77058,180.43588,0.038319122, 100, 0, 0),
(@CGUID+90, 5, -250.03156,189.5389,0.043777715, 100, 0, 0),
(@CGUID+90, 6, -244.20546,198.88652,0.06436034, 100, 0, 0),
(@CGUID+91, 1, -141.12387,286.8888,26.732378, 100, 0, 0),
(@CGUID+91, 2, -162.5813,290.58685,26.731392, 100, 0, 0),
(@CGUID+91, 3, -177.13202,295.49243,26.607801, 100, 0, 0),
(@CGUID+91, 4, -190.3777,310.3732,26.730482, 100, 0, 0),
(@CGUID+91, 5, -207.03102,331.1477,26.649206, 100, 0, 0),
(@CGUID+91, 6, -217.97969,333.11343,26.964346, 100, 0, 0),
(@CGUID+91, 7, -232.11073,317.8273,26.773405, 100, 0, 0),
(@CGUID+91, 8, -242.57414,300.84528,26.730623, 100, 0, 0),
(@CGUID+92, 1, -88.02411,281.53787,26.483166, 100, 0, 0),
(@CGUID+92, 2, -91.98126,284.0221,26.483166, 100, 0, 0),
(@CGUID+92, 3, -93.46641,287.88614,26.483166, 100, 0, 0),
(@CGUID+92, 4, -91.99382,291.9729,26.483166, 100, 0, 0),
(@CGUID+92, 5, -87.87755,294.3571,26.483166, 100, 0, 0),
(@CGUID+92, 6, -83.39741,292.72406,26.483166, 100, 0, 0),
(@CGUID+92, 7, -80.96503,288.0274,26.483166, 100, 0, 0),
(@CGUID+92, 8, -83.044556,283.37137,26.483166, 100, 0, 0),
(@CGUID+94, 1, -124.33573, 173.15886, 0.01076, 0, 1, 5),
(@CGUID+94, 2, -116.30256,178.02107,0.010769212, 100, 0, 0),
(@CGUID+94, 3, -109.954,174.63242,-0.0012249517, 100, 0, 0),
(@CGUID+94, 4, -100.3579,174.42007,0.009782679, 100, 0, 0),
(@CGUID+94, 5, -85.897484,176.81961,0.009938575, 100, 0, 0),
(@CGUID+94, 6, -73.72114,166.32028,0.0075173867, 100, 0, 0),
(@CGUID+94, 7, -70.667145,154.24731,0.006635988, 100, 0, 0),
(@CGUID+94, 8, -65.95061,145.78908,0.006454454, 100, 0, 0),
(@CGUID+94, 9, -70.65206,140.3833,0.006873957, 100, 0, 0),
(@CGUID+94, 10, -74.04532,145.97528,0.006497793, 100, 0, 0),
(@CGUID+94, 11, -71.2645,154.09944,0.0066189114, 100, 0, 0),
(@CGUID+94, 12, -74.607475,165.30824,0.0074038994, 100, 0, 0),
(@CGUID+94, 13, -84.76448,171.64992,0.010449619, 100, 0, 0),
(@CGUID+94, 14, -109.9047,173.86609,0.010785582, 100, 0, 0),
(@CGUID+94, 15, -118.04346,168.02657,-0.035944257, 100, 0, 0),
(@CGUID+95, 1, 9.309584,99.447,0.33932897, 100, 0, 0),
(@CGUID+95, 2, 16.262775,99.27335,0.39650887, 100, 0, 0),
(@CGUID+95, 3, 19.20821,102.30094,0.42331758, 100, 0, 0),
(@CGUID+95, 4, 20.980625,105.93845,0.39092496, 100, 0, 0),
(@CGUID+95, 5, 19.295076,110.83514,0.41467467, 100, 0, 0),
(@CGUID+95, 6, 13.302068,114.14034,0.37624326, 100, 0, 0),
(@CGUID+95, 7, 7.753703,108.07671,0.2779381, 100, 0, 0),
(@CGUID+96, 1, 73.79264,119.72423,0.10155891, 100, 0, 0),
(@CGUID+96, 2, 79.69893,120.26302,0.3618002, 100, 0, 0),
(@CGUID+96, 3, 83.93823,118.20135,0.3618002, 100, 0, 0),
(@CGUID+96, 4, 85.99174,111.83964,0.26977137, 100, 0, 0),
(@CGUID+96, 5, 80.27435,108.83183,0.23825333, 100, 0, 0),
(@CGUID+96, 6, 75.21125,111.69642,0.2993702, 100, 0, 0),
(@CGUID+96, 7, 72.856766,115.09385,-0.001456155, 100, 0, 0),
(@CGUID+97, 1, -59.58082,96.96696,0.021822706, 100, 0, 0),
(@CGUID+97, 2, -61.12924,104.628075,0.0072018215, 100, 0, 0),
(@CGUID+97, 3, -69.39115,111.7542,0.00720282, 100, 0, 0),
(@CGUID+97, 4, -75.57139,107.86683,0.0072000534, 100, 0, 0),
(@CGUID+97, 5, -79.04226,99.95164,0.007202108, 100, 0, 0),
(@CGUID+97, 6, -77.11786,94.87296,0.0072032358, 100, 0, 0),
(@CGUID+97, 7, -72.23981,90.77932,0.007205063, 100, 0, 0),
(@CGUID+97, 8, -65.01194,92.55649,0.0072021014, 100, 0, 0),
(@CGUID+98, 1, -84.34352,100.63735,0.007198175, 100, 0, 0),
(@CGUID+98, 2, -78.502144,101.02491,0.007202361, 100, 0, 0),
(@CGUID+98, 3, -74.85056,105.95508,0.46667427, 100, 0, 0),
(@CGUID+98, 4, -75.15681,110.50211,0.0071987635, 100, 0, 0),
(@CGUID+98, 5, -76.439835,115.81949,0.007886879, 100, 0, 0),
(@CGUID+98, 6, -80.21233,119.24259,0.006932754, 100, 0, 0),
(@CGUID+98, 7, -85.321724,118.76939,0.006174661, 100, 0, 0),
(@CGUID+98, 8, -89.15545,112.78256,0.00720314, 100, 0, 0),
(@CGUID+98, 9, -88.99241,105.29069,0.00708867, 100, 0, 0),
(@CGUID+99, 1, 54.01891,84.57008,0.15080427, 100, 0, 0),
(@CGUID+99, 2, 58.741856,87.63797,0.13519229, 100, 0, 0),
(@CGUID+99, 3, 61.541374,86.465836,0.11625825, 100, 0, 0),
(@CGUID+99, 4, 61.60423,82.89358,0.11962958, 100, 0, 0),
(@CGUID+99, 5, 59.79479,78.14727,0.10969379, 100, 0, 0),
(@CGUID+99, 6, 53.405872,74.830986,-0.34102336, 100, 0, 0),
(@CGUID+99, 7, 50.29865,78.00863,-0.6153243, 100, 0, 0),
(@CGUID+125, 1, -215.65906,341.38385,26.758604, 0, 0, 0),
(@CGUID+125, 2, -212.62154,334.33975,26.703196, 0, 0, 0),
(@CGUID+125, 3, -205.06012,328.8966,26.664303, 0, 0, 0),
(@CGUID+126, 1, -167.46309,287.20474,26.71934, 0, 0, 0),
(@CGUID+126, 2, -178.94624,289.9725,26.47102, 0, 0, 0),
(@CGUID+126, 3, -186.66884,286.6715,26.504198, 0, 0, 0),
(@CGUID+127, 1, -110.64208,271.144,26.157415, 0, 0, 0),
(@CGUID+127, 2, -116.98837,275.10294,27.158407, 0, 0, 0),
(@CGUID+127, 3, -123.93096,274.12927,27.443691, 0, 0, 0),
(@CGUID+128, 1, -62.638836,301.12744,26.22019, 0, 0, 0),
(@CGUID+128, 2, -70.35762,312.2491,26.576595, 0, 0, 0),
(@CGUID+128, 3, -66.25406,308.86948,26.425598, 0, 0, 0),
(@CGUID+129, 1, -14.914525,293.09634,26.73106, 0, 0, 0),
(@CGUID+129, 2, -15.610211,279.9396,26.73158, 0, 0, 0),
(@CGUID+130, 1, -69.078, 255.062, 27.6692, 0, 1000, 2193101),
(@CGUID+130, 2, -69.078, 255.062, 27.6692, 0, 0, 0),
(@CGUID+130, 3, -77.6467, 256.825, 27.8182, 0, 0, 0),
(@CGUID+130, 4, -85.5541, 263.248, 37.4314, 0, 0, 0),
(@CGUID+130, 5, -89.3701, 273.449, 46.1637, 0, 0, 0),
(@CGUID+130, 6, -87.3918, 283.626, 55.5433, 0, 0, 0),
(@CGUID+130, 7, -81.6323, 288.392, 67.374, 0, 0, 0),
(@CGUID+130, 8, -83.6451, 281.803, 77.323, 0, 0, 0),
(@CGUID+130, 9, -97.3242, 280.983, 74.488, 0, 0, 0),
(@CGUID+130, 10, -95.2966, 294.303, 27.4832, 0, 0, 0),
(@CGUID+130, 11, -91.9066, 298.554, 40.3148, 0, 0, 0),
(@CGUID+130, 12, -84.9968, 296.969, 52.3776, 0, 0, 0),
(@CGUID+130, 13, -81.5458, 289.807, 63.8514, 0, 0, 0),
(@CGUID+130, 14, -91.5585, 284.275, 71.9894, 0, 0, 0),
(@CGUID+130, 15, -95.834, 292.943, 27.4832, 0, 0, 0),
(@CGUID+130, 16, -94.3393, 295.352, 41.1404, 0, 0, 0),
(@CGUID+130, 17, -88.5665, 292.19, 53.5047, 0, 0, 0),
(@CGUID+130, 18, -88.0789, 284.173, 65.0211, 0, 0, 0),
(@CGUID+130, 19, -96.7033, 282.247, 75.63, 0, 0, 0),
(@CGUID+130, 20, -92.1857, 296.241, 27.4832, 0, 0, 0),
(@CGUID+131, 1, 84.9162, 251.397, 37.0668, 0, 1000, 2193101),
(@CGUID+131, 2, 83.9651, 251.088, 37.0668, 0, 0, 0),
(@CGUID+131, 3, 51.4796, 252.183, 37.0668, 0, 0, 0),
(@CGUID+131, 4, 33.2474, 282.432, 37.0668, 0, 0, 0),
(@CGUID+131, 5, -4.58595, 288.248, 37.0668, 0, 0, 0),
(@CGUID+131, 6, -33.1252, 287.388, 33.6501, 0, 0, 0),
(@CGUID+131, 7, -63.6614, 287.145, 37.0668, 0, 0, 0),
(@CGUID+131, 8, -77.5616, 286.325, 98.1903, 0, 3000, 2193102),
(@CGUID+132, 1, 84.9162, 251.397, 37.0668, 0, 1000, 2193101),
(@CGUID+132, 2, 83.9651, 251.088, 37.0668, 0, 0, 0),
(@CGUID+132, 3, 51.4796, 252.183, 37.0668, 0, 0, 0),
(@CGUID+132, 4, 33.2474, 282.432, 37.0668, 0, 0, 0),
(@CGUID+132, 5, -4.58595, 288.248, 37.0668, 0, 0, 0),
(@CGUID+132, 6, -33.1252, 287.388, 33.6501, 0, 0, 0),
(@CGUID+132, 7, -63.6614, 287.145, 37.0668, 0, 0, 0),
(@CGUID+132, 8, -86.5805, 281.312, 37.0668, 0, 0, 0),
(@CGUID+132, 9, -122.867, 287.583, 33.7057, 0, 0, 0),
(@CGUID+132, 10, -166.135, 286.002, 37.0668, 0, 0, 0),
(@CGUID+132, 11, -197.129, 319.599, 41.5668, 0, 0, 0),
(@CGUID+132, 12, -226.722, 321.688, 41.5391, 0, 0, 0),
(@CGUID+132, 13, -241.978, 284.026, 37.0668, 0, 0, 0),
(@CGUID+132, 14, -241.867, 239.697, 34.7891, 0, 0, 0),
(@CGUID+132, 15, -240.409, 205.258, 33.289, 0, 0, 0),
(@CGUID+132, 16, -247.921, 181.826, 37.0668, 0, 0, 0),
(@CGUID+132, 17, -258.541, 176.818, 28.8724, 0, 0, 0),
(@CGUID+132, 18, -254.589, 187.929, 17.5946, 0, 0, 0),
(@CGUID+132, 19, -233.282, 183.525, 9.45569, 0, 0, 0),
(@CGUID+132, 20, -207.969, 174.104, 9.45569, 0, 0, 0),
(@CGUID+132, 21, -174.273, 173.592, 7.17792, 0, 0, 0),
(@CGUID+132, 22, -153.428, 164.087, 10.4835, 0, 0, 0),
(@CGUID+132, 23, -141.719, 162.854, 10.9835, 0, 0, 0),
(@CGUID+132, 24, -125.931, 171.58, 9.15015, 0, 0, 0),
(@CGUID+132, 25, -97.7346, 173.65, 7.15014, 0, 0, 0),
(@CGUID+132, 26, -82.8989, 173.921, 10.3168, 0, 0, 0),
(@CGUID+132, 27, -73.9182, 173.077, 10.3168, 0, 0, 0),
(@CGUID+132, 28, -69.9846, 163.459, 10.3168, 0, 0, 0),
(@CGUID+132, 29, -70.2812, 156.773, 9.34458, 0, 0, 0),
(@CGUID+132, 30, -71.1548, 128.592, 6.7057, 0, 0, 0),
(@CGUID+132, 31, -80.0383, 115.576, 7.51125, 0, 0, 0),
(@CGUID+132, 32, -82.5443, 99.0856, 7.51125, 0, 0, 0),
(@CGUID+132, 33, -74.7056, 88.5289, 7.51125, 0, 0, 0),
(@CGUID+132, 34, -60.1037, 87.1475, 7.51125, 0, 0, 0),
(@CGUID+132, 35, -43.8567, 99.2091, 7.03903, 0, 0, 0),
(@CGUID+132, 36, -21.4774, 99.8071, 7.26125, 0, 0, 0),
(@CGUID+132, 37, 7.50968, 100.248, 7.51125, 0, 0, 0),
(@CGUID+132, 38, 27.4025, 97.8097, 19.3168, 0, 0, 0),
(@CGUID+132, 39, 37.0373, 95.8226, 30.8446, 0, 3000, 2193102),
(@CGUID+133, 1, -62.0894, 286.098, 48.6939, 0, 1000, 2193101),
(@CGUID+133, 2, -76.8407, 304.686, 51.9439, 0, 0, 0),
(@CGUID+133, 3, -98.7576, 303.572, 46.4161, 0, 0, 0),
(@CGUID+133, 4, -119.16, 291.958, 26.7305, 0, 0, 0),
(@CGUID+133, 5, -119.16, 291.958, 26.7305, 0, 0, 0),
(@CGUID+133, 6, -118.246, 291.551, 26.7198, 0, 0, 0),
(@CGUID+133, 7, -116.125, 290.169, 41.5238, 0, 0, 0),
(@CGUID+133, 8, -114.528, 275.12, 40.1532, 0, 0, 0),
(@CGUID+133, 9, -90.689, 265.24, 41.0333, 0, 0, 0),
(@CGUID+134, 1, -56.8114, 293.477, 27.8298, 0, 1000, 2193101),
(@CGUID+134, 2, -58.7468, 295.764, 29.4033, 0, 0, 0),
(@CGUID+134, 3, -80.8255, 317.109, 28.9557, 0, 0, 0),
(@CGUID+134, 4, -84.6018, 313.357, 62.0829, 0, 0, 0),
(@CGUID+134, 5, -100.485, 310.06, 60.6726, 0, 0, 0),
(@CGUID+134, 6, -119.643, 290.201, 57.4676, 0, 0, 0),
(@CGUID+134, 7, -119.602, 271.028, 61.3137, 0, 0, 0),
(@CGUID+134, 8, -99.3827, 260.039, 59.8997, 0, 0, 0),
(@CGUID+134, 9, -62.9444, 265.206, 63.3061, 0, 0, 0),
(@CGUID+134, 10, -53.9817, 286.896, 63.0482, 0, 0, 0),
(@CGUID+134, 11, -66.9341, 300.934, 58.5854, 0, 0, 0),
(@CGUID+134, 12, -82.0958, 309.241, 61.3414, 0, 0, 0),
(@CGUID+134, 13, -100.199, 310.19, 60.9001, 0, 0, 0),
(@CGUID+134, 14, -109.249, 296.2, 58.5368, 0, 0, 0),
(@CGUID+134, 15, -112.956, 287.824, 28.945, 0, 0, 0),
(@CGUID+134, 16, -131.244, 263.41, 30.9794, 0, 0, 0),
(@CGUID+134, 17, -124.562, 262.687, 57.9071, 0, 0, 0),
(@CGUID+134, 18, -89.1208, 261.935, 60.3001, 0, 0, 0),
(@CGUID+134, 19, -66.6449, 264.328, 64.3038, 0, 0, 0),
(@CGUID+134, 20, -56.4546, 270.201, 65.3866, 0, 0, 0),
(@CGUID+134, 21, -53.7442, 287.453, 64.0839, 0, 0, 0),
(@CGUID+134, 22, -56.4072, 293.549, 29.5758, 0, 0, 0),
(@CGUID+135, 1, -109.229, 288.209, 53.3584, 0, 1000, 2193101),
(@CGUID+135, 2, -102.279, 278.86, 56.0703, 0, 0, 0),
(@CGUID+135, 3, -88.1313, 272.423, 59.4688, 0, 0, 0),
(@CGUID+135, 4, -71.9701, 272.574, 59.1446, 0, 0, 0),
(@CGUID+135, 5, -68.3353, 281.741, 61.757, 0, 0, 0),
(@CGUID+135, 6, -77.7733, 299.15, 60.5558, 0, 0, 0),
(@CGUID+135, 7, -94.7425, 300.49, 56.1018, 0, 0, 0),
(@CGUID+136, 1, -77.7733, 299.15, 60.5558, 0, 1000, 2193101),
(@CGUID+136, 2, -94.7425, 300.49, 56.1018, 0, 0, 0),
(@CGUID+136, 3, -109.229, 288.209, 53.3584, 0, 0, 0),
(@CGUID+136, 4, -102.279, 278.86, 56.0703, 0, 0, 0),
(@CGUID+136, 5, -88.1313, 272.423, 59.4688, 0, 0, 0),
(@CGUID+136, 6, -71.9701, 272.574, 59.1446, 0, 0, 0),
(@CGUID+136, 7, -68.3353, 281.741, 61.757, 0, 0, 0),
(@CGUID+137, 1, -52.3969, 293.288, 27.8296, 0, 1000, 2193101),
(@CGUID+137, 2, -58.7468, 295.764, 29.4033, 0, 0, 0),
(@CGUID+137, 3, -80.8255, 317.109, 28.9557, 0, 0, 0),
(@CGUID+137, 4, -84.6018, 313.357, 62.0829, 0, 0, 0),
(@CGUID+137, 5, -100.485, 310.06, 60.6726, 0, 0, 0),
(@CGUID+137, 6, -119.643, 290.201, 57.4676, 0, 0, 0),
(@CGUID+137, 7, -119.602, 271.028, 61.3137, 0, 0, 0),
(@CGUID+137, 8, -99.3827, 260.039, 59.8997, 0, 0, 0),
(@CGUID+137, 9, -62.9444, 265.206, 63.3061, 0, 0, 0),
(@CGUID+137, 10, -53.9817, 286.896, 63.0482, 0, 0, 0),
(@CGUID+137, 11, -66.9341, 300.934, 58.5854, 0, 0, 0),
(@CGUID+137, 12, -82.0958, 309.241, 61.3414, 0, 0, 0),
(@CGUID+137, 13, -100.199, 310.19, 60.9001, 0, 0, 0),
(@CGUID+137, 14, -109.249, 296.2, 58.5368, 0, 0, 0),
(@CGUID+137, 15, -112.956, 287.824, 28.945, 0, 0, 0),
(@CGUID+137, 16, -131.244, 263.41, 30.9794, 0, 0, 0),
(@CGUID+137, 17, -124.562, 262.687, 57.9071, 0, 0, 0),
(@CGUID+137, 18, -89.1208, 261.935, 60.3001, 0, 0, 0),
(@CGUID+137, 19, -66.6449, 264.328, 64.3038, 0, 0, 0),
(@CGUID+137, 20, -56.4546, 270.201, 65.3866, 0, 0, 0),
(@CGUID+137, 21, -53.7442, 287.453, 64.0839, 0, 0, 0),
(@CGUID+137, 22, -56.4072, 293.549, 29.5758, 0, 0, 0),
(@CGUID+138, 1, -119.16, 291.958, 26.7305, 0, 1000, 2193101),
(@CGUID+138, 2, -119.16, 291.958, 26.7305, 0, 0, 0),
(@CGUID+138, 3, -118.246, 291.551, 26.7198, 0, 0, 0),
(@CGUID+138, 4, -116.125, 290.169, 41.5238, 0, 0, 0),
(@CGUID+138, 5, -114.528, 275.12, 40.1532, 0, 0, 0),
(@CGUID+138, 6, -90.689, 265.24, 41.0333, 0, 0, 0),
(@CGUID+138, 7, -62.0894, 286.098, 48.6939, 0, 0, 0),
(@CGUID+138, 8, -76.8407, 304.686, 51.9439, 0, 0, 0),
(@CGUID+138, 9, -98.7576, 303.572, 46.4161, 0, 0, 0),
(@CGUID+139, 1, -59.42, 289.1, 27.8929, 0, 1000, 2193101),
(@CGUID+139, 2, -58.7468, 295.764, 29.4033, 0, 0, 0),
(@CGUID+139, 3, -80.8255, 317.109, 28.9557, 0, 0, 0),
(@CGUID+139, 4, -84.6018, 313.357, 62.0829, 0, 0, 0),
(@CGUID+139, 5, -100.485, 310.06, 60.6726, 0, 0, 0),
(@CGUID+139, 6, -119.643, 290.201, 57.4676, 0, 0, 0),
(@CGUID+139, 7, -119.602, 271.028, 61.3137, 0, 0, 0),
(@CGUID+139, 8, -99.3827, 260.039, 59.8997, 0, 0, 0),
(@CGUID+139, 9, -62.9444, 265.206, 63.3061, 0, 0, 0),
(@CGUID+139, 10, -53.9817, 286.896, 63.0482, 0, 0, 0),
(@CGUID+139, 11, -66.9341, 300.934, 58.5854, 0, 0, 0),
(@CGUID+139, 12, -82.0958, 309.241, 61.3414, 0, 0, 0),
(@CGUID+139, 13, -100.199, 310.19, 60.9001, 0, 0, 0),
(@CGUID+139, 14, -109.249, 296.2, 58.5368, 0, 0, 0),
(@CGUID+139, 15, -112.956, 287.824, 28.945, 0, 0, 0),
(@CGUID+139, 16, -131.244, 263.41, 30.9794, 0, 0, 0),
(@CGUID+139, 17, -124.562, 262.687, 57.9071, 0, 0, 0),
(@CGUID+139, 18, -89.1208, 261.935, 60.3001, 0, 0, 0),
(@CGUID+139, 19, -66.6449, 264.328, 64.3038, 0, 0, 0),
(@CGUID+139, 20, -56.4546, 270.201, 65.3866, 0, 0, 0),
(@CGUID+139, 21, -53.7442, 287.453, 64.0839, 0, 0, 0),
(@CGUID+139, 22, -56.4072, 293.549, 29.5758, 0, 0, 0),
(@CGUID+140, 1, -102.279, 278.86, 56.0703, 0, 1000, 2193101),
(@CGUID+140, 2, -88.1313, 272.423, 59.4688, 0, 0, 0),
(@CGUID+140, 3, -71.9701, 272.574, 59.1446, 0, 0, 0),
(@CGUID+140, 4, -68.3353, 281.741, 61.757, 0, 0, 0),
(@CGUID+140, 5, -77.7733, 299.15, 60.5558, 0, 0, 0),
(@CGUID+140, 6, -94.7425, 300.49, 56.1018, 0, 0, 0),
(@CGUID+140, 7, -109.229, 288.209, 53.3584, 0, 0, 0),
(@CGUID+141, 1, -86.6064, 286.122, 27.4832, 0, 1000, 2193101),
(@CGUID+141, 2, -84.2669, 286.076, 57.4227, 0, 0, 0),
(@CGUID+141, 3, -71.9701, 272.574, 59.1446, 0, 0, 0),
(@CGUID+141, 4, -68.3353, 281.741, 61.757, 0, 0, 0),
(@CGUID+141, 5, -77.7733, 299.15, 60.5558, 0, 0, 0),
(@CGUID+141, 6, -94.7425, 300.49, 56.1018, 0, 0, 0),
(@CGUID+141, 7, -109.229, 288.209, 53.3584, 0, 0, 0),
(@CGUID+141, 8, -102.279, 278.86, 56.0703, 0, 0, 0),
(@CGUID+141, 9, -88.1313, 272.423, 59.4688, 0, 0, 0),
(@CGUID+142, 1, -68.3353, 281.741, 61.757, 0, 1000, 2193101),
(@CGUID+142, 2, -77.7733, 299.15, 60.5558, 0, 0, 0),
(@CGUID+142, 3, -94.7425, 300.49, 56.1018, 0, 0, 0),
(@CGUID+142, 4, -109.229, 288.209, 53.3584, 0, 0, 0),
(@CGUID+142, 5, -102.279, 278.86, 56.0703, 0, 0, 0),
(@CGUID+142, 6, -88.1313, 272.423, 59.4688, 0, 0, 0),
(@CGUID+142, 7, -71.9701, 272.574, 59.1446, 0, 0, 0),
(@CGUID+143, 1, -71.9701, 272.574, 59.1446, 0, 1000, 2193101),
(@CGUID+143, 2, -68.3353, 281.741, 61.757, 0, 0, 0),
(@CGUID+143, 3, -77.7733, 299.15, 60.5558, 0, 0, 0),
(@CGUID+143, 4, -94.7425, 300.49, 56.1018, 0, 0, 0),
(@CGUID+143, 5, -109.229, 288.209, 53.3584, 0, 0, 0),
(@CGUID+143, 6, -102.279, 278.86, 56.0703, 0, 0, 0),
(@CGUID+143, 7, -88.1313, 272.423, 59.4688, 0, 0, 0),
(@CGUID+144, 1, -84.3563, 263.728, 27.8079, 0, 1000, 2193101),
(@CGUID+144, 2, -87.4666, 261.464, 58.4138, 0, 0, 0),
(@CGUID+144, 3, -94.4575, 270.352, 66.6585, 0, 0, 0),
(@CGUID+144, 4, -95.7386, 284.443, 27.4832, 0, 0, 0),
(@CGUID+144, 5, -91.3219, 290.488, 39.2894, 0, 0, 0),
(@CGUID+144, 6, -84.573, 290.53, 51.5467, 0, 0, 0),
(@CGUID+144, 7, -83.1581, 284.409, 64.0506, 0, 0, 0),
(@CGUID+144, 8, -92.9101, 280.978, 73.484, 0, 0, 0),
(@CGUID+144, 9, -96.079, 293.202, 74.566, 0, 0, 0),
(@CGUID+144, 10, -82.8515, 297.569, 74.9201, 0, 0, 0),
(@CGUID+144, 11, -77.4638, 284.989, 27.4832, 0, 0, 0),
(@CGUID+144, 12, -81.0183, 279.803, 39.9446, 0, 0, 0),
(@CGUID+144, 13, -89.1536, 280.506, 51.3678, 0, 0, 0),
(@CGUID+144, 14, -94.1382, 293.611, 27.4832, 0, 0, 0),
(@CGUID+144, 15, -88.9669, 297.982, 39.6762, 0, 0, 0),
(@CGUID+144, 16, -84.4414, 293.357, 52.098, 0, 0, 0),
(@CGUID+144, 17, -86.5034, 284.787, 63.0289, 0, 0, 0),
(@CGUID+144, 18, -97.8593, 278.945, 26.2094, 0, 0, 0),
(@CGUID+144, 19, -83.9472, 285.452, 63.0513, 0, 0, 0),
(@CGUID+144, 20, -93.4871, 275.608, 26.8408, 0, 0, 0);

DELETE FROM `creature_movement_template` WHERE `entry` IN (18956);
INSERT INTO `creature_movement_template` (`entry`, `pathId`, `point`, `PositionX`, `PositionY`, `PositionZ`, `orientation`, `waittime`, `ScriptId`) VALUES
(18956, 0, 1, -160.813, 157.043, 0.094095, 1.0821, 2000, 1895601),
(18956, 0, 2, -155.998, 160.411, 0.0106601, 0.343763, 0, 0),
(18956, 0, 3, -117.237, 173.875, 0.0106601, 6.23975, 0, 0),
(18956, 0, 4, -80.6773, 172.487, 0.00989608, 5.85883, 0, 0),
(18956, 0, 5, -71.2708, 164.192, 0.00886592, 4.81269, 0, 0),
(18956, 0, 6, -69.2754, 127.699, 0.00747229, 5.26037, 5000, 1895602);

INSERT INTO `creature_addon` (`guid`, `mount`, `stand_state`, `sheath_state`, `emote`, `moveflags`, `auras`) VALUES
(@CGUID+1, 0, 0, 1, 0, 0, NULL), -- Sethekk Initiate
(@CGUID+2, 0, 0, 1, 0, 0, NULL), -- Sethekk Initiate
(@CGUID+3, 0, 0, 1, 0, 0, NULL), -- Sethekk Initiate
(@CGUID+4, 0, 0, 1, 0, 0, NULL), -- Sethekk Initiate
(@CGUID+5, 0, 0, 1, 0, 0, NULL), -- Sethekk Initiate
(@CGUID+6, 0, 0, 1, 0, 0, NULL), -- Sethekk Initiate
(@CGUID+33, 0, 0, 1, 333, 0, NULL), -- Sethekk Ravenguard
(@CGUID+34, 0, 0, 1, 333, 0, NULL), -- Sethekk Ravenguard
(@CGUID+39, 0, 0, 1, 0, 0, NULL), -- Sethekk Guard
(@CGUID+40, 0, 0, 1, 333, 0, NULL), -- Sethekk Guard
(@CGUID+41, 0, 0, 1, 333, 0, NULL); -- Sethekk Guard

REPLACE INTO `creature_template_addon` (`entry`, `mount`, `stand_state`, `sheath_state`, `emote`, `moveflags`, `auras`) VALUES
(18319, 0, 0, 1, 0, 0, '37509'), -- Time-Lost Scryer
(18320, 0, 0, 1, 0, 0, '37509'), -- Time-Lost Shadowmage
(18327, 0, 0, 1, 0, 0, '37509'), -- Time-Lost Scryer
(18472, 0, 0, 1, 0, 0, '18950'), -- Darkweaver Syth
(18956, 0, 0, 1, 0, 0, NULL), -- Lakka
(23132, 0, 0, 1, 0, 0, '9205'); -- Brood of Anzu

-- INSERT INTO `creature_linking` (`guid`, `master_guid`, `flag`) VALUES

-- REPLACE INTO `creature_linking_template` (`entry`, `map`, `master_entry`, `flag`, `search_range`) VALUES

-- INSERT INTO creature_spawn_entry (guid, entry) VALUES

INSERT INTO `creature` (`guid`, `id`, `map`, `spawnMask`, `position_x`, `position_y`, `position_z`, `orientation`, `spawntimesecsmin`, `spawntimesecsmax`, `spawndist`, `MovementType`) VALUES
(@CGUID+1, 18318, 556, 3, 27.6608, 76.7642, 0.286547, 2.77507, 7200, 7200, 0, 0), -- Sethekk Initiate
(@CGUID+2, 18318, 556, 3, 220.4726, 81.6956, 0.0484983, 5.51524, 7200, 7200, 0, 0), -- Sethekk Initiate
(@CGUID+3, 18318, 556, 3, 11.9275, 102.475, 0.506651, 0.959931, 7200, 7200, 0, 0), -- Sethekk Initiate
(@CGUID+4, 18318, 556, 3, 75.8563, 116.047, 0.350004, 5.5676, 7200, 7200, 0, 0), -- Sethekk Initiate
(@CGUID+5, 18318, 556, 3, 58.4921, 83.405, 0.227436, 4.32842, 7200, 7200, 0, 0), -- Sethekk Initiate
(@CGUID+6, 18318, 556, 3, 50.9244, 98.9922, 0.234138, 3.10669, 7200, 7200, 0, 0), -- Sethekk Initiate
(@CGUID+7, 18318, 556, 3, -65.7626, 167.779, 0.0931773, 3.40339, 7200, 7200, 0, 0), -- Sethekk Initiate
(@CGUID+8, 18318, 556, 3, -238.53963,160.60075,-0.12405233, 1.61169, 7200, 7200, 0, 4), -- Sethekk Initiate
(@CGUID+9, 18318, 556, 3, 42.6617, 38.4536, 0.0475968, 5.8117, 7200, 7200, 0, 0), -- Sethekk Initiate
(@CGUID+10, 18318, 556, 3, -58.0166, 107.975, 0.0905323, 1.55334, 7200, 7200, 0, 0), -- Sethek Initiate
(@CGUID+11, 18318, 556, 3, -69.1325, 83.7427, 0.0905363, 2.82743, 7200, 7200, 0, 0), -- Sethek Initiate
(@CGUID+12, 18318, 556, 3, -264.9457, 179.76292, 0.0339, 0.440397, 7200, 7200, 0, 4), -- Sethekk Initiate
(@CGUID+13, 18318, 556, 3, 36.5259, 99.3303, 0.234139, 6.26573, 7200, 7200, 0, 0), -- Sethekk Initiate
(@CGUID+14, 18319, 556, 3, -241.915, 155.992, 0.145592, 1.78024, 7200, 7200, 0, 0), -- Time-Lost Scryer
(@CGUID+15, 18319, 556, 3, -240.965, 336.164, 27.2412, 5.21853, 7200, 7200, 0, 0), -- Time-Lost Scryer
(@CGUID+16, 0, 556, 3, -118.563, 266.142, 27.1713, 2.35619, 7200, 7200, 0, 0), -- spawn_group_entry
(@CGUID+17, 18320, 556, 3, -82.058, 273.058, 26.8913, 3.82227, 7200, 7200, 0, 0), -- Time-Lost Shadowmage
(@CGUID+18, 0, 556, 3, -49.5232, 280.175, 26.9465, 2.63545, 7200, 7200, 0, 0), -- spawn_group_entry
(@CGUID+19, 18319, 556, 3, -210.945, 343.908, 26.7195, 5.00909, 7200, 7200, 0, 0), -- Time-Lost Scryer
(@CGUID+20, 18319, 556, 3, -171.081, 282.286, 26.705, 3.07178, 7200, 7200, 0, 0), -- Time-Lost Scryer
(@CGUID+21, 18320, 556, 3, -93.743, 315.541, 26.5577, 4.45059, 7200, 7200, 0, 0), -- Time-Lost Shadowmage
(@CGUID+22, 0, 556, 3, -84.3042, 266.641, 26.8913, 3.00197, 7200, 7200, 0, 0), -- spawn_group_entry
(@CGUID+23, 18320, 556, 3, -114.001, 268.488, 26.8762, 2.47837, 7200, 7200, 0, 0), -- Time-Lost Shadowmage
(@CGUID+24, 18320, 556, 3, -10.1333, 281.479, 26.8139, 2.79253, 7200, 7200, 0, 0), -- Time-Lost Shadowmage
(@CGUID+25, 0, 556, 3, -101.33, 309.882, 26.6086, 5.81195, 7200, 7200, 0, 0), -- spawn_group_entry
(@CGUID+26, 18320, 556, 3, -66.5132, 314.623, 27.116, 4.57276, 7200, 7200, 0, 0), -- Time-Lost Shadowmage
(@CGUID+27, 18320, 556, 3, -58.9359, 280.054, 26.9994, 1.72788, 7200, 7200, 0, 0), -- Time-Lost Shadowmage
(@CGUID+28, 0, 556, 3, -243.121, 329.362, 27.0696, 5.69081, 7200, 7200, 0, 4), -- spawn_group_entry
(@CGUID+29, 18321, 556, 3, -10.1305, 292.403, 26.814, 3.38594, 7200, 7200, 0, 0), -- Sethekk Talon Lord
(@CGUID+30, 0, 556, 3, -103.86865,297.52078,26.516693, 0.17278, 7200, 7200, 0, 4), -- spawn_group_entry
(@CGUID+31, 0, 556, 3, -82.03732,277.92352,26.707567, 3.54877, 7200, 7200, 0, 4), -- spawn_group_entry
(@CGUID+32, 0, 556, 3, -44.706738,282.19345,26.748894, 1.78902, 7200, 7200, 0, 4), -- spawn_group_entry
(@CGUID+33, 18322, 556, 3, -205.418, 176.437, 0.0943633, 6.07375, 7200, 7200, 0, 0), -- Sethekk Ravenguard
(@CGUID+34, 18322, 556, 3, -205.541, 169.512, 0.0943313, 0.15708, 7200, 7200, 0, 0), -- Sethekk Ravenguard
(@CGUID+35, 18322, 556, 3, -239.393, 211.818, 26.9014, 4.53786, 7200, 7200, 0, 0), -- Sethekk Ravenguard
(@CGUID+36, 18322, 556, 3, -141.137, 291.284, 26.8141, 3.78736, 7200, 7200, 0, 0), -- Sethekk Ravenguard
(@CGUID+37, 18322, 556, 3, -141.666, 283.046, 26.8142, 2.77507, 7200, 7200, 0, 0), -- Sethekk Ravenguard
(@CGUID+38, 18322, 556, 3, -246.162, 212.185, 26.8225, 4.76475, 7200, 7200, 0, 0), -- Sethekk Ravenguard
(@CGUID+39, 18323, 556, 3, 37.3747, 19.4704, 0.0177172, 4.98476, 7200, 7200, 0, 2), -- Sethekk Guard
(@CGUID+40, 18323, 556, 3, -102.481, 170.061, 0.0932373, 0.488692, 7200, 7200, 0, 0), -- Sethekk Guard
(@CGUID+41, 18323, 556, 3, -102.429, 177.586, 0.0932183, 6.16101, 7200, 7200, 0, 0), -- Sethekk Guard
(@CGUID+42, 18323, 556, 3, 40.1819, 18.5666, 0.00793885, 4.62332, 7200, 7200, 0, 2), -- Sethekk Guard
(@CGUID+43, 18323, 556, 3, 40.1056, 52.9475, 0.0908273, 4.93928, 7200, 7200, 0, 0), -- Sethekk Guard
(@CGUID+44, 18323, 556, 3, 46.9831, 52.3525, 0.0908193, 4.34587, 7200, 7200, 0, 0), -- Sethekk Guard
(@CGUID+45, 18323, 556, 3, 41.987, 130.147, 0.186184, 5.11381, 7200, 7200, 0, 0), -- Sethekk Guard
(@CGUID+46, 18323, 556, 3, 47.768, 130.486, 0.173826, 4.83456, 7200, 7200, 0, 0), -- Sethekk Guard
(@CGUID+47, 18323, 556, 3, 90.7193, 104.321, 0.186003, 3.56047, 7200, 7200, 0, 0), -- Sethekk Guard
(@CGUID+48, 18323, 556, 3, -3.55375, 97.3215, 0.0905183, 0.418879, 7200, 7200, 0, 0), -- Sethekk Guard
(@CGUID+49, 18323, 556, 3, -3.69868, 103.478, 0.0905183, 6.17847, 7200, 7200, 0, 0), -- Sethekk Guard
(@CGUID+50, 18323, 556, 3, -66.4524, 131.136, 0.0905423, 4.85202, 7200, 7200, 0, 0), -- Sethekk Guard
(@CGUID+51, 18323, 556, 3, -75.2177, 130.819, 0.0905363, 4.92183, 7200, 7200, 0, 0), -- Sethekk Guard
(@CGUID+52, 18323, 556, 3, 90.7534, 96.9339, 0.0905183, 2.94961, 7200, 7200, 0, 0), -- Sethekk Guard
(@CGUID+53, 18325, 556, 3, -101.464, 301.913, 26.5678, 2.0944, 7200, 7200, 0, 0), -- Sethekk Prophet
(@CGUID+54, 0, 556, 3, -234.596, 335.917, 27.3781, 4.18879, 7200, 7200, 0, 0), -- spawn_group_entry
(@CGUID+55, 0, 556, 3, -202.409, 343.725, 26.7195, 3.71755, 7200, 7200, 0, 0), -- spawn_group_entry
(@CGUID+56, 18325, 556, 3, -230.617, 330.518, 27.4382, 3.1765, 7200, 7200, 0, 0), -- Sethekk Prophet
(@CGUID+57, 18325, 556, 3, -203.842, 336.054, 26.7195, 2.37365, 7200, 7200, 0, 0), -- Sethekk Prophet
(@CGUID+58, 18325, 556, 3, -123.771, 270.043, 27.3312, 1.02974, 7200, 7200, 0, 0), -- Sethekk Prophet
(@CGUID+59, 18325, 556, 3, -1.16489, 289.906, 26.7753, 3.21141, 7200, 7200, 0, 0), -- Sethekk Prophet
(@CGUID+60, 18325, 556, 3, -185.436, 281.248, 26.6656, 0.994838, 7200, 7200, 0, 0), -- Sethekk Prophet
(@CGUID+61, 18325, 556, 3, -89.9677, 262.71, 26.9184, 2.11185, 7200, 7200, 0, 0), -- Sethekk Prophet
(@CGUID+62, 0, 556, 3, -60.1442, 311.666, 27.2029, 3.87463, 7200, 7200, 0, 0), -- spawn_group_entry
(@CGUID+63, 18325, 556, 3, -59.5877, 304.91, 26.624, 3.1765, 7200, 7200, 0, 0), -- Sethekk Prophet
(@CGUID+64, 18325, 556, 3, -51.7741, 285.914, 26.9791, 4.31096, 7200, 7200, 0, 0), -- Sethekk Prophet
(@CGUID+65, 18326, 556, 3, -1.86749, 284.605, 26.7797, 3.00197, 7200, 7200, 0, 0), -- Sethekk Shaman
(@CGUID+66, 0, 556, 3, -178.804, 276.966, 26.7434, 1.81514, 7200, 7200, 0, 0), -- spawn_group_entry
(@CGUID+67, 18327, 556, 3, 21.7359, 73.6921, 0.598185, 1.0821, 7200, 7200, 0, 0), -- Time-Lost Controller
(@CGUID+68, 18327, 556, 3, 16.9091, 106.144, 0.50665, 4.45059, 7200, 7200, 0, 0), -- Time-Lost Controller
(@CGUID+69, 18327, 556, 3, 81.9067, 112.337, 0.412234, 3.21141, 7200, 7200, 0, 0), -- Time-Lost Controller
(@CGUID+70, 18327, 556, 3, 55.5351, 78.7888, -0.00838766, 1.29154, 7200, 7200, 0, 0), -- Time-Lost Controller
(@CGUID+71, 18327, 556, 3, 43.636, 106.916, 0.234138, 4.76475, 7200, 7200, 0, 0), -- Time-Lost Controller
(@CGUID+72, 18327, 556, 3, -60.3833, 114.664, 0.0905323, 5.68977, 7200, 7200, 0, 0), -- Time-Lost Controller
(@CGUID+73, 18318, 556, 3, -80.6658, 105.136, 0.0905313, 2.32129, 7200, 7200, 0, 0), -- Sethekk Initiate
(@CGUID+74, 18327, 556, 3, -259.193, 191.827, 0.119915, 5.41052, 7200, 7200, 0, 0), -- Time-Lost Controller
(@CGUID+75, 18318, 556, 3, -68.5954, 173.012, 0.0928473, 4.17134, 7200, 7200, 0, 0), -- Time-Lost Controller
(@CGUID+76, 18327, 556, 3, -76.569, 83.7339, 0.0905353, 0.785398, 7200, 7200, 0, 0), -- Time-Lost Controller
(@CGUID+77, 18327, 556, 3, -246.218, 159.874, 0.151296, 0.383972, 7200, 7200, 0, 0), -- Time-Lost Controller
(@CGUID+78, 18319, 556, 3, -266.165, 190.07, 0.117231, 5.68977, 7200, 7200, 0, 0), -- Time-Lost Scryer
(@CGUID+79, 18327, 556, 3, -83.8602, 113.572, 0.0905293, 5.8294, 7200, 7200, 0, 0), -- Time-Lost Controller
(@CGUID+80, 18328, 556, 3, -51.8655, 110.682, 0.0905323, 3.78736, 7200, 7200, 0, 0), -- Sethekk Oracle
(@CGUID+81, 18328, 556, 3, -75.4351, 173.65, 0.0930253, 5.81195, 7200, 7200, 0, 0), -- Sethekk Oracle
(@CGUID+82, 18328, 556, 3, -86.2176, 107.357, 0.0899813, 0.785398, 7200, 7200, 0, 0), -- Sethekk Oracle
(@CGUID+83, 18328, 556, 3, -76.1875, 89.6284, 0.0905363, 5.68977, 7200, 7200, 0, 0), -- Sethekk Oracle
(@CGUID+84, 18328, 556, 3, -245.401, 164.807, 0.152779, 0.0349066, 7200, 7200, 0, 0), -- Sethekk Oracle
(@CGUID+85, 18328, 556, 3, -268.4883, 184.286, 0.1172123, 0.6108652, 7200, 7200, 0, 0), -- Sethekk Oracle
(@CGUID+86, 18472, 556, 3, -144.827, 173.557, 1.76865, 0.0698132, 86400, 86400, 0, 0), -- Darkweaver Syth
(@CGUID+87, 18473, 556, 3, 44.7227, 286.96, 25.1521, 3.97935, 86400, 86400, 0, 0), -- Talon King Ikiss
(@CGUID+88, 18956, 556, 3, -160.813, 157.043, 0.0940953, 1.0821, 86400, 86400, 0, 0), -- Lakka
(@CGUID+89, 19428, 556, 3, -277.5177,205.64934,26.722033, 6.230, 7200, 7200, 0, 4), -- Cobalt Serpent
(@CGUID+90, 19428, 556, 3, -228.45494,151.97469,0.0482017, 1.45651, 7200, 7200, 0, 4), -- Cobalt Serpent
(@CGUID+91, 19428, 556, 3, -141.12387,286.8888,26.732378, 3.16672, 7200, 7200, 0, 4), -- Cobalt Serpent
(@CGUID+92, 19428, 556, 3, -88.02411,281.53787,26.483166, 3.036, 7200, 7200, 0, 2), -- Cobalt Serpent
(@CGUID+93, 19429, 556, 3, 45.3656, 40.2488, 0.0908233, 5.43169, 7200, 7200, 0, 0), -- Avian Darkhawk
(@CGUID+94, 19429, 556, 3, -124.33573, 173.15886, 0.01076, 0.2984, 7200, 7200, 0, 2), -- Avian Darkhawk
(@CGUID+95, 19429, 556, 3, 9.76401, 99.4356, 0.359904, 6.25821, 7200, 7200, 0, 2), -- Avian Darkhawk
(@CGUID+96, 19429, 556, 3, 73.7952, 119.724, 0.101781, 0.0909729, 7200, 7200, 0, 2), -- Avian Darkhawk
(@CGUID+97, 19429, 556, 3,  -59.58082,96.96696,0.021822706, 1.77022, 7200, 7200, 0, 2), -- Avian Darkhawk
(@CGUID+98, 19429, 556, 3, -84.34352,100.63735,0.007198175, 5.8669, 7200, 7200, 0, 2), -- Avian Darkhawk
(@CGUID+99, 19429, 556, 3, 54.1018, 84.6239, 0.150804, 0.576074, 7200, 7200, 0, 2), -- Avian Darkhawk
(@CGUID+100, 21891, 556, 3, -256.198, 288.019, 26.8578, 1.22256, 7200, 7200, 3, 1), -- Avian Ripper
(@CGUID+101, 21891, 556, 3, -252.53, 277.773, 27.1624, 5.61861, 7200, 7200, 4, 1), -- Avian Ripper
(@CGUID+102, 21891, 556, 3,-241.172, 282.265, 27.2497, 0.881992, 7200, 7200, 3, 1), -- Avian Ripper
(@CGUID+103, 21891, 556, 3, -209.034, 318.993, 30.137, 5.84586, 7200, 7200, 3, 1), -- Avian Ripper
(@CGUID+104, 21891, 556, 3, -215.657, 316.092, 30.9365, 0.230196, 7200, 7200, 3, 1), -- Avian Ripper
(@CGUID+105, 21891, 556, 3, -202.337, 310.562, 29.2871, 5.32534, 7200, 7200, 3, 1), -- Avian Ripper
(@CGUID+106, 21891, 556, 3, -208.554, 313.082, 32.1145, 0.835059, 7200, 7200, 3, 1), -- Avian Ripper
(@CGUID+107, 21891, 556, 3, -214.212, 311.646, 34.9675, 4.5345, 7200, 7200, 3, 1), -- Avian Ripper
(@CGUID+108, 21891, 556, 3, -188.857, 327.606, 25.7335, 3.08836, 7200, 7200, 3, 1), -- Avian Ripper
(@CGUID+109, 21891, 556, 3, -179.45, 339.224, 27.6247, 2.16421, 7200, 7200, 3, 1), -- Avian Ripper
(@CGUID+110, 21891, 556, 3, -182.845, 334.51, 25.7045, 1.14938, 7200, 7200, 3, 1), -- Avian Ripper
(@CGUID+111, 21891, 556, 3, -225.403, 195.862, 6.91837, 0.386992, 7200, 7200, 4, 1), -- Avian Ripper
(@CGUID+112, 21891, 556, 3, -221.776, 187.835, 4.71835, 0.375073, 7200, 7200, 4, 1), -- Avian Ripper
(@CGUID+113, 21891, 556, 3, -230.091, 190.488, 4.00755, 5.8388, 7200, 7200, 4, 1), -- Avian Ripper
(@CGUID+114, 21891, 556, 3, -234.742, 185.201, 1.38924, 0.0832864, 7200, 7200, 4, 1), -- Avian Ripper
(@CGUID+115, 21891, 556, 3, -228.055, 184.66, 3.1568, 3.83345, 7200, 7200, 4, 1), -- Avian Ripper
(@CGUID+116, 21891, 556, 3, -237.848, 276.779, 26.7297, 0.939303, 7200, 7200, 3, 1), -- Avian Ripper
(@CGUID+117, 21891, 556, 3, -245.344, 276.63, 27.112, 4.09596, 7200, 7200, 3, 1), -- Avian Ripper
(@CGUID+118, 21891, 556, 3, -250.334, 295.819, 27.0086, 5.59452, 7200, 7200, 3, 1), -- Avian Ripper
(@CGUID+119, 21891, 556, 3, -249.15, 282.264, 27.4423, 1.22576, 7200, 7200, 3, 1), -- Avian Ripper
(@CGUID+120, 21891, 556, 3, -244.226, 289.248, 27.4046, 4.1476, 7200, 7200, 3, 1), -- Avian Ripper
(@CGUID+121, 21891, 556, 3, -238.782, 294.1, 27.0665, 3.99345, 7200, 7200, 3, 1), -- Avian Ripper
(@CGUID+122, 21891, 556, 3, -235.409, 287.931, 26.9661, 4.27606, 7200, 7200, 3, 1), -- Avian Ripper
(@CGUID+123, 21891, 556, 3, -189.609, 333.882, 24.6045, 3.31746, 7200, 7200, 3, 1), -- Avian Ripper
(@CGUID+124, 21891, 556, 3, -185.788, 343.456, 27.9056, 0.749241, 7200, 7200, 3, 1), -- Avian Ripper
(@CGUID+125, 0, 556, 3, -215.65906,341.38385,26.758604,6.06109, 7200, 7200, 0, 4), -- spawn_group_entry
(@CGUID+126, 0, 556, 3, -167.46309,287.20474,26.71934, 2.9009, 7200, 7200, 0, 4), -- spawn_group_entry
(@CGUID+127, 0, 556, 3, -110.64208,271.144,26.157415, 2.1269, 7200, 7200, 0, 4), -- spawn_group_entry
(@CGUID+128, 0, 556, 3, -62.638836,301.12744,26.22019, 2.1475, 7200, 7200, 0, 4), -- spawn_group_entry
(@CGUID+129, 21904, 556, 3, -14.914525,293.09634,26.73106,4.65956, 7200, 7200, 0, 2), -- Avian Warhawk
(@CGUID+130, 21931, 556, 3, -69.078, 255.062, 27.6692, 2.23169, 7200, 7200, 0, 2), -- Avian Flyer
(@CGUID+131, 21931, 556, 3, 84.9162, 251.397, 37.0668, 3.20414, 7200, 7200, 0, 2), -- Avian Flyer
(@CGUID+132, 21931, 556, 3, 82.7928, 251.065, 37.0668, 3.1921, 7200, 7200, 0, 2), -- Avian Flyer
(@CGUID+133, 21931, 556, 3, -55.3543, 292.414, 27.8438, 3.33441, 7200, 7200, 0, 2), -- Avian Flyer
(@CGUID+134, 21931, 556, 3, -56.8114, 293.477, 27.8298, 1.0669, 7200, 7200, 0, 2), -- Avian Flyer
(@CGUID+135, 21931, 556, 3, -109.229, 288.209, 53.3584, 3.24935, 7200, 7200, 0, 2), -- Avian Flyer
(@CGUID+136, 21931, 556, 3, -77.7733, 299.15, 60.5558, 5.75716, 7200, 7200, 0, 2), -- Avian Flyer
(@CGUID+137, 21931, 556, 3, -52.3969, 293.288, 27.8296, 1.42095, 7200, 7200, 0, 2), -- Avian Flyer
(@CGUID+138, 21931, 556, 3, -65.262, 281.413, 47.2828, 0.830551, 7200, 7200, 0, 2), -- Avian Flyer
(@CGUID+139, 21931, 556, 3, -59.42, 289.1, 27.8929, 2.89434, 7200, 7200, 0, 2), -- Avian Flyer
(@CGUID+140, 21931, 556, 3, -102.279, 278.86, 56.0703, 5.41457, 7200, 7200, 0, 2), -- Avian Flyer
(@CGUID+141, 21931, 556, 3, -86.6064, 286.122, 27.4832, 2.95394, 7200, 7200, 0, 2), -- Avian Flyer
(@CGUID+142, 21931, 556, 3, -68.3353, 281.741, 61.757, 3.84418, 7200, 7200, 0, 2), -- Avian Flyer
(@CGUID+143, 21931, 556, 3, -71.9701, 272.574, 59.1446, 6.18433, 7200, 7200, 0, 2), -- Avian Flyer
(@CGUID+144, 21931, 556, 3, -84.3563, 263.728, 27.8079, 4.52383, 7200, 7200, 0, 2), -- Avian Flyer
(@CGUID+145, 2914, 556, 3, 18.34944, 3.317844, 0.005030937, 3.128841, 900, 900, 2, 1), -- Snake
(@CGUID+146, 2914, 556, 3, 19.85151, 4.22377, 0.005034536, 2.546272, 900, 900, 2, 1), -- Snake
(@CGUID+147, 4076, 556, 3, 47.09991, -1.774189, 0.00719931, 1.762909, 900, 900, 2, 1), -- Roach
(@CGUID+148, 4076, 556, 3, 47.52857, -0.8663136, 0.007100739, 0.4959962, 900, 900, 2, 1), -- Roach
(@CGUID+149, 2914, 556, 3, 47.52405, 29.75015, 0.007478316, 4.622515, 900, 900, 2, 1), -- Snake
(@CGUID+150, 2914, 556, 3, 47.08457, 30.82057, 0.0074782, 1.709431, 900, 900, 2, 1), -- Snake
(@CGUID+151, 2914, 556, 3, 69.47997, 96.77747, 0.04796847, 3.974787, 900, 900, 2, 1), -- Snake
(@CGUID+152, 2914, 556, 3, 68.68884, 99.28603, 0.050988, 1.330361, 900, 900, 2, 1), -- Snake
(@CGUID+153, 4076, 556, 3, 9.360594, 90.65035, 0.1148851, 3.979, 900, 900, 2, 1), -- Roach
(@CGUID+154, 4076, 556, 3, 9.763619, 90.85147, 0.1218127, 0.7426011, 900, 900, 2, 1), -- Roach
(@CGUID+155, 4076, 556, 3, -22.88695, 96.86929, 0.01015561, 3.572556, 900, 900, 2, 1), -- Roach
(@CGUID+156, 4076, 556, 3, -25.10831, 95.73293, 0.09165333, 0.3916098, 900, 900, 2, 1), -- Roach
(@CGUID+157, 4076, 556, 3, -43.80986, 93.62431, 0.09053434, 5.955339, 900, 900, 2, 1), -- Roach
(@CGUID+158, 4075, 556, 3, -87.95236, 111.3751, 0.09052834, 0.7364417, 900, 900, 2, 1), -- Rat
(@CGUID+159, 4076, 556, 3, -76.26178, 156.7113, 0.007168204, 5.428876, 900, 900, 2, 1), -- Roach
(@CGUID+160, 2914, 556, 3, -67.24142, 179.7786, 0.01099795, 2.922914, 900, 900, 2, 1), -- Snake
(@CGUID+161, 4076, 556, 3, -124.6319, 177.7088, 0.09410334, 5.224302, 900, 900, 2, 1), -- Roach
(@CGUID+162, 4075, 556, 3, -152.1166, 197.2114, 0.01076556, 1.747644, 900, 900, 2, 1), -- Rat
(@CGUID+163, 4075, 556, 3, -163.6763, 163.2817, 0.006914265, 1.122391, 900, 900, 2, 1), -- Rat
(@CGUID+164, 4076, 556, 3, -237.5308, 226.5344, 26.72537, 6.195797, 900, 900, 2, 1), -- Roach
(@CGUID+165, 14881, 556, 3, -248.3104, 246.8043, 26.80941, 4.625123, 900, 900, 2, 1), -- Spider
(@CGUID+166, 3300, 556, 3, -251.7258, 292.515, 27.22821, 4.00411, 900, 900, 2, 1), -- Adder
(@CGUID+167, 4075, 556, 3, -218.0481, 347.7653, 26.80424, 2.147044, 900, 900, 2, 1), -- Rat
(@CGUID+168, 3300, 556, 3, -192.7862, 318.6047, 26.63689, 1.934175, 900, 900, 2, 1), -- Adder
(@CGUID+169, 14881, 556, 3, -148.9483, 281.2049, 26.73199, 0.9655569, 900, 900, 2, 1), -- Spider
(@CGUID+170, 2914, 556, 3, -116.0985, 279.9094, 26.94303, 3.903883, 900, 900, 2, 1), -- Snake
(@CGUID+171, 4076, 556, 3, -78.48428, 320.0411, 27.49964, 4.101524, 900, 900, 2, 1), -- Roach
(@CGUID+172, 4075, 556, 3, -51.81863, 270.6846, 26.81383, 3.283771, 900, 900, 2, 1), -- Rat
(@CGUID+173, 14881, 556, 3, 9.683155, 264.4323, 26.36166, 3.88379, 900, 900, 2, 1), -- Spider
(@CGUID+174, 2914, 556, 3, 26.18702, 293.4643, 25.08033, 0.9341962, 900, 900, 2, 1), -- Snake
(@CGUID+175, 2914, 556, 3, 24.08882, 291.3755, 25.09153, 4.60654, 900, 900, 2, 1), -- Snake
(@CGUID+176, 14881, 556, 3, 54.78128, 324.4642, 26.62394, 5.542425, 900, 900, 2, 1), -- Spider
(@CGUID+177, 14881, 556, 3, 53.82113, 323.6956, 26.62394, 2.808715, 900, 900, 2, 1), -- Spider
(@CGUID+178, 4076, 556, 3, 61.82289, 246.6528, 26.53621, 1.108926, 900, 900, 2, 1), -- Roach
(@CGUID+179, 4076, 556, 3, 62.61628, 249.4474, 26.41748, 0.9678132, 900, 900, 2, 1), -- Roach
(@CGUID+180, 4076, 556, 3, 61.46031, 248.1407, 26.59676, 1.593325, 900, 900, 2, 1), -- Roach
(@CGUID+181, 4076, 556, 3, 31.15497, -1.884683, 0.005521166, 2.689678, 900, 900, 2, 1), -- Roach
(@CGUID+182, 4076, 556, 3, -202.1051, 179.9077, 0.09477933, 2.164208, 900, 900, 2, 1), -- Roach
(@CGUID+183, 4075, 556, 3, -224.8165, 180.5534, 1.73431, 4.782202, 900, 900, 2, 1), -- Rat
(@CGUID+184, 3300, 556, 3, -254.6286, 170.1894, 0.1745483, 5.846853, 900, 900, 2, 1), -- Adder
(@CGUID+185, 14881, 556, 3, -244.4173, 199.3081, 0.1475653, 2.565634, 900, 900, 2, 1), -- Spider
(@CGUID+186, 14881, 556, 3, -213.7181, 177.5785, 27.0924, 0, 900, 900, 2, 1), -- Spider
-- random spawns
(@CGUID+187, 18328, 556, 3, -51.8655, 110.682, 0.0905323, 3.78736, 7200, 7200, 0, 0), -- Sethekk Oracle
(@CGUID+188, 18327, 556, 3, -58.0166, 107.975, 0.0905323, 1.55334, 7200, 7200, 0, 0), -- Time-Lost Controller
(@CGUID+189, 18328, 556, 3, -60.3833, 114.664, 0.0905323, 5.68977, 7200, 7200, 0, 0), -- Sethekk Oracle

(@CGUID+190, 18328, 556, 3, -76.1875, 89.6284, 0.0905363, 5.68977, 7200, 7200, 0, 0), -- Sethekk Oracle
(@CGUID+191, 18328, 556, 3, -76.569, 83.7339, 0.0905353, 0.785398, 7200, 7200, 0, 0), -- Sethekk Oracle
(@CGUID+192, 18327, 556, 3, -69.1325, 83.7427, 0.0905363, 2.82743, 7200, 7200, 0, 0), -- Time-Lost Controller

(@CGUID+193, 18328, 556, 3, -86.2176, 107.357, 0.0899813, 0.785398, 7200, 7200, 0, 0), -- Sethekk Oracle
(@CGUID+194, 18327, 556, 3, -80.6658, 105.136, 0.0905313, 2.32129, 7200, 7200, 0, 0), -- Time-Lost Controller
(@CGUID+195, 18328, 556, 3, -83.8602, 113.572, 0.0905293, 5.8294, 7200, 7200, 0, 0), -- Sethekk Oracle

(@CGUID+196, 18328, 556, 3, -75.4351, 173.65, 0.0930253, 5.81195, 7200, 7200, 0, 0), -- Sethekk Oracle
(@CGUID+197, 18328, 556, 3, -68.5954, 173.012, 0.0928473, 4.17134, 7200, 7200, 0, 0), -- Sethekk Oracle
(@CGUID+198, 18327, 556, 3, -65.7626, 167.779, 0.0931773, 3.40339, 7200, 7200, 0, 0), -- Time-Lost Controller

(@CGUID+199, 18319, 556, 3,-241.915, 155.992, 0.145592, 1.78024, 7200, 7200, 0, 0), -- Time-Lost Scryer
(@CGUID+200, 18328, 556, 3, -246.218, 159.874, 0.151296, 0.383972, 7200, 7200, 0, 0), -- Sethek Oracle
(@CGUID+201, 18319, 556, 3, -245.401, 164.807, 0.152779, 0.0349066, 7200, 7200, 0, 0), -- Time-Lost Scryer

(@CGUID+202, 18319, 556, 3, -266.165, 190.07, 0.117231, 5.68977, 7200, 7200, 0, 0), -- Time-Lost Scryer
(@CGUID+203, 18328, 556, 3, -259.193, 191.827, 0.119915, 5.41052, 7200, 7200, 0, 0), -- Sethek Oracle
(@CGUID+204, 18319, 556, 3, -268.4883, 184.286, 0.1172123, 0.6108652, 7200, 7200, 0, 0); -- Time-Lost Scryer

-- GAMEOBJECTS
-- ===========

INSERT INTO `gameobject` (`guid`, `id`, `map`, `spawnMask`, `position_x`, `position_y`, `position_z`, `orientation`, `rotation0`, `rotation1`, `rotation2`, `rotation3`, `spawntimesecsmin`, `spawntimesecsmax`) VALUES
(@OGUID+1, 183398, 556, 3, 44.77156, 150.7211, -0.034146, 1.570796, 0, 0, 0.7071066, 0.7071069, 86400, 86400), -- Doodad_Auchindoun_Door_Swinging01
(@OGUID+2, 181278, 556, 3, -91.22557, 110.5261, 0.005229, 2.635444, 0, 0, 0.9681473, 0.2503814, 86400, 86400), -- Ancient Lichen
(@OGUID+3, 181278, 556, 3, -175.8544, 340.0698, 27.42966, 6.161013, 0, 0, -0.06104851, 0.9981348, 86400, 86400), -- Ancient Lichen
(@OGUID+4, 181278, 556, 3, 7.989548, 112.2286, 0.348708, 4.485497, 0, 0, -0.782608, 0.6225148, 86400, 86400), -- Ancient Lichen
(@OGUID+5, 181278, 556, 3, -58.47458, 314.1384, 27.37047, 5.340709, 0, 0, -0.45399, 0.8910068, 86400, 86400), -- Ancient Lichen
(@OGUID+6, 181278, 556, 3, -279.8389, 193.4274, 0.057562, 1.884953, 0, 0, 0.8090162, 0.5877863, 86400, 86400), -- Ancient Lichen
(@OGUID+7, 181278, 556, 3, -200.026, 351.062, 26.6361, -0.663223, 0, 0, 0, 0, 86400, 86400), -- Ancient Lichen
(@OGUID+8, 181556, 556, 3, -230.139, 291.997, 32.156, 1.65806, 0, 0, 0, 0, 86400, 86400), -- Adamantite Deposit
(@OGUID+9, 181556, 556, 3, -59.9727, 84.91, 1.11623, 2.84488, 0, 0, 0, 0, 86400, 86400), -- Adamantite Deposit
(@OGUID+10, 181556, 556, 3, -194.8327, 339.8233, 25.47767, 1.954769, 0, 0, 0.8290377, 0.5591928, 86400, 86400), -- Adamantite Deposit
(@OGUID+11, 181557, 556, 3, 24.30001, 114.7062, 0.058363, 4.694937, 0, 0, -0.7132502, 0.7009096, 86400, 86400), -- Khorium Vein
(@OGUID+12, 183050, 556, 3, -85.9132, 288.405, 26.4832, 5.24018, 0, 0, 0, 0, 90, 90), -- The Saga of Terokk
(@OGUID+13, 183051, 556, 3, -161.007, 157.3161, 0.010762, 5.497789, 0, 0, -0.3826828, 0.9238798, 180, 180), -- Sethekk Cage
(@OGUID+14, 181556, 556, 3, -196.522003173828125, 294.837066650390625, 30.82897377014160156, -1.4311680793762207, 0, 0, -0.65605831146240234, 0.754710197448730468, 86400, 86400), -- Adamantite Deposit
(@OGUID+15, 184189, 556, 3, -8.53784, -0.0184067, -1.0496, 0, 0, 0, 0, 0, 0, 0), -- Instance_Portal_Difficulty_1
(@OGUID+16, 184190, 556, 3, -8.53784, -0.0184067, -1.0496, 0, 0, 0, 0, 0, 0, 0), -- Instance_Portal_Difficulty_0
(@OGUID+17, 181569, 556, 3, -114.9933, 103.7295, 2.625687, 5.777041, 0, 0, -0.2503796, 0.9681478, 86400, 86400), -- Rich Adamantite Deposit
(@OGUID+18, 181569, 556, 3, -194.8327, 339.8233, 25.47767, 1.954769, 0, 0, 0.8290377, 0.5591928, 86400, 86400), -- Rich Adamantite Deposit
(@OGUID+19, 181569, 556, 3, -233.4064, 200.3593, 1.841906, 0.5585039, 0, 0, 0.2756367, 0.9612619, 86400, 86400), -- Rich Adamantite Deposit
(@OGUID+20, 181569, 556, 3, -196.522003173828125, 294.837066650390625, 30.82897377014160156, -1.4311680793762207, 0, 0, -0.65605831146240234, 0.754710197448730468, 86400, 86400), -- Rich Adamantite Deposit
(@OGUID+21, 185554, 556, 2, -87.5742, 287.856, 26.4832, 0.0877018, 0, 0, 0, 0, 86400, 86400), -- The Raven's Claw
(@OGUID+22, 187372, 556, 3, 81.7578, 287.085, 26.6293, 3.15018, 0, 0, 0, 0, 1, 1), -- The Talon King's Coffer
(@OGUID+23, 181278, 556, 3, 87.8129, 116.0283, 0.353684, 0.5934101, 0, 0, 0.2923708, 0.956305, 86400, 86400), -- Ancient Lichen
(@OGUID+24, 181278, 556, 3, -75.17942, 75.93726, 0.006448, 4.834563, 0, 0, -0.6626196, 0.7489561, 86400, 86400), -- Ancient Lichen
(@OGUID+25, 181278, 556, 3, -63.2795, 178.5635, 0.01084, 1.256636, 0, 0, 0.5877848, 0.8090174, 86400, 86400), -- Ancient Lichen
(@OGUID+26, 181278, 556, 3, -237.4876, 203.7995, -0.051845, 1.850049, 0, 0, 0.7986355, 0.601815, 86400, 86400), -- Ancient Lichen
(@OGUID+27, 181278, 556, 3, -246.0827, 147.5636, 0.062782, 1.762782, 0, 0, 0.7716246, 0.6360782, 86400, 86400), -- Ancient Lichen
(@OGUID+28, 181278, 556, 3, -242.4, 351.1923, 26.73693, 5.742135, 0, 0, -0.2672377, 0.9636307, 86400, 86400), -- Ancient Lichen
(@OGUID+29, 181278, 556, 3, -190.8164, 273.5332, 26.73239, 5.567601, 0, 0, -0.3502073, 0.9366722, 86400, 86400), -- Ancient Lichen
(@OGUID+30, 181278, 556, 3, -117.207, 260.63, 26.8428, 1.7911, 0, 0, 0, 0, 86400, 86400), -- Ancient Lichen
(@OGUID+31, 181278, 556, 3, -99.08566, 314.5527, 26.552, 2.426008, 0, 0, 0.9366722, 0.3502074, 86400, 86400), -- Ancient Lichen
(@OGUID+32, 181278, 556, 3, -90.70419, 285.218, 26.48317, 2.565632, 0, 0, 0.9588194, 0.2840165, 86400, 86400), -- Ancient Lichen
(@OGUID+33, 181278, 556, 3, -74.5162, 270.9362, 26.70788, 2.91469, 0, 0, 0.9935713, 0.1132084, 86400, 86400), -- Ancient Lichen
(@OGUID+34, 181278, 556, 3, -49.68851, 275.3555, 26.88041, 0.4188786, 0, 0, 0.2079115, 0.9781476, 86400, 86400), -- Ancient Lichen
(@OGUID+35, 181556, 556, 3, 103.3805, 105.5609, 2.536037, 4.153885, 0, 0, -0.8746195, 0.4848101, 86400, 86400), -- Adamantite Deposit
(@OGUID+36, 181556, 556, 3, -233.4064, 200.3593, 1.841906, 0.5585039, 0, 0, 0.2756367, 0.9612619, 86400, 86400), -- Adamantite Deposit
(@OGUID+37, 181556, 556, 3, 24.30001, 114.7062, 0.058363, 4.694937, 0, 0, -0.7132502, 0.7009096, 86400, 86400), -- Adamantite Deposit
(@OGUID+38, 181556, 556, 3, 28.60335, 84.79832, -1.420109, 6.073746, 0, 0, -0.1045284, 0.9945219, 86400, 86400), -- Adamantite Deposit
(@OGUID+39, 181556, 556, 3, 57.1795, 115.4437, -3.004306, 2.879789, 0, 0, 0.9914446, 0.1305283, 86400, 86400), -- Adamantite Deposit
(@OGUID+40, 181556, 556, 3, -84.14491, 83.75132, 1.94966, 2.33874, 0, 0, 0.9205046, 0.3907318, 86400, 86400), -- Adamantite Deposit
(@OGUID+41, 181556, 556, 3, -114.9933, 103.7295, 2.625687, 5.777041, 0, 0, -0.2503796, 0.9681478, 86400, 86400), -- Adamantite Deposit
(@OGUID+42, 181556, 556, 3, -221.7319, 151.3826, 1.69546, 1.570796, 0, 0, 0.7071066, 0.7071069, 86400, 86400), -- Adamantite Deposit
(@OGUID+43, 181556, 556, 3, -274.3609619140625, 195.8024749755859375, 3.654668092727661132, 2.268925428390502929, 0, 0, 0.906307220458984375, 0.422619491815567016, 86400, 86400), -- Adamantite Deposit
(@OGUID+44, 181556, 556, 3, -225.3045, 195.8682, 21.8244, 0, 0, 0, 0, 0, 86400, 86400), -- Adamantite Deposit
(@OGUID+45, 181556, 556, 3, -206.6533, 295.6982, 40.5272, 0, 0, 0, 0, 0, 86400, 86400), -- Adamantite Deposit
(@OGUID+46, 181556, 556, 3, -100.6603, 273.1575, 23.1322, 3.560473, 0, 0, -0.9781475, 0.2079121, 86400, 86400), -- Adamantite Deposit
(@OGUID+47, 181556, 556, 3, -86.5056, 309.8940, 24.9889, 0, 0, 0, 0, 0, 86400, 86400), -- Adamantite Deposit
(@OGUID+48, 181569, 556, 3, 103.3805, 105.5609, 2.536037, 4.153885, 0, 0, -0.8746195, 0.4848101, 86400, 86400), -- Rich Adamantite Deposit
(@OGUID+49, 181569, 556, 3, 28.60335, 84.79832, -1.420109, 6.073746, 0, 0, -0.1045284, 0.9945219, 86400, 86400), -- Rich Adamantite Deposit
(@OGUID+50, 181569, 556, 3, 57.1795, 115.4437, -3.004306, 2.879789, 0, 0, 0.9914446, 0.1305283, 86400, 86400), -- Rich Adamantite Deposit
(@OGUID+51, 181569, 556, 3, 24.30001, 114.7062, 0.058363, 4.694937, 0, 0, -0.7132502, 0.7009096, 86400, 86400), -- Rich Adamantite Deposit
(@OGUID+52, 181569, 556, 3, -59.9727, 84.91, 1.11623, 2.84488, 0, 0, 0, 0, 86400, 86400), -- Rich Adamantite Deposit
(@OGUID+53, 181569, 556, 3, -84.14491, 83.75132, 1.94966, 2.33874, 0, 0, 0.9205046, 0.3907318, 86400, 86400), -- Rich Adamantite Deposit
(@OGUID+54, 181569, 556, 3, -274.3609619140625, 195.8024749755859375, 3.654668092727661132, 2.268925428390502929, 0, 0, 0.906307220458984375, 0.422619491815567016, 86400, 86400), -- Rich Adamantite Deposit
(@OGUID+55, 181569, 556, 3, -225.3045, 195.8682, 21.8244, 0, 0, 0, 0, 0, 86400, 86400), -- Rich Adamantite Deposit
(@OGUID+56, 181569, 556, 3, -230.139, 291.997, 32.156, 1.65806, 0, 0, 0, 0, 86400, 86400), -- Rich Adamantite Deposit
(@OGUID+57, 181569, 556, 3, -206.6533, 295.6982, 40.5272, 0, 0, 0, 0, 0, 86400, 86400), -- Rich Adamantite Deposit
(@OGUID+58, 181569, 556, 3, -100.6603, 273.1575, 23.1322, 3.560473, 0, 0, -0.9781475, 0.2079121, 86400, 86400), -- Rich Adamantite Deposit
(@OGUID+59, 181569, 556, 3, -86.5056, 309.8940, 24.9889, 0, 0, 0, 0, 0, 86400, 86400), -- Rich Adamantite Deposit
(@OGUID+60, 181557, 556, 3, 28.60335, 84.79832, -1.420109, 6.073746, 0, 0, -0.1045284, 0.9945219, 86400, 86400), -- Khorium Vein
(@OGUID+61, 185590, 556, 2, -87.29815, 287.8307, 30.38595, 0.8552105, 0, 0, 0.4146929, 0.9099615, -300, -300), -- Sethekk Halls Moonstone
(@OGUID+62, 185595, 556, 2, -87.19459, 287.7334, 29.96928, -2.775069, 0, 0, -0.9832544, 0.182238, -300, -300), -- Test Rift
(@OGUID+63, 184936, 556, 1, -72.64229, 81.60601, 0.007203, 1.954769, 0, 0, 0, 0, 86400, 86400), -- Bound Adamantite Chest
(@OGUID+64, 184937, 556, 1, -72.64229, 81.60601, 0.007203, 1.954769, 0, 0, 0, 0, 86400, 86400), -- Solid Adamantite Chest
(@OGUID+65, 184938, 556, 1, -203.1812, 347.3034, 26.63613, -1.954766, 0, 0, 0, 0, 86400, 86400), -- Bound Adamantite Chest
(@OGUID+66, 184939, 556, 1, -203.1812, 347.3034, 26.63613, -1.954766, 0, 0, 0, 0, 86400, 86400), -- Solid Adamantite Chest
(@OGUID+67, 184938, 556, 1, -271.7818, 188.9468, 0.033852, -0.2443456, 0, 0, 0, 0, 86400, 86400), -- Bound Adamantite Chest
(@OGUID+68, 184939, 556, 1, -271.7818, 188.9468, 0.033852, -0.2443456, 0, 0, 0, 0, 86400, 86400), -- Solid Adamantite Chest
(@OGUID+69, 184938, 556, 1, -60.67723, 275.2422, 26.91605, 1.850049, 0, 0, 0, 0, 86400, 86400), -- Bound Adamantite Chest
(@OGUID+70, 184939, 556, 1, -60.67723, 275.2422, 26.91605, 1.850049, 0, 0, 0, 0, 86400, 86400), -- Solid Adamantite Chest
(@OGUID+71, 184938, 556, 1, 79.53025, 115.9064, 0.3618, -2.111848, 0, 0, 0, 0, 86400, 86400), -- Bound Adamantite Chest
(@OGUID+72, 184939, 556, 1, 79.53025, 115.9064, 0.3618, -2.111848, 0, 0, 0, 0, 86400, 86400), -- Solid Adamantite Chest
(@OGUID+73, 184938, 556, 1, -247.343, 151.882, 0.066447, 0.5934101, 0, 0, 0, 0, 86400, 86400), -- Bound Adamantite Chest
(@OGUID+74, 184939, 556, 1, -247.343, 151.882, 0.066447, 0.5934101, 0, 0, 0, 0, 86400, 86400), -- Solid Adamantite Chest
(@OGUID+75, 184938, 556, 1, -112.8691, 260.597, 26.62049, 2.286379, 0, 0, 0, 0, 86400, 86400), -- Bound Adamantite Chest
(@OGUID+76, 184939, 556, 1, -112.8691, 260.597, 26.62049, 2.286379, 0, 0, 0, 0, 86400, 86400), -- Solid Adamantite Chest
(@OGUID+77, 184938, 556, 1, -238.6028, 341.626, 27.06393, -1.64061, 0, 0, 0, 0, 86400, 86400), -- Bound Adamantite Chest
(@OGUID+78, 184939, 556, 1, -238.6028, 341.626, 27.06393, -1.64061, 0, 0, 0, 0, 86400, 86400), -- Solid Adamantite Chest
(@OGUID+79, 184940, 556, 2, -203.1812, 347.3034, 26.63613, -1.954766, 0, 0, -0.8290367, 0.5591941, 86400, 86400), -- Bound Adamantite Chest
(@OGUID+80, 184941, 556, 2, -203.1812, 347.3034, 26.63613, -1.954766, 0, 0, -0.8290367, 0.5591941, 86400, 86400), -- Solid Adamantite Chest
(@OGUID+81, 184940, 556, 2, -271.7818, 188.9468, 0.033852, -0.2443456, 0, 0, -0.1218691, 0.9925462, 86400, 86400), -- Bound Adamantite Chest
(@OGUID+82, 184941, 556, 2, -271.7818, 188.9468, 0.033852, -0.2443456, 0, 0, -0.1218691, 0.9925462, 86400, 86400), -- Solid Adamantite Chest
(@OGUID+83, 184940, 556, 2, -60.67723, 275.2422, 26.91605, 1.850049, 0, 0, 0, 0, 86400, 86400), -- Bound Adamantite Chest
(@OGUID+84, 184941, 556, 2, -60.67723, 275.2422, 26.91605, 1.850049, 0, 0, 0, 0, 86400, 86400), -- Solid Adamantite Chest
(@OGUID+85, 184940, 556, 2, 79.53025, 115.9064, 0.3618, -2.111848, 0, 0, 0, 0, 86400, 86400), -- Bound Adamantite Chest
(@OGUID+86, 184941, 556, 2, 79.53025, 115.9064, 0.3618, -2.111848, 0, 0, 0, 0, 86400, 86400), -- Solid Adamantite Chest
(@OGUID+87, 184940, 556, 2, -247.343, 151.882, 0.066447, 0.5934101, 0, 0, 0, 0, 86400, 86400), -- Bound Adamantite Chest
(@OGUID+88, 184941, 556, 2, -247.343, 151.882, 0.066447, 0.5934101, 0, 0, 0, 0, 86400, 86400), -- Solid Adamantite Chest
(@OGUID+89, 184940, 556, 2, -112.8691, 260.597, 26.62049, 2.286379, 0, 0, 0, 0, 86400, 86400), -- Bound Adamantite Chest
(@OGUID+90, 184941, 556, 2, -112.8691, 260.597, 26.62049, 2.286379, 0, 0, 0, 0, 86400, 86400), -- Solid Adamantite Chest
(@OGUID+91, 184940, 556, 2, -238.6028, 341.626, 27.06393, -1.64061, 0, 0, 0, 0, 86400, 86400), -- Bound Adamantite Chest
(@OGUID+92, 184941, 556, 2, -238.6028, 341.626, 27.06393, -1.64061, 0, 0, 0, 0, 86400, 86400), -- Solid Adamantite Chest
(@OGUID+93, 184940, 556, 2, -72.64229, 81.60601, 0.007203, 1.954769, 0, 0, 0, 0, 86400, 86400), -- Bound Adamantite Chest
(@OGUID+94, 184941, 556, 2, -72.64229, 81.60601, 0.007203, 1.954769, 0, 0, 0, 0, 86400, 86400), -- Solid Adamantite Chest
(@OGUID+95, 181569, 556, 3, -221.7319, 151.3826, 1.69546, 1.570796, 0, 0, 0.7071066, 0.7071069, 86400, 86400); -- Rich Adamantite Deposit

INSERT INTO `gameobject_addon` (`guid`, `animprogress`, `state`) VALUES
(@OGUID+13, 0, -1), -- Sethekk Cage
(@OGUID+15, 0, 0), -- Instance_Portal_Difficulty_1
(@OGUID+16, 0, 0); -- Instance_Portal_Difficulty_0

-- ======
-- EVENTS
-- ======

-- INSERT INTO `game_event_creature` (`guid`, `event`) VALUES
-- INSERT INTO `game_event_creature_data` (`guid`, `entry_id`, `modelid`, `equipment_id`, `spell_start`, `spell_end`, `event`) VALUES
-- INSERT INTO `game_event_gameobject` (`guid`, `event`) VALUES

-- ============
-- SPAWN GROUPS
-- ============

INSERT INTO `spawn_group` (`Id`, `Name`, `Type`, `MaxCount`, `WorldState`, `Flags`, `StringId`) VALUES
(@SGGUID+1, 'Sethekk Halls - Group 001 - Sethekk Guard (2)', 0, 0, 0, 1, 0),
(@SGGUID+2, 'Sethekk Halls - Group 002 - Sethekk Initiate | Avian Darkhawk - Patrol 01', 0, 0, 0, 1, 0),
(@SGGUID+3, 'Sethekk Halls - Group 003 - Sethekk Guard (2)', 0, 0, 0, 1, 0),
(@SGGUID+4, 'Sethekk Halls - Group 004 - Sethekk Initiate | Time-Lost Controller | Avian Darkhawk', 0, 0, 0, 1, 0),
(@SGGUID+5, 'Sethekk Halls - Group 005 - Sethekk Guard (2)', 0, 0, 0, 1, 0),
(@SGGUID+6, 'Sethekk Halls - Group 006 - Sethekk Initiate | Time-Lost Controller | Avian Darkhawk', 0, 0, 0, 1, 0),
(@SGGUID+7, 'Sethekk Halls - Group 007 - Sethekk Initiate (2) | Time-Lost Controller', 0, 0, 0, 1, 0),
(@SGGUID+8, 'Sethekk Halls - Group 008 - Sethekk Guard (2)', 0, 0, @SGGUID+13, 9, 0), -- this group despawns when endboss is killed
(@SGGUID+9, 'Sethekk Halls - Group 009 - Sethekk Initiate (2) | Time-Lost Controller', 0, 0, 0, 1, 0),
(@SGGUID+10, 'Sethekk Halls - Group 010 - Sethekk Initiate | Time-Lost Controller | Avian Darkhawk', 0, 0, 0, 1, 0),
(@SGGUID+11, 'Sethekk Halls - Group 011 - Sethekk Guard (2)', 0, 0, 0, 1, 0),
-- 4 Groups with 1 static Sethek Oracle, other 2 members can either be Time-Lost Controller + Sethek oracle, or Time-Lost Controller Sethek Initiate
-- using worldstate for correct behaviour
(@SGGUID+12, 'Sethekk Halls - Group 012 - Sethekk Oracle | Time-Lost Controller | Sethekk Initiate', 0, 0, @SGGUID+1, 1, 0),
(@SGGUID+13, 'Sethekk Halls - Group 012 - Sethekk Oracle (2) | Time-Lost Controller', 0, 0, @SGGUID+2, 1, 0),
(@SGGUID+14, 'Sethekk Halls - Group 013 - Sethekk Oracle | Time-Lost Controller | Sethekk Initiate', 0, 0, @SGGUID+3, 1, 0),
(@SGGUID+15, 'Sethekk Halls - Group 013 - Sethekk Oracle (2) | Time-Lost Controller', 0, 0, @SGGUID+4, 1, 0),
(@SGGUID+16, 'Sethekk Halls - Group 014 - Sethekk Oracle | Time-Lost Controller | Sethekk Initiate', 0, 0, @SGGUID+5, 1, 0),
(@SGGUID+17, 'Sethekk Halls - Group 014 - Sethekk Oracle (2) | Time-Lost Controller', 0, 0, @SGGUID+6, 1, 0),
(@SGGUID+18, 'Sethekk Halls - Group 015 - Sethekk Guard (2)', 0, 0, 0, 1, 0),
(@SGGUID+19, 'Sethekk Halls - Group 016 - Sethekk Oracle | Time-Lost Controller | Sethekk Initiate', 0, 0, @SGGUID+7, 1, 0),
(@SGGUID+20, 'Sethekk Halls - Group 016 - Sethekk Oracle (2) | Time-Lost Controller', 0, 0, @SGGUID+8, 1, 0),
(@SGGUID+21, 'Sethekk Halls - Group 017 - Sethekk Guard (2)', 0, 0, 0, 1, 0),
(@SGGUID+22, 'Sethekk Halls - Group 018 - Sethekk Ravenguard (2)', 0, 0, 0, 1, 0),
(@SGGUID+23, 'Sethekk Halls - Group 019 - Avian Ripper (2)', 0, 0, 0, 1, 0),
(@SGGUID+24, 'Sethekk Halls - Group 020 - Time-Lost Scryer | Time-Lost Controller | Sethekk Oracle', 0, 0, @SGGUID+9, 1, 0),
(@SGGUID+25, 'Sethekk Halls - Group 020 - Time-Lost Scryer (2) | Sethekk Oracle', 0, 0, @SGGUID+10, 1, 0),
(@SGGUID+26, 'Sethekk Halls - Group 021 - Time-Lost Scryer | Time-Lost Controller | Sethekk Oracle', 0, 0, @SGGUID+11, 1, 0),
(@SGGUID+27, 'Sethekk Halls - Group 021 - Time-Lost Scryer (2) | Sethekk Oracle', 0, 0, @SGGUID+12, 1, 0),
(@SGGUID+28, 'Sethekk Halls - Group 022 - Sethekk Ravenguard (2)', 0, 0, 0, 1, 0),
(@SGGUID+29, 'Sethekk Halls - Group 023 - Avian Ripper (10)', 0, 0, 0, 1, 0),
(@SGGUID+30, 'Sethekk Halls - Group 024 - Sethekk Talon Lord / Avian Warhawk', 0, 0, 0, 1, 0),
(@SGGUID+31, 'Sethekk Halls - Group 025 - Time-Lost Scryer | Sethekk Prophet | Sethekk Shaman/Sethekk Prophet', 0, 0, 0, 1, 0),
(@SGGUID+32, 'Sethekk Halls - Group 026 - Sethekk Talon Lord / Avian Warhawk', 0, 0, 0, 1, 0),
(@SGGUID+33, 'Sethekk Halls - Group 027 - Time-Lost Scryer | Sethekk Prophet | Sethekk Shaman/Sethekk Prophet', 0, 0, 0, 1, 0),
(@SGGUID+34, 'Sethekk Halls - Group 028 - Avian Ripper (5)', 0, 0, 0, 1, 0),
(@SGGUID+35, 'Sethekk Halls - Group 029 - Avian Ripper (5)', 0, 0, 0, 1, 0),
(@SGGUID+36, 'Sethekk Halls - Group 030 - Sethekk Talon Lord / Avian Warhawk', 0, 0, 0, 1, 0),
(@SGGUID+37, 'Sethekk Halls - Group 031 - Time-Lost Scryer | Sethekk Prophet | Sethekk Shaman/Sethekk Prophet', 0, 0, 0, 1, 0),
(@SGGUID+38, 'Sethekk Halls - Group 032 - Sethekk Ravenguard (2)', 0, 0, 0, 1, 0),
(@SGGUID+39, 'Sethekk Halls - Group 033 - Sethekk Talon Lord / Avian Warhawk', 0, 0, 0, 1, 0),
(@SGGUID+40, 'Sethekk Halls - Group 034 - Time-Lost Shadowmage | Sethekk Prophet/Sethekk Shaman/Time-Lost Scryer | Sethekk Prophet', 0, 0, 0, 1, 0),
(@SGGUID+41, 'Sethekk Halls - Group 035 - Sethekk Talon Lord / Avian Warhawk', 0, 0, 0, 1, 0),
(@SGGUID+42, 'Sethekk Halls - Group 036 - Time-Lost Shadowmage | Sethekk Prophet/Sethekk Shaman/Time-Lost Scryer | Sethekk Prophet', 0, 0, 0, 1, 0),
(@SGGUID+43, 'Sethekk Halls - Group 037 - Sethekk Talon Lord / Avian Warhawk', 0, 0, 0, 1, 0),
(@SGGUID+44, 'Sethekk Halls - Group 038 - Time-Lost Shadowmage | Sethekk Prophet/Sethekk Shaman/Time-Lost Scryer | Sethekk Prophet', 0, 0, 0, 1, 0),
(@SGGUID+45, 'Sethekk Halls - Group 039 - Sethekk Talon Lord / Avian Warhawk', 0, 0, 0, 1, 0),
(@SGGUID+46, 'Sethekk Halls - Group 040 - Time-Lost Shadowmage | Sethekk Prophet/Sethekk Shaman/Time-Lost Scryer | Sethekk Prophet', 0, 0, 0, 1, 0),
(@SGGUID+47, 'Sethekk Halls - Group 041 - Sethekk Talon Lord / Avian Warhawk', 0, 0, 0, 1, 0),
(@SGGUID+48, 'Sethekk Halls - Group 042 - Time-Lost Shadowmage | Sethekk Prophet/Sethekk Shaman/Time-Lost Scryer | Sethekk Prophet', 0, 0, 0, 1, 0),
(@SGGUID+49, 'Sethekk Halls - Group 043 - Avian Warhawk | Sethekk Talon Lord | Sethekk Prophet | Sethekk Shaman | Time-Lost Shadowmage', 0, 0, 0, 1, 0);

INSERT INTO `spawn_group_entry` (`Id`, `Entry`, `MinCount`, `MaxCount`, `Chance`) VALUES
(@SGGUID+30, 18321, 0, 0, 0), (@SGGUID+30, 21904, 0, 0, 0), -- Sethekk Talon Lord, Avian Warhawk
(@SGGUID+31, 18325, 0, 0, 0), (@SGGUID+31, 18326, 0, 0, 0), -- Sethekk Prophet, Sethekk Shaman
(@SGGUID+32, 18321, 0, 0, 0), (@SGGUID+32, 21904, 0, 0, 0), -- Sethekk Talon Lord, Avian Warhawk
(@SGGUID+33, 18325, 0, 0, 0), (@SGGUID+33, 18326, 0, 0, 0), -- Sethekk Prophet, Sethekk Shaman

(@SGGUID+36, 18321, 0, 0, 0), (@SGGUID+36, 21904, 0, 0, 0), -- Sethekk Talon Lord, Avian Warhawk
(@SGGUID+37, 18325, 0, 0, 0), (@SGGUID+37, 18326, 0, 0, 0), -- Sethekk Prophet, Sethekk Shaman
(@SGGUID+39, 18321, 0, 0, 0), (@SGGUID+39, 21904, 0, 0, 0), -- Sethekk Talon Lord, Avian Warhawk
(@SGGUID+40, 18325, 0, 0, 0), (@SGGUID+40, 18326, 0, 0, 0), (@SGGUID+40, 18319, 0, 0, 0), -- Sethekk Prophet, Sethekk Shaman, Time-Lost Scryer

(@SGGUID+41, 18321, 0, 0, 0), (@SGGUID+41, 21904, 0, 0, 0), -- Sethekk Talon Lord, Avian Warhawk
(@SGGUID+42, 18325, 0, 0, 0), (@SGGUID+42, 18326, 0, 0, 0), (@SGGUID+42, 18319, 0, 0, 0), -- Sethekk Prophet, Sethekk Shaman, Time-Lost Scryer

(@SGGUID+43, 18321, 0, 0, 0), (@SGGUID+43, 21904, 0, 0, 0), -- Sethekk Talon Lord, Avian Warhawk
(@SGGUID+44, 18325, 0, 0, 0), (@SGGUID+44, 18326, 0, 0, 0), (@SGGUID+44, 18319, 0, 0, 0), -- Sethekk Prophet, Sethekk Shaman, Time-Lost Scryer

(@SGGUID+45, 18321, 0, 0, 0), (@SGGUID+45, 21904, 0, 0, 0), -- Sethekk Talon Lord, Avian Warhawk
(@SGGUID+46, 18325, 0, 0, 0), (@SGGUID+46, 18326, 0, 0, 0), (@SGGUID+46, 18319, 0, 0, 0), -- Sethekk Prophet, Sethekk Shaman, Time-Lost Scryer

(@SGGUID+47, 18321, 0, 0, 0), (@SGGUID+47, 21904, 0, 0, 0), -- Sethekk Talon Lord, Avian Warhawk
(@SGGUID+48, 18325, 0, 0, 0), (@SGGUID+48, 18326, 0, 0, 0), (@SGGUID+48, 18319, 0, 0, 0); -- Sethekk Prophet, Sethekk Shaman, Time-Lost Scryer

INSERT INTO `spawn_group_spawn` (`Id`, `Guid`, `SlotId`, `Chance`) VALUES
(@SGGUID+1, @CGUID+39, 0, 0), -- Sethekk Guard
(@SGGUID+1, @CGUID+42, 1, 0), -- Sethekk Guard

(@SGGUID+2, @CGUID+9, 0, 0), -- Sethekk Initiate
(@SGGUID+2, @CGUID+93, 1, 0), -- Avian Darkhawk

(@SGGUID+3, @CGUID+43, 0, 0), -- Sethekk Guard
(@SGGUID+3, @CGUID+44, 1, 0), -- Sethekk Guard

(@SGGUID+4, @CGUID+5, 0, 0), -- Sethekk Initiate
(@SGGUID+4, @CGUID+70, 1, 0), -- Time-Lost Controller
(@SGGUID+4, @CGUID+99, 2, 0), -- Avian Darkhawk

(@SGGUID+5, @CGUID+47, 0, 0), -- Sethekk Guard
(@SGGUID+5, @CGUID+52, 1, 0), -- Sethekk Guard

(@SGGUID+6, @CGUID+4, 0, 0), -- Sethekk Initiate
(@SGGUID+6, @CGUID+69, 1, 0), -- Time-Lost Controller
(@SGGUID+6, @CGUID+96, 2, 0), -- Avian Darkhawk

(@SGGUID+7, @CGUID+6, 0, 0), -- Sethekk Initiate
(@SGGUID+7, @CGUID+13, 1, 0), -- Sethekk Initiate
(@SGGUID+7, @CGUID+71, 2, 0), -- Time-Lost Controller

(@SGGUID+8, @CGUID+45, 0, 0), -- Sethekk Guard
(@SGGUID+8, @CGUID+46, 1, 0), -- Sethekk Guard

(@SGGUID+9, @CGUID+1, 0, 0), -- Sethekk Initiate
(@SGGUID+9, @CGUID+2, 1, 0), -- Sethekk Initiate
(@SGGUID+9, @CGUID+67, 2, 0), -- Time-Lost Controller

(@SGGUID+10, @CGUID+3, 0, 0), -- Sethekk Initiate
(@SGGUID+10, @CGUID+68, 1, 0), -- Time-Lost Controller
(@SGGUID+10, @CGUID+95, 2, 0), -- Avian Darkhawk

(@SGGUID+11, @CGUID+48, 0, 0), -- Sethekk Guard
(@SGGUID+11, @CGUID+49, 1, 0), -- Sethekk Guard

(@SGGUID+12, @CGUID+80, 0, 0), -- Sethekk Oracle
(@SGGUID+12, @CGUID+10, 1, 0), -- Sethek Initiate
(@SGGUID+12, @CGUID+72, 2, 0), -- Time-Lost Controller

(@SGGUID+13, @CGUID+187, 0, 0), -- Sethekk Oracle
(@SGGUID+13, @CGUID+188, 1, 0), -- Time-Lost Controller
(@SGGUID+13, @CGUID+189, 2, 0), -- Sethekk Oracle

(@SGGUID+14, @CGUID+83, 0, 0), -- Sethekk Oracle
(@SGGUID+14, @CGUID+11, 1, 0), -- Sethek Initiate
(@SGGUID+14, @CGUID+76, 2, 0), -- Time-Lost Controller

(@SGGUID+15, @CGUID+190, 0, 0), -- Sethekk Oracle
(@SGGUID+15, @CGUID+191, 1, 0), -- Sethekk Oracle
(@SGGUID+15, @CGUID+192, 2, 0), -- Time-Lost Controller

(@SGGUID+16, @CGUID+82, 0, 0), -- Sethekk Oracle
(@SGGUID+16, @CGUID+79, 1, 0), -- Sethek Initiate
(@SGGUID+16, @CGUID+97, 2, 0), -- Time-Lost Controller

(@SGGUID+17, @CGUID+193, 0, 0), -- Sethekk Oracle
(@SGGUID+17, @CGUID+194, 1, 0), -- Time-Lost Controller
(@SGGUID+17, @CGUID+195, 2, 0), -- Sethekk Oracle

(@SGGUID+18, @CGUID+50, 0, 0), -- Sethekk Guard
(@SGGUID+18, @CGUID+51, 1, 0), -- Sethekk Guard

(@SGGUID+19, @CGUID+81, 0, 0), -- Sethekk Oracle
(@SGGUID+19, @CGUID+7, 1, 0), -- Sethek Initiater
(@SGGUID+19, @CGUID+75, 2, 0), -- Time-Lost Controller

(@SGGUID+20, @CGUID+196, 0, 0), -- Sethekk Oracle
(@SGGUID+20, @CGUID+197, 1, 0), -- Sethekk Oracle
(@SGGUID+20, @CGUID+198, 2, 0), -- Time-Lost Controller

(@SGGUID+21, @CGUID+40, 0, 0), -- Sethekk Guard
(@SGGUID+21, @CGUID+41, 1, 0), -- Sethekk Guard

(@SGGUID+22, @CGUID+33, 0, 0), -- Sethekk Ravenguard
(@SGGUID+22, @CGUID+34, 1, 0), -- Sethekk Ravenguard

(@SGGUID+23, @CGUID+111, -1, 0), -- Avian Ripper
(@SGGUID+23, @CGUID+112, -1, 0), -- Avian Ripper
(@SGGUID+23, @CGUID+113, -1, 0), -- Avian Ripper
(@SGGUID+23, @CGUID+114, -1, 0), -- Avian Ripper
(@SGGUID+23, @CGUID+115, -1, 0), -- Avian Ripper

(@SGGUID+24, @CGUID+14, 0, 0), -- Time-Lost Scryer
(@SGGUID+24, @CGUID+77, 1, 0), -- Time-Lost Controller
(@SGGUID+24, @CGUID+84, 2, 0), -- Sethekk Oracle

(@SGGUID+25, @CGUID+199, 0, 0), -- Time-Lost Scryer
(@SGGUID+25, @CGUID+200, 1, 0), -- Sethekk Oracle
(@SGGUID+25, @CGUID+201, 2, 0), -- Time-Lost Scryer

(@SGGUID+26, @CGUID+78, 0, 0), -- Time-Lost Scryer
(@SGGUID+26, @CGUID+74, 1, 0), -- Time-Lost Controller
(@SGGUID+26, @CGUID+85, 2, 0), -- Sethekk Oracle

(@SGGUID+27, @CGUID+202, 0, 0), -- Time-Lost Scryer
(@SGGUID+27, @CGUID+203, 1, 0), -- Sethekk Oracle
(@SGGUID+27, @CGUID+204, 2, 0), -- Time-Lost Scryer

(@SGGUID+28, @CGUID+35, 0, 0), -- Sethekk Ravenguard
(@SGGUID+28, @CGUID+38, 1, 0), -- Sethekk Ravenguard

(@SGGUID+29, @CGUID+100, -1, 0), -- Avian Ripper
(@SGGUID+29, @CGUID+101, -1, 0), -- Avian Ripper
(@SGGUID+29, @CGUID+102, -1, 0), -- Avian Ripper
(@SGGUID+29, @CGUID+116, -1, 0), -- Avian Ripper
(@SGGUID+29, @CGUID+117, -1, 0), -- Avian Ripper
(@SGGUID+29, @CGUID+118, -1, 0), -- Avian Ripper
(@SGGUID+29, @CGUID+119, -1, 0), -- Avian Ripper
(@SGGUID+29, @CGUID+120, -1, 0), -- Avian Ripper
(@SGGUID+29, @CGUID+121, -1, 0), -- Avian Ripper
(@SGGUID+29, @CGUID+122, -1, 0), -- Avian Ripper

(@SGGUID+30, @CGUID+28, 0, 0), -- spawn_group_entry

(@SGGUID+31, @CGUID+15, 0, 0), -- Time-Lost Scryer
(@SGGUID+31, @CGUID+54, 1, 0), -- spawn_group_entry
(@SGGUID+31, @CGUID+56, 2, 0), -- Sethekk Prophet

(@SGGUID+32, @CGUID+125, 0, 0), -- spawn_group_entry

(@SGGUID+33, @CGUID+19, 0, 0), -- Time-Lost Scryer
(@SGGUID+33, @CGUID+55, 1, 0), -- spawn_group_entry
(@SGGUID+33, @CGUID+57, 2, 0), -- Sethekk Prophet

(@SGGUID+34, @CGUID+103, -1, 0), -- Avian Ripper
(@SGGUID+34, @CGUID+104, -1, 0), -- Avian Ripper
(@SGGUID+34, @CGUID+105, -1, 0), -- Avian Ripper
(@SGGUID+34, @CGUID+106, -1, 0), -- Avian Ripper
(@SGGUID+34, @CGUID+107, -1, 0), -- Avian Ripper

(@SGGUID+35, @CGUID+108, -1, 0), -- Avian Ripper
(@SGGUID+35, @CGUID+109, -1, 0), -- Avian Ripper
(@SGGUID+35, @CGUID+110, -1, 0), -- Avian Ripper
(@SGGUID+35, @CGUID+123, -1, 0), -- Avian Ripper
(@SGGUID+35, @CGUID+124, -1, 0), -- Avian Ripper

(@SGGUID+36, @CGUID+126, 0, 0), -- spawn_group_entry

(@SGGUID+37, @CGUID+20, 0, 0), -- Time-Lost Scryer
(@SGGUID+37, @CGUID+66, 1, 0), -- spawn_group_entry
(@SGGUID+37, @CGUID+60, 2, 0), -- Sethekk Prophet

(@SGGUID+38, @CGUID+36, 0, 0), -- Sethekk Ravenguard
(@SGGUID+38, @CGUID+37, 1, 0), -- Sethekk Ravenguard

(@SGGUID+39, @CGUID+127, 0, 0), -- spawn_group_entry

(@SGGUID+40, @CGUID+23, 0, 0), -- Time-Lost Shadowmage
(@SGGUID+40, @CGUID+58, 1, 0), -- Sethekk Prophet
(@SGGUID+40, @CGUID+16, 2, 0), -- spawn_group_entry

(@SGGUID+41, @CGUID+30, 0, 0), -- spawn_group_entry

(@SGGUID+42, @CGUID+21, 0, 0), -- Time-Lost Shadowmage
(@SGGUID+42, @CGUID+53, 1, 0), -- Sethekk Prophet
(@SGGUID+42, @CGUID+25, 2, 0), -- spawn_group_entry

(@SGGUID+43, @CGUID+31, 0, 0), -- spawn_group_entry

(@SGGUID+44, @CGUID+17, 0, 0), -- Time-Lost Shadowmage
(@SGGUID+44, @CGUID+61, 1, 0), -- Sethekk Prophet
(@SGGUID+44, @CGUID+22, 2, 0), -- spawn_group_entry

(@SGGUID+45, @CGUID+128, 0, 0), -- spawn_group_entry

(@SGGUID+46, @CGUID+26, 0, 0), -- Time-Lost Shadowmage
(@SGGUID+46, @CGUID+63, 1, 0), -- Sethekk Prophet
(@SGGUID+46, @CGUID+62, 2, 0), -- spawn_group_entry

(@SGGUID+47, @CGUID+32, 0, 0), -- spawn_group_entry

(@SGGUID+48, @CGUID+27, 0, 0), -- Time-Lost Shadowmage
(@SGGUID+48, @CGUID+64, 1, 0), -- Sethekk Prophet
(@SGGUID+48, @CGUID+18, 2, 0), -- spawn_group_entry

(@SGGUID+49, @CGUID+129, 0, 0), -- Avian Warhawk
(@SGGUID+49, @CGUID+29, 1, 0), -- Sethekk Talon Lord
(@SGGUID+49, @CGUID+59, 2, 0), -- Sethekk Prophet
(@SGGUID+49, @CGUID+65, 3, 0), -- Sethekk Shaman
(@SGGUID+49, @CGUID+24, 4, 0); -- Time-Lost Shadowmage

INSERT INTO `spawn_group_formation` (`Id`, `FormationType`, `FormationSpread`, `FormationOptions`, `PathId`, `MovementType`, `Comment`) VALUES
(@SGGUID+2, 2, 3, 0, @SGGUID+2, 2, 'Sethekk Halls - Group 002 - Sethekk Initiate | Avian Darkhawk - Patrol 01');

INSERT INTO `waypoint_path_name` (`PathId`, `Name`) VALUES
(@SGGUID+2,'Sethekk Halls - Group 002 - Sethekk Initiate | Avian Darkhawk - Patrol 01');

INSERT INTO `waypoint_path` (`PathId`, `Point`, `PositionX`, `PositionY`, `PositionZ`, `Orientation`, `WaitTime`, `ScriptId`) VALUES
(@SGGUID+2, 1, 45.314354,37.101177,0.0074783196, 100, 0, 0),
(@SGGUID+2, 2, 47.015766,25.06157,0.0074763903, 100, 0, 0),
(@SGGUID+2, 3, 47.217983,9.030255,0.0050247586, 100, 0, 0),
(@SGGUID+2, 4, 39.303646,0.663297,0.007095872, 100, 0, 0),
(@SGGUID+2, 5, 36.73842,10.677114,0.008318759, 100, 0, 0),
(@SGGUID+2, 6, 40.667316,20.894041,0.008027105, 100, 0, 0),
(@SGGUID+2, 7, 38.962692,30.885172,0.0074734767, 100, 0, 0),
(@SGGUID+2, 8, 39.64863,40.192886,0.0074779084, 100, 0, 0);

DELETE FROM worldstate_name WHERE Id BETWEEN @SGGUID+1 AND @SGGUID+6;
INSERT INTO `worldstate_name` (`Id`, `Name`) VALUES 
(@SGGUID+1, 'Sethekk Halls - Group 012'),
(@SGGUID+2, 'Sethekk Halls - Group 013'),
(@SGGUID+3, 'Sethekk Halls - Group 014'),
(@SGGUID+4, 'Sethekk Halls - Group 016'),
(@SGGUID+5, 'Sethekk Halls - Group 020'),
(@SGGUID+6, 'Sethekk Halls - Group 021');

DELETE FROM `conditions` WHERE `condition_entry` BETWEEN @SGGUID+1 AND @SGGUID+13;
INSERT INTO `conditions` (`condition_entry`, `type`, `value1`, `value2`, `value3`, `value4`, `flags`, `comments`) VALUES 
(@SGGUID+1, 42, @SGGUID+1, 1, 0, 0, 0, 'Sethekk Halls - Group 012 -  Type 1'),
(@SGGUID+2, 42, @SGGUID+1, 1, 1, 0, 0, 'Sethekk Halls - Group 012 -  Type 2'),
(@SGGUID+3, 42, @SGGUID+2, 1, 0, 0, 0, 'Sethekk Halls - Group 013 -  Type 1'),
(@SGGUID+4, 42, @SGGUID+2, 1, 1, 0, 0, 'Sethekk Halls - Group 013 -  Type 2'),
(@SGGUID+5, 42, @SGGUID+3, 1, 0, 0, 0, 'Sethekk Halls - Group 014 -  Type 1'),
(@SGGUID+6, 42, @SGGUID+3, 1, 1, 0, 0, 'Sethekk Halls - Group 014 -  Type 2'),
(@SGGUID+7, 42, @SGGUID+4, 1, 0, 0, 0, 'Sethekk Halls - Group 016 -  Type 1'),
(@SGGUID+8, 42, @SGGUID+4, 1, 1, 0, 0, 'Sethekk Halls - Group 016 -  Type 2'),
(@SGGUID+9, 42, @SGGUID+5, 1, 0, 0, 0, 'Sethekk Halls - Group 020 -  Type 1'),
(@SGGUID+10, 42, @SGGUID+5, 1, 1, 0, 0, 'Sethekk Halls - Group 020 -  Type 2'),
(@SGGUID+11, 42, @SGGUID+6, 1, 0, 0, 0, 'Sethekk Halls - Group 021 -  Type 1'),
(@SGGUID+12, 42, @SGGUID+6, 1, 1, 0, 0, 'Sethekk Halls - Group 021 -  Type 2'),
-- SpawnGroup 008 should despawn when endboss dies
(@SGGUID+13, 42, 2818, 1, 0, 0, 0, 'Sethekk Halls - Talon King Ikiss Alive');

-- =======
-- POOLING
-- =======

INSERT INTO `pool_template` (`entry`, `max_limit`, `description`) VALUES
(@PGUID+1, 1, 'Sethekk Halls - Nonstatic Critter'), -- creature
(@PGUID+21, 2, 'Sethekk Halls - Master Chest Pool'), -- gameobject
(@PGUID+22, 3, 'Sethekk Halls - Master Mineral Pool'),
(@PGUID+23, 4, 'Sethekk Halls - Master Anchient Lichen (181278) Pool'),
(@PGUID+24, 1, 'Sethekk Halls - Adamantite Deposit / Rich Adamantite Deposit - #1'),
(@PGUID+25, 1, 'Sethekk Halls - Adamantite Deposit / Rich Adamantite Deposit - #2'),
(@PGUID+26, 1, 'Sethekk Halls - Adamantite Deposit / Rich Adamantite Deposit / Khorium Vein - #3'),
(@PGUID+27, 1, 'Sethekk Halls - Adamantite Deposit / Rich Adamantite Deposit - #4'),
(@PGUID+28, 1, 'Sethekk Halls - Adamantite Deposit / Rich Adamantite Deposit / Khorium Vein - #5'),
(@PGUID+29, 1, 'Sethekk Halls - Adamantite Deposit / Rich Adamantite Deposit - #6'),
(@PGUID+30, 1, 'Sethekk Halls - Adamantite Deposit / Rich Adamantite Deposit - #7'),
(@PGUID+31, 1, 'Sethekk Halls - Adamantite Deposit / Rich Adamantite Deposit - #8'),
(@PGUID+32, 1, 'Sethekk Halls - Adamantite Deposit / Rich Adamantite Deposit - #9'),
(@PGUID+33, 1, 'Sethekk Halls - Adamantite Deposit / Rich Adamantite Deposit - #10'),
(@PGUID+34, 1, 'Sethekk Halls - Adamantite Deposit / Rich Adamantite Deposit - #11'),
(@PGUID+35, 1, 'Sethekk Halls - Adamantite Deposit / Rich Adamantite Deposit - #12'),
(@PGUID+36, 1, 'Sethekk Halls (Normal) - Bound / Solid Adamantite Chest - #1'),
(@PGUID+37, 1, 'Sethekk Halls (Normal) - Bound / Solid Adamantite Chest - #2'),
(@PGUID+38, 1, 'Sethekk Halls (Normal) - Bound / Solid Adamantite Chest - #3'),
(@PGUID+39, 1, 'Sethekk Halls (Normal) - Bound / Solid Adamantite Chest - #4'),
(@PGUID+40, 1, 'Sethekk Halls (Normal) - Bound / Solid Adamantite Chest - #5'),
(@PGUID+41, 1, 'Sethekk Halls (Normal) - Bound / Solid Adamantite Chest - #6'),
(@PGUID+42, 1, 'Sethekk Halls (Normal) - Bound / Solid Adamantite Chest - #7'),
(@PGUID+43, 1, 'Sethekk Halls (Normal) - Bound / Solid Adamantite Chest - #8'),
(@PGUID+44, 1, 'Sethekk Halls (Heroic) - Bound / Solid Adamantite Chest - #1'),
(@PGUID+45, 1, 'Sethekk Halls (Heroic) - Bound / Solid Adamantite Chest - #2'),
(@PGUID+46, 1, 'Sethekk Halls (Heroic) - Bound / Solid Adamantite Chest - #3'),
(@PGUID+47, 1, 'Sethekk Halls (Heroic) - Bound / Solid Adamantite Chest - #4'),
(@PGUID+48, 1, 'Sethekk Halls (Heroic) - Bound / Solid Adamantite Chest - #5'),
(@PGUID+49, 1, 'Sethekk Halls (Heroic) - Bound / Solid Adamantite Chest - #6'),
(@PGUID+50, 1, 'Sethekk Halls (Heroic) - Bound / Solid Adamantite Chest - #7'),
(@PGUID+51, 1, 'Sethekk Halls (Heroic) - Bound / Solid Adamantite Chest - #8'),
(@PGUID+52, 1, 'Sethekk Halls - Adamantite Deposit / Rich Adamantite Deposit - #13'),
(@PGUID+53, 1, 'Sethekk Halls - Adamantite Deposit / Rich Adamantite Deposit - #14'),
(@PGUID+54, 1, 'Sethekk Halls - Adamantite Deposit / Rich Adamantite Deposit - #15'),
(@PGUID+55, 1, 'Sethekk Halls - Adamantite Deposit / Rich Adamantite Deposit - #16'),
(@PGUID+56, 1, 'Sethekk Halls - Adamantite Deposit / Rich Adamantite Deposit - #17');

INSERT INTO `pool_creature` (`guid`, `pool_entry`, `chance`, `description`) VALUES
(@CGUID+181, @PGUID+1, 0, 'Sethekk Halls - Nonstatic Critter'),
(@CGUID+182, @PGUID+1, 0, 'Sethekk Halls - Nonstatic Critter'),
(@CGUID+183, @PGUID+1, 0, 'Sethekk Halls - Nonstatic Critter'),
(@CGUID+184, @PGUID+1, 0, 'Sethekk Halls - Nonstatic Critter'),
(@CGUID+185, @PGUID+1, 0, 'Sethekk Halls - Nonstatic Critter'),
(@CGUID+186, @PGUID+1, 0, 'Sethekk Halls - Nonstatic Critter');

INSERT INTO `pool_gameobject` (`guid`, `pool_entry`, `chance`, `description`) VALUES
(@OGUID+2, @PGUID+23, 0, 'Sethekk Halls - Anchient Lichen (181278)'),
(@OGUID+3, @PGUID+23, 0, 'Sethekk Halls - Anchient Lichen (181278)'),
(@OGUID+4, @PGUID+23, 0, 'Sethekk Halls - Anchient Lichen (181278)'),
(@OGUID+5, @PGUID+23, 0, 'Sethekk Halls - Anchient Lichen (181278)'),
(@OGUID+6, @PGUID+23, 0, 'Sethekk Halls - Anchient Lichen (181278)'),
(@OGUID+7, @PGUID+23, 0, 'Sethekk Halls - Anchient Lichen (181278)'),
(@OGUID+23, @PGUID+23, 0, 'Sethekk Halls - Anchient Lichen (181278)'),
(@OGUID+24, @PGUID+23, 0, 'Sethekk Halls - Anchient Lichen (181278)'),
(@OGUID+25, @PGUID+23, 0, 'Sethekk Halls - Anchient Lichen (181278)'),
(@OGUID+26, @PGUID+23, 0, 'Sethekk Halls - Anchient Lichen (181278)'),
(@OGUID+27, @PGUID+23, 0, 'Sethekk Halls - Anchient Lichen (181278)'),
(@OGUID+28, @PGUID+23, 0, 'Sethekk Halls - Anchient Lichen (181278)'),
(@OGUID+29, @PGUID+23, 0, 'Sethekk Halls - Anchient Lichen (181278)'),
(@OGUID+30, @PGUID+23, 0, 'Sethekk Halls - Anchient Lichen (181278)'),
(@OGUID+31, @PGUID+23, 0, 'Sethekk Halls - Anchient Lichen (181278)'),
(@OGUID+32, @PGUID+23, 0, 'Sethekk Halls - Anchient Lichen (181278)'),
(@OGUID+33, @PGUID+23, 0, 'Sethekk Halls - Anchient Lichen (181278)'),
(@OGUID+34, @PGUID+23, 0, 'Sethekk Halls - Anchient Lichen (181278)'),
(@OGUID+8, @PGUID+24, 0, 'Sethekk Halls - Adamantite Deposit (181556) - #1'),
(@OGUID+56, @PGUID+24, 0, 'Sethekk Halls - Rich Adamantite Deposit (181569) - #1'),
(@OGUID+9, @PGUID+25, 0, 'Sethekk Halls - Adamantite Deposit (181556) - #2'),
(@OGUID+52, @PGUID+25, 0, 'Sethekk Halls - Rich Adamantite Deposit (181569) - #2'),
(@OGUID+11, @PGUID+26, 0, 'Sethekk Halls - Khorium Vein (181557) - #3'),
(@OGUID+37, @PGUID+26, 0, 'Sethekk Halls - Adamantite Deposit (181556) - #3'),
(@OGUID+51, @PGUID+26, 0, 'Sethekk Halls - Rich Adamantite Deposit (181569) - #3'),
(@OGUID+35, @PGUID+27, 0, 'Sethekk Halls - Adamantite Deposit (181556) - #4'),
(@OGUID+48, @PGUID+27, 0, 'Sethekk Halls - Rich Adamantite Deposit (181569) - #4'),
(@OGUID+38, @PGUID+28, 0, 'Sethekk Halls - Adamantite Deposit (181556) - #5'),
(@OGUID+49, @PGUID+28, 0, 'Sethekk Halls - Rich Adamantite Deposit (181569) - #5'),
(@OGUID+60, @PGUID+28, 0, 'Sethekk Halls - Khorium Vein (181557) - #5'),
(@OGUID+39, @PGUID+29, 0, 'Sethekk Halls - Adamantite Deposit (181556) - #6'),
(@OGUID+50, @PGUID+29, 0, 'Sethekk Halls - Rich Adamantite Deposit (181569) - #6'),
(@OGUID+40, @PGUID+30, 0, 'Sethekk Halls - Adamantite Deposit (181556) - #7'),
(@OGUID+53, @PGUID+30, 0, 'Sethekk Halls - Rich Adamantite Deposit (181569) - #7'),
(@OGUID+43, @PGUID+31, 0, 'Sethekk Halls - Adamantite Deposit (181556) - #8'),
(@OGUID+54, @PGUID+31, 0, 'Sethekk Halls - Rich Adamantite Deposit (181569) - #8'),
(@OGUID+44, @PGUID+32, 0, 'Sethekk Halls - Adamantite Deposit (181556) - #9'),
(@OGUID+55, @PGUID+32, 0, 'Sethekk Halls - Rich Adamantite Deposit (181569) - #9'),
(@OGUID+45, @PGUID+33, 0, 'Sethekk Halls - Adamantite Deposit (181556) - #10'),
(@OGUID+57, @PGUID+33, 0, 'Sethekk Halls - Rich Adamantite Deposit (181569) - #10'),
(@OGUID+46, @PGUID+34, 0, 'Sethekk Halls - Adamantite Deposit (181556) - #11'),
(@OGUID+58, @PGUID+34, 0, 'Sethekk Halls - Rich Adamantite Deposit (181569) - #11'),
(@OGUID+47, @PGUID+35, 0, 'Sethekk Halls - Adamantite Deposit (181556) - #12'),
(@OGUID+59, @PGUID+35, 0, 'Sethekk Halls - Rich Adamantite Deposit (181569) - #12'),
(@OGUID+63, @PGUID+36, 0, 'Sethekk Halls (Normal) - Bound Adamantite Chest (184936)'),
(@OGUID+64, @PGUID+36, 0, 'Sethekk Halls (Normal) - Solid Adamantite Chest (184937)'),
(@OGUID+65, @PGUID+37, 0, 'Sethekk Halls (Normal) - Bound Adamantite Chest (184938)'),
(@OGUID+66, @PGUID+37, 0, 'Sethekk Halls (Normal) - Solid Adamantite Chest (184939)'),
(@OGUID+67, @PGUID+38, 0, 'Sethekk Halls (Normal) - Bound Adamantite Chest (184938)'),
(@OGUID+68, @PGUID+38, 0, 'Sethekk Halls (Normal) - Solid Adamantite Chest (184939)'),
(@OGUID+69, @PGUID+39, 0, 'Sethekk Halls (Normal) - Bound Adamantite Chest (184938)'),
(@OGUID+70, @PGUID+39, 0, 'Sethekk Halls (Normal) - Solid Adamantite Chest (184939)'),
(@OGUID+71, @PGUID+40, 0, 'Sethekk Halls (Normal) - Bound Adamantite Chest (184938)'),
(@OGUID+72, @PGUID+40, 0, 'Sethekk Halls (Normal) - Solid Adamantite Chest (184939)'),
(@OGUID+73, @PGUID+41, 0, 'Sethekk Halls (Normal) - Bound Adamantite Chest (184938)'),
(@OGUID+74, @PGUID+41, 0, 'Sethekk Halls (Normal) - Solid Adamantite Chest (184939)'),
(@OGUID+75, @PGUID+42, 0, 'Sethekk Halls (Normal) - Bound Adamantite Chest (184938)'),
(@OGUID+76, @PGUID+42, 0, 'Sethekk Halls (Normal) - Solid Adamantite Chest (184939)'),
(@OGUID+77, @PGUID+43, 0, 'Sethekk Halls (Normal) - Bound Adamantite Chest (184938)'),
(@OGUID+78, @PGUID+43, 0, 'Sethekk Halls (Normal) - Solid Adamantite Chest (184939)'),
(@OGUID+79, @PGUID+44, 0, 'Sethekk Halls (Heroic) - Bound Adamantite Chest (184940)'),
(@OGUID+80, @PGUID+44, 0, 'Sethekk Halls (Heroic) - Solid Adamantite Chest (184941)'),
(@OGUID+81, @PGUID+45, 0, 'Sethekk Halls (Heroic) - Bound Adamantite Chest (184940)'),
(@OGUID+82, @PGUID+45, 0, 'Sethekk Halls (Heroic) - Solid Adamantite Chest (184941)'),
(@OGUID+83, @PGUID+46, 0, 'Sethekk Halls (Heroic) - Bound Adamantite Chest (184940)'),
(@OGUID+84, @PGUID+46, 0, 'Sethekk Halls (Heroic) - Solid Adamantite Chest (184941)'),
(@OGUID+85, @PGUID+47, 0, 'Sethekk Halls (Heroic) - Bound Adamantite Chest (184940)'),
(@OGUID+86, @PGUID+47, 0, 'Sethekk Halls (Heroic) - Solid Adamantite Chest (184941)'),
(@OGUID+87, @PGUID+48, 0, 'Sethekk Halls (Heroic) - Bound Adamantite Chest (184940)'),
(@OGUID+88, @PGUID+48, 0, 'Sethekk Halls (Heroic) - Solid Adamantite Chest (184941)'),
(@OGUID+89, @PGUID+49, 0, 'Sethekk Halls (Heroic) - Bound Adamantite Chest (184940)'),
(@OGUID+90, @PGUID+49, 0, 'Sethekk Halls (Heroic) - Solid Adamantite Chest (184941)'),
(@OGUID+91, @PGUID+50, 0, 'Sethekk Halls (Heroic) - Bound Adamantite Chest (184940)'),
(@OGUID+92, @PGUID+50, 0, 'Sethekk Halls (Heroic) - Solid Adamantite Chest (184941)'),
(@OGUID+93, @PGUID+51, 0, 'Sethekk Halls (Heroic) - Bound Adamantite Chest (184940)'),
(@OGUID+94, @PGUID+51, 0, 'Sethekk Halls (Heroic) - Solid Adamantite Chest (184941)'),
(@OGUID+41, @PGUID+52, 0, 'Sethekk Halls - Adamantite Deposit (181556) - #13'),
(@OGUID+17, @PGUID+52, 0, 'Sethekk Halls - Rich Adamantite Deposit (181569) - #13'),
(@OGUID+10, @PGUID+53, 0, 'Sethekk Halls - Adamantite Deposit (181556) - #14'),
(@OGUID+18, @PGUID+53, 0, 'Sethekk Halls - Rich Adamantite Deposit (181569) - #14'),
(@OGUID+36, @PGUID+54, 0, 'Sethekk Halls - Adamantite Deposit (181556) - #15'),
(@OGUID+19, @PGUID+54, 0, 'Sethekk Halls - Rich Adamantite Deposit (181569) - #15'),
(@OGUID+14, @PGUID+55, 0, 'Sethekk Halls - Adamantite Deposit (181556) - #16'),
(@OGUID+20, @PGUID+55, 0, 'Sethekk Halls - Rich Adamantite Deposit (181569) - #16'),
(@OGUID+42, @PGUID+56, 0, 'Sethekk Halls - Adamantite Deposit (181556) - #17'),
(@OGUID+95, @PGUID+56, 0, 'Sethekk Halls - Rich Adamantite Deposit (181569) - #17');

INSERT INTO `pool_pool` (`pool_id`, `mother_pool`, `chance`, `description`) VALUES
(@PGUID+24, @PGUID+22, 0, 'Sethekk Halls - Adamantite Deposit / Rich Adamantite Deposit - #1'),
(@PGUID+25, @PGUID+22, 0, 'Sethekk Halls - Adamantite Deposit / Rich Adamantite Deposit - #2'),
(@PGUID+26, @PGUID+22, 0, 'Sethekk Halls - Adamantite Deposit / Rich Adamantite Deposit / Khorium Vein - #3'),
(@PGUID+27, @PGUID+22, 0, 'Sethekk Halls - Adamantite Deposit / Rich Adamantite Deposit - #4'),
(@PGUID+28, @PGUID+22, 0, 'Sethekk Halls - Adamantite Deposit / Rich Adamantite Deposit / Khorium Vein - #5'),
(@PGUID+29, @PGUID+22, 0, 'Sethekk Halls - Adamantite Deposit / Rich Adamantite Deposit - #6'),
(@PGUID+30, @PGUID+22, 0, 'Sethekk Halls - Adamantite Deposit / Rich Adamantite Deposit - #7'),
(@PGUID+31, @PGUID+22, 0, 'Sethekk Halls - Adamantite Deposit / Rich Adamantite Deposit - #8'),
(@PGUID+32, @PGUID+22, 0, 'Sethekk Halls - Adamantite Deposit / Rich Adamantite Deposit - #9'),
(@PGUID+33, @PGUID+22, 0, 'Sethekk Halls - Adamantite Deposit / Rich Adamantite Deposit - #10'),
(@PGUID+34, @PGUID+22, 0, 'Sethekk Halls - Adamantite Deposit / Rich Adamantite Deposit - #11'),
(@PGUID+35, @PGUID+22, 0, 'Sethekk Halls - Adamantite Deposit / Rich Adamantite Deposit - #12'),
(@PGUID+36, @PGUID+21, 0, 'Sethekk Halls (Normal) - Bound / Solid Adamantite Chest - #1'),
(@PGUID+37, @PGUID+21, 0, 'Sethekk Halls (Normal) - Bound / Solid Adamantite Chest - #2'),
(@PGUID+38, @PGUID+21, 0, 'Sethekk Halls (Normal) - Bound / Solid Adamantite Chest - #3'),
(@PGUID+39, @PGUID+21, 0, 'Sethekk Halls (Normal) - Bound / Solid Adamantite Chest - #4'),
(@PGUID+40, @PGUID+21, 0, 'Sethekk Halls (Normal) - Bound / Solid Adamantite Chest - #5'),
(@PGUID+41, @PGUID+21, 0, 'Sethekk Halls (Normal) - Bound / Solid Adamantite Chest - #6'),
(@PGUID+42, @PGUID+21, 0, 'Sethekk Halls (Normal) - Bound / Solid Adamantite Chest - #7'),
(@PGUID+43, @PGUID+21, 0, 'Sethekk Halls (Normal) - Bound / Solid Adamantite Chest - #8'),
(@PGUID+44, @PGUID+21, 0, 'Sethekk Halls (Heroic) - Bound / Solid Adamantite Chest - #1'),
(@PGUID+45, @PGUID+21, 0, 'Sethekk Halls (Heroic) - Bound / Solid Adamantite Chest - #2'),
(@PGUID+46, @PGUID+21, 0, 'Sethekk Halls (Heroic) - Bound / Solid Adamantite Chest - #3'),
(@PGUID+47, @PGUID+21, 0, 'Sethekk Halls (Heroic) - Bound / Solid Adamantite Chest - #4'),
(@PGUID+48, @PGUID+21, 0, 'Sethekk Halls (Heroic) - Bound / Solid Adamantite Chest - #5'),
(@PGUID+49, @PGUID+21, 0, 'Sethekk Halls (Heroic) - Bound / Solid Adamantite Chest - #6'),
(@PGUID+50, @PGUID+21, 0, 'Sethekk Halls (Heroic) - Bound / Solid Adamantite Chest - #7'),
(@PGUID+51, @PGUID+21, 0, 'Sethekk Halls (Normal) - Bound / Solid Adamantite Chest - #8'),
(@PGUID+52, @PGUID+22, 0, 'Sethekk Halls - Adamantite Deposit / Rich Adamantite Deposit - #13'),
(@PGUID+53, @PGUID+22, 0, 'Sethekk Halls - Adamantite Deposit / Rich Adamantite Deposit - #14'),
(@PGUID+54, @PGUID+22, 0, 'Sethekk Halls - Adamantite Deposit / Rich Adamantite Deposit - #15'),
(@PGUID+55, @PGUID+22, 0, 'Sethekk Halls - Adamantite Deposit / Rich Adamantite Deposit - #16'),
(@PGUID+56, @PGUID+22, 0, 'Sethekk Halls - Adamantite Deposit / Rich Adamantite Deposit - #17');

-- INSERT INTO `pool_creature_template` (`id`, `pool_entry`, `chance`, `description`) VALUES
-- INSERT INTO `pool_gameobject_template` (`id`, `pool_entry`, `chance`, `description`) VALUES

-- =========
-- DBSCRIPTS
-- =========

DELETE FROM dbscripts_on_creature_movement WHERE id IN (1895601,1895602,2193101,2193102);
INSERT INTO `dbscripts_on_creature_movement` (`id`, `delay`, `command`, `datalong`, `datalong2`, `datalong3`, `buddy_entry`, `search_radius`, `data_flags`, `dataint`, `dataint2`, `dataint3`, `dataint4`, `x`, `y`, `z`, `o`, `comments`) VALUES
(1895601, 1000, 21, 1, 0, 0, 0, 0, 0, 0, 0, 0, 0, 0, 0, 0, 0, 'Sethekk Halls - Lakka - Active'),
(1895602, 1000, 20, 0, 0, 0, 0, 0, 0, 0, 0, 0, 0, 0, 0, 0, 0, 'Sethekk Halls - Lakka - Idle Movement'),
(1895602, 2000, 21, 0, 0, 0, 0, 0, 0, 0, 0, 0, 0, 0, 0, 0, 0, 'Sethekk Halls - Lakka - Unactive'),
(1895602, 3000, 18, 0, 0, 0, 0, 0, 0, 0, 0, 0, 0, 0, 0, 0, 0, 'Sethekk Halls - Lakka - Despawn'),
(2193101, 1000, 25, 1, 0, 0, 0, 0, 0, 0, 0, 0, 0, 0, 0, 0, 0, 'Sethekk Halls - Avian Flyer - Run On'),
(2193102, 1000, 18, 0, 0, 0, 0, 0, 0, 0, 0, 0, 0, 0, 0, 0, 0, 'Sethekk Halls - Avian Flyer - despawn'),
(2193102, 2000, 41, 0, 0, 0, 0, 0, 0, 0, 0, 0, 0, 0, 0, 0, 0, 'Sethekk Halls - Avian Flyer - respawn');

-- new movement scripts
DELETE FROM dbscripts_on_creature_movement WHERE id IN (1832301);
INSERT INTO `dbscripts_on_creature_movement` (`id`, `delay`, `priority`, `command`, `datalong`, `datalong2`, `datalong3`, `buddy_entry`, `search_radius`, `data_flags`, `dataint`, `dataint2`, `dataint3`, `dataint4`, `x`, `y`, `z`, `o`, `comments`) VALUES
(1832301, 0, 0, 20, 0, 0, 0, 0, 0, 0, 0, 0, 0, 0, 0, 0, 0, 0, 'Sethekk Guard - change movement'),
(1832301, 1000, 0, 2, 169, 375, 0, 0, 0, 0, 0, 0, 0, 0, 0, 0, 0, 0, 'Sethekk Guard - add emotestate');

INSERT INTO `dbscripts_on_creature_death` (`id`, `delay`, `priority`, `command`, `datalong`, `datalong2`, `datalong3`, `buddy_entry`, `search_radius`, `data_flags`, `dataint`, `dataint2`, `dataint3`, `dataint4`, `x`, `y`, `z`, `o`, `comments`) VALUES
(18472, 0, 0, 52, 7868, 0, 0, 18956, @CGUID+88, 17, 0, 0, 0, 0, 0, 0, 0, 0, 'Sethekk Halls - Lakka Change Gossip- Darkweaver Syth Death'),
(18472, 0, 1, 0, 0, 0, 0, 18956, @CGUID+88, 16, 16056, 0, 0, 0, 0, 0, 0, 0, 'Sethekk Halls - Lakka Say Text - Darkweaver Syth Death');


DELETE FROM dbscripts_on_gossip WHERE id=7868;
INSERT INTO `dbscripts_on_gossip` (`id`, `delay`, `command`, `datalong`, `datalong2`, `datalong3`, `buddy_entry`, `search_radius`, `data_flags`, `dataint`, `dataint2`, `dataint3`, `dataint4`, `x`, `y`, `z`, `o`, `comments`) VALUES
(7868, 4000, 20, 2, 0, 0, 18956, @CGUID+88, 16, 0, 0, 0, 0, 0, 0, 0, 0, 'Sethekk Halls - Lakka - Set Waypoint Movement'),
(7868, 4000, 13, 0, 0, 0, 183051, 50, 1, 0, 0, 0, 0, 0, 0, 0, 0, 'Sethekk Halls - Lakka - Open Cage'),
(7868, 1000, 0, 0, 0, 0, 18956, @CGUID+88, 16, 16049, 0, 0, 0, 0, 0, 0, 0, 'Sethekk Halls - Lakka - Say'),
(7868, 1000, 8, 18956, 1, 0, 0, 0, 0, 0, 0, 0, 0, 0, 0, 0, 0, 'Sethekk Halls - Lakka - Kill Credit');

-- INSERT INTO `dbscripts_on_go_use` (`id`, `delay`, `command`, `datalong`, `datalong2`, `datalong3`, `buddy_entry`, `search_radius`, `data_flags`, `dataint`, `dataint2`, `dataint3`, `dataint4`, `x`, `y`, `z`, `o`, `comments`) VALUES
-- INSERT INTO `dbscripts_on_go_template_use` (`id`, `delay`, `command`, `datalong`, `datalong2`, `datalong3`, `buddy_entry`, `search_radius`, `data_flags`, `dataint`, `dataint2`, `dataint3`, `dataint4`, `x`, `y`, `z`, `o`, `comments`) VALUES
-- INSERT INTO `dbscripts_on_relay` (`id`, `delay`, `command`, `datalong`, `datalong2`, `datalong3`, `buddy_entry`, `search_radius`, `data_flags`, `dataint`, `dataint2`, `dataint3`, `dataint4`, `x`, `y`, `z`, `o`, `comments`) VALUES
-- INSERT INTO `dbscripts_on_event` (`id`, `delay`, `command`, `datalong`, `datalong2`, `datalong3`, `buddy_entry`, `search_radius`, `data_flags`, `dataint`, `dataint2`, `dataint3`, `dataint4`, `x`, `y`, `z`, `o`, `comments`) VALUES
-- INSERT INTO `dbscripts_on_spell` (`id`, `delay`, `command`, `datalong`, `datalong2`, `datalong3`, `buddy_entry`, `search_radius`, `data_flags`, `dataint`, `dataint2`, `dataint3`, `dataint4`, `x`, `y`, `z`, `o`, `comments`) VALUES
-- INSERT INTO `dbscripts_on_quest_start` (`id`, `delay`, `command`, `datalong`, `datalong2`, `datalong3`, `buddy_entry`, `search_radius`, `data_flags`, `dataint`, `dataint2`, `dataint3`, `dataint4`, `x`, `y`, `z`, `o`, `comments`) VALUES
-- INSERT INTO `dbscripts_on_quest_end` (`id`, `delay`, `command`, `datalong`, `datalong2`, `datalong3`, `buddy_entry`, `search_radius`, `data_flags`, `dataint`, `dataint2`, `dataint3`, `dataint4`, `x`, `y`, `z`, `o`, `comments`) VALUES
-- INSERT INTO `dbscript_random_templates` (`id`, `type`, `target_id`, `chance`, `comments`) VALUES


