/* DBScriptData
DBName: Auchindoun - Mana-Tombs
DBScriptName: -
DB%Complete: 90
DBComment: ToDO: rework Escort Quest at somepoint and rework mine/herb grouping
EndDBScriptData */

SET @CGUID := 5570000; -- creatures
SET @OGUID := 5570000; -- gameobjects
SET @PGUID := 49400; -- pools
SET @SGGUID := 5570000; -- spawn_groups


-- =========
-- CREATURES
-- =========

INSERT INTO `creature_movement` (`id`, `point`, `PositionX`, `PositionY`, `PositionZ`, `orientation`, `waittime`, `ScriptId`) VALUES
(@CGUID+166, 1, -212.76714,-245.90474,-0.95596415, 100, 0, 0),
(@CGUID+166, 2,-204.53967,-238.08087,-0.9558625, 100, 0, 0),
(@CGUID+166, 3,-203.31392,-226.93602,-0.9557935, 100, 0, 0),
(@CGUID+166, 4,-204.87102,-214.85806,0.26295188, 100, 0, 0),
(@CGUID+167, 1, -81.76385,-235.159,-0.0013113776, 100, 0, 0),
(@CGUID+167, 2, -90.19468,-229.46202,0.2272293, 100, 0, 0),
(@CGUID+167, 3, -98.29801,-220.66646,-1.0128443, 100, 0, 0),
(@CGUID+167, 4, -106.17904,-213.0709,-1.1736019, 100, 0, 0),
(@CGUID+167, 5, -115.79944,-204.35925,-1.2894212, 100, 0, 0),
(@CGUID+168, 1, -260.55893,-185.37411,-0.6203555, 100, 0, 0),
(@CGUID+168, 2, -267.18024,-183.95139,-0.61404854, 100, 0, 0),
(@CGUID+168, 3,-272.5438,-177.76714,-1.0101689, 100, 0, 0),
(@CGUID+168, 4,-275.6246,-167.48929,-2.2277827, 100, 0, 0),
(@CGUID+168, 5,-271.68774,-159.06718,-2.3313134, 100, 0, 0),
(@CGUID+169, 1, -275.94824,25.733856,22.140972, 100, 0, 0),
(@CGUID+169, 2, -286.7902,15.48573,18.410303, 100, 0, 0),
(@CGUID+169, 3, -286.58047,2.692342,16.787771, 100, 0, 0),
(@CGUID+169, 4, -283.24142,-4.002039,16.685318, 100, 0, 0),
(@CGUID+170, 1, -214.384,9.683906,16.860193, 100, 0, 0),
(@CGUID+170, 2, -231.31323,9.442994,16.808558, 100, 0, 0),
(@CGUID+170, 3, -246.69841,9.225306,16.79433, 100, 0, 0),
(@CGUID+172, 1, -384.3248,-69.727554,-0.95876795, 100, 0, 0),
(@CGUID+172, 2, -380.67374,-61.6305,-0.9587699, 100, 0, 0),
(@CGUID+172, 3, -374.06653,-56.737812,-0.9870974, 100, 0, 0),
(@CGUID+172, 4, -365.2416,-58.720757,-0.95876634, 100, 0, 0),
(@CGUID+172, 5, -360.66693,-67.70981,-0.9587661, 100, 0, 0);

-- INSERT INTO `creature_movement_template` (`entry`, `pathId`, `point`, `PositionX`, `PositionY`, `PositionZ`, `orientation`, `waittime`, `ScriptId`) VALUES

-- INSERT INTO `creature_addon` (`guid`, `mount`, `stand_state`, `sheath_state`, `emote`, `moveflags`, `auras`) VALUES

REPLACE INTO `creature_template_addon` (`entry`, `mount`, `stand_state`, `sheath_state`, `emote`, `moveflags`, `auras`) VALUES
(18309, 0, 0, 1, 0, 0, NULL), -- Ethereal Scavenger
(18311, 0, 0, 1, 0, 0, NULL), -- Ethereal Crypt Raider
(18312, 0, 0, 1, 0, 0, NULL), -- Ethereal Spellbinder
(18313, 0, 0, 1, 0, 0, NULL), -- Ethereal Sorcerer
(18314, 0, 0, 1, 0, 0, NULL), -- Nexus Stalker
(18315, 0, 0, 1, 0, 0, NULL), -- Ethereal Theurgist
(18317, 0, 0, 1, 0, 0, NULL), -- Ethereal Priest
(18331, 0, 0, 1, 0, 0, '16592'), -- Ethereal Darkcaster
(18341, 0, 0, 1, 0, 0, NULL), -- Pandemonius
(18343, 0, 0, 1, 0, 0, NULL), -- Tavarok
(18344, 0, 0, 1, 0, 0, NULL), -- Nexus-Prince Shaffar
(18431, 0, 0, 1, 0, 0, '32368'), -- Ethereal Beacon
(19306, 0, 0, 1, 0, 0, NULL), -- Mana Leech
(19307, 0, 0, 1, 0, 0, NULL); -- Nexus Terror

-- INSERT INTO `creature_linking` (`guid`, `master_guid`, `flag`) VALUES

-- REPLACE INTO `creature_linking_template` (`entry`, `map`, `master_entry`, `flag`, `search_range`) VALUES

-- INSERT INTO `creature_spawn_entry` (`guid`, `entry`) VALUES

INSERT INTO `creature` (`guid`, `id`, `map`, `spawnMask`, `position_x`, `position_y`, `position_z`, `orientation`, `spawntimesecsmin`, `spawntimesecsmax`, `spawndist`, `MovementType`) VALUES
(@CGUID+1, 3300, 557, 3, -167.945, -219.049, -0.955184, 2.24635, 7200, 7200, 5, 1), -- Adder
(@CGUID+2, 3300, 557, 3, -64.9214, -152.803, -0.954621, 5.24954, 7200, 7200, 5, 1), -- Adder
(@CGUID+3, 4075, 557, 3, -132.436, -235.061, -0.837656, 2.61799, 7200, 7200, 0, 0), -- Rat
(@CGUID+4, 4075, 557, 3, -106.434, -221.349, -0.327391, 1.56844, 7200, 7200, 5, 1), -- Rat
(@CGUID+5, 4075, 557, 3, -109.154, -245.159, -0.877707, 2.00713, 7200, 7200, 0, 0), -- Rat
(@CGUID+6, 4075, 557, 3, -80.9963, -247.669, -0.981655, 3.095, 7200, 7200, 3, 1), -- Rat
(@CGUID+7, 4076, 557, 3, -28.6643, -1.36396, -0.954327, 2.99347, 7200, 7200, 5, 1), -- Roach
(@CGUID+8, 4076, 557, 3, -58.7712, -112.638, -0.643656, 1.29869, 7200, 7200, 5, 1), -- Roach
(@CGUID+9, 4076, 557, 3, -90.8603, -57.1547, -0.899749, 0.695749, 7200, 7200, 5, 1), -- Roach
(@CGUID+10, 4076, 557, 3, -55.284, -65.2501, -0.583655, 5.39547, 7200, 7200, 5, 1), -- Roach
(@CGUID+11, 4076, 557, 3, -357.006, -58.2662, -0.958768, 1.45726, 7200, 7200, 5, 1), -- Roach
(@CGUID+12, 4076, 557, 3, -260.138, -12.721, 16.7853, 2.51056, 7200, 7200, 5, 1), -- Roach
(@CGUID+13, 4076, 557, 3, -313.069, 29.6364, 16.7887, 4.75044, 7200, 7200, 5, 1), -- Roach
(@CGUID+14, 4076, 557, 3, -223.753, 36.9397, 16.8765, 5.02907, 7200, 7200, 5, 1), -- Roach
(@CGUID+15, 4076, 557, 3, -52.7426, -248.427, -0.342114, 5.71542, 7200, 7200, 3, 1), -- Roach
(@CGUID+16, 4076, 557, 3, -78.0714, -203.72, -2.18549, 0.510209, 7200, 7200, 5, 1), -- Roach
(@CGUID+17, 4076, 557, 3, -31.8792, -200.34, -0.096381, 2.06846, 7200, 7200, 5, 1), -- Roach
(@CGUID+18, 4076, 557, 3, -293.38, 36.0122, 16.8706, 0.872665, 7200, 7200, 0, 0), -- Roach
(@CGUID+19, 4076, 557, 3, -316.03, -6.83241, 16.8607, 2.68775, 7200, 7200, 5, 1), -- Roach
(@CGUID+20, 4076, 557, 3, -210.438, -15.8727, 16.9463, 2.46178, 7200, 7200, 5, 1), -- Roach
(@CGUID+21, 4076, 557, 3, -117.197, -197.153, -0.876427, 1.85005, 7200, 7200, 0, 0), -- Roach
(@CGUID+22, 4076, 557, 3, -383.227, -34.5537, -0.587377, 1.38789, 7200, 7200, 5, 1), -- Roach
(@CGUID+23, 4076, 557, 3, -44.6584, -227.59, -0.23824, 0.56071, 7200, 7200, 5, 1), -- Roach
(@CGUID+24, 14881, 557, 3, -57.6287, -11.5832, -0.950267, 3.20032, 7200, 7200, 5, 1), -- Spider
(@CGUID+25, 14881, 557, 3, -393.544, -67.5723, -1.00932, 2.98987, 7200, 7200, 5, 1), -- Spider
(@CGUID+26, 14881, 557, 3, -349.628, -227.574, -0.958779, 4.06159, 7200, 7200, 5, 1), -- Spider
(@CGUID+27, 14881, 557, 3, -368.572, -236.88, -0.956436, 5.09738, 7200, 7200, 5, 1), -- Spider
(@CGUID+28, 14881, 557, 3, -381.3, -174.79, -0.95342, 1.86325, 7200, 7200, 5, 1), -- Spider
(@CGUID+29, 14881, 557, 3, -284.135, -172.869, -2.02379, 1.41923, 7200, 7200, 5, 1), -- Spider
(@CGUID+30, 14881, 557, 3, -305.686, -187.61, -0.630343, 3.63029, 7200, 7200, 0, 0), -- Spider
(@CGUID+31, 14881, 557, 3, -256.133, -187.711, -0.904484, 4.0228, 7200, 7200, 5, 1), -- Spider
(@CGUID+32, 14881, 557, 3, -97.7995, -41.5142, 16.7875, 5.6583, 7200, 7200, 5, 1), -- Spider
(@CGUID+33, 14881, 557, 3, -110.774, 12.0316, 16.7932, 5.03552, 7200, 7200, 5, 1), -- Spider
(@CGUID+34, 14881, 557, 3, -357.909, -174.616, -0.963162, 5.4589, 7200, 7200, 5, 1), -- Spider
(@CGUID+35, 14881, 557, 3, -359.879, -129.787, -0.875448, 4.72984, 7200, 7200, 0, 0), -- Spider
(@CGUID+36, 14881, 557, 3, -397.591, -141.71, -0.875414, 2.58309, 7200, 7200, 0, 0), -- Spider
(@CGUID+37, 14881, 557, 3, -380.746, -118.221, -0.958706, 2.85805, 7200, 7200, 5, 1), -- Spider
(@CGUID+38, 14881, 557, 3, -199.944, -230.552, -0.955697, 2.56202, 7200, 7200, 5, 1), -- Spider
(@CGUID+39, 14881, 557, 3, -94.1764, -13.9732, 16.7906, 2.03256, 7200, 7200, 5, 1), -- Spider
(@CGUID+40, 18309, 557, 3, -72.4353, -17.8413, -0.870996, 5.02245, 7200, 7200, 0, 0), -- Ethereal Scavenger
(@CGUID+41, 18309, 557, 3, -48.3093, -5.9904, -0.862044, 0.366519, 7200, 7200, 0, 0), -- Ethereal Scavenger
(@CGUID+42, 0, 557, 3, -105.75, -94.4898, -0.54383, 4.70034, 7200, 7200, 3, 1), -- spawn_group_entry
(@CGUID+43, 0, 557, 3, -88.1619, -58.7052, -0.859165, 3.47261, 7200, 7200, 3, 1), -- spawn_group_entry
(@CGUID+44, 18309, 557, 3, -188.778, -226.132, -0.872381, 6.16101, 7200, 7200, 0, 0), -- Ethereal Scavenger
(@CGUID+45, 18309, 557, 3, -104.22, -232.65, 1.24996, 1.16937, 7200, 7200, 0, 0), -- Ethereal Scavenger
(@CGUID+46, 18309, 557, 3, -61.5001, -188.772, -1.46905, 1.76278, 7200, 7200, 0, 0), -- Ethereal Scavenger
(@CGUID+47, 18311, 557, 3, -67.2769, -18.9735, -0.871002, 4.4575, 7200, 7200, 0, 0), -- spawn_group_entry
(@CGUID+48, 18311, 557, 3, -54.2197, 3.48241, -0.863073, 0.10472, 7200, 7200, 0, 0), -- Ethereal Crypt Raider
(@CGUID+49, 18311, 557, 3, -71.1583, -41.0175, -0.870978, 1.309, 7200, 7200, 0, 0), -- Ethereal Crypt Raider
(@CGUID+50, 18311, 557, 3, -63.4184, -41.5546, -0.871005, 1.8326, 7200, 7200, 0, 0), -- Ethereal Crypt Raider
(@CGUID+51, 18311, 557, 3, -63.6561, -60.9781, -0.083704, 1.78024, 7200, 7200, 0, 0), -- Ethereal Crypt Raider
(@CGUID+52, 18311, 557, 3, -72.6442, -60.9713, -0.966841, 1.6057, 7200, 7200, 0, 0), -- Ethereal Crypt Raider
(@CGUID+53, 0, 557, 3, -41.356, -89.8002, -2.07783, 1.64902, 7200, 7200, 5, 1), -- spawn_group_entry
(@CGUID+54, 0, 557, 3, -97.3104, -59.3163, -0.767342, 4.96897, 7200, 7200, 3, 1), -- spawn_group_entry
(@CGUID+55, 0, 557, 3, -34.3243, -94.6949, -0.178162, 3.81887, 7200, 7200, 5, 1), -- spawn_group_entry
(@CGUID+56, 18311, 557, 3, -68.1986, -83.1384, -2.03189, 0.10472, 7200, 7200, 0, 0), -- Ethereal Crypt Raider
(@CGUID+57, 18311, 557, 3, -376.534, -42.4344, -0.875429, 5.18363, 7200, 7200, 0, 0), -- Ethereal Crypt Raider
(@CGUID+58, 18311, 557, 3, -368.995, -43.6087, -0.87543, 4.13643, 7200, 7200, 0, 0), -- Ethereal Crypt Raider
(@CGUID+59, 18311, 557, 3, -69.126, -192.387, -1.93268, 1.5708, 7200, 7200, 0, 0), -- Ethereal Crypt Raider
(@CGUID+60, 18311, 557, 3, -62.6304, -171.056, -0.872021, 1.69297, 7200, 7200, 0, 0), -- Ethereal Crypt Raider
(@CGUID+61, 18312, 557, 3, -375.576, -37.7328, -0.875593, 4.85202, 7200, 7200, 0, 0), -- Ethereal Spellbinder
(@CGUID+62, 0, 557, 3, -355.1946, -75.69616, -0.9481525, 4.090406, 7200, 7200, 3, 1), -- creature_spawn_entry
(@CGUID+63, 0, 557, 3, -349.971, -72.094, -0.973895, 5.19087, 7200, 7200, 3, 1), -- creature_spawn_entry
(@CGUID+64, 0, 557, 3, -376.577, -112.053, -0.875482, 4.99164, 7200, 7200, 0, 0), -- spawn_group_entry
(@CGUID+65, 0, 557, 3, -388.684, -62.1238, -0.875438, 5.81195, 7200, 7200, 0, 0), -- spawn_group_entry
(@CGUID+66, 0, 557, 3, -396.181, -68.5921, -0.875436, 6.19592, 7200, 7200, 0, 0), -- spawn_group_entry
(@CGUID+67, 18312, 557, 3, -251.152, 12.3595, 17.035, 3.63029, 7200, 7200, 0, 0), -- Ethereal Spellbinder
(@CGUID+68, 18312, 557, 3, -253.225, 5.28209, 16.8681, 2.61799, 7200, 7200, 0, 0), -- Ethereal Spellbinder
(@CGUID+69, 18312, 557, 3, -307.06, 10.1797, 17.0981, 3.30915, 7200, 7200, 0, 0), -- Ethereal Spellbinder
(@CGUID+70, 0, 557, 3, -306.404, 6.31464, 16.7905, 3.180, 7200, 7200, 0, 0), -- spawn_group_entry
(@CGUID+71, 0, 557, 3, -284.523, -7.58058, 16.6855, 0.840118, 7200, 7200, 2, 1), -- spawn_group_entry
(@CGUID+72, 0, 557, 3, -278.91, -12.9895, 16.6849, 0.753158, 7200, 7200, 2, 1), -- spawn_group_entry
(@CGUID+73, 18313, 557, 3, -92.9226, -102.489, -0.598843, 3.6015, 7200, 7200, 5, 1), -- Ethereal Sorcerer
(@CGUID+74, 18313, 557, 3, -67.7227, -67.2675, -0.763696, 1.37881, 7200, 7200, 0, 0), -- Ethereal Sorcerer
(@CGUID+75, 18313, 557, 3, -68.0978, -87.3528, -2.03189, 5.93412, 7200, 7200, 0, 0), -- Ethereal Sorcerer
(@CGUID+76, 18313, 557, 3, -91.5123, -64.6114, -1.66751, 2.80481, 7200, 7200, 3, 1), -- Ethereal Sorcerer
(@CGUID+77, 18313, 557, 3, -41.2905, -98.9362, -0.593134, 0.733693, 7200, 7200, 5, 1), -- Ethereal Sorcerer
(@CGUID+78, 18314, 557, 3, -395.757, -168.362, -0.875432, 0.523599, 7200, 7200, 0, 0), -- Nexus Stalker
(@CGUID+79, 18313, 557, 3, -353.883, -174.866, -0.875439, 2.79253, 7200, 7200, 0, 0), -- Ethereal Sorcerer
(@CGUID+80, 18313, 557, 3, -189.265, -218.946, -0.872109, 0.05236, 7200, 7200, 0, 0), -- Ethereal Sorcerer
(@CGUID+81, 18317, 557, 3, -255.713, -184.388, -0.868398, 6.10865, 7200, 7200, 0, 0), -- Ethereal Priest
(@CGUID+82, 18313, 557, 3, -215.436, -223.383, -0.872229, 0.069813, 7200, 7200, 0, 0), -- Ethereal Sorcerer
(@CGUID+83, 0, 557, 3, -115.255, -199.527, -1.26219, 4.92183, 7200, 7200, 0, 0), -- spawn_group_entry
(@CGUID+84, 18313, 557, 3, -35.0136, -229.5, -0.199558, 3.53609, 7200, 7200, 3, 1), -- Ethereal Sorcerer
(@CGUID+85, 18317, 557, 3, -26.4751, -225.891, 0.180984, 3.77344, 7200, 7200, 3, 1), -- Ethereal Priest
(@CGUID+86, 18313, 557, 3, -149.215, -228.594, -0.737461, 6.24828, 7200, 7200, 0, 0), -- Ethereal Sorcerer
(@CGUID+87, 18313, 557, 3, -149.423, -216.702, -0.696873, 6.0912, 7200, 7200, 0, 0), -- Ethereal Sorcerer
(@CGUID+88, 18313, 557, 3, -95.4604, -239.609, 0.136311, 1.25664, 7200, 7200, 0, 0), -- Ethereal Sorcerer
(@CGUID+89, 18313, 557, 3, -71.2226, -188.406, -1.73088, 1.53589, 7200, 7200, 0, 0), -- Ethereal Sorcerer
(@CGUID+90, 0, 557, 3, -72.2145, -171.142, -0.872516, 1.27409, 7200, 7200, 0, 0), -- spawn_group_entry
(@CGUID+91, 0, 557, 3, -60.9649, -222.69, 0.0774323, 3.42085, 7200, 7200, 0, 0), -- spawn_group_entry
(@CGUID+92, 0, 557, 3, -34.6255, -196.244, -0.390311, 0.110998, 7200, 7200, 3, 1), -- spawn_group_entry
(@CGUID+93, 18314, 557, 3, -370.512, -233.061, -0.956691, 4.71571, 7200, 7200, 0, 0), -- Nexus Stalker
(@CGUID+94, 18314, 557, 3, -376.169, -233.08, -0.956591, 4.71577, 7200, 7200, 0, 0), -- Nexus Stalker
(@CGUID+95, 18314, 557, 3, -370.222, -132.95, -0.87542, 3.92699, 7200, 7200, 0, 0), -- Nexus Stalker
(@CGUID+96, 18331, 557, 3, -376.182, -133.235, -0.875428, 4.57276, 7200, 7200, 0, 0), -- Ethereal Darkcaster
(@CGUID+97, 0, 557, 3, -377.289, -158.182, -0.93342, 3.46906, 7200, 7200, 0, 0), -- creature_spawn_entry
(@CGUID+98, 0, 557, 3, -355.889, -64.566, -0.973143, 1.59343, 7200, 7200, 3, 1), -- spawn_group_entry
(@CGUID+99, 18312, 557, 3, -370.63, -111.675, -0.875497, 4.5204, 7200, 7200, 0, 0), -- Ethereal Spellbinder
(@CGUID+100, 0, 557, 3, -389.196, -73.2266, -0.875436, 5.96903, 7200, 7200, 0, 0), -- spawn_group_entry
(@CGUID+101, 18331, 557, 3, -372.96, -128.455, -0.875433, 4.60767, 7200, 7200, 0, 0), -- Ethereal Darkcaster
(@CGUID+102, 18315, 557, 3, -258.087, 13.0255, 17.1581, 3.63029, 7200, 7200, 0, 0), -- Ethereal Theurgist
(@CGUID+103, 18315, 557, 3, -259.228, 2.10484, 16.8695, 2.60054, 7200, 7200, 0, 0), -- Ethereal Theurgist
(@CGUID+104, 0, 557, 3, -277.445, -4.95107, 16.6846, 5.11136, 7200, 7200, 2, 1), -- spawn_group_entry
(@CGUID+105, 0, 557, 3, -373.331, -235.899, -0.956581, 4.7157, 7200, 7200, 0, 0), -- spawn_group_entry
(@CGUID+106, 18317, 557, 3, -181.468, -229.24, -0.871819, 0.453786, 7200, 7200, 0, 0), -- Ethereal Priest
(@CGUID+107, 0, 557, 3, -259.49, -163.007, -1.11213, 3.53949, 7200, 7200, 5, 1), -- spawn_group_entry
(@CGUID+108, 18331, 557, 3, -252.497, -188.106, -0.867767, 6.26573, 7200, 7200, 0, 0), -- Ethereal Darkcaster
(@CGUID+109, 18317, 557, 3, -221.111, -229.191, -0.870442, 0.05236, 7200, 7200, 0, 0), -- Ethereal Priest
(@CGUID+110, 18317, 557, 3, -111.255, -196.593, -1.08792, 4.41568, 7200, 7200, 0, 0), -- Ethereal Priest
(@CGUID+111, 18317, 557, 3, -120.675, -197.878, -0.815505, 5.42797, 7200, 7200, 0, 0), -- Ethereal Priest
(@CGUID+112, 18313, 557, 3, -30.6909, -218.11, -0.269148, 6.11504, 7200, 7200, 3, 1), -- Ethereal Sorcerer
(@CGUID+113, 0, 557, 3, -370.425, -37.1676, -0.875545, 4.45059, 7200, 7200, 0, 0), -- spawn_group_entry
(@CGUID+114, 0, 557, 3, -219.624, -176.637, -1.04965, 1.47193, 7200, 7200, 3, 1), -- spawn_group_entry
(@CGUID+115, 18317, 557, 3, -156.482, -222.924, -0.871843, 0, 7200, 7200, 0, 0), -- Ethereal Priest
(@CGUID+116, 18317, 557, 3, -103.364, -240.135, 0.547421, 1.0821, 7200, 7200, 0, 0), -- Ethereal Priest
(@CGUID+117, 18317, 557, 3, -127.761, -212.834, -0.151458, 3.19395, 7200, 7200, 0, 0), -- Ethereal Priest
(@CGUID+118, 0, 557, 3, -128.55, -208.637, -0.276038, 1.37881, 7200, 7200, 0, 0), -- creature_spawn_entry
(@CGUID+119, 18317, 557, 3, -64.7507, -193.183, -1.75948, 1.69297, 7200, 7200, 0, 0), -- Ethereal Priest
(@CGUID+120, 18317, 557, 3, -60.5291, -217.751, 0.150034, 2.32129, 7200, 7200, 0, 0), -- Ethereal Priest
(@CGUID+121, 0, 557, 3, -40.632, -198.525, -0.521554, 2.24654, 7200, 7200, 3, 1), -- spawn_group_entry
(@CGUID+122, 0, 557, 3, -29.7755, -197.179, -0.313723, 0.219225, 7200, 7200, 3, 1), -- spawn_group_entry
(@CGUID+123, 18331, 557, 3, -391.753, -171.917, -0.875433, 0.122173, 7200, 7200, 0, 0), -- Ethereal Darkcaster
(@CGUID+124, 18331, 557, 3, -351.811, -168.769, -0.875438, 3.64774, 7200, 7200, 0, 0), -- Ethereal Darkcaster
(@CGUID+125, 18331, 557, 3, -299.195, -205.596, -1.43628, 0.471239, 7200, 7200, 0, 0), -- Ethereal Darkcaster
(@CGUID+126, 18331, 557, 3, -294.206, -203.307, -1.90027, 0.767945, 7200, 7200, 0, 0), -- Ethereal Darkcaster
(@CGUID+127, 18331, 557, 3, -181.588, -217.674, -0.871864, 5.96903, 7200, 7200, 0, 0), -- Ethereal Darkcaster
(@CGUID+128, 18331, 557, 3, -218.915, -206.852, 0.0365872, 2.63712, 7200, 7200, 0, 0), -- Ethereal Darkcaster
(@CGUID+129, 0, 557, 3, -216.375, -203.347, 0.378241, 2.74095, 7200, 7200, 0, 0), -- spawn_group_entry
(@CGUID+130, 18331, 557, 3, -250.561, -155.638, -0.953381, 5.77447, 7200, 7200, 4, 1), -- Ethereal Darkcaster
(@CGUID+131, 18331, 557, 3, -252.239, -178.32, -0.869823, 5.67232, 7200, 7200, 0, 0), -- Ethereal Darkcaster
(@CGUID+132, 18331, 557, 3, -220.62, -217.393, -0.578685, 0.017453, 7200, 7200, 0, 0), -- Ethereal Darkcaster
(@CGUID+133, 18314, 557, 3, -378.278, -155.35, -0.958764, 3.47746, 7200, 7200, 0, 0), -- Nexus Stalker
(@CGUID+134, 0, 557, 3, -212.931, -184.465, -0.611366, 4.43546, 7200, 7200, 3, 1), -- spawn_group_entry
(@CGUID+135, 18341, 557, 3, -67.3251, -120.09, -1.28302, 1.01569, 86400, 86400, 5, 1), -- Pandemonius
(@CGUID+136, 18343, 557, 3, -321.717, -222.183, -0.777635, 0.366519, 86400, 86400, 0, 0), -- Tavarok
(@CGUID+137, 18344, 557, 3, -184.3657, 9.333467, 16.81743, 2.949606, 86400, 86400, 0, 0), -- Nexus-Prince Shaffar
(@CGUID+138, 18431, 557, 3, -179.433, 9.06982, 16.7108, 5.13499, 7200, 7200, 3, 1), -- Ethereal Beacon
(@CGUID+139, 18431, 557, 3, -187.271, 15.3965, 16.7227, 1.21272, 7200, 7200, 3, 1), -- Ethereal Beacon
(@CGUID+140, 18431, 557, 3, -188.619, 5.124, 16.771, 3.24971, 7200, 7200, 3, 1), -- Ethereal Beacon
(@CGUID+141, 19306, 557, 3, -227.501, -10.1562, 16.8554, 0.823531, 7200, 7200, 2, 1), -- Mana Leech
(@CGUID+142, 19306, 557, 3, -223.966, -6.50154, 16.8064, 0, 7200, 7200, 2, 1), -- Mana Leech
(@CGUID+143, 19306, 557, 3, -220.332, -9.70753, 16.7726, 3.01942, 7200, 7200, 2, 1), -- Mana Leech
(@CGUID+144, 19306, 557, 3, -218.495, -4.29796, 16.7518, 5.52079, 7200, 7200, 2, 1), -- Mana Leech
(@CGUID+145, 19306, 557, 3, -221.758, -16.3575, 17.2734, 5.2234, 7200, 7200, 2, 1), -- Mana Leech
(@CGUID+146, 19306, 557, 3, -227.838, 26.3206, 17.1758, 1.49423, 7200, 7200, 2, 1), -- Mana Leech
(@CGUID+147, 19306, 557, 3, -223.764, 30.85, 16.8465, 0, 7200, 7200, 2, 1), -- Mana Leech
(@CGUID+148, 19306, 557, 3, -221.333, 26.8689, 16.7979, 1.18045, 7200, 7200, 2, 1), -- Mana Leech
(@CGUID+149, 19306, 557, 3, -219.381, 32.7849, 16.8656, 6.00393, 7200, 7200, 2, 1), -- Mana Leech
(@CGUID+150, 19306, 557, 3, -222.51, 19.1776, 17.0725, 4.83187, 7200, 7200, 2, 1), -- Mana Leech
(@CGUID+151, 19306, 557, 3, -236.24, -179.08, -0.870416, 3.03944, 7200, 7200, 3, 1), -- Mana Leech
(@CGUID+152, 19306, 557, 3, -239.488, -174.428, -0.870416, 6.08461, 7200, 7200, 3, 1), -- Mana Leech
(@CGUID+153, 19306, 557, 3, -232.467, -172.05, -0.870417, 5.10086, 7200, 7200, 3, 1), -- Mana Leech
(@CGUID+154, 19306, 557, 3, -12.0899, -227.598, 2.19542, 2.8183, 7200, 7200, 4, 1), -- Mana Leech
(@CGUID+155, 19306, 557, 3, -7.09149, -226.386, 1.89066, 3.45882, 7200, 7200, 4, 1), -- Mana Leech
(@CGUID+156, 19306, 557, 3, -14.1006, -217.831, 0.483628, 3.38946, 7200, 7200, 4, 1), -- Mana Leech
(@CGUID+157, 19306, 557, 3, -7.03839, -216.526, 1.30237, 6.19051, 7200, 7200, 4, 1), -- Mana Leech
(@CGUID+158, 19306, 557, 3, -2.97294, -221.721, 1.69293, 5.8344, 7200, 7200, 4, 1), -- Mana Leech
(@CGUID+159, 19306, 557, 3, -52.5006, -244.072, -0.660789, 5.7348, 7200, 7200, 4, 1), -- Mana Leech
(@CGUID+160, 19306, 557, 3, -61.7129, -238.75, -0.372669, 5.82393, 7200, 7200, 4, 1), -- Mana Leech
(@CGUID+161, 19306, 557, 3, -59.446, -246.333, -0.483803, 2.23722, 7200, 7200, 4, 1), -- Mana Leech
(@CGUID+162, 19306, 557, 3, -376.279, -216.61, -0.957973, 1.53744, 7200, 7200, 3, 1), -- Mana Leech
(@CGUID+163, 19306, 557, 3, -380.471, -214.233, -0.958379, 3.91196, 7200, 7200, 3, 1), -- Mana Leech
(@CGUID+164, 19306, 557, 3, -376.85, -221.473, -0.957547, 2.27762, 7200, 7200, 3, 1), -- Mana Leech
(@CGUID+165, 19307, 557, 3, -370.539, -91.8821, -0.958763, 5.80378, 7200, 7200, 5, 1), -- Nexus Terror
(@CGUID+166, 19307, 557, 3, -212.767, -245.905, -0.955964, 3.75588, 7200, 7200, 0, 4), -- Nexus Terror
(@CGUID+167, 19307, 557, 3, -81.76385,-235.159,-0.0013113776, 2.91187, 7200, 7200, 0, 4), -- Nexus Terror
(@CGUID+168, 19307, 557, 3, -261.428, -185.301, -0.574746, 6.19906, 7200, 7200, 0, 4), -- Nexus Terror
(@CGUID+169, 19307, 557, 3, -275.94824,25.733856,22.140972, 4.4257, 7200, 7200, 0, 4), -- Nexus Terror
(@CGUID+170, 19307, 557, 3, -215.448, 9.45776, 16.8734, 3.40339, 7200, 7200, 0, 4), -- Nexus Terror
(@CGUID+171, 19307, 557, 3, -372.193, 6.12651, 7.91805, 5.22501, 7200, 7200, 3, 1), -- Nexus Terror
(@CGUID+172, 19307, 557, 3, -384.325, -69.7276, -0.958768, 1.14719, 7200, 7200, 0, 4), -- Nexus Terror
(@CGUID+173, 19307, 557, 3, -372.748, -147.504, -0.979576, 1.17386, 7200, 7200, 5, 1), -- Nexus Terror
-- RE-USE 174 - 175
(@CGUID+176, 22927, 557, 2, 7.911558, -223.0178, -0.6344747, 4.223697, 7200, 7200, 0, 0), -- Ethereum Prisoner (Dungeon Energy Ball)
(@CGUID+177, 22927, 557, 2, -235.7885, -13.0054, 17.13969, 5.323254, 7200, 7200, 0, 0), -- Ethereum Prisoner (Dungeon Energy Ball)
-- More randomness for groups
(@CGUID+178, 18317, 557, 3, -149.215, -228.594, -0.737461, 6.24828, 7200, 7200, 0, 0), -- Ethereal Priest
(@CGUID+179, 18317, 557, 3, -149.423, -216.702, -0.696873, 6.0912, 7200, 7200, 0, 0), -- Ethereal Priest
(@CGUID+180, 18313, 557, 3, -156.482, -222.924, -0.871843, 0, 7200, 7200, 0, 0), -- Ethereal Sorcerer

(@CGUID+181, 18317, 557, 3, -95.4604, -239.609, 0.136311, 1.25664, 7200, 7200, 0, 0), -- Ethereal Priest
(@CGUID+182, 18313, 557, 3, -103.364, -240.135, 0.547421, 1.0821, 7200, 7200, 0, 0), -- Ethereal Sorcerer
(@CGUID+183, 18313, 557, 3, -104.22, -232.65, 1.24996, 1.16937, 7200, 7200, 0, 0), -- Ethereal Sorcerer

(@CGUID+184, 18317, 557, 3, -252.497, -188.106, -0.867767, 6.26573, 7200, 7200, 0, 0), -- Ethereal Priest
(@CGUID+185, 18313, 557, 3, -255.713, -184.388, -0.868398, 6.10865, 7200, 7200, 0, 0), -- Ethereal Sorcerer
(@CGUID+186, 18331, 557, 3, -252.239, -178.32, -0.869823, 5.67232, 7200, 7200, 0, 0), -- Ethereal Darkcaster

(@CGUID+187, 18313, 557, 3, -391.753, -171.917, -0.875433, 0.122173, 7200, 7200, 0, 0), -- Ethereal Sorcerer
(@CGUID+188, 18331, 557, 3, -395.757, -168.362, -0.875432, 0.523599, 7200, 7200, 0, 0), -- Ethereal Darkcaster

(@CGUID+189, 18314, 557, 3, -376.182, -133.235, -0.875428, 4.57276, 7200, 7200, 0, 0), -- Nexus Stalker
(@CGUID+190, 0, 557, 3, -372.96, -128.455, -0.875433, 4.60767, 7200, 7200, 0, 0), -- spawn_group_entry
(@CGUID+191, 18314, 557, 3, -370.222, -132.95, -0.87542, 3.92699, 7200, 7200, 0, 0), -- Nexus Stalker

(@CGUID+192, 18312, 557, 3, -376.577, -112.053, -0.875482, 4.99164, 7200, 7200, 0, 0), -- Ethereal Spellbinder
(@CGUID+193, 0, 557, 3, -370.63, -111.675, -0.875497, 4.5204, 7200, 7200, 0, 0); -- spawn_group_entry

-- ===========
-- GAMEOBJECTS
-- ===========

INSERT INTO `gameobject` (`guid`, `id`, `map`, `spawnMask`, `position_x`, `position_y`, `position_z`, `orientation`, `rotation0`, `rotation1`, `rotation2`, `rotation3`, `spawntimesecsmin`, `spawntimesecsmax`) VALUES
(@OGUID+1, 181278, 557, 3, -283.552, -10.902, 16.685, 1.78024, 0, 0, 0.777147, 0.629319, 86400, 86400), -- Ancient Lichen
(@OGUID+2, 181278, 557, 3, -284.8429, -166.5485, -2.71548, 4.520403, 0, 0, -0.7716246, 0.6360782, 86400, 86400), -- Ancient Lichen
(@OGUID+3, 181278, 557, 3, -379.2326, -219.0941, -0.957844, 4.76475, 0, 0, -0.6883545, 0.7253745, 86400, 86400), -- Ancient Lichen
(@OGUID+4, 181278, 557, 3, -105.5518, -58.94052, -0.821702, 5.462882, 0, 0, -0.3987484, 0.9170604, 86400, 86400), -- Ancient Lichen
(@OGUID+5, 181556, 557, 3, -269.0356, 42.94153, 30.25974, 5.846854, 0, 0, -0.2164392, 0.9762961, 86400, 86400), -- Adamantite Deposit
(@OGUID+6, 181556, 557, 3, -354.6415, -150.5468, 3.433386, 5.305802, 0, 0, -0.469471, 0.8829479, 86400, 86400), -- Adamantite Deposit
(@OGUID+7, 181569, 557, 3, -269.0356, 42.94153, 30.25974, 5.846854, 0, 0, -0.2164392, 0.9762961, 86400, 86400), -- Rich Adamantite Deposit
(@OGUID+8, 181569, 557, 3, -245.6427, -3.169594, 15.06843, 5.969027, 0, 0, -0.1564341, 0.9876884, 86400, 86400), -- Rich Adamantite Deposit
(@OGUID+9, 183850, 557, 3, -373.15, -73.353, -0.958765, 0.191986, 0, 0, 0, 0, 3, 3), -- Consortium Transporter
(@OGUID+10, 183877, 557, 3, -355.2968, -64.47669, 0.437066, 3.857183, 0, 0, -0.9366713, 0.3502098, 7200, 7200), -- Ethereal Transporter Control Panel
(@OGUID+11, 184193, 557, 2, 6.456772, 0.9883103, -0.9543309, 3.129874, 0, 0, 0.9999828, 0.005859375, 0, 0), -- Instance_Portal_Difficulty_1
(@OGUID+12, 184194, 557, 1, 6.456772, 0.9883103, -0.9543309, 3.129874, 0, 0, 0.9999828, 0.005859375, 0, 0), -- Instance_Portal_Difficulty_0
(@OGUID+13, 181557, 557, 3, -245.6427, -3.169594, 15.06843, 5.969027, 0, 0, -0.1564341, 0.9876884, 86400, 86400), -- Khorium Vein
(@OGUID+14, 181557, 557, 3, -329.14605712890625, -161.168899536132812, 0.197860002517700195, 2.897245407104492187, 0, 0, 0.99254608154296875, 0.121869951486587524, 86400, 86400), -- Khorium Vein
(@OGUID+15, 185460, 557, 2, 7.909665, -223.0374, -0.934313, 1.97222, 0, 0, 0.8338852, 0.5519379, 7200, 7200), -- Ethereum Prison Base Group (Global)
(@OGUID+16, 185460, 557, 2, -235.8613, -12.97968, 17.05966, 1.553341, 0, 0, 0.7009087, 0.7132511, 600000, 600000), -- Ethereum Prison Base Group (Global)
(@OGUID+17, 185519, 557, 2, 7.941054, -223.0367, -0.936042, 6.03884, 0, 0, -0.1218691, 0.9925462, 86400, 86400), -- Mana-Tombs Stasis Chamber
(@OGUID+18, 185522, 557, 2, -235.7991, -13.00704, 17.05684, 1.361356, 0, 0, 0.6293201, 0.7771462, 600000, 600000), -- Shaffar's Stasis Chamber
(@OGUID+19, 181278, 557, 3, -350.4831, -60.33467, -0.974565, 0.9250238, 0, 0, 0.4461975, 0.8949345, 86400, 86400), -- Ancient Lichen
(@OGUID+20, 181278, 557, 3, -378.636, -241.6978, -0.956422, 4.118979, 0, 0, -0.882947, 0.4694727, 86400, 86400), -- Ancient Lichen
(@OGUID+21, 181278, 557, 3, -217.4846, -6.147508, 16.72746, 5.916668, 0, 0, -0.1822348, 0.983255, 86400, 86400), -- Ancient Lichen
(@OGUID+22, 181278, 557, 3, -291.3778, -206.4567, -2.542638, 4.206246, 0, 0, -0.8616285, 0.5075394, 86400, 86400), -- Ancient Lichen
(@OGUID+23, 181278, 557, 3, -96.5428, -121.953, 7.6393, 0.6649, 0, 0, 0, 0, 86400, 86400), -- Ancient Lichen
(@OGUID+24, 181278, 557, 3, -9.82288, -224.3066, 2.188424, 0.7155849, 0, 0, 0.3502073, 0.9366722, 86400, 86400), -- Ancient Lichen
(@OGUID+25, 181278, 557, 3, -110.7221, -193.4379, -1.061779, 0, 0, 0, 0, 1, 86400, 86400), -- Ancient Lichen
(@OGUID+26, 181278, 557, 3, -107.263, -249.694, -0.657617, 4.956738, 0, 0, -0.6156607, 0.7880114, 86400, 86400), -- Ancient Lichen
(@OGUID+27, 181278, 557, 3, -228.7831, -221.5956, -1.109034, 5.201083, 0, 0, -0.5150375, 0.8571676, 86400, 86400), -- Ancient Lichen
(@OGUID+28, 181278, 557, 3, -254.4572, -177.2186, -0.953286, 3.298687, 0, 0, -0.9969168, 0.07846643, 86400, 86400), -- Ancient Lichen
(@OGUID+29, 181278, 557, 3, -305.061, -169.813, 9.736, 4.5251, 0, 0, 0, 0, 86400, 86400), -- Ancient Lichen
(@OGUID+30, 181278, 557, 3, -353.5976, -179.4321, -0.966642, 1.117009, 0, 0, 0.5299187, 0.8480484, 86400, 86400), -- Ancient Lichen
(@OGUID+31, 181278, 557, 3, -400.5605, -172.3332, -0.98123, 3.508117, 0, 0, -0.9832544, 0.182238, 86400, 86400), -- Ancient Lichen
(@OGUID+32, 181278, 557, 3, -367.2534, -132.6776, -0.966903, 1.588249, 0, 0, 0.7132502, 0.7009096, 86400, 86400), -- Ancient Lichen
(@OGUID+33, 181278, 557, 3, -389.428, -50.9376, -0.9781, 5.7346, 0, 0, 0, 0, 86400, 86400), -- Ancient Lichen
(@OGUID+34, 181278, 557, 3, -380.959, -25.2826, -0.96, 5.4323, 0, 0, 0, 0, 86400, 86400), -- Ancient Lichen
(@OGUID+35, 181278, 557, 3, -255.5816, 3.049842, 16.78491, 4.485497, 0, 0, -0.782608, 0.6225148, 86400, 86400), -- Ancient Lichen
(@OGUID+36, 181278, 557, 3, -220.6831, 29.12672, 16.73167, 4.153885, 0, 0, -0.8746195 , 0.4848101, 86400, 86400), -- Ancient Lichen
(@OGUID+37, 181556, 557, 3, -417.1501, -166.7938, 0.833513, 0.122173, 0, 0, 0.06104851, 0.9981348, 86400, 86400), -- Adamantite Deposit
(@OGUID+38, 181556, 557, 3, -245.6427, -3.169594, 15.06843, 5.969027, 0, 0, -0.1564341, 0.9876884, 86400, 86400), -- Adamantite Deposit
(@OGUID+39, 181556, 557, 3, -329.1461, -161.1689, 0.19786, 2.897245, 0, 0, 0.9925461, 0.12187, 86400, 86400), -- Adamantite Deposit
(@OGUID+40, 181556, 557, 3, -358.6431, -85.63693, 2.846204, 3.874631, 0, 0, -0.9335804, 0.358368, 86400, 86400), -- Adamantite Deposit
(@OGUID+41, 181556, 557, 3, -390.3648681640625, -85.07049560546875, 2.39504408836364746, 4.660029888153076171, 0, 0, -0.72537422180175781, 0.688354730606079101, 86400, 86400), -- Adamantite Deposit
(@OGUID+42, 181556, 557, 3, -417.15, -77.53868, 1.158793, 0.1396245, 0, 0, 0.06975555, 0.9975641, 86400, 86400), -- Adamantite Deposit
(@OGUID+43, 181556, 557, 3, -384.7737, -146.4997, 3.060746, 5.183629, 0, 0, -0.5224981, 0.8526405, 86400, 86400), -- Adamantite Deposit
(@OGUID+44, 181556, 557, 3, -369.378082275390625, -242.43310546875, 1.877009987831115722, 2.844882726669311523, 0, 0, 0.989015579223632812, 0.147811368107795715, 86400, 86400), -- Adamantite Deposit
(@OGUID+45, 181556, 557, 3, -300.680054, -265.250977, -0.9956, 0, 0, 0, 0, 0, 86400, 86400), -- Adamantite Deposit
(@OGUID+46, 181556, 557, 3, -306.768, 18.03365, 15.93403, 5.497789, 0, 0, -0.3826828, 0.9238798, 86400, 86400), -- Adamantite Deposit
(@OGUID+47, 181556, 557, 3, -329.14605712890625, -161.168899536132812, 0.197860002517700195, 2.897245407104492187, 0, 0, 0.99254608154296875, 0.121869951486587524, 86400, 86400), -- Adamantite Deposit
(@OGUID+48, 181569, 557, 3, -329.1461, -161.1689, 0.19786, 2.897245, 0, 0, 0.9925461, 0.12187, 86400, 86400), -- Rich Adamantite Deposit
(@OGUID+49, 181569, 557, 3, -417.1501, -166.7938, 0.833513, 0.122173, 0, 0, 0.06104851, 0.9981348, 86400, 86400), -- Rich Adamantite Deposit
(@OGUID+50, 181569, 557, 3, -329.14605712890625, -161.168899536132812, 0.197860002517700195, 2.897245407104492187, 0, 0, 0.99254608154296875, 0.121869951486587524, 86400, 86400), -- Rich Adamantite Deposit
(@OGUID+51, 181569, 557, 3, -306.768, 18.03365, 15.93403, 5.497789, 0, 0, -0.3826828, 0.9238798, 86400, 86400), -- Rich Adamantite Deposit
(@OGUID+52, 181557, 557, 3, -269.0356, 42.94153, 30.25974, 5.846854, 0, 0, -0.2164392, 0.9762961, 86400, 86400), -- Khorium Vein
(@OGUID+53, 181557, 557, 3, -306.768, 18.03365, 15.93403, 5.497789, 0, 0, -0.3826828, 0.9238798, 86400, 86400), -- Khorium Vein
(@OGUID+54, 181278, 557, 3, -379.9556, -41.42834, -0.967236, 4.084071, 0, 0, -0.8910065, 0.4539906, 86400, 86400), -- Ancient Lichen
(@OGUID+55, 181278, 557, 3, -256.0322, -152.7793, -0.953339, 0.6457717, 0, 0, 0.3173046, 0.9483237, 86400, 86400), -- Ancient Lichen
(@OGUID+56, 181278, 557, 3, -95.34675, -108.3567, -0.842384, 1.623156, 0, 0, 0.7253742, 0.6883547, 86400, 86400), -- Ancient Lichen
(@OGUID+57, 184934, 557, 1, -31.40896, -99.78729, 0.923387, 2.303831, 0, 0, 0, 0, 86400, 86400), -- Bound Fel Iron Chest
(@OGUID+58, 184935, 557, 1, -31.40896, -99.78729, 0.923387, 2.303831, 0, 0, 0, 0, 86400, 86400), -- Solid Fel Iron Chest
(@OGUID+59, 184934, 557, 1, -99.06686, -55.79686, -0.919465, -0.8726639, 0, 0, 0, 0, 86400, 86400), -- Bound Fel Iron Chest
(@OGUID+60, 184935, 557, 1, -99.06686, -55.79686, -0.919465, -0.8726639, 0, 0, 0, 0, 86400, 86400), -- Solid Fel Iron Chest
(@OGUID+61, 184934, 557, 1, -259.6258, -187.1173, -0.687503, 0.5934101, 0, 0, 0.2923708, 0.956305, 86400, 86400), -- Bound Fel Iron Chest
(@OGUID+62, 184935, 557, 1, -259.6258, -187.1173, -0.687503, 0.5934101, 0, 0, 0.2923708, 0.956305, 86400, 86400), -- Solid Fel Iron Chest
(@OGUID+63, 184934, 557, 1, -396.6851, -172.0011, -0.976236, 0.4363316, 0, 0, 0, 0, 86400, 86400), -- Bound Fel Iron Chest
(@OGUID+64, 184935, 557, 1, -396.6851, -172.0011, -0.976236, 0.4363316, 0, 0, 0, 0, 86400, 86400), -- Solid Fel Iron Chest
(@OGUID+65, 184936, 557, 2, -259.6258, -187.1173, -0.687503, 0.5934101, 0, 0, 0.2923708, 0.956305, 86400, 86400), -- Bound Adamantite Chest
(@OGUID+66, 184937, 557, 2, -259.6258, -187.1173, -0.687503, 0.5934101, 0, 0, 0.2923708, 0.956305, 86400, 86400), -- Solid Adamantite Chest
(@OGUID+67, 184936, 557, 2, -7.030846, -221.2169, 1.849148, 0.8377574, 0, 0, 0, 0, 86400, 86400), -- Bound Adamantite Chest
(@OGUID+68, 184937, 557, 2, -7.030846, -221.2169, 1.849148, 0.8377574, 0, 0, 0, 0, 86400, 86400), -- Solid Adamantite Chest
(@OGUID+69, 184936, 557, 2, -104.1061, -245.6414, -0.189249, 1.117009, 0, 0, 0, 0, 86400, 86400), -- Bound Adamantite Chest
(@OGUID+70, 184937, 557, 2, -104.1061, -245.6414, -0.189249, 1.117009, 0, 0, 0, 0, 86400, 86400), -- Solid Adamantite Chest
(@OGUID+71, 184936, 557, 2, -227.9113, -225.7269, -0.952425, 0.2443456, 0, 0, 0, 0, 86400, 86400), -- Bound Adamantite Chest
(@OGUID+72, 184937, 557, 2, -227.9113, -225.7269, -0.952425, 0.2443456, 0, 0, 0, 0, 86400, 86400), -- Solid Adamantite Chest
(@OGUID+73, 184936, 557, 2, -393.554, -60.86067, -0.982428, 6.03884, 0, 0, -0.1218691, 0.9925462, 86400, 86400), -- Bound Adamantite Chest
(@OGUID+74, 184937, 557, 2, -393.554, -60.86067, -0.982428, 6.03884, 0, 0, -0.1218691, 0.9925462, 86400, 86400), -- Solid Adamantite Chest
(@OGUID+75, 181569, 557, 3, -369.378082275390625, -242.43310546875, 1.877009987831115722, 2.844882726669311523, 0, 0, 0.989015579223632812, 0.147811368107795715, 86400, 86400), -- Rich Adamantite Deposit
(@OGUID+76, 181569, 557, 3, -390.3648681640625, -85.07049560546875, 2.39504408836364746, 4.660029888153076171, 0, 0, -0.72537422180175781, 0.688354730606079101, 86400, 86400), -- Rich Adamantite Deposit
(@OGUID+77, 181556, 557, 3, -329.14605712890625, -69.7390060424804687, 0.956256985664367675, 3.316144466400146484, 0, 0, -0.99619388580322265, 0.087165042757987976, 86400, 86400); -- Adamantite Deposit

INSERT INTO `gameobject_addon` (`guid`, `animprogress`, `state`) VALUES
(@OGUID+11, 0, 0), -- Instance_Portal_Difficulty_1
(@OGUID+12, 0, 0), -- Instance_Portal_Difficulty_0
(@OGUID+17, 0, -1); -- Mana-Tombs Stasis Chamber

-- ======
-- EVENTS
-- ======

-- INSERT INTO `game_event_creature` (`guid`, `event`) VALUES
-- INSERT INTO `game_event_creature_data` (`guid`, `entry_id`, `modelid`, `equipment_id`, `spell_start`, `spell_end`, `event`) VALUES
-- INSERT INTO `game_event_gameobject` (`guid`, `event`) VALUES

-- ============
-- SPAWN GROUPS
-- ============

INSERT INTO `spawn_group` (`Id`, `Name`, `Type`, `MaxCount`, `WorldState`, `Flags`, `StringId`) VALUES
(@SGGUID+1, 'Mana Tombs - Group 001 - Ethereal Scavenger | Ethereal Crypt Raider', 0, 0, 0, 1, 0),
(@SGGUID+2, 'Mana Tombs - Group 002 - Ethereal Scavenger | Ethereal Scavenger/Ethereal Crypt Raider - Patrol 001', 0, 0, 0, 1, 0),
(@SGGUID+3, 'Mana Tombs - Group 003 - Ethereal Crypt Raider (2)', 0, 0, 0, 1, 0),
(@SGGUID+4, 'Mana Tombs - Group 004 - Ethereal Sorcerer | Ethereal Crypt Raider (2)', 0, 0, 0, 1, 0),
(@SGGUID+5, 'Mana Tombs - Group 005 - Ethereal Sorcerer | Ethereal Scavenger/Ethereal Crypt Raider (2)', 0, 0, 0, 1, 0),
(@SGGUID+6, 'Mana Tombs - Group 006 - Ethereal Sorcerer | Ethereal Scavenger/Ethereal Crypt Raider (2)', 0, 0, 0, 1, 0),
(@SGGUID+7, 'Mana Tombs - Group 007 - Ethereal Sorcerer | Ethereal Scavenger/Ethereal Crypt Raider', 0, 0, 0, 1, 0),
(@SGGUID+8, 'Mana Tombs - Group 008 - Ethereal Sorcerer | Ethereal Crypt Raider - Patrol 002', 0, 0, 0, 1, 0),
-- Add boss to SpawnGroup, to get proper linking
(@SGGUID+9, 'Mana Tombs - Group 009 - Pandemonius', 0, 0, 0, 1, 0),
(@SGGUID+10, 'Mana Tombs - Group 010 - Ethereal Crypt Raider | Ethereal Crypt Raider/Ethereal Sorcerer', 0, 0, 0, 1, 0),
(@SGGUID+11, 'Mana Tombs - Group 011 - Ethereal Scavenger | Ethereal Priest | Ethereal Crypt Raider | Ethereal Sorcerer', 0, 0, 0, 1, 0),
(@SGGUID+12, 'Mana Tombs - Group 012 - Ethereal Priest/Ethereal Sorcerer', 0, 0, 0, 1, 0), -- spawn_group_entry completly random
(@SGGUID+13, 'Mana Tombs - Group 013 - Ethereal Priest | Ethereal Sorcerer (2)', 0, 0, 0, 1, 0),
(@SGGUID+14, 'Mana Tombs - Group 014 - Mana Leech (5)', 0, 0, 0, 1, 0),
(@SGGUID+15, 'Mana Tombs - Group 015 - Mana Leech (3)', 0, 0, 0, 1, 0),
(@SGGUID+16, 'Mana Tombs - Group 016 - Ethereal Priest | Ethereal Priest/Ethereal Sorcerer - Patrol 003', 0, 0, 0, 1, 0),
(@SGGUID+17, 'Mana Tombs - Group 017 - Ethereal Sorcerer/Ethereal Crypt Raider | Ethereal Priest (2)', 0, 0, 0, 1, 0), -- front npc is random, 2 priest behind
-- Group 18 has 2 differen versions 
(@SGGUID+18, 'Mana Tombs - Group 018 - Ethereal Sorcerer | Ethereal Priest | Ethereal Scavenger', 0, 0, @SGGUID+1, 1, 0),
(@SGGUID+19, 'Mana Tombs - Group 018 - Ethereal Priest | Ethereal Sorcerer (2)', 0, 0, @SGGUID+2, 1, 0),
(@SGGUID+20, 'Mana Tombs - Group 019 - Ethereal Priest | Ethereal Priest/Ethereal Sorcerer - Patrol 004', 0, 0, 0, 1, 0),
-- Group 20 has 2 possible versions
(@SGGUID+21, 'Mana Tombs - Group 020 - Ethereal Sorcerer | Ethereal Priest | Ethereal Sorcerer', 0, 0, @SGGUID+3, 1, 0),
(@SGGUID+22, 'Mana Tombs - Group 020 - Ethereal Priest | Ethereal Sorcerer | Ethereal Priest', 0, 0, @SGGUID+4, 1, 0),
(@SGGUID+23, 'Mana Tombs - Group 021 - Ethereal Priest | Ethereal Scavenger | Ethereal Sorcerer | Ethereal Darkcaster', 0, 0, 0, 1, 0),
(@SGGUID+24, 'Mana Tombs - Group 022 - Ethereal Priest | Ethereal Sorcerer | Ethereal Darkcaster', 0, 0, 0, 1, 0),
(@SGGUID+25, 'Mana Tombs - Group 023 - Ethereal Crypt Raider/Ethereal Darkcaster | Ethereal Darkcaster - Patrol 005', 0, 0, 0, 1, 0),
(@SGGUID+26, 'Mana Tombs - Group 024 - Ethereal Darkcaster | Ethereal Sorcerer/Ethereal Darkcaster/Ethereal Priest', 0, 0, 0, 1, 0),
(@SGGUID+27, 'Mana Tombs - Group 025 - Mana Leech (3)', 0, 0, 0, 1, 0),
(@SGGUID+28, 'Mana Tombs - Group 026 - Ethereal Darkcaster | Ethereal Darkcaster/Ethereal Priest', 0, 0, 0, 1, 0),
-- grp 27 has 2 possible versions
(@SGGUID+29, 'Mana Tombs - Group 027 - Ethereal Darkcaster | Ethereal Priest | Ethereal Darkcaster', 0, 0, @SGGUID+5, 1, 0),
(@SGGUID+30, 'Mana Tombs - Group 027 - Ethereal Priest | Ethereal Sorcerer | Ethereal Darkcaster', 0, 0, @SGGUID+6, 1, 0),
(@SGGUID+31, 'Mana Tombs - Group 028 - Ethereal Darkcaster (2)', 0, 0, 0, 1, 0),
(@SGGUID+32, 'Mana Tombs - Group 029 - Ethereal Darkcaster/Ethereal Priest/Ethereal Sorcerer | Nexus Stalker (2) - Patrol 006', 0, 0, 0, 1, 0),
(@SGGUID+33, 'Mana Tombs - Group 030 - Mana Leech (3)', 0, 0, 0, 1, 0),
(@SGGUID+34, 'Mana Tombs - Group 031 - Nexus Stalker | Nexus Stalker/Ethereal Darkcaster - Patrol 007', 0, 0, 0, 1, 0),
-- 2 possible versions
(@SGGUID+35, 'Mana Tombs - Group 032 - Ethereal Darkcaster | Nexus Stalker', 0, 0, @SGGUID+7, 1, 0),
(@SGGUID+36, 'Mana Tombs - Group 032 - Ethereal Sorcerer | Ethereal Darkcaster', 0, 0, @SGGUID+8, 1, 0),
(@SGGUID+37, 'Mana Tombs - Group 033 - Ethereal Darkcaster | Ethereal Sorcerer', 0, 0, 0, 1, 0),
-- 2 possible versions
(@SGGUID+38, 'Mana Tombs - Group 034 - Ethereal Darkcaster (2) | Nexus Stalker', 0, 0, @SGGUID+9, 1, 0),
(@SGGUID+39, 'Mana Tombs - Group 034 - Nexus Stalker/Ethereal Theurgist | Nexus Stalker', 0, 0, @SGGUID+10, 1, 0),
-- 2 possible versions
(@SGGUID+40, 'Mana Tombs - Group 035 - Ethereal Darkcaster/Ethereal Spellbinder | Ethereal Spellbinder', 0, 0, @SGGUID+11, 1, 0),
(@SGGUID+41, 'Mana Tombs - Group 035 - Ethereal Spellbinder | Nexus Stalker/Ethereal Spellbinder', 0, 0, @SGGUID+12, 1, 0),
(@SGGUID+42, 'Mana Tombs - Group 036 - Nexus Stalker/Ethereal Spellbinder', 0, 0, 0, 1, 0),
(@SGGUID+43, 'Mana Tombs - Group 037 - Nexus Stalker/Ethereal Spellbinder', 0, 0, 0, 1, 0),
(@SGGUID+44, 'Mana Tombs - Group 038 - Ethereal Crypt Raider (2) | Ethereal Spellbinder | Ethereal Spellbinder/Ethereal Priest', 0, 0, 0, 1, 0),
(@SGGUID+45, 'Mana Tombs - Group 039 - Ethereal Spellbinder | Ethereal Theurgist/Ethereal Spellbinder - Patrol 008', 0, 0, 0, 1, 0),
(@SGGUID+46, 'Mana Tombs - Group 040 - Ethereal Spellbinder/Ethereal Theurgist', 0, 0, 0, 1, 0),
(@SGGUID+47, 'Mana Tombs - Group 041 - Ethereal Spellbinder (2) | Ethereal Theurgist (2)', 0, 0, 0, 1, 0),
(@SGGUID+48, 'Mana Tombs - Group 042 - Mana Leech (5)', 0, 0, 0, 1, 0),
(@SGGUID+49, 'Mana Tombs - Group 043 - Mana Leech (5)', 0, 0, 0, 1, 0),
-- Patrols in Endboss Room - when boss gets pulled, all npc in room get pulled too
(@SGGUID+50, 'Mana Tombs - Group 044 - Nexus Terror', 0, 0, 0, 1, 0),
(@SGGUID+51, 'Mana Tombs - Group 045 - Nexus Terror', 0, 0, 0, 1, 0),
(@SGGUID+52, 'Mana Tombs - Group 046 - Nexus-Prince Shaffar', 0, 0, @SGGUID+13, 3, 0);

INSERT INTO `spawn_group_entry` (`Id`, `Entry`, `MinCount`, `MaxCount`, `Chance`) VALUES
(@SGGUID+2, 18309, 0, 0, 0), (@SGGUID+2, 18311, 0, 0, 0), -- Ethereal Scavenger, Ethereal Crypt Raider
(@SGGUID+5, 18309, 0, 0, 0), (@SGGUID+5, 18311, 0, 0, 0), -- Ethereal Scavenger, Ethereal Crypt Raider
(@SGGUID+6, 18309, 0, 0, 0), (@SGGUID+6, 18311, 0, 0, 0), -- Ethereal Scavenger, Ethereal Crypt Raider
(@SGGUID+7, 18309, 0, 0, 0), (@SGGUID+7, 18311, 0, 0, 0), -- Ethereal Scavenger, Ethereal Crypt Raider
(@SGGUID+10, 18313, 0, 0, 0), (@SGGUID+10, 18311, 0, 0, 0), -- Ethereal Sorcerer, Ethereal Crypt Raider
(@SGGUID+12, 18313, 1, 2, 0), (@SGGUID+12, 18317, 1, 2, 0), -- Ethereal Sorcerer, Ethereal Priest
(@SGGUID+16, 18313, 0, 0, 0), (@SGGUID+16, 18317, 0, 0, 0), -- Ethereal Sorcerer, Ethereal Priest/Ethereal
(@SGGUID+17, 18313, 0, 0, 0), (@SGGUID+17, 18311, 0, 0, 0), -- Ethereal Sorcerer, Ethereal Crypt Raider
(@SGGUID+20, 18313, 0, 0, 0), (@SGGUID+20, 18317, 0, 0, 0), -- Ethereal Sorcerer, Ethereal Priest
(@SGGUID+25, 18311, 0, 0, 0), (@SGGUID+25, 18331, 0, 0, 0), -- Ethereal Crypt Raider, Ethereal Sorcerer, Ethereal Darkcaster
(@SGGUID+26, 18317, 0, 0, 0), (@SGGUID+26, 18313, 0, 0, 0), (@SGGUID+26, 18331, 1, 2, 0), -- Ethereal Priest, Ethereal Sorcerer, Ethereal Darkcaster
(@SGGUID+28, 18317, 0, 0, 0), (@SGGUID+28, 18331, 1, 2, 0), -- Ethereal Priest, Ethereal Darkcaster
(@SGGUID+32, 18317, 0, 0, 0), (@SGGUID+32, 18313, 0, 0, 0), (@SGGUID+32, 18331, 0, 0, 0), -- Ethereal Priest, Ethereal Sorcerer, Ethereal Darkcaster
(@SGGUID+34, 18331, 0, 0, 0), (@SGGUID+34, 18314, 0, 0, 0), -- Ethereal Darkcaster, Nexus Stalker
(@SGGUID+39, 18313, 0, 0, 0), (@SGGUID+39, 18314, 0, 0, 0), -- Ethereal Sorcerer, Nexus Stalker
(@SGGUID+40, 18331, 0, 0, 0), (@SGGUID+40, 18312, 0, 0, 0), -- Ethereal Darkcaster, Ethereal Spellbinder
(@SGGUID+41, 18314, 0, 0, 0), (@SGGUID+41, 18312, 0, 0, 0), -- Nexus Stalker, Ethereal Spellbinder
(@SGGUID+42, 18314, 1, 2, 0), (@SGGUID+42, 18312, 1, 2, 0), -- Nexus Stalker, Ethereal Spellbinder
(@SGGUID+43, 18314, 1, 2, 0), (@SGGUID+43, 18312, 1, 2, 0), -- Nexus Stalker, Ethereal Spellbinder
(@SGGUID+44, 18317, 0, 0, 0), (@SGGUID+44, 18312, 0, 0, 0), -- Ethereal Priest, Ethereal Spellbinder
(@SGGUID+45, 18315, 0, 0, 0), (@SGGUID+45, 18312, 0, 0, 0), -- Ethereal Theurgist, Ethereal Spellbinder
(@SGGUID+46, 18315, 1, 2, 0), (@SGGUID+46, 18312, 1, 2, 0); -- Ethereal Theurgist, Ethereal Spellbinder

INSERT INTO `spawn_group_spawn` (`Id`, `Guid`, `SlotId`, `Chance`) VALUES
(@SGGUID+1, @CGUID+41, 0, 0), -- Ethereal Scavenger
(@SGGUID+1, @CGUID+48, 1, 0), -- Ethereal Crypt Raider

(@SGGUID+2, @CGUID+40, 0, 0), -- Ethereal Scavenger
(@SGGUID+2, @CGUID+47, 1, 0), -- spawn_group_entry

(@SGGUID+3, @CGUID+49, 0, 0), -- Ethereal Crypt Raider
(@SGGUID+3, @CGUID+50, 1, 0), -- Ethereal Crypt Raider

(@SGGUID+4, @CGUID+74, 0, 0), -- Ethereal Sorcerer
(@SGGUID+4, @CGUID+51, 1, 0), -- Ethereal Crypt Raider
(@SGGUID+4, @CGUID+52, 2, 0), -- Ethereal Crypt Raider


(@SGGUID+5, @CGUID+77, 0, 0), -- Ethereal Sorcerer
(@SGGUID+5, @CGUID+53, 1, 0), -- spawn_group_entry
(@SGGUID+5, @CGUID+55, 2, 0), -- spawn_group_entry

(@SGGUID+6, @CGUID+76, 0, 0), -- Ethereal Sorcerer
(@SGGUID+6, @CGUID+43, 1, 0), -- spawn_group_entry
(@SGGUID+6, @CGUID+54, 2, 0), -- spawn_group_entry

(@SGGUID+7, @CGUID+73, 0, 0), -- Ethereal Sorcerer
(@SGGUID+7, @CGUID+42, 1, 0), -- spawn_group_entry

(@SGGUID+8, @CGUID+75, 0, 0), -- Ethereal Sorcerer
(@SGGUID+8, @CGUID+56, 1, 0), -- Ethereal Crypt Raider

(@SGGUID+9, @CGUID+135, 0, 0), -- Pandemonius

(@SGGUID+10, @CGUID+60, 0, 0), -- Ethereal Crypt Raider
(@SGGUID+10, @CGUID+90, 1, 0), -- spawn_group_entry

(@SGGUID+11, @CGUID+46, 0, 0), -- Ethereal Scavenger
(@SGGUID+11, @CGUID+119, 1, 0), -- Ethereal Priest
(@SGGUID+11, @CGUID+59, 2, 0), -- Ethereal Crypt Raider
(@SGGUID+11, @CGUID+89, 3, 0), -- Ethereal Sorcerer

(@SGGUID+12, @CGUID+92, 0, 0), -- spawn_group_entry
(@SGGUID+12, @CGUID+121, 1, 0), -- spawn_group_entry
(@SGGUID+12, @CGUID+122, 2, 0), -- spawn_group_entry

(@SGGUID+13, @CGUID+84, 0, 0), -- Ethereal Sorcerer
(@SGGUID+13, @CGUID+85, 1, 0), -- Ethereal Priest
(@SGGUID+13, @CGUID+112, 2, 0), -- Ethereal Sorcerer

(@SGGUID+14, @CGUID+154, -1, 0), -- Mana Leech
(@SGGUID+14, @CGUID+155, -1, 0), -- Mana Leech
(@SGGUID+14, @CGUID+156, -1, 0), -- Mana Leech
(@SGGUID+14, @CGUID+157, -1, 0), -- Mana Leech
(@SGGUID+14, @CGUID+158, -1, 0), -- Mana Leech

(@SGGUID+15, @CGUID+159, -1, 0), -- Mana Leech
(@SGGUID+15, @CGUID+160, -1, 0), -- Mana Leech
(@SGGUID+15, @CGUID+161, -1, 0), -- Mana Leech

(@SGGUID+16, @CGUID+120, 0, 0), -- Ethereal Priest
(@SGGUID+16, @CGUID+91, 1, 0), -- spawn_group_entry

(@SGGUID+17, @CGUID+83, 0, 0), -- spawn_group_entry
(@SGGUID+17, @CGUID+110, 1, 0), -- Ethereal Priest
(@SGGUID+17, @CGUID+111, 2, 0), -- Ethereal Priest

(@SGGUID+18, @CGUID+88, 0, 0), -- Ethereal Sorcerer
(@SGGUID+18, @CGUID+116, 1, 0), -- Ethereal Priest
(@SGGUID+18, @CGUID+45, 2, 0), -- Ethereal Scavenger

(@SGGUID+19, @CGUID+181, 0, 0), -- Ethereal Priest
(@SGGUID+19, @CGUID+182, 1, 0), -- Ethereal Sorcerer
(@SGGUID+19, @CGUID+183, 2, 0), -- Ethereal Sorcerer

(@SGGUID+20, @CGUID+117, 0, 0), -- Ethereal Priest
(@SGGUID+20, @CGUID+118, 1, 0), -- spawn_group_entry

(@SGGUID+21, @CGUID+86, 0, 0), -- Ethereal Sorcerer
(@SGGUID+21, @CGUID+87, 1, 0), -- Ethereal Sorcerer
(@SGGUID+21, @CGUID+115, 2, 0), -- Ethereal Priest

(@SGGUID+22, @CGUID+178, 0, 0), -- Ethereal Priest
(@SGGUID+22, @CGUID+179, 1, 0), -- Ethereal Priest
(@SGGUID+22, @CGUID+180, 2, 0), -- Ethereal Sorcerer

(@SGGUID+23, @CGUID+106, 0, 0), -- Ethereal Priest
(@SGGUID+23, @CGUID+44, 1, 0), -- Ethereal Scavenger
(@SGGUID+23, @CGUID+80, 2, 0), -- Ethereal Sorcerer
(@SGGUID+23, @CGUID+127, 3, 0), -- Ethereal Darkcaster

(@SGGUID+24, @CGUID+82, 0, 0), -- Ethereal Sorcerer
(@SGGUID+24, @CGUID+109, 1, 0), -- Ethereal Priest
(@SGGUID+24, @CGUID+132, 2, 0), -- Ethereal Darkcaster

(@SGGUID+25, @CGUID+129, 0, 0), -- spawn_group_entry
(@SGGUID+25, @CGUID+128, 1, 0), -- Ethereal Darkcaster

(@SGGUID+26, @CGUID+114, 0, 0), -- spawn_group_entry
(@SGGUID+26, @CGUID+134, 1, 0), -- spawn_group_entry

(@SGGUID+27, @CGUID+151, -1, 0), -- Mana Leech
(@SGGUID+27, @CGUID+152, -1, 0), -- Mana Leech
(@SGGUID+27, @CGUID+153, -1, 0), -- Mana Leech

(@SGGUID+28, @CGUID+130, 0, 0), -- Ethereal Darkcaster
(@SGGUID+28, @CGUID+107, 1, 0), -- spawn_group_entry

(@SGGUID+29, @CGUID+108, 0, 0), -- Ethereal Darkcaster
(@SGGUID+29, @CGUID+81, 1, 0), -- Ethereal Priest
(@SGGUID+29, @CGUID+131, 2, 0), -- Ethereal Darkcaster

(@SGGUID+30, @CGUID+184, 0, 0), -- Ethereal Darkcaster
(@SGGUID+30, @CGUID+185, 1, 0), -- Ethereal Priest
(@SGGUID+30, @CGUID+186, 2, 0), -- Ethereal Darkcaster

(@SGGUID+31, @CGUID+125, 0, 0), -- Ethereal Darkcaster
(@SGGUID+31, @CGUID+126, 1, 0), -- Ethereal Darkcaster

(@SGGUID+32, @CGUID+105, 0, 0), -- spawn_group_entry
(@SGGUID+32, @CGUID+93, 1, 0), -- Nexus Stalker
(@SGGUID+32, @CGUID+94, 2, 0), -- Nexus Stalker

(@SGGUID+33, @CGUID+162, -1, 0), -- Mana Leech
(@SGGUID+33, @CGUID+163, -1, 0), -- Mana Leech
(@SGGUID+33, @CGUID+164, -1, 0), -- Mana Leech

(@SGGUID+34, @CGUID+133, 0, 0), -- Nexus Stalker
(@SGGUID+34, @CGUID+97, 1, 0), -- spawn_group_entry

(@SGGUID+35, @CGUID+123, 0, 0), -- Ethereal Darkcaster
(@SGGUID+35, @CGUID+78, 1, 0), -- Nexus Stalker

(@SGGUID+36, @CGUID+187, 0, 0), -- Ethereal Sorcerer
(@SGGUID+36, @CGUID+188, 1, 0), -- Ethereal Darkcaster

(@SGGUID+37, @CGUID+124, 0, 0), -- Ethereal Darkcaster
(@SGGUID+37, @CGUID+79, 1, 0), -- Ethereal Sorcerer

(@SGGUID+38, @CGUID+96, 0, 0), -- Ethereal Darkcaster
(@SGGUID+38, @CGUID+101, 1, 0), -- Ethereal Sorcerer
(@SGGUID+38, @CGUID+95, 2, 0), -- Nexus Stalker

(@SGGUID+39, @CGUID+189, 0, 0), -- Nexus Stalker
(@SGGUID+39, @CGUID+190, 1, 0), -- spawn_group_entry
(@SGGUID+39, @CGUID+191, 2, 0), -- Nexus Stalker

(@SGGUID+40, @CGUID+64, 0, 0), -- spawn_group_entry
(@SGGUID+40, @CGUID+99, 1, 0), -- Ethereal Spellbinder

(@SGGUID+41, @CGUID+192, 0, 0), -- Ethereal Spellbinder
(@SGGUID+41, @CGUID+193, 1, 0), -- spawn_group_entry

(@SGGUID+42, @CGUID+65, 0, 0), -- spawn_group_entry
(@SGGUID+42, @CGUID+66, 1, 0), -- spawn_group_entry
(@SGGUID+42, @CGUID+100, 2, 0), -- spawn_group_entry

(@SGGUID+43, @CGUID+62, 0, 0), -- spawn_group_entry
(@SGGUID+43, @CGUID+63, 1, 0), -- spawn_group_entry
(@SGGUID+43, @CGUID+98, 2, 0), -- spawn_group_entry

(@SGGUID+44, @CGUID+57, 0, 0), -- Ethereal Crypt Raider
(@SGGUID+44, @CGUID+61, 1, 0), -- Ethereal Spellbinder
(@SGGUID+44, @CGUID+113, 2, 0), -- spawn_group_entry
(@SGGUID+44, @CGUID+58, 3, 0), -- Ethereal Crypt Raide

(@SGGUID+45, @CGUID+69, 0, 0), -- Ethereal Spellbinder
(@SGGUID+45, @CGUID+70, 1, 0), -- spawn_group_entry

(@SGGUID+46, @CGUID+71, 0, 0), -- spawn_group_entry
(@SGGUID+46, @CGUID+72, 1, 0), -- spawn_group_entry
(@SGGUID+46, @CGUID+104, 2, 0), -- spawn_group_entry

(@SGGUID+47, @CGUID+102, 0, 0), -- Ethereal Theurgist
(@SGGUID+47, @CGUID+67, 1, 0), -- Ethereal Spellbinder
(@SGGUID+47, @CGUID+68, 2, 0), -- Ethereal Spellbinder
(@SGGUID+47, @CGUID+103, 3, 0), -- Ethereal Theurgist

(@SGGUID+48, @CGUID+141, -1, 0), -- Mana Leech
(@SGGUID+48, @CGUID+142, -1, 0), -- Mana Leech
(@SGGUID+48, @CGUID+143, -1, 0), -- Mana Leech
(@SGGUID+48, @CGUID+144, -1, 0), -- Mana Leech
(@SGGUID+48, @CGUID+145, -1, 0), -- Mana Leech

(@SGGUID+49, @CGUID+146, -1, 0), -- Mana Leech
(@SGGUID+49, @CGUID+147, -1, 0), -- Mana Leech
(@SGGUID+49, @CGUID+148, -1, 0), -- Mana Leech
(@SGGUID+49, @CGUID+149, -1, 0), -- Mana Leech
(@SGGUID+49, @CGUID+150, -1, 0), -- Mana Leech

(@SGGUID+50, @CGUID+169, -1, 0), -- Nexus Terror
(@SGGUID+51, @CGUID+170, -1, 0), -- Nexus Terror

(@SGGUID+52, @CGUID+137, 0, 0), -- Nexus-Prince Shaffar
(@SGGUID+52, @CGUID+138, 1, 0), -- Ethereal Beacon
(@SGGUID+52, @CGUID+139, 2, 0), -- Ethereal Beacon
(@SGGUID+52, @CGUID+140, 3, 0); -- Ethereal Beacon

INSERT INTO `spawn_group_formation` (`Id`, `FormationType`, `FormationSpread`, `FormationOptions`, `PathId`, `MovementType`, `Comment`) VALUES
(@SGGUID+2, 2, 3, 0, @SGGUID+2, 4, 'Mana Tombs - Group 002 - Ethereal Scavenger | Ethereal Crypt Raider - Patrol 001'),
(@SGGUID+8, 2, 3, 0, @SGGUID+8, 2, 'Mana Tombs - Group 008 - Ethereal Scavenger | Ethereal Crypt Raider - Patrol 002'),
(@SGGUID+16, 2, 3, 0, @SGGUID+16, 4, 'Mana Tombs - Group 016 - Ethereal Priest | Ethereal Priest/Ethereal Sorcerer - Patrol 003'),
(@SGGUID+20, 2, 3, 0, @SGGUID+20, 4, 'Mana Tombs - Group 019 - Ethereal Priest | Ethereal Priest/Ethereal Sorcerer - Patrol 004'),
(@SGGUID+25, 2, 3, 0, @SGGUID+25, 4, 'Mana Tombs - Group 023 - Ethereal Darkcaster | Ethereal Crypt Raider/Ethereal Sorcerer/Ethereal Darkcaster - Patrol 005'),
(@SGGUID+32, 3, 4, 0, @SGGUID+32, 4, 'Mana Tombs - Group 029 - Ethereal Darkcaster/Ethereal Priest/Ethereal Sorcerer | Ethereal Stalker - Patrol 006'),
(@SGGUID+34, 2, 3, 0, @SGGUID+34, 2, 'Mana Tombs - Group 031 - Nexus Stalker | Nexus Stalker/Ethereal Darkcaster - Patrol 007'),
(@SGGUID+45, 2, 3, 0, @SGGUID+45, 4, 'Mana Tombs - Group 039 - Ethereal Spellbinder | Ethereal Theurgist/Ethereal Spellbinder - Patrol 008');

INSERT INTO `waypoint_path_name` (`PathId`, `Name`) VALUES
(@SGGUID+2,'Mana Tombs - Group 002 - Ethereal Scavenger | Ethereal Crypt Raider - Patrol 001'),
(@SGGUID+8,'Mana Tombs - Group 008 - Ethereal Scavenger | Ethereal Crypt Raider - Patrol 002'),
(@SGGUID+16,'Mana Tombs - Group 016 - Ethereal Priest | Ethereal Priest/Ethereal Sorcerer - Patrol 003'),
(@SGGUID+20,'Mana Tombs - Group 019 - Ethereal Priest | Ethereal Priest/Ethereal Sorcerer - Patrol 004'),
(@SGGUID+25,'Mana Tombs - Group 023 - Ethereal Darkcaster | Ethereal Crypt Raider/Ethereal Sorcerer/Ethereal Darkcaster - Patrol 005'),
(@SGGUID+32,'Mana Tombs - Group 029 - Ethereal Darkcaster/Ethereal Priest/Ethereal Sorcerer | Ethereal Stalker - Patrol 006'),
(@SGGUID+34,'Mana Tombs - Group 031 - Nexus Stalker | Nexus Stalker/Ethereal Darkcaster - Patrol 007'),
(@SGGUID+45,'Mana Tombs - Group 039 - Ethereal Spellbinder | Ethereal Theurgist/Ethereal Spellbinder - Patrol 008');

INSERT INTO `waypoint_path` (`PathId`, `Point`, `PositionX`, `PositionY`, `PositionZ`, `Orientation`, `WaitTime`, `ScriptId`) VALUES
(@SGGUID+2, 1, -67.99796, -31.6907, -0.95160854, 100, 0, 0),
(@SGGUID+2, 2, -67.722946, -23.282206, -0.9526021, 100, 0, 0),
(@SGGUID+2, 3, -65.677895, -14.919224, -0.9472823, 100, 0, 0),
(@SGGUID+2, 4, -60.18082, -8.535985, -0.9498009, 100, 0, 0),
(@SGGUID+2, 5, -53.91151, -2.550814, -0.9489452, 100, 0, 0),
(@SGGUID+2, 6, -46.68223, 0.860986, -0.954333, 100, 0, 0),
(@SGGUID+2, 7, -36.528965, 1.502573, -0.9543326, 100, 0, 0),
(@SGGUID+8, 1, -80.90334,-84.25581,-1.9863478, 100, 0, 0),
(@SGGUID+8, 2, -87.42079,-91.58448,-1.9592229, 100, 0, 0),
(@SGGUID+8, 3, -92.177826,-103.64098,-0.74659944, 100, 0, 0),
(@SGGUID+8, 4, -81.34098,-109.3567,-0.49348852, 100, 0, 0),
(@SGGUID+8, 5, -67.74865,-113.65243,-0.77221966, 100, 0, 0),
(@SGGUID+8, 6, -53.918705,-109.43329,-0.31681725, 100, 0, 0),
(@SGGUID+8, 7, -41.28598,-103.35104,-2.4145072, 100, 0, 0),
(@SGGUID+8, 8, -47.81088,-89.45784,-2.09733, 100, 0, 0),
(@SGGUID+8, 9, -57.606106,-82.09547,-2.1152492, 100, 0, 0),
(@SGGUID+8, 10, -68.259636,-79.06529,-2.1130235, 100, 0, 0),
(@SGGUID+16, 1, -73.87033,-218.72505,-0.17712496, 100, 0, 0),
(@SGGUID+16, 2, -49.952377,-221.03786,-0.064427994, 100, 0, 0),
(@SGGUID+16, 3, -32.762417,-223.56038,-0.17517364, 100, 0, 0),
(@SGGUID+20, 1, -143.3705,-220.97308,-0.5329385, 100, 0, 0),
(@SGGUID+20, 2, -136.36037,-214.06665,-0.44854826, 100, 0, 0),
(@SGGUID+20, 3, -118.24131,-209.97723,-0.6744533, 100, 0, 0),
(@SGGUID+20, 4, -111.1761,-219.2728,-0.15511577, 100, 0, 0),
(@SGGUID+25, 1, -233.01859,-196.29713,-0.9522191, 100, 0, 0),
(@SGGUID+25, 2, -216.36972,-203.34883,0.37871146, 100, 0, 0),
(@SGGUID+25, 3, -208.29887,-210.52136,0.94156444, 100, 0, 0),
(@SGGUID+25, 4, -205.8458,-226.60881,-0.95540786, 100, 0, 0),
(@SGGUID+25, 5, -209.60197,-245.24097,-0.9562541, 100, 0, 0),
(@SGGUID+32, 1, -373.33087,-235.899,-0.9565815, 100, 0, 0),
(@SGGUID+32, 2, -373.39856,-215.54378,-0.95794463, 100, 0, 0),
(@SGGUID+32, 3, -373.551,-189.40958,-1.0002968, 100, 0, 0),
(@SGGUID+34, 1,-378.27777,-155.3499,-0.9587637, 100, 0, 0),
(@SGGUID+34, 2,-384.86395,-163.05305,-0.9499411, 100, 0, 0),
(@SGGUID+34, 3,-383.9432,-171.95404,-0.9587667, 100, 0, 0),
(@SGGUID+34, 4,-374.7526,-176.95155,-0.95391774, 100, 0, 0),
(@SGGUID+34, 5,-365.67285,-175.00563,-0.958769, 100, 0, 0),
(@SGGUID+34, 6,-360.13977,-165.7273,-0.99950916, 100, 0, 0),
(@SGGUID+34, 7,-363.37717,-158.51936,-0.95876485, 100, 0, 0),
(@SGGUID+34, 8,-370.46817,-152.6236,-0.9587616, 100, 0, 0),
(@SGGUID+45, 1, -320.11002,7.972475,16.793024, 100, 0, 0),
(@SGGUID+45, 2, -299.9862,5.538398,16.78952, 100, 0, 0),
(@SGGUID+45, 3, -276.80426,5.122873,16.787043, 100, 0, 0),
(@SGGUID+45, 4, -260.95892,7.860175,16.785763, 100, 0, 0);

INSERT INTO `spawn_group_linked_group` (`Id`, `LinkedId`) VALUES
(@SGGUID+9, @SGGUID+4),
(@SGGUID+9, @SGGUID+5),
(@SGGUID+9, @SGGUID+6),
(@SGGUID+9, @SGGUID+7),
(@SGGUID+9, @SGGUID+8),
-- Endboss
(@SGGUID+52, @SGGUID+45),
(@SGGUID+52, @SGGUID+46),
(@SGGUID+52, @SGGUID+47),
(@SGGUID+52, @SGGUID+48),
(@SGGUID+52, @SGGUID+49),
(@SGGUID+52, @SGGUID+50),
(@SGGUID+52, @SGGUID+51);

DELETE FROM worldstate_name WHERE Id BETWEEN @SGGUID+1 AND @SGGUID+6;
INSERT INTO `worldstate_name` (`Id`, `Name`) VALUES 
(@SGGUID+1, 'Mana Tombs - Group 018'),
(@SGGUID+2, 'Mana Tombs - Group 020'),
(@SGGUID+3, 'Mana Tombs - Group 027'),
(@SGGUID+4, 'Mana Tombs - Group 032'),
(@SGGUID+5, 'Mana Tombs - Group 034'),
(@SGGUID+6, 'Mana Tombs - Group 035');

DELETE FROM `conditions` WHERE `condition_entry` BETWEEN @SGGUID+1 AND @SGGUID+13;
INSERT INTO `conditions` (`condition_entry`, `type`, `value1`, `value2`, `value3`, `value4`, `flags`, `comments`) VALUES 
(@SGGUID+1, 42, @SGGUID+1, 1, 0, 0, 0, 'Mana Tombs - Group 018 -  Type 1'),
(@SGGUID+2, 42, @SGGUID+1, 1, 1, 0, 0, 'Mana Tombs - Group 018 -  Type 2'),
(@SGGUID+3, 42, @SGGUID+2, 1, 0, 0, 0, 'Mana Tombs - Group 020 -  Type 1'),
(@SGGUID+4, 42, @SGGUID+2, 1, 1, 0, 0, 'Mana Tombs - Group 020 -  Type 2'),
(@SGGUID+5, 42, @SGGUID+3, 1, 0, 0, 0, 'Mana Tombs - Group 027 -  Type 1'),
(@SGGUID+6, 42, @SGGUID+3, 1, 1, 0, 0, 'Mana Tombs - Group 027 -  Type 2'),
(@SGGUID+7, 42, @SGGUID+4, 1, 0, 0, 0, 'Mana Tombs - Group 032 -  Type 1'),
(@SGGUID+8, 42, @SGGUID+4, 1, 1, 0, 0, 'Mana Tombs - Group 032 -  Type 2'),
(@SGGUID+9, 42, @SGGUID+5, 1, 0, 0, 0, 'Mana Tombs - Group 034 -  Type 1'),
(@SGGUID+10, 42, @SGGUID+5, 1, 1, 0, 0, 'Mana Tombs - Group 034 -  Type 2'),
(@SGGUID+11, 42, @SGGUID+6, 1, 0, 0, 0, 'Mana Tombs - Group 035 -  Type 1'),
(@SGGUID+12, 42, @SGGUID+6, 1, 1, 0, 0, 'Mana Tombs - Group 035 -  Type 2'),
(@SGGUID+13, 42, 4606, 1, 0, 0, 0, 'Sethekk Halls - Nexus-Prince Shaffar Dead');

-- =======
-- POOLING
-- =======

INSERT INTO `pool_pool` (`pool_id`, `mother_pool`, `chance`, `description`) VALUES
(@PGUID+21, @PGUID+22, 0, 'Mana-Tombs - Adamantite Deposit / Rich Adamantite Deposit - #8'),
(@PGUID+23, @PGUID+22, 0, 'Mana-Tombs - Adamantite Deposit / Rich Adamantite Deposit / Khorium - #1'),
(@PGUID+24, @PGUID+22, 0, 'Mana-Tombs - Adamantite Deposit / Rich Adamantite Deposit - #2'),
(@PGUID+25, @PGUID+22, 0, 'Mana-Tombs - Adamantite Deposit / Rich Adamantite Deposit - #3'),
(@PGUID+26, @PGUID+22, 0, 'Mana-Tombs - Adamantite Deposit / Rich Adamantite Deposit - #4'),
(@PGUID+27, @PGUID+22, 0, 'Mana-Tombs - Adamantite Deposit / Rich Adamantite Deposit / Khorium - #5'),
(@PGUID+28, @PGUID+22, 0, 'Mana-Tombs - Adamantite Deposit / Rich Adamantite Deposit - #6'),
(@PGUID+29, @PGUID+22, 0, 'Mana-Tombs - Adamantite Deposit / Rich Adamantite Deposit - #7'),
(@PGUID+31, @PGUID+30, 0, 'Mana-Tombs (Normal) - Bound / Solid Adamantite Chest #1'),
(@PGUID+32, @PGUID+30, 0, 'Mana-Tombs (Normal) - Bound / Solid Adamantite Chest #2'),
(@PGUID+33, @PGUID+30, 0, 'Mana-Tombs (Normal) - Bound / Solid Adamantite Chest #3'),
(@PGUID+34, @PGUID+30, 0, 'Mana-Tombs (Normal) - Bound / Solid Adamantite Chest #4'),
(@PGUID+41, @PGUID+40, 0, 'Mana-Tombs (Heroic) - Bound / Solid Adamantite Chest #1'),
(@PGUID+42, @PGUID+40, 0, 'Mana-Tombs (Heroic) - Bound / Solid Adamantite Chest #2'),
(@PGUID+43, @PGUID+40, 0, 'Mana-Tombs (Heroic) - Bound / Solid Adamantite Chest #3'),
(@PGUID+44, @PGUID+40, 0, 'Mana-Tombs (Heroic) - Bound / Solid Adamantite Chest #4'),
(@PGUID+45, @PGUID+40, 0, 'Mana-Tombs (Heroic) - Bound / Solid Adamantite Chest #5');

INSERT INTO `pool_template` (`entry`, `max_limit`, `description`) VALUES
(@PGUID+20, 4, 'Mana-Tombs - Ancient Lichen (181278)'),
(@PGUID+21, 1, 'Mana-Tombs - Adamantite Deposit / Rich Adamantite Deposit - #8'),
(@PGUID+22, 3, 'Mana-Tombs - Master Mineral Pool'),
(@PGUID+23, 1, 'Mana-Tombs - Adamantite Deposit / Rich Adamantite Deposit / Khorium - #1'),
(@PGUID+24, 1, 'Mana-Tombs - Adamantite Deposit / Rich Adamantite Deposit - #2'),
(@PGUID+25, 1, 'Mana-Tombs - Adamantite Deposit / Rich Adamantite Deposit - #3'),
(@PGUID+26, 1, 'Mana-Tombs - Adamantite Deposit / Rich Adamantite Deposit - #4'),
(@PGUID+27, 1, 'Mana-Tombs - Adamantite Deposit / Rich Adamantite Deposit / Khorium - #5'),
(@PGUID+28, 1, 'Mana-Tombs - Adamantite Deposit / Rich Adamantite Deposit - #6'),
(@PGUID+29, 1, 'Mana-Tombs - Adamantite Deposit / Rich Adamantite Deposit - #7'),
(@PGUID+30, 1, 'Mana-Tombs (Normal) - Master Chest Pool'),
(@PGUID+31, 1, 'Mana-Tombs (Normal) - Bound / Solid Adamantite Chest #1'),
(@PGUID+32, 1, 'Mana-Tombs (Normal) - Bound / Solid Adamantite Chest #2'),
(@PGUID+33, 1, 'Mana-Tombs (Normal) - Bound / Solid Adamantite Chest #3'),
(@PGUID+34, 1, 'Mana-Tombs (Normal) - Bound / Solid Adamantite Chest #4'),
(@PGUID+40, 1, 'Mana-Tombs (Heroic) - Master Chest Pool'),
(@PGUID+41, 1, 'Mana-Tombs (Heroic) - Bound / Solid Adamantite Chest #1'),
(@PGUID+42, 1, 'Mana-Tombs (Heroic) - Bound / Solid Adamantite Chest #2'),
(@PGUID+43, 1, 'Mana-Tombs (Heroic) - Bound / Solid Adamantite Chest #3'),
(@PGUID+44, 1, 'Mana-Tombs (Heroic) - Bound / Solid Adamantite Chest #4'),
(@PGUID+45, 1, 'Mana-Tombs (Heroic) - Bound / Solid Adamantite Chest #5');

-- INSERT INTO `pool_creature` (`guid`, `pool_entry`, `chance`, `description`) VALUES
-- INSERT INTO `pool_creature_template` (`id`, `pool_entry`, `chance`, `description`) VALUES

INSERT INTO `pool_gameobject` (`guid`, `pool_entry`, `chance`, `description`) VALUES
(@OGUID+1, @PGUID+20, 0, 'Mana-Tombs - Ancient Lichen (181278)'),
(@OGUID+2, @PGUID+20, 0, 'Mana-Tombs - Ancient Lichen (181278)'),
(@OGUID+3, @PGUID+20, 0, 'Mana-Tombs - Ancient Lichen (181278)'),
(@OGUID+4, @PGUID+20, 0, 'Mana-Tombs - Ancient Lichen (181278)'),
(@OGUID+19, @PGUID+20, 0, 'Mana-Tombs - Ancient Lichen (181278)'),
(@OGUID+20, @PGUID+20, 0, 'Mana-Tombs - Ancient Lichen (181278)'),
(@OGUID+21, @PGUID+20, 0, 'Mana-Tombs - Ancient Lichen (181278)'),
(@OGUID+22, @PGUID+20, 0, 'Mana-Tombs - Ancient Lichen (181278)'),
(@OGUID+23, @PGUID+20, 0, 'Mana-Tombs - Ancient Lichen (181278)'),
(@OGUID+24, @PGUID+20, 0, 'Mana-Tombs - Ancient Lichen (181278)'),
(@OGUID+25, @PGUID+20, 0, 'Mana-Tombs - Ancient Lichen (181278)'),
(@OGUID+26, @PGUID+20, 0, 'Mana-Tombs - Ancient Lichen (181278)'),
(@OGUID+27, @PGUID+20, 0, 'Mana-Tombs - Ancient Lichen (181278)'),
(@OGUID+28, @PGUID+20, 0, 'Mana-Tombs - Ancient Lichen (181278)'),
(@OGUID+29, @PGUID+20, 0, 'Mana-Tombs - Ancient Lichen (181278)'),
(@OGUID+30, @PGUID+20, 0, 'Mana-Tombs - Ancient Lichen (181278)'),
(@OGUID+31, @PGUID+20, 0, 'Mana-Tombs - Ancient Lichen (181278)'),
(@OGUID+32, @PGUID+20, 0, 'Mana-Tombs - Ancient Lichen (181278)'),
(@OGUID+33, @PGUID+20, 0, 'Mana-Tombs - Ancient Lichen (181278)'),
(@OGUID+34, @PGUID+20, 0, 'Mana-Tombs - Ancient Lichen (181278)'),
(@OGUID+35, @PGUID+20, 0, 'Mana-Tombs - Ancient Lichen (181278)'),
(@OGUID+36, @PGUID+20, 0, 'Mana-Tombs - Ancient Lichen (181278)'),
(@OGUID+54, @PGUID+20, 0, 'Mana-Tombs - Ancient Lichen (181278)'),
(@OGUID+55, @PGUID+20, 0, 'Mana-Tombs - Ancient Lichen (181278)'),
(@OGUID+56, @PGUID+20, 0, 'Mana-Tombs - Ancient Lichen (181278)'),
(@OGUID+41, @PGUID+21, 0, 'Mana-Tombs - Adamantite Deposit (181556) - #8'),
(@OGUID+76, @PGUID+21, 0, 'Mana-Tombs - Rich Adamantite Deposit (181569) - #8'),
(@OGUID+6, @PGUID+22, 0, 'Mana-Tombs - Adamantite Deposit (181556)'),
(@OGUID+40, @PGUID+22, 0, 'Mana-Tombs - Adamantite Deposit (181556)'),
(@OGUID+42, @PGUID+22, 0, 'Mana-Tombs - Adamantite Deposit (181556)'),
(@OGUID+43, @PGUID+22, 0, 'Mana-Tombs - Adamantite Deposit (181556)'),
(@OGUID+45, @PGUID+22, 0, 'Mana-Tombs - Adamantite Deposit (181556)'),
(@OGUID+77, @PGUID+22, 0, 'Mana-Tombs - Adamantite Deposit (181556)'),
(@OGUID+5, @PGUID+23, 0, 'Mana-Tombs - Adamantite Deposit (181556) - #1'),
(@OGUID+7, @PGUID+23, 0, 'Mana-Tombs - Rich Adamantite Deposit (181569) - #1'),
(@OGUID+52, @PGUID+23, 0, 'Mana-Tombs - Khorium Vein (181557) - #1'),
(@OGUID+8, @PGUID+24, 0, 'Mana-Tombs - Rich Adamantite Deposit (181569) - #2'),
(@OGUID+13, @PGUID+24, 0, 'Mana-Tombs - Khorium Vein (181557) - #2'),
(@OGUID+38, @PGUID+24, 0, 'Mana-Tombs - Adamantite Deposit (181556) - #2'),
(@OGUID+37, @PGUID+25, 0, 'Mana-Tombs - Adamantite Deposit (181556) - #3'),
(@OGUID+49, @PGUID+25, 0, 'Mana-Tombs - Rich Adamantite Deposit (181569) - #3'),
(@OGUID+39, @PGUID+26, 0, 'Mana-Tombs - Adamantite Deposit (181556) - #4'),
(@OGUID+48, @PGUID+26, 0, 'Mana-Tombs - Rich Adamantite Deposit (181569) - #4'),
(@OGUID+46, @PGUID+27, 0, 'Mana-Tombs - Adamantite Deposit (181556) - #5'),
(@OGUID+51, @PGUID+27, 0, 'Mana-Tombs - Rich Adamantite Deposit (181569) - #5'),
(@OGUID+53, @PGUID+27, 0, 'Mana-Tombs - Khorium Vein (181557) - #5'),
(@OGUID+14, @PGUID+28, 0, 'Mana-Tombs - Khorium Vein (181557) - #6'),
(@OGUID+47, @PGUID+28, 0, 'Mana-Tombs - Adamantite Deposit (181556) - #6'),
(@OGUID+50, @PGUID+28, 0, 'Mana-Tombs - Rich Adamantite Deposit (181569) - #6'),
(@OGUID+44, @PGUID+29, 0, 'Mana-Tombs - Adamantite Deposit (181556) - #7'),
(@OGUID+75, @PGUID+29, 0, 'Mana-Tombs - Rich Adamantite Deposit (181569) - #7'),
(@OGUID+57, @PGUID+31, 0, 'Mana-Tombs (Normal) - Bound Fel Iron Chest (184934) - #1'),
(@OGUID+58, @PGUID+31, 0, 'Mana-Tombs (Normal) - Solid Fel Iron Chest (184935) - #1'),
(@OGUID+59, @PGUID+32, 0, 'Mana-Tombs (Normal) - Bound Fel Iron Chest (184934) - #2'),
(@OGUID+60, @PGUID+32, 0, 'Mana-Tombs (Normal) - Solid Fel Iron Chest (184935) - #2'),
(@OGUID+61, @PGUID+33, 0, 'Mana-Tombs (Normal) - Bound Fel Iron Chest (184934) - #3'),
(@OGUID+62, @PGUID+33, 0, 'Mana-Tombs (Normal) - Solid Fel Iron Chest (184935) - #3'),
(@OGUID+63, @PGUID+34, 0, 'Mana-Tombs (Normal) - Bound Fel Iron Chest (184934) - #4'),
(@OGUID+64, @PGUID+34, 0, 'Mana-Tombs (Normal) - Solid Fel Iron Chest (184935) - #4'),
(@OGUID+65, @PGUID+41, 0, 'Mana-Tombs - Bound Adamantite Chest (184936) - #1'),
(@OGUID+66, @PGUID+41, 0, 'Mana-Tombs - Solid Adamantite Chest (184937) - #1'),
(@OGUID+67, @PGUID+42, 0, 'Mana-Tombs - Bound Adamantite Chest (184936) - #2'),
(@OGUID+68, @PGUID+42, 0, 'Mana-Tombs - Solid Adamantite Chest (184937) - #2'),
(@OGUID+69, @PGUID+43, 0, 'Mana-Tombs - Bound Adamantite Chest (184936) - #3'),
(@OGUID+70, @PGUID+43, 0, 'Mana-Tombs - Solid Adamantite Chest (184937) - #3'),
(@OGUID+71, @PGUID+44, 0, 'Mana-Tombs - Bound Adamantite Chest (184936) - #4'),
(@OGUID+72, @PGUID+44, 0, 'Mana-Tombs - Solid Adamantite Chest (184937) - #4'),
(@OGUID+73, @PGUID+45, 0, 'Mana-Tombs - Bound Adamantite Chest (184936) - #5'),
(@OGUID+74, @PGUID+45, 0, 'Mana-Tombs - Solid Adamantite Chest (184937) - #5');

-- INSERT INTO `pool_gameobject_template` (`id`, `pool_entry`, `chance`, `description`) VALUES

-- =========
-- DBSCRIPTS
-- =========

DELETE FROM dbscripts_on_spell WHERE id = 32348;
INSERT INTO `dbscripts_on_spell` (`id`, `delay`, `priority`, `command`, `datalong`, `datalong2`, `datalong3`, `buddy_entry`, `search_radius`, `data_flags`, `dataint`, `dataint2`, `dataint3`, `dataint4`, `x`, `y`, `z`, `o`, `comments`) VALUES
(32348, 0, 0, 15, 32349, 0, 0, 0, 0, 0, 0, 0, 0, 0, 0, 0, 0, 0, 'Summon Arcane Fiends - Cast Spell'),
(32348, 0, 1, 15, 32353, 0, 0, 0, 0, 0, 0, 0, 0, 0, 0, 0, 0, 0, 'Summon Arcane Fiends - Cast Spell');

-- INSERT INTO `dbscripts_on_creature_movement` (`id`, `delay`, `command`, `datalong`, `datalong2`, `datalong3`, `buddy_entry`, `search_radius`, `data_flags`, `dataint`, `dataint2`, `dataint3`, `dataint4`, `x`, `y`, `z`, `o`, `comments`) VALUES
-- INSERT INTO `dbscripts_on_creature_death` (`id`, `delay`, `command`, `datalong`, `datalong2`, `datalong3`, `buddy_entry`, `search_radius`, `data_flags`, `dataint`, `dataint2`, `dataint3`, `dataint4`, `x`, `y`, `z`, `o`, `comments`) VALUES
-- INSERT INTO `dbscripts_on_go_use` (`id`, `delay`, `command`, `datalong`, `datalong2`, `datalong3`, `buddy_entry`, `search_radius`, `data_flags`, `dataint`, `dataint2`, `dataint3`, `dataint4`, `x`, `y`, `z`, `o`, `comments`) VALUES
-- INSERT INTO `dbscripts_on_go_template_use` (`id`, `delay`, `command`, `datalong`, `datalong2`, `datalong3`, `buddy_entry`, `search_radius`, `data_flags`, `dataint`, `dataint2`, `dataint3`, `dataint4`, `x`, `y`, `z`, `o`, `comments`) VALUES
-- INSERT INTO `dbscripts_on_relay` (`id`, `delay`, `command`, `datalong`, `datalong2`, `datalong3`, `buddy_entry`, `search_radius`, `data_flags`, `dataint`, `dataint2`, `dataint3`, `dataint4`, `x`, `y`, `z`, `o`, `comments`) VALUES
-- INSERT INTO `dbscripts_on_event` (`id`, `delay`, `command`, `datalong`, `datalong2`, `datalong3`, `buddy_entry`, `search_radius`, `data_flags`, `dataint`, `dataint2`, `dataint3`, `dataint4`, `x`, `y`, `z`, `o`, `comments`) VALUES
-- INSERT INTO `dbscripts_on_gossip` (`id`, `delay`, `command`, `datalong`, `datalong2`, `datalong3`, `buddy_entry`, `search_radius`, `data_flags`, `dataint`, `dataint2`, `dataint3`, `dataint4`, `x`, `y`, `z`, `o`, `comments`) VALUES
-- INSERT INTO `dbscripts_on_quest_start` (`id`, `delay`, `command`, `datalong`, `datalong2`, `datalong3`, `buddy_entry`, `search_radius`, `data_flags`, `dataint`, `dataint2`, `dataint3`, `dataint4`, `x`, `y`, `z`, `o`, `comments`) VALUES
-- INSERT INTO `dbscripts_on_quest_end` (`id`, `delay`, `command`, `datalong`, `datalong2`, `datalong3`, `buddy_entry`, `search_radius`, `data_flags`, `dataint`, `dataint2`, `dataint3`, `dataint4`, `x`, `y`, `z`, `o`, `comments`) VALUES
-- INSERT INTO `dbscript_random_templates` (`id`, `type`, `target_id`, `chance`, `comments`) VALUES


