/* DBScriptData
DBName: Auchindoun - Auchenai Crypts
DBScriptName: -
DB%Complete: 95
DBComment:
* ToDO:
* @CGUID+23 and @CGUID+24 channeling should stack on @CGUID+158
* Ancient Draenei Spirit need to get confirmed that they exist in tbc spawns
* Spawngroup 17+18 should switch between attacking stance and stand stance
* Research Info:
* Only 1 Cosmetic Raging Soul spawned, for RP with @CGUID+23 and @CGUID+24
* Flying Raging Soul's have passive aura 32460 that triggers spell 32459 with 1 second interval
EndDBScriptData */

SET @CGUID := 5580000; -- creatures
SET @OGUID := 5580000; -- gameobjects
SET @PGUID := 49500; -- pools
SET @SGGUID := 5580000; -- spawn_groups
SET @STRINGID := 5580000; -- used for StringID's
SET @RELAYID := 5580000; -- used for dbscript_relay

-- =========
-- CREATURES
-- =========

INSERT INTO `creature_movement` (`id`, `point`, `PositionX`, `PositionY`, `PositionZ`, `orientation`, `waittime`, `ScriptId`) VALUES
(@CGUID+9, 1, 71.67794,-4.22718,-0.05288431, 100, 0, 0),
(@CGUID+9, 2, 69.16014,-5.811132,-0.10611478, 100, 0, 0),
(@CGUID+9, 3, 67.879486,-8.978183,-0.09812963, 100, 0, 0),
(@CGUID+9, 4, 67.83837,-26.447706,-0.07039743, 100, 0, 0),
(@CGUID+9, 5, 69.417725,-29.127998,-0.07468739, 100, 0, 0),
(@CGUID+9, 6, 72.57508,-29.682726,-0.0737521, 100, 0, 0),
(@CGUID+9, 7, 96.99448,-29.791718,-0.051502623, 100, 0, 0),
(@CGUID+9, 8, 99.8378,-28.062754,-0.03233916, 100, 0, 0),
(@CGUID+9, 9, 101.55477,-24.484463,-0.041662257, 100, 0, 0),
(@CGUID+9, 10, 101.79505,-9.136434,0.12334183, 100, 0, 0),
(@CGUID+9, 11, 101.28473,-5.818955,0.06241158, 100, 0, 0),
(@CGUID+9, 12, 98.46999,-4.272734,-0.06604094, 100, 0, 0),
(@CGUID+18, 1, 101.2426,7.289032,0.19369556, 100, 0, 0),
(@CGUID+18, 2, 99.97599,4.770607,0.059734028, 100, 0, 0),
(@CGUID+18, 3, 97.24955,4.174426,-0.09839714, 100, 0, 0),
(@CGUID+18, 4, 71.15918,4.77888,-0.052818734, 100, 0, 0),
(@CGUID+18, 5, 68.77632,7.070634,-0.103508666, 100, 0, 0),
(@CGUID+18, 6, 68.612335,10.553121,-0.08794852, 100, 0, 0),
(@CGUID+18, 7, 68.61637,26.954746,-0.09732934, 100, 0, 0),
(@CGUID+18, 8, 69.2411,29.143032,-0.09685513, 100, 0, 0),
(@CGUID+18, 9, 71.53857,30.130527,-0.10705717, 100, 0, 0),
(@CGUID+18, 10, 97.67164,30.537062,-0.11079048, 100, 0, 0),
(@CGUID+18, 11, 100.70564,29.635519,-0.11454146, 100, 0, 0),
(@CGUID+18, 12, 101.51514,26.798935,-0.123120695, 100, 0, 0),
(@CGUID+32, 1, 125.65282,-3.2236528,0.12024245,2.58308720588684082, 28000, 1849701),
(@CGUID+32, 2, 139.49518,2.368823,-0.12775199, 100, 0, 0),
(@CGUID+32, 3, 148.84927,3.26893,-0.12693678, 100, 0, 0),
(@CGUID+32, 4, 158.58562,2.221657,-0.12592205, 100, 0, 0),
(@CGUID+32, 5, 164.71635,9.033345,-0.12607376, 100, 0, 0),
(@CGUID+32, 6, 164.69518,17.096685,0.042672906, 100, 0, 0),
(@CGUID+32, 7, 164.39384,27.017565,-0.03106403, 100, 0, 0),
(@CGUID+32, 8, 158.12143,30.15233,-0.110156626, 100, 0, 0),
(@CGUID+32, 9, 154.54019,31.208351,-0.10033583, 100, 0, 0),
(@CGUID+32, 10, 153.50821,38.660362,4.231137, 100, 28000, 1849701), 
(@CGUID+32, 11, 150.59761,30.838694,-0.10033666, 100, 0, 0),
(@CGUID+32, 12, 132.99837,30.463366,-0.09167093, 100, 0, 0),
(@CGUID+32, 13, 130.24228,29.550669,-0.09694571, 100, 0, 0),
(@CGUID+32, 14, 129.23076,20.53834,-0.12918013, 100, 0, 0),
(@CGUID+32, 15, 130.77061,10.76564,0.09537189, 100, 0, 0),
(@CGUID+32, 16, 130.48642,2.902071,-0.12865439, 100, 0, 0),
(@CGUID+32, 17, 129.59958,-2.468409,0.06528245, 100, 0, 0),
(@CGUID+34, 1, 238.14801,13.610128,-0.06791845, 100, 10000, 0), -- waittime between 5 and 15 seconds
(@CGUID+34, 2, 222.74164,13.925282,-0.070625804, 100, 10000, 0), -- waittime between 5 and 15 seconds
(@CGUID+56, 1, 126.1766,27.948132,-0.105519295, 5.28835, 3000, @RELAYID+1),
(@CGUID+56, 2, 130.59267,16.555323,-0.12910895, 100, 0, 0),
(@CGUID+56, 3, 130.62326,8.567173,-0.1291158, 100, 0, 0),
(@CGUID+56, 4, 132.76746,2.109716,-0.12837085, 100, 0, 0),
(@CGUID+56, 5, 135.87859,-4.567481,1.1544765, 100, 0, 0),
(@CGUID+56, 6, 141.38376,-6.336381,1.8670539, 100, 0, 0),
(@CGUID+56, 7, 150.151,-6.409088,1.8575414, 100, 0, 0),
(@CGUID+56, 8, 158.26154,-6.41169,1.2996879, 100, 0, 0),
(@CGUID+56, 9, 162.83406,-10.075247,1.2974932, 100, 0, 0),
(@CGUID+56, 10, 166.6864,-15.174739,2.4810312, 100, 135000, @RELAYID+2), -- waittime between 2min and 2min 30
(@CGUID+57, 1, -144.0119,-216.429,26.590975,4.04916, 3000, @RELAYID+1),
(@CGUID+57, 2, -145.03377,-205.14423,26.590988, 100, 0, 0),
(@CGUID+57, 3, -144.9294,-193.24086,26.59097, 100, 0, 0),
(@CGUID+57, 4, -144.86406,-178.91512,26.591293, 100, 0, 0),
(@CGUID+57, 5, -144.21027,-170.07382,26.590784, 100, 0, 0),
(@CGUID+57, 6, -144.54129,-155.87457,26.590515, 100, 135000, @RELAYID+2), -- waittime between 2min and 2min 30
(@CGUID+58, 1, 234.8801,-118.76646,26.591326,0.628319, 3000, @RELAYID+1),
(@CGUID+58, 2, 235.35675,-111.50905,26.591307, 100, 0, 0),
(@CGUID+58, 3, 233.88187,-106.42256,26.591307, 100, 0, 0),
(@CGUID+58, 4, 234.10477,-90.81091,26.591291, 100, 0, 0),
(@CGUID+58, 5, 235.16656,-85.652824,26.59131, 100, 0, 0),
(@CGUID+58, 6, 233.66092,-80.833466,26.591309, 100, 0, 0),
(@CGUID+58, 7, 232.70403,-75.82231,26.591316, 100, 135000, @RELAYID+2), -- waittime between 2min and 2min 30
(@CGUID+59, 1, 254.08589,16.281115,1.0690411,3.9968, 3000, @RELAYID+1),
(@CGUID+59, 2, 249.09479,11.751573,-0.057969235, 100, 0, 0),
(@CGUID+59, 3, 248.29317,5.573168,-0.05051643, 100, 0, 0),
(@CGUID+59, 4, 249.30978,0.292467,-0.04696809, 100, 0, 0),
(@CGUID+59, 5, 248.19304,-4.38714,-0.050115947, 100, 0, 0),
(@CGUID+59, 6, 245.5446,-7.974623,-0.058118563, 100, 0, 0),
(@CGUID+59, 7, 241.89896,-12.228353,-0.06918345, 100, 0, 0),
(@CGUID+59, 8, 239.66989,-16.145578,-0.07585467, 100, 0, 0),
(@CGUID+59, 9, 239.524,-20.53202,-0.06419688, 100, 0, 0),
(@CGUID+59, 10, 240.83255,-25.9776,-0.06601114, 100, 0, 0),
(@CGUID+59, 11, 244.28032,-28.857412,1.3836285, 100, 135000, @RELAYID+2), -- waittime between 2min and 2min 30
(@CGUID+63, 1, 103.51044,-31.661163,2.2046442, 1.36136, 3000, @RELAYID+1),
(@CGUID+63, 2, 104.59338,-23.583656,-0.07155674, 100, 0, 0),
(@CGUID+63, 3, 102.89938,-19.097414,-0.043581124, 100, 0, 0),
(@CGUID+63, 4, 102.20383,-13.462062,0.18044646, 100, 0, 0),
(@CGUID+63, 5, 104.55045,-7.681597,0.21229711, 100, 0, 0),
(@CGUID+63, 6, 105.15511,5.540357,0.5351643, 100, 0, 0),
(@CGUID+63, 7, 103.2398,12.823616,-0.098418705, 100, 0, 0),
(@CGUID+63, 8, 104.68291,17.770578,0.1706654, 100, 0, 0),
(@CGUID+63, 9, 108.10148,21.937067,0.16965415, 100, 0, 0),
(@CGUID+63, 10, 111.47976,22.290707,0.009937675, 100, 135000, @RELAYID+2), -- waittime between 2min and 2min 30sec
(@CGUID+64, 1, -138.90909,-205.61925,26.590975,2.75762, 3000, @RELAYID+1),
(@CGUID+64, 2, -139.67049,-190.11847,26.59096, 100, 0, 0),
(@CGUID+64, 3, -140.33557,-182.85066,26.59173, 100, 0, 0),
(@CGUID+64, 4, -139.43959,-177.26666,26.591074, 100, 0, 0),
(@CGUID+64, 5, -137.69144,-172.42462,26.592718, 100, 0, 0),
(@CGUID+64, 6, -135.19173,-170.16048,26.588945, 100, 0, 0),
(@CGUID+64, 7, -130.4095,-169.43921,26.58746, 100, 135000, @RELAYID+2), -- waittime between 2min and 2min 30sec
(@CGUID+65, 1, 186.39815,-187.63376,26.586843,5.28835, 3000, @RELAYID+1),
(@CGUID+65, 2, 186.01659,-170.86678,26.57505, 100, 0, 0),
(@CGUID+65, 3, 185.84586,-152.141,26.433743, 100, 0, 0),
(@CGUID+65, 4, 186.82649,-139.19202,26.515371, 100, 135000, @RELAYID+2), -- waittime between 2min and 2min 30sec
(@CGUID+66, 1, 265.72266,-167.39992,26.591297,3.64774, 3000, @RELAYID+1),
(@CGUID+66, 2, 260.2587,-173.44904,26.5913, 100, 0, 0),
(@CGUID+66, 3, 254.21541,-174.24063,28.541336, 100, 0, 0),
(@CGUID+66, 4, 249.80678,-178.8307,29.993172, 100, 0, 0),
(@CGUID+66, 5, 243.34229,-182.10753,29.073282, 100, 0, 0),
(@CGUID+66, 6, 236.51315,-182.80513,26.591282, 100, 0, 0),
(@CGUID+66, 7, 230.59372,-180.36035,26.59128, 100, 0, 0),
(@CGUID+66, 8, 226.47932,-182.74487,26.591282, 100, 0, 0),
(@CGUID+66, 9, 223.12943,-185.35706,26.59129, 100, 135000, @RELAYID+2), -- waittime between 2min and 2min 30sec
(@CGUID+67, 1, 170.21268,-18.678844,1.8106413, 6.12611, 3000, @RELAYID+1),
(@CGUID+67, 2, 176.21935,-20.366,-0.12755382, 100, 0, 0),
(@CGUID+67, 3, 183.50932,-20.030233,-0.124699146, 100, 0, 0),
(@CGUID+67, 4, 187.84009,-15.592921,0.09424267, 100, 0, 0),
(@CGUID+67, 5, 191.94017,-6.714968,-0.12076864, 100, 0, 0),
(@CGUID+67, 6, 192.66939,2.518242,-0.116914734, 100, 0, 0),
(@CGUID+67, 7, 191.38432,9.125355,-0.11827608, 100, 0, 0),
(@CGUID+67, 8, 190.95491,15.178104,1.7854161, 100, 135000, @RELAYID+2), -- waittime between 2min and 2min 30
(@CGUID+70, 1, 235.88821,37.07132,26.606709,6.23083, 3000, @RELAYID+1),
(@CGUID+70, 2, 247.22252,37.847027,20.479275, 100, 0, 0),
(@CGUID+70, 3, 257.5441,38.34387,13.4442425, 100, 0, 0),
(@CGUID+70, 4, 269.6288,37.601143,13.41417, 100, 0, 0),
(@CGUID+70, 5, 272.89047,36.50316,13.4086685, 100, 0, 0),
(@CGUID+70, 6, 274.30402,34.681675,13.410205, 100, 0, 0),
(@CGUID+70, 7, 274.67148,31.516829,13.418446, 100, 0, 0),
(@CGUID+70, 8, 274.31213,21.329618,13.449085, 100, 0, 0),
(@CGUID+70, 9, 274.1166,11.805699,6.4145527, 100, 0, 0),
(@CGUID+70, 10, 274.6112,1.604477,-0.08050743, 100, 135000, @RELAYID+2), -- waittime between 2min and 2min 30
(@CGUID+71, 1, 127.67527,-9.820141,0.9092922, 4.7473, 3000, @RELAYID+1),
(@CGUID+71, 2, 129.5654,-17.583628,5.0594177, 100, 0, 0),
(@CGUID+71, 3, 129.5531,-21.944284,6.884782, 100, 0, 0),
(@CGUID+71, 4, 133.11812,-29.490608,10.753902, 100, 0, 0),
(@CGUID+71, 5, 136.52745,-31.686588,12.264767, 100, 0, 0),
(@CGUID+71, 6, 143.1685,-34.106094,13.614726, 100, 0, 0),
(@CGUID+71, 7, 150.10359,-36.330883,13.5456295, 100, 0, 0),
(@CGUID+71, 8, 154.84016,-37.25858,13.179008, 100, 0, 0),
(@CGUID+71, 9, 161.82185,-39.311287,12.2130375, 100, 135000, @RELAYID+2), -- waittime between 2min and 2min 30
(@CGUID+72, 1, -150.58417,-157.27425,26.590601,2.11185, 3000, @RELAYID+1),
(@CGUID+72, 2, -150.34624,-174.99075,26.590809, 100, 0, 0),
(@CGUID+72, 3, -149.75449,-186.08548,26.590952, 100, 0, 0),
(@CGUID+72, 4, -150.69078,-204.24901,26.590994, 100, 135000, @RELAYID+2), -- waittime between 2min and 2min 30
(@CGUID+73, 1, 63.407444,-175.2639,15.340215,6.14356, 3000, @RELAYID+1),
(@CGUID+73, 2, 63.922012,-164.90332,15.36321, 100, 0, 0),
(@CGUID+73, 3, 64.89777,-157.71608,15.324875, 100, 0, 0),
(@CGUID+73, 4, 63.779285,-154.1999,15.270904, 100, 0, 0),
(@CGUID+73, 5, 61.176,-152.29073,15.320725, 100, 0, 0),
(@CGUID+73, 6, 57.89829,-152.15157,15.305273, 100, 0, 0),
(@CGUID+73, 7, 54.855816,-154.90836,15.210086, 100, 0, 0),
(@CGUID+73, 8, 42.59613,-157.50063,14.917099, 100, 0, 0),
(@CGUID+73, 9, 38.038113,-157.83847,14.781163, 100, 0, 0),
(@CGUID+73, 10, 34.37812,-156.34639,14.540044, 100, 135000, @RELAYID+2), -- waittime between 2min and 2min 30
(@CGUID+74, 1, 163.42021,-22.144464,3.9059505, 3.50811, 3000, @RELAYID+1),
(@CGUID+74, 2, 156.25214,-26.96173,7.3015285, 100, 0, 0),
(@CGUID+74, 3, 148.84656,-26.111628,9.093671, 100, 0, 0),
(@CGUID+74, 4, 143.56517,-26.607273,10.320737, 100, 0, 0),
(@CGUID+74, 5, 137.3586,-29.342598,11.133306, 100, 0, 0),
(@CGUID+74, 6, 132.71771,-32.661335,12.362364, 100, 0, 0),
(@CGUID+74, 7, 127.05344,-36.36787,11.95393, 100, 135000, @RELAYID+2), -- waittime between 2min and 2min 30
(@CGUID+75, 1, 219.37904,0.33060265,28.327349,3.90954, 3000, @RELAYID+1),
(@CGUID+75, 2, 213.83517,-4.47358,27.131094, 100, 0, 0),
(@CGUID+75, 3, 212.30658,-9.702579,27.207218, 100, 0, 0),
(@CGUID+75, 4, 212.08582,-16.853407,27.295864, 100, 0, 0),
(@CGUID+75, 5, 212.82582,-22.971846,26.895174, 100, 0, 0),
(@CGUID+75, 6, 216.42055,-27.29053,26.591383, 100, 0, 0),
(@CGUID+75, 7, 222.45038,-29.665424,27.404846, 100, 0, 0),
(@CGUID+75, 8, 227.68648,-29.660278,27.280148, 100, 0, 0),
(@CGUID+75, 9, 237.29475,-29.352152,26.840483, 100, 0, 0),
(@CGUID+75, 10, 245.5611,-29.118198,26.610186, 100, 0, 0),
(@CGUID+75, 11, 256.06567,-29.392622,26.598423, 100, 0, 0),
(@CGUID+75, 12, 264.68683,-30.948347,26.591227, 100, 0, 0),
(@CGUID+75, 13, 273.67218,-31.774408,26.591225, 100, 135000, @RELAYID+2), -- waittime between 2min and 2min 30
(@CGUID+76, 1, 182.65771,-140.55536,26.389036,2.25147, 3000, @RELAYID+1),
(@CGUID+76, 2, 181.64246,-147.2506,26.326574, 100, 0, 0),
(@CGUID+76, 3, 179.35037,-150.43063,26.26074, 100, 0, 0),
(@CGUID+76, 4, 174.82385,-152.08482,26.326044, 100, 0, 0),
(@CGUID+76, 5, 169.2696,-152.8632,26.444696, 100, 0, 0),
(@CGUID+76, 6, 162.41,-153.10008,26.06021, 100, 0, 0),
(@CGUID+76, 7, 152.7405,-152.84781,19.014975, 100, 0, 0),
(@CGUID+76, 8, 146.63557,-152.49663,14.267556, 100, 135000, @RELAYID+2), -- waittime between 2min and 2min 30
(@CGUID+78, 1, 108.36813,-168.10095,14.6634,4.03171, 3000, @RELAYID+1),
(@CGUID+78, 2, 94.0889,-166.98608,15.221693, 100, 0, 0),
(@CGUID+78, 3, 87.63592,-167.62035,15.353543, 100, 0, 0),
(@CGUID+78, 4, 83.18925,-169.28035,15.387257, 100, 0, 0),
(@CGUID+78, 5	, 80.92766,-172.92093,15.428644, 100, 135000, @RELAYID+2), -- waittime between 2min and 2min 30
(@CGUID+79, 1, 252.85664,-143.33148,31.354084,3.94444, 3000, @RELAYID+1),
(@CGUID+79, 2, 247.20137,-141.40672,28.45697, 100, 0, 0),
(@CGUID+79, 3, 239.47426,-140.56499,26.604721, 100, 0, 0),
(@CGUID+79, 4, 232.98956,-142.09483,26.598186, 100, 0, 0),
(@CGUID+79, 5, 226.8533,-145.60709,26.592377, 100, 0, 0),
(@CGUID+79, 6, 223.00479,-149.41129,26.591297, 100, 0, 0),
(@CGUID+79, 7, 219.4117,-156.10533,26.591295, 100, 0, 0),
(@CGUID+79, 8, 218.31477,-163.05994,26.591297, 100, 0, 0),
(@CGUID+79, 9, 219.38469,-170.84055,26.591295, 100, 0, 0),
(@CGUID+79, 10, 222.65584,-177.14705,26.59129, 100, 0, 0),
(@CGUID+79, 11, 229.7245,-182.66959,26.591282, 100, 0, 0),
(@CGUID+79, 12, 233.93506,-186.75621,26.591286, 100, 0, 0),
(@CGUID+79, 13, 234.9648,-190.40332,26.59129, 100, 135000, @RELAYID+2), -- waittime between 2min and 2min 30
(@CGUID+80, 1, 244.79587,-108.79782,26.591301,5.41052, 3000, @RELAYID+1),
(@CGUID+80, 2, 244.45204,-93.25677,26.591284, 100, 0, 0),
(@CGUID+80, 3, 243.87628,-83.90097,26.59128, 100, 0, 0),
(@CGUID+80, 4, 244.42477,-75.269424,26.591278, 100, 0, 0),
(@CGUID+80, 5, 244.2252,-62.301235,26.591274, 100, 135000, @RELAYID+2), -- waittime between 2min and 2min 30
(@CGUID+81, 1, -133.75206,-394.2897,26.589466, 2.37365, 3000, @RELAYID+1),
(@CGUID+81, 2,-144.43042,-394.98413,26.590275, 100, 0, 0),
(@CGUID+81, 3,-148.6199,-394.619,26.591179, 100, 0, 0),
(@CGUID+81, 4,-152.1718,-390.7765,26.590584, 100, 0, 0),
(@CGUID+81, 5,-152.01378,-381.4443,26.589539, 100, 0, 0),
(@CGUID+81, 6,-152.09125,-369.94785,26.590715, 100, 135000, @RELAYID+2), -- waittime between 2min and 2min 30
(@CGUID+82, 1, 60.7609,14.71426,2.9304667, 4.57276, 3000, @RELAYID+1),
(@CGUID+82, 2, 62.473858,-0.185765,-0.1819104, 100, 0, 0),
(@CGUID+82, 3, 60.937054,-19.739634,2.7972555, 100, 135000, @RELAYID+2), -- waittime between 2min and 2:30 
(@CGUID+139, 1, -48.328968,-381.7298,26.584183, 100, 0, 0),
(@CGUID+139, 2, -53.09907,-376.52548,26.585176, 100, 0, 0),
(@CGUID+139, 3, -54.04397,-369.78027,26.585318, 100, 0, 0),
(@CGUID+139, 4, -51.832047,-361.96216,26.611528, 100, 0, 0),
(@CGUID+141, 1, 27.672134,-401.97705,26.582186, 100, 0, 0),
(@CGUID+141, 2, 27.47761,-409.23453,26.590729, 100, 0, 0),
(@CGUID+141, 3, 4.82641,-409.19406,26.582476, 100, 0, 0),
-- test
(@CGUID+143, 1, 225.33128, -160.47964, 42.924637, 100, 0, 0),
(@CGUID+143, 2, 226.26433, -167.05211, 43.61908, 100, 0, 0),
(@CGUID+143, 3, 228.99861, -171.22679, 44.09132, 100, 0, 0),
(@CGUID+143, 4, 234.16539, -174.73897, 44.61909, 100, 0, 0),
(@CGUID+143, 5, 240.23022, -175.16766, 44.757957, 100, 0, 0),
(@CGUID+143, 6, 245.79956, -173.5961, 44.836193, 100, 0, 0),
(@CGUID+143, 7, 250.73444, -170.3529, 44.89179, 100, 0, 0),
(@CGUID+143, 8, 253.15332, -164.77332, 44.44733, 100, 0, 0),
(@CGUID+143, 9, 251.40865,  -158.42947, 43.8496, 100, 0, 0),
(@CGUID+143, 10, 247.62373, -153.52211, 43.168236, 100, 0, 0),
(@CGUID+143, 11, 241.58646, -149.26561, 42.473785, 100, 0, 0),
(@CGUID+143, 12, 236.16528, -148.9468, 42.22376, 100, 0, 0),
(@CGUID+143, 13, 231.14494, -151.02124, 42.195972, 100, 0, 0),
(@CGUID+143, 14, 228.57088, -154.5548, 42.41823, 100, 0, 0),
(@CGUID+144, 1, 25.970398, -434.88214, 46.664665, 100, 0, 0),
(@CGUID+144, 2, 26.003061, -340.35342, 46.470245, 100, 0, 0),
(@CGUID+145, 1, -22.65043,-433.66025,52.33453, 100, 0, 0),
(@CGUID+145, 2, -22.849066, -341.31458, 52.362286, 100, 0, 0),
(@CGUID+146, 1, 134.81668,-194.58784,32.757103, 100, 0, 0),
(@CGUID+146, 2, 91.04459,-196.96999,29.244957, 100, 0, 0),
(@CGUID+147, 1, 71.92045,-139.5788,43.93974, 100, 0, 0),
(@CGUID+147, 2, -20.375921,-137.91414,42.55454, 100, 0, 0),
(@CGUID+148, 1, 145.90799,-46.15511,25.91606, 100, 0, 0),
(@CGUID+148, 2, 146.30122, 46.281876, 25.472498, 100, 0, 0),
-- Raging Souls on bridge
(@CGUID+149, 1, 84.68556,-151.36273,15.344386, 100, 0, 0),
(@CGUID+149, 2, 81.84197,-157.61043,15.356619, 100, 0, 0),
(@CGUID+149, 3, 75.898,-160.30489,15.45694, 100, 0, 0),
(@CGUID+149, 4, 68.38377,-159.8179,15.379214, 100, 0, 0),
(@CGUID+149, 5, 65.03281,-161.50578,15.374656, 100, 0, 0),
(@CGUID+149, 6, 61.89738,-167.32907,15.315571, 100, 0, 0),
(@CGUID+149, 7, 60.68532,-174.44492,15.289413, 100, 0, 0),
(@CGUID+150, 1, 7.276525,-171.03366,12.634819, 100, 0, 0),
(@CGUID+150, 2, 20.042486,-164.30421,13.419166, 100, 0, 0),
(@CGUID+150, 3, 28.280453,-163.23836,14.084845, 100, 0, 0),
(@CGUID+150, 4, 36.962765,-165.37491,14.7136545, 100, 0, 0),
(@CGUID+150, 5, 44.94467,-169.99452,14.986774, 100, 0, 0),
(@CGUID+150, 6, 56.89713,-173.26497,15.217743, 100, 0, 0),
(@CGUID+150, 7, 60.496197,-175.00844,15.300892, 100, 0, 0),
(@CGUID+159, 1, 165.15187,-170.92766,26.309748, 100, 0, 0),
(@CGUID+159, 2, 156.8081,-170.01167,22.161465, 100, 0, 0),
(@CGUID+159, 3, 150.38828,-169.99289,17.190245, 100, 0, 0),
(@CGUID+159, 4, 142.81262,-169.86433,12.56831, 100, 0, 0),
(@CGUID+159, 5, 133.21016,-169.76501,12.653683, 100, 0, 0),
(@CGUID+159, 6, 124.12405,-169.08858,13.25728, 100, 0, 0),
(@CGUID+159, 7, 113.91218,-167.1419,14.148287, 100, 0, 0),
(@CGUID+159, 8, 102.00778,-167.40147,14.893427, 100, 0, 0),
(@CGUID+159, 9, 92.838844,-169.15747,15.253569, 100, 0, 0),
(@CGUID+159, 10, 85.37174,-174.66655,15.424464, 100, 0, 0),
(@CGUID+160, 1, 28.647678,-156.4261,14.11979, 100, 0, 0),
(@CGUID+160, 2, 37.256123,-158.74605,14.749286, 100, 0, 0),
(@CGUID+160, 3, 50.7497,-156.2824,15.187965, 100, 0, 0),
(@CGUID+160, 4, 61.686455,-156.82991,15.288317, 100, 0, 0),
(@CGUID+160, 5, 74.493034,-158.31943,15.45061, 100, 0, 0),
(@CGUID+160, 6, 82.53698,-153.4576,15.281224, 100, 0, 0),
(@CGUID+160, 7, 86.9295,-151.9275,15.308029, 100, 0, 0),
(@CGUID+160, 8, 92.01915,-153.55437,15.225006, 100, 0, 0),
(@CGUID+160, 9, 98.44696,-156.50946,14.997771, 100, 0, 0),
(@CGUID+160, 10, 108.76256,-159.6261,14.678636, 100, 0, 0),
(@CGUID+160, 11, 122.8815,-157.53589,13.341255, 100, 0, 0),
(@CGUID+160, 12, 138.1545,-154.87634,12.613382, 100, 0, 0);

INSERT INTO `creature_movement_template` (`entry`, `pathId`, `point`, `PositionX`, `PositionY`, `PositionZ`, `orientation`, `waittime`, `ScriptId`) VALUES
(18371, 0, 1, -26.245405,-162.78462, 26.094448, 0, 10000, 0),
(18371, 0, 2, -63.118973,-162.7913,26.528513, 0, 10000, 0);

INSERT INTO `creature_addon` (`guid`, `mount`, `stand_state`, `sheath_state`, `emote`, `moveflags`, `auras`) VALUES
(@CGUID+3, 0, 8, 0, 68, 0, NULL), -- spawn_group_entry
(@CGUID+4, 0, 8, 0, 68, 0, NULL), -- spawn_group_entry
(@CGUID+5, 0, 8, 0, 68, 0, NULL), -- spawn_group_entry
(@CGUID+6, 0, 8, 0, 68, 0, NULL), -- spawn_group_entry
(@CGUID+7, 0, 8, 0, 68, 0, NULL), -- spawn_group_entry
(@CGUID+8, 0, 8, 0, 68, 0, NULL), -- spawn_group_entry
(@CGUID+12, 0, 8, 0, 68, 0, NULL), -- spawn_group_entry
(@CGUID+15, 0, 8, 0, 68, 0, NULL), -- spawn_group_entry
(@CGUID+19, 0, 8, 0, 68, 0, NULL), -- spawn_group_entry
(@CGUID+20, 0, 8, 0, 68, 0, NULL), -- spawn_group_entry
(@CGUID+21, 0, 8, 0, 68, 0, NULL), -- spawn_group_entry
(@CGUID+22, 0, 8, 0, 68, 0, NULL), -- spawn_group_entry
(@CGUID+25, 0, 8, 0, 68, 0, NULL), -- spawn_group_entry
(@CGUID+26, 0, 8, 0, 68, 0, NULL), -- spawn_group_entry
(@CGUID+28, 0, 8, 0, 68, 0, NULL), -- spawn_group_entry
(@CGUID+29, 0, 8, 0, 68, 0, NULL), -- spawn_group_entry
(@CGUID+30, 0, 8, 0, 68, 0, NULL), -- spawn_group_entry
(@CGUID+31, 0, 8, 0, 68, 0, NULL), -- Auchenai Monk
(@CGUID+33, 0, 0, 1, 375, 0, NULL), -- Auchenai Monk
(@CGUID+36, 0, 8, 0, 68, 0, NULL), -- spawn_group_entry
(@CGUID+37, 0, 0, 1, 375, 0, NULL), -- Auchenai Monk
(@CGUID+38, 0, 0, 1, 375, 0, NULL), -- Auchenai Monk
(@CGUID+40, 0, 0, 1, 375, 0, NULL), -- Auchenai Monk
(@CGUID+41, 0, 8, 0, 68, 0, NULL); -- creature_spawn_entry

REPLACE INTO `creature_template_addon` (`entry`, `mount`, `stand_state`, `sheath_state`, `emote`, `moveflags`, `auras`) VALUES
(18506, 0, 0, 1, 0, 0, '35841 35850'), -- Raging Soul
(18521, 0, 0, 1, 0, 0, '10095'), -- Raging Skeleton
(18524, 0, 0, 1, 0, 0, '32885'), -- Angered Skeleton
(18559, 0, 0, 0, 0, 0, '31748'), -- Phasing Stalker
(18700, 0, 0, 0, 0, 0, '19818'); -- Reanimated Bones


-- INSERT INTO `creature_linking` (`guid`, `master_guid`, `flag`) VALUES

-- REPLACE INTO `creature_linking_template` (`entry`, `map`, `master_entry`, `flag`, `search_range`) VALUES

INSERT INTO `creature_spawn_entry` (`guid`, `entry`) VALUES
(@CGUID+11, 18493), (@CGUID+11, 18495), -- Auchenai Soulpriest, Auchenai Vindicator
(@CGUID+13, 18493), (@CGUID+13, 18495), -- Auchenai Soulpriest, Auchenai Vindicator
(@CGUID+16, 18493), (@CGUID+16, 18495), -- Auchenai Soulpriest, Auchenai Vindicator							
(@CGUID+41, 18495), (@CGUID+41, 18497); -- Auchenai Monk, Auchenai Vindicator  

INSERT INTO `creature` (`guid`, `id`, `map`, `spawnMask`, `position_x`, `position_y`, `position_z`, `orientation`, `spawntimesecsmin`, `spawntimesecsmax`, `spawndist`, `MovementType`) VALUES
(@CGUID+1, 18371, 558, 3, -26.245405,-162.78462, 26.094448, 0, 86400, 86400, 0, 2), -- Shirrak the Dead Watcher
(@CGUID+2, 18373, 558, 3, 66.76575, -388.3454, 26.6733, 2.932153, 86400, 86400, 0, 0), -- Exarch Maladaar
(@CGUID+3, 0, 558, 3, 81.6418, -8.10273, 0.0192883, 4.5204, 7200, 7200, 0, 0), -- spawn_group_entry
(@CGUID+4, 0, 558, 3, 77.844, -8.14455, 0.0200513, 4.46804, 7200, 7200, 0, 0), -- spawn_group_entry
(@CGUID+5, 0, 558, 3, 85.3603, 8.43024, 0.0183203, 1.41372, 7200, 7200, 0, 0), -- spawn_group_entry
(@CGUID+6, 0, 558, 3, 89.7787, 8.61549, 0.0193293, 1.48353, 7200, 7200, 0, 0), -- spawn_group_entry
(@CGUID+7, 0, 558, 3, 122.388, 3.71186, -0.0462477, 4.10152, 7200, 7200, 0, 0), -- spawn_group_entry
(@CGUID+8, 0, 558, 3, 87.4967, -38.8735, 4.34452, 4.53786, 7200, 7200, 0, 0), -- spawn_group_entry
(@CGUID+9, 0, 558, 3, 98.5841, -4.02529, 0.0167823, 2.96706, 7200, 7200, 0, 2), -- spawn_group_entry
(@CGUID+10, 0, 558, 3, 168.081, -163.052, 26.4764, 6.10865, 7200, 7200, 0, 0), -- spawn_group_entry
(@CGUID+11, 0, 558, 3, 241.048, -50.975, 26.6746, 3.54302, 7200, 7200, 0, 0), -- creature_spawn_entry
(@CGUID+12, 0, 558, 3, 225.46, -163.388, 26.6746, 6.05629, 7200, 7200, 0, 0), -- spawn_group_entry
(@CGUID+13, 0, 558, 3, -121.203, -388.13, 26.5886, 6.259, 7200, 7200, 0, 0), -- creature_spawn_entry
(@CGUID+14, 0, 558, 3, -121.207, -385.13, 26.5888, 6.2513, 7200, 7200, 0, 0), -- spawn_group_entry
(@CGUID+15, 0, 558, 3, 189.555, -3.3563, 0.0817743, 1.58825, 7200, 7200, 0, 0), -- spawn_group_entry
(@CGUID+16, 0, 558, 3, 269.593, -5.89707, 0.0219023, 1.43117, 7200, 7200, 0, 0), -- creature_spawn_entry
(@CGUID+17, 18497, 558, 3, 266.86, -5.81479, 0.0270883, 1.37881, 7200, 7200, 0, 0), -- Auchenai Monk
(@CGUID+18, 0, 558, 3, 100.456, 29.1276, -0.0449347, 4.50295, 7200, 7200, 0, 2), -- spawn_group_entry
(@CGUID+19, 0, 558, 3, 78.3841, 39.2966, 4.34502, 1.39626, 7200, 7200, 0, 0), -- spawn_group_entry
(@CGUID+20, 0, 558, 3, 92.4968, -39.0355, 4.3445, 4.5204, 7200, 7200, 0, 0), -- spawn_group_entry
(@CGUID+21, 0, 558, 3, 117.888, -4.55226, 0.0504783, 0.872665, 7200, 7200, 0, 0), -- spawn_group_entry
(@CGUID+22, 0, 558, 3, 85.7186, 39.3367, 4.3449, 1.48353, 7200, 7200, 0, 0), -- spawn_group_entry
(@CGUID+23, 0, 558, 3, 132.257, -19.2386, 6.38628, 0.0174533, 7200, 7200, 0, 0), -- spawn_group_entry
(@CGUID+24, 0, 558, 3, 136.688, -26.0343, 9.3865, 0.645772, 7200, 7200, 0, 0), -- spawn_group_entry
(@CGUID+25, 0, 558, 3, 230.386, 19.433, 0.0195813, 1.41372, 7200, 7200, 0, 0), -- spawn_group_entry
(@CGUID+26, 0, 558, 3, 227.658, -170.581, 26.6746, 0.523599, 7200, 7200, 0, 0), -- spawn_group_entry
(@CGUID+27, 0, 558, 3, 166.36, -160.117, 26.3629, 6.02139, 7200, 7200, 0, 0), -- spawn_group_entry
(@CGUID+28, 0, 558, 3, 139.131, 39.385, 4.34416, 1.46608, 7200, 7200, 0, 0), -- spawn_group_entry
(@CGUID+29, 0, 558, 3, 148.659, 39.4251, 4.3441, 1.309, 7200, 7200, 0, 0), -- spawn_group_entry
(@CGUID+30, 0, 558, 3, 242.325, -15.5678, 0.0219153, 0.820305, 7200, 7200, 0, 0), -- spawn_group_entry
(@CGUID+31, 18497, 558, 3, 187.004, 4.80022, -0.0385287, 4.95674, 7200, 7200, 0, 0), -- Auchenai Monk
(@CGUID+32, 18497, 558, 3, 160.192, 30.6168, -0.106432, 2.94838, 7200, 7200, 0, 2), -- Auchenai Monk
(@CGUID+33, 18497, 558, 3, -122.563, -166.736, 26.6719, 0.0698132, 7200, 7200, 0, 0), -- Auchenai Monk
(@CGUID+34, 18497, 558, 3, 221.772, 13.1893, 0.00608733, 6.05629, 7200, 7200, 0, 2), -- Auchenai Monk
(@CGUID+35, 0, 558, 3, 237.231, -50.9399, 26.6746, 3.49066, 7200, 7200, 0, 0), -- spawn_group_entry
(@CGUID+36, 0, 558, 3, 227.66, -155.121, 26.6746, 5.35816, 7200, 7200, 0, 0), -- spawn_group_entry
(@CGUID+37, 18497, 558, 3, -127.443, -159.481, 26.6723, 6.05629, 7200, 7200, 0, 0), -- Auchenai Monk
(@CGUID+38, 18497, 558, 3, 21.7843, -160.77, 13.6514, 3.07178, 7200, 7200, 0, 0), -- Auchenai Monk
(@CGUID+39, 0, 558, 3, 166.514, -166.041, 26.4216, 6.16101, 7200, 7200, 0, 0), -- spawn_group_entry
(@CGUID+40, 18497, 558, 3, 25.2437, -166.95, 13.9402, 2.79253, 7200, 7200, 0, 0), -- Auchenai Monk
(@CGUID+41, 0, 558, 3, 247.791, -9.66694, 0.0264493, 3.92699, 7200, 7200, 0, 0), -- creature_spawn_entry
(@CGUID+42, 0, 558, 3, -129.214, -304.108, 26.4749, 1.70151, 7200, 7200, 3, 1), -- spawn_group_entry
(@CGUID+43, 0, 558, 3, -138.844, -297.153, 26.881, 4.94713, 7200, 7200, 3, 1), -- spawn_group_entry
(@CGUID+44, 0, 558, 3, -170.374, -276.212, 31.4869, 0.13509, 7200, 7200, 3, 1), -- spawn_group_entry
(@CGUID+45, 0, 558, 3, -150.883, -283.294, 25.9648, 4.27718, 7200, 7200, 3, 1), -- spawn_group_entry
(@CGUID+46, 0, 558, 3, -125.453, -253.004, 26.6172, 3.01942, 7200, 7200, 3, 1), -- spawn_group_entry
(@CGUID+47, 0, 558, 3, -141.684, -252.533, 26.7375, 1.15231, 7200, 7200, 3, 1), -- spawn_group_entry
(@CGUID+48, 0, 558, 3, -160.650, -276.8642, 26.795, 0.549, 7200, 7200, 3, 1), -- spawn_group_entry
(@CGUID+49, 0, 558, 3, -155.2179, -266.100, 25.868, 1.209, 7200, 7200, 3, 1), -- spawn_group_entry
(@CGUID+50, 0, 558, 3, -133.311, -260.582, 26.8887, 2.65719, 7200, 7200, 3, 1), -- spawn_group_entry
(@CGUID+51, 0, 558, 3, -135.286, -245.875, 26.4129, 2.57663, 7200, 7200, 3, 1), -- spawn_group_entry
(@CGUID+52, 0, 558, 3, -158.969, -289.935, 25.6906, 3.25183, 7200, 7200, 3, 1), -- spawn_group_entry
(@CGUID+53, 0, 558, 3, -132.501, -312.642, 27.953, 2.352, 7200, 7200, 3, 1), -- spawn_group_entry
(@CGUID+54, 0, 558, 3, -124.601, -292.208, 27.3789, 0.0583808, 7200, 7200, 3, 1), -- spawn_group_entry
(@CGUID+55, 0, 558, 3, -141.878, -311.274, 26.591, 1.496, 7200, 7200, 3, 1), -- spawn_group_entry
(@CGUID+56, 0, 558, 3, 126.177, 27.9481, -0.0451297, 5.28835, 7200, 7200, 0, 2), -- spawn_group_entry
(@CGUID+57, 0, 558, 3, -144.012, -216.429, 26.6743, 4.04916, 7200, 7200, 0, 2), -- spawn_group_entry
(@CGUID+58, 0, 558, 3, 234.88, -118.766, 26.6746, 0.628319, 7200, 7200, 0, 2), -- spawn_group_entry
(@CGUID+59, 0, 558, 3, 254.086, 16.2811, 1.2111, 3.9968, 7200, 7200, 0, 2), -- spawn_group_entry
-- (@CGUID+60, 19416, 558, 3, 230.425, 27.504, 4.36937, 6.12611, 7200, 7200, 0, 0), -- Ancient Draenei Spirit
-- (@CGUID+61, 19416, 558, 3, 233.828, -156.722, 26.6746, 0.471239, 7200, 7200, 0, 0), -- Ancient Draenei Spirit
(@CGUID+63, 0, 558, 3, 103.51, -31.6612, 2.18704, 1.36136, 7200, 7200, 0, 2), -- spawn_group_entry
(@CGUID+64, 0, 558, 3, -138.909, -205.619, 26.6743, 2.75762, 7200, 7200, 0, 2), -- spawn_group_entry
(@CGUID+65, 0, 558, 3, 186.398, -187.634, 26.6152, 5.28835, 7200, 7200, 0, 2), -- spawn_group_entry
(@CGUID+66, 0, 558, 3, 265.723, -167.4, 26.6746, 3.64774, 7200, 7200, 0, 2), -- spawn_group_entry
(@CGUID+67, 0, 558, 3, 170.213, -18.6788, 1.89394, 6.12611, 7200, 7200, 0, 2), -- spawn_group_entry
-- (@CGUID+68, 19416, 558, 3, -112.746, -276.347, 31.772, 4.62512, 7200, 7200, 0, 0), -- Ancient Draenei Spirit
-- (@CGUID+69, 19416, 558, 3, -34.3666, -427.057, 31.0559, 6.17847, 7200, 7200, 0, 0), -- Ancient Draenei Spirit
(@CGUID+70, 0, 558, 3, 235.888, 37.0713, 26.69, 6.23083, 7200, 7200, 0, 2), -- spawn_group_entry
(@CGUID+71, 0, 558, 3, 127.675, -9.82014, 0.992616, 4.7473, 7200, 7200, 0, 2), -- spawn_group_entry
(@CGUID+72, 0, 558, 3, -150.584, -157.274, 26.6739, 2.11185, 7200, 7200, 0, 2), -- spawn_group_entry
(@CGUID+73, 0, 558, 3, 63.4074, -175.264, 15.4378, 6.14356, 7200, 7200, 0, 2), -- spawn_group_entry
(@CGUID+74, 0, 558, 3, 163.42, -22.1445, 3.9893, 3.50811, 7200, 7200, 0, 2), -- spawn_group_entry
(@CGUID+75, 0, 558, 3, 219.379, 0.330607, 28.4107, 3.90954, 7200, 7200, 0, 2), -- spawn_group_entry
(@CGUID+76, 0, 558, 3, 182.658, -140.555, 26.481, 2.25147, 7200, 7200, 0, 2), -- spawn_group_entry
-- RE USE +77
(@CGUID+78, 0, 558, 3, 108.474, -168.082, 14.7663, 4.03171, 7200, 7200, 0, 2), -- spawn_group_entry
(@CGUID+79, 0, 558, 3, 252.857, -143.331, 31.5224, 3.94444, 7200, 7200, 0, 2), -- spawn_group_entry
(@CGUID+80, 0, 558, 3, 244.796, -108.798, 26.6746, 5.41052, 7200, 7200, 0, 2), -- spawn_group_entry
(@CGUID+81, 0, 558, 3, -133.752, -394.29, 26.5895, 2.37365, 7200, 7200, 0, 2), -- creature_spawn_entry
(@CGUID+82, 0, 558, 3, 60.7609, 14.7143, 3.0138, 4.57276, 7200, 7200, 0, 2), -- spawn_group_entry
(@CGUID+83, 18700, 558, 3, -60.676, -375.22, 26.5868, 2.13837, 7200, 7200, 2, 1), -- Reanimated Bones
(@CGUID+84, 18700, 558, 3, -45.8042, -364.73, 26.5887, 1.10048, 7200, 7200, 2, 1), -- Reanimated Bones
(@CGUID+85, 18700, 558, 3, -57.1931, -381.004, 26.5861, 4.4779, 7200, 7200, 2, 1), -- Reanimated Bones
(@CGUID+86, 18700, 558, 3, -67.7604, -379.107, 26.5884, 2.59168, 7200, 7200, 2, 1), -- Reanimated Bones
(@CGUID+87, 18700, 558, 3, -29.4935, -407.865, 26.5932, 5.65481, 7200, 7200, 2, 1), -- Reanimated Bones
(@CGUID+88, 18700, 558, 3, -46.9262, -374.249, 26.5838, 2.91945, 7200, 7200, 2, 1), -- Reanimated Bones
(@CGUID+89, 18700, 558, 3, -56.29, -363.414, 26.597, 2.709, 7200, 7200, 2, 1), -- Reanimated Bones
(@CGUID+90, 18700, 558, 3, -65.314, -371.0779, 26.586, 3.008, 7200, 7200, 2, 1), -- Reanimated Bones
(@CGUID+91, 18700, 558, 3, -73.311, -368.368, 26.5895, 2.14209, 7200, 7200, 2, 1), -- Reanimated Bones
(@CGUID+92, 18700, 558, 3, -54.0309, -394.78, 27.4814, 2.8851, 7200, 7200, 2, 1), -- Reanimated Bones
(@CGUID+93, 18700, 558, 3, -46.4919, -399.833, 28.8047, 6.21854, 7200, 7200, 2, 1), -- Reanimated Bones
(@CGUID+94, 18700, 558, 3, -68.8471, -407.168, 26.586, 1.37364, 7200, 7200, 2, 1), -- Reanimated Bones
(@CGUID+95, 18700, 558, 3, -32.0481, -418.431, 26.6279, 2.90201, 7200, 7200, 2, 1), -- Reanimated Bones
(@CGUID+96, 18700, 558, 3, -53.9515, -413.587, 27.008, 3.40369, 7200, 7200, 2, 1), -- Reanimated Bones
(@CGUID+97, 18700, 558, 3,-33.2488, -399.187, 24.1911, 1.31737, 7200, 7200, 2, 1), -- Reanimated Bones
(@CGUID+98, 18700, 558, 3, -55.6147, -402.252, 30.4692, 1.82999, 7200, 7200, 2, 1), -- Reanimated Bones
(@CGUID+99, 18700, 558, 3, -64.0282, -402.274, 27.4775, 2.43728, 7200, 7200, 2, 1), -- Reanimated Bones
(@CGUID+100, 18700, 558, 3, -59.8627, -408.207, 28.1859, 0.437643, 7200, 7200, 2, 1), -- Reanimated Bones
(@CGUID+101, 18700, 558, 3, -48.261, -406.289, 29.252, 0.1193, 7200, 7200, 2, 1), -- Reanimated Bones
(@CGUID+102, 18700, 558, 3, -45.2503, -394.0971, 26.584, 2.680, 7200, 7200, 2, 1), -- Reanimated Bones
(@CGUID+103, 18700, 558, 3, -60.8396, -398.005, 27.2022, 5.93307, 7200, 7200, 3, 1), -- Reanimated Bones
(@CGUID+104, 18700, 558, 3, -31.1888, -352.565, 28.5631, 5.37734, 7200, 7200, 2, 1), -- Reanimated Bones
(@CGUID+105, 18700, 558, 3, -30.5119, -393.128, 22.0562, 1.26522, 7200, 7200, 2, 1), -- Reanimated Bones
(@CGUID+106, 18700, 558, 3, -18.0697, -357.005, 26.6667, 3.4383, 7200, 7200, 2, 1), -- Reanimated Bones
(@CGUID+107, 18700, 558, 3, -14.7685, -375.457, 20.9601, 0.804673, 7200, 7200, 2, 1), -- Reanimated Bones
(@CGUID+108, 18700, 558, 3, -30.7189, -377.371, 22.1754, 4.24306, 7200, 7200, 2, 1), -- Reanimated Bones
(@CGUID+109, 18700, 558, 3, -9.31443, -371.344, 24.1771, 3.04118, 7200, 7200, 2, 1), -- Reanimated Bones
(@CGUID+110, 18700, 558, 3, -24.1531, -359.536, 26.6022, 5.02538, 7200, 7200, 2, 1), -- Reanimated Bones
(@CGUID+111, 18700, 558, 3, -37.1442, -357.175, 26.5961, 4.73336, 7200, 7200, 2, 1), -- Reanimated Bones
(@CGUID+112, 18700, 558, 3, -30.273, -366.937, 26.587, 2.268, 7200, 7200, 2, 1), -- Reanimated Bones
(@CGUID+113, 18700, 558, 3, -21.1691, -371.617, 23.9882, 5.10139, 7200, 7200, 2, 1), -- Reanimated Bones
(@CGUID+114, 18700, 558, 3, -15.9737, -362.208, 26.582, 1.377, 7200, 7200, 2, 1), -- Reanimated Bones
(@CGUID+115, 18700, 558, 3, 12.404, -416.03, 26.5903, 0.922405, 7200, 7200, 2, 1), -- Reanimated Bones
(@CGUID+116, 18700, 558, 3, 7.08994, -412.596, 26.5851, 1.66538, 7200, 7200, 2, 1), -- Reanimated Bones
(@CGUID+117, 18700, 558, 3, 7.24032, -398.062, 19.641, 1.85354, 7200, 7200, 2, 1), -- Reanimated Bones
(@CGUID+118, 18700, 558, 3, 5.20328, -403.278, 23.6321, 5.76185, 7200, 7200, 2, 1), -- Reanimated Bones
(@CGUID+119, 18700, 558, 3, 32.2836, -412.498, 26.5909, 1.461, 7200, 7200, 2, 1), -- Reanimated Bones
(@CGUID+120, 18700, 558, 3, 32.3281, -402.475, 26.5827, 1.32517, 7200, 7200, 2, 1), -- Reanimated Bones
(@CGUID+121, 18700, 558, 3, 12.4691, -405.436, 25.3647, 0.00792734, 7200, 7200, 2, 1), -- Reanimated Bones
(@CGUID+122, 18700, 558, 3, 19.7459, -401.711, 22.4503, 6.07264, 7200, 7200, 2, 1), -- Reanimated Bones
(@CGUID+123, 18700, 558, 3, 22.354, -394.141, 23.924, 3.385, 7200, 7200, 2, 1), -- Reanimated Bones
(@CGUID+124, 18700, 558, 3, 24.5621, -414.051, 26.5975, 0.438482, 7200, 7200, 2, 1), -- Reanimated Bones
(@CGUID+125, 18700, 558, 3, -17.3594, -404.786, 24.9202, 6.04675, 7200, 7200, 2, 1), -- Reanimated Bones
(@CGUID+126, 18700, 558, 3, -10.1332, -403.118, 23.6041, 0.302273, 7200, 7200, 2, 1), -- Reanimated Bones
(@CGUID+127, 18700, 558, 3, -14.5469, -397.869, 19.573, 4.13643, 7200, 7200, 2, 1), -- Reanimated Bones
(@CGUID+128, 18700, 558, 3, 17.4833, -383.363, 20.2131, 5.45304, 7200, 7200, 2, 1), -- Reanimated Bones
(@CGUID+129, 18700, 558, 3, 21.6876, -379.075, 23.4873, 1.81068, 7200, 7200, 2, 1), -- Reanimated Bones
(@CGUID+130, 18700, 558, 3, 22.0713, -373.135, 23.7932, 4.01356, 7200, 7200, 2, 1), -- Reanimated Bones
(@CGUID+131, 18700, 558, 3, 15.6629, -370.201, 25.061, 2.43685, 7200, 7200, 2, 1), -- Reanimated Bones
(@CGUID+132, 18700, 558, 3, 9.27196, -372.598, 23.1934, 3.62891, 7200, 7200, 2, 1), -- Reanimated Bones
(@CGUID+133, 18700, 558, 3, 5.97879, -361.831, 26.592, 3.95102, 7200, 7200, 2, 1), -- Reanimated Bones
(@CGUID+134, 18700, 558, 3, 9.9985, -356.758, 26.6098, 0.823736, 7200, 7200, 2, 1), -- Reanimated Bones
(@CGUID+135, 18700, 558, 3, 22.4484, -359.937, 26.6166, 5.20707, 7200, 7200, 2, 1), -- Reanimated Bones
(@CGUID+136, 18700, 558, 3, 31.4731, -363.05, 27.3198, 4.51642, 7200, 7200, 2, 1), -- Reanimated Bones
(@CGUID+137, 18700, 558, 3, 31.2688, -371.338, 27.6363, 0.417179, 7200, 7200, 2, 1), -- Reanimated Bones
(@CGUID+138, 18702, 558, 3, -23.3478, -410.185, 26.6766, 2.98451, 7200, 7200, 0, 0), -- Auchenai Necromancer
(@CGUID+139, 18702, 558, 3, -48.329, -381.73, 26.5842, 5.45428, 7200, 7200, 0, 4), -- Auchenai Necromancer
(@CGUID+140, 18702, 558, 3, -20.6588, -365.69, 26.6666, 2.96706, 7200, 7200, 0, 0), -- Auchenai Necromancer
(@CGUID+141, 18702, 558, 3, 27.672134,-401.97705,26.582186, 4.857, 7200, 7200, 0, 4), -- Auchenai Necromancer
(@CGUID+143, 18726, 558, 3, 225.33128,-160.47964,42.924637, 1.5497, 7200, 7200, 0, 2), -- Flying Raging Soul
(@CGUID+144, 18726, 558, 3, 25.611702,-418.80383,46.970222, 1.5497, 7200, 7200, 0, 2), -- Flying Raging Soul
(@CGUID+145, 18726, 558, 3, -23.284008,-353.65082,52.444916, 1.55950, 7200, 7200, 0, 2), -- Flying Raging Soul
(@CGUID+146, 18726, 558, 3, 134.81668,-194.58784,32.757103, 3.04688, 7200, 7200, 0, 2), -- Flying Raging Soul
(@CGUID+147, 18726, 558, 3, 71.92045,-139.5788,43.93974, 6.10635, 7200, 7200, 0, 2), -- Flying Raging Soul
(@CGUID+148, 18726, 558, 3, 147.281, 46.1768, 24.3901, 2.7044, 7200, 7200, 0, 2), -- Flying Raging Soul
(@CGUID+149, 18506, 558, 3, 84.68556,-151.36273,15.344386, 3.4432, 600, 1200, 0, 4), -- Raging Soul
(@CGUID+150, 18506, 558, 3, 7.276525,-171.03366,12.634819, 0.13273, 600, 1200, 0, 4), -- Raging Soul
-- RE-USE 157
(@CGUID+158, 18778, 558, 3, 141.688, -17.801, 9.30814, 2.1293, 7200, 7200, 0, 0), -- Cosmetic Raging Soul
(@CGUID+159, 18506, 558, 3, 165.15187,-170.92766,26.309748, 3.0544, 600, 600, 0, 4), -- Raging Soul
(@CGUID+160, 18506, 558, 3, 28.647678,-156.4261,14.11979, 6.18033, 600, 1200, 0, 4), -- Raging Soul
(@CGUID+161, 18766, 558, 3, 113.5894, -132.9443, -139.5885, 2.722714, 7200, 7200, 0, 0), -- Pool of Souls
(@CGUID+162, 18766, 558, 3, 40.78951, -191.9622, -139.5885, 3.892084, 7200, 7200, 0, 0), -- Pool of Souls
(@CGUID+163, 18766, 558, 3, 113.8102, -191.401, -139.5886, 2.9147, 7200, 7200, 0, 0), -- Pool of Souls
(@CGUID+164, 18766, 558, 3, 40.49611, -134.3122, -139.5885, 5.742133, 7200, 7200, 0, 0), -- Pool of Souls
(@CGUID+165, 14881, 558, 3, 47.92502, -19.67967, -0.1900515, 0.5066516, 900, 900, 2, 1), -- Spider
(@CGUID+166, 14881, 558, 3, 99.90002, 41.08219, 4.300655, 3.753183, 900, 900, 2, 1), -- Spider
(@CGUID+167, 14881, 558, 3, 248.7818, 26.70579, 0.01202033, 3.811768, 900, 900, 2, 1), -- Spider
(@CGUID+168, 14881, 558, 3, 241.2808, -89.22566, 26.63534, 3.179858, 900, 900, 2, 1), -- Spider
(@CGUID+169, 14881, 558, 3, 278.0475, -162.8453, 26.67462, 4.041707, 900, 900, 2, 1), -- Spider
(@CGUID+170, 14881, 558, 3, 263.9539, -165.2596, 26.5913, 2.248354, 900, 900, 2, 1), -- Spider
(@CGUID+171, 14881, 558, 3, 240.1609, -199.0526, 26.5913, 6.216994, 900, 900, 2, 1), -- Spider
(@CGUID+172, 14881, 558, 3, -101.168, -171.1774, 26.66554, 3.085481, 900, 900, 2, 1), -- Spider
(@CGUID+173, 14881, 558, 3, -140.7499, -227.4957, 26.59159, 6.24673, 900, 900, 2, 1), -- Spider
(@CGUID+174, 14881, 558, 3, -174.0774, -309.9147, 26.77208, 3.826468, 900, 900, 2, 1), -- Spider
(@CGUID+175, 14881, 558, 3, -125.2373, -320.5455, 28.96155, 5.428397, 900, 900, 2, 1), -- Spider
(@CGUID+176, 14881, 558, 3, -100.257, -394.9611, 26.59012, 2.071474, 900, 900, 2, 1), -- Spider
(@CGUID+177, 14881, 558, 3, 49.78981, -369.1593, 26.66824, 0.1211321, 900, 900, 2, 1), -- Spider
(@CGUID+178, 14881, 558, 3, 38.73653, -427.7219, 30.96711, 3.599014, 900, 900, 2, 1); -- Spider

-- ===========
-- GAMEOBJECTS
-- ===========

INSERT INTO `gameobject` (`guid`, `id`, `map`, `spawnMask`, `position_x`, `position_y`, `position_z`, `orientation`, `rotation0`, `rotation1`, `rotation2`, `rotation3`, `spawntimesecsmin`, `spawntimesecsmax`) VALUES
(@OGUID+1, 181278, 558, 3, 238.1105, -21.57134, -0.103546, 1.97222, 0, 0, 0.8338852, 0.5519379, 86400, 86400), -- Ancient Lichen
(@OGUID+2, 181278, 558, 3, -170.729, -270.2203, 31.63038, 4.607672, 0, 0, -0.743144, 0.6691315, 86400, 86400), -- Ancient Lichen
(@OGUID+3, 181278, 558, 3, 11.43081, -382.6463, 19.41117, 3.68265, 0, 0, -0.9636297, 0.267241, 86400, 86400), -- Ancient Lichen
(@OGUID+4, 181556, 558, 3, -153.854, -290.5263, 24.57888, 5.427975, 0, 0, -0.4146929, 0.9099615, 86400, 86400), -- Adamantite Deposit
(@OGUID+5, 181556, 558, 3, 254.1934, -152.5304, 31.18292, 5.445428, 0, 0, -0.4067364, 0.9135455, 86400, 86400), -- Adamantite Deposit
(@OGUID+6, 181569, 558, 3, 213.9826, -2.980433, 27.15875, 0.6632232, 0, 0, 0.3255672, 0.9455189, 86400, 86400), -- Rich Adamantite Deposit
(@OGUID+7, 183441, 558, 3, 62.69307, -398.407, 29.66395, 5.323256, 0, 0, -0.4617481, 0.8870111, 120, 120), -- Soul Mirror
(@OGUID+8, 183441, 558, 3, 40.87143, 12.57517, 4.040081, 2.809975, 0, 0, 0.9862852, 0.1650499, 120, 120), -- Soul Mirror
(@OGUID+9, 184191, 558, 2, -28.73179, 0.08934584, -0.1205667, 6.255642, 0, 0, -0.01377106, 0.9999052, 0, 0), -- Instance_Portal_Difficulty_1
(@OGUID+10, 184192, 558, 1, -28.73179, 0.08934584, -0.1205667, 6.255642, 0, 0, -0.01377106, 0.9999052, 0, 0), -- Instance_Portal_Difficulty_0
(@OGUID+11, 183441, 558, 3, -110.0298, -269.6933, 34.96054, 4.729844, 0, 0, -0.7009087, 0.7132511, 120, 120), -- Soul Mirror
(@OGUID+12, 181278, 558, 3, 81.37183, 39.97037, 4.26169, 2.460913, 0, 0, 0.9426413, 0.3338076, 86400, 86400), -- Ancient Lichen
(@OGUID+13, 181278, 558, 3, 94.1284, -41.63251, 4.261362, 2.530723, 0, 0, 0.9537163, 0.3007079, 86400, 86400), -- Ancient Lichen
(@OGUID+14, 181278, 558, 3, 142.3764, 42.36301, 4.261193, 3.944446, 0, 0, -0.9205046, 0.3907318, 86400, 86400), -- Ancient Lichen
(@OGUID+15, 181278, 558, 3, 147.044, -17.30462, 7.978113, 5.148723, 0, 0, -0.5372992, 0.8433917, 86400, 86400), -- Ancient Lichen
(@OGUID+16, 181278, 558, 3, 227.2913, 19.90919, -0.064963, 2.373644, 0, 0, 0.9271832, 0.3746083, 86400, 86400), -- Ancient Lichen
(@OGUID+17, 181278, 558, 3, 228.8909, -161.9393, 26.5913, 5.096362, 0, 0, -0.5591927, 0.8290377, 86400, 86400), -- Ancient Lichen
(@OGUID+18, 181278, 558, 3, -131.8954, -251.1024, 26.41008, 1.710422, 0, 0, 0.7547092, 0.6560594, 86400, 86400), -- Ancient Lichen
(@OGUID+19, 181278, 558, 3, -125.7593, -306.7307, 26.83068, 4.886924, 0, 0, -0.642787, 0.766045, 86400, 86400), -- Ancient Lichen
(@OGUID+20, 181278, 558, 3, -57.6584, -360.2921, 26.6024, 5.585054, 0, 0, -0.34202, 0.9396927, 86400, 86400), -- Ancient Lichen
(@OGUID+21, 181278, 558, 3, -51.59011, -414.0334, 26.58849, 3.752462, 0, 0, -0.9537163, 0.3007079, 86400, 86400), -- Ancient Lichen
(@OGUID+22, 181278, 558, 3, -18.58161, -360.2785, 26.58882, 3.857183, 0, 0, -0.9366713, 0.3502098, 86400, 86400), -- Ancient Lichen
(@OGUID+23, 181278, 558, 3, 23.0257, -347.8315, 30.97245, 0.4014249, 0, 0, 0.1993675, 0.9799248, 86400, 86400), -- Ancient Lichen
(@OGUID+24, 181278, 558, 3, 29.30264, -409.0062, 26.58651, 5.427975, 0, 0, -0.4146929, 0.9099615, 86400, 86400), -- Ancient Lichen
(@OGUID+25, 181556, 558, 3, 93.35276, -393.1155, 27.12383, 5.270896, 0, 0, -0.4848089, 0.8746201, 86400, 86400), -- Adamantite Deposit
(@OGUID+26, 181556, 558, 3, 177.4723, -9.883485, -0.765356, 6.108654, 0, 0, -0.08715534, 0.9961947, 86400, 86400), -- Adamantite Deposit
(@OGUID+27, 181556, 558, 3, 213.9826, -2.980433, 27.15875, 0.6632232, 0, 0, 0.3255672, 0.9455189, 86400, 86400), -- Adamantite Deposit
(@OGUID+28, 181556, 558, 3, -154.2153, -256.8246, 24.38399, 5.148723, 0, 0, -0.5372992, 0.8433917, 86400, 86400), -- Adamantite Deposit
(@OGUID+29, 181556, 558, 3, 173.9158, 17.96067, -1.269871, 6.003934, 0, 0, -0.1391726, 0.9902682, 86400, 86400), -- Adamantite Deposit
(@OGUID+30, 181556, 558, 3, 225.6951, -15.2342, 3.6775, 0, 0, 0, 0, 0, 86400, 86400), -- Adamantite Deposit
(@OGUID+31, 181556, 558, 3, 119.3374, 12.9238, -1.999392, 0.5235979, 0, 0, 0.2588186, 0.9659259, 86400, 86400), -- Adamantite Deposit
(@OGUID+32, 181556, 558, 3, 241.2551, -184.8669, 28.4516, 0, 0, 0, 0, 0, 86400, 86400), -- Adamantite Deposit
(@OGUID+33, 181556, 558, 3, -133.9016, -287.2106, 25.89139, 1.239183, 0, 0, 0.5807028, 0.8141156, 86400, 86400), -- Adamantite Deposit
(@OGUID+34, 181556, 558, 3, 217.0418, 18.01212, 1.78935, 5.916668, 0, 0, -0.1822348, 0.983255, 86400, 86400), -- Adamantite Deposit
(@OGUID+35, 181569, 558, 3, 173.9158, 17.96067, -1.269871, 6.003934, 0, 0, -0.1391726, 0.9902682, 86400, 86400), -- Rich Adamantite Deposit
(@OGUID+36, 181569, 558, 3, -154.2153, -256.8246, 24.38399, 5.148723, 0, 0, -0.5372992, 0.8433917, 86400, 86400), -- Rich Adamantite Deposit
(@OGUID+37, 181569, 558, 3, 241.2551, -184.8669, 28.4516, 0, 0, 0, 0, 0, 86400, 86400), -- Rich Adamantite Deposit
(@OGUID+38, 181569, 558, 3, -133.9016, -287.2106, 25.89139, 1.239183, 0, 0, 0.5807028, 0.8141156, 86400, 86400), -- Rich Adamantite Deposit
(@OGUID+39, 181569, 558, 3, 177.4723, -9.883485, -0.765356, 6.108654, 0, 0, -0.08715534, 0.9961947, 86400, 86400), -- Rich Adamantite Deposit
(@OGUID+40, 181569, 558, 3, 217.0418, 18.01212, 1.78935, 5.916668, 0, 0, -0.1822348, 0.983255, 86400, 86400), -- Rich Adamantite Deposit
(@OGUID+41, 181557, 558, 3, 217.0418, 18.01212, 1.78935, 5.916668, 0, 0, -0.1822348, 0.983255, 86400, 86400), -- Khorium
(@OGUID+42, 184936, 558, 3, 230.8704, -165.3993, 26.5913, 2.705255, 0, 0, 0, 0, 86400, 86400), -- Bound Adamantite Chest
(@OGUID+43, 184937, 558, 3, 230.8704, -165.3993, 26.5913, 2.705255, 0, 0, 0, 0, 86400, 86400), -- Solid Adamantite Chest
(@OGUID+44, 184936, 558, 3, -58.44398, -414.7479, 26.58382, 2.565632, 0, 0, 0, 0, 86400, 86400), -- Bound Adamantite Chest
(@OGUID+45, 184937, 558, 3, -58.44398, -414.7479, 26.58382, 2.565632, 0, 0, 0, 0, 86400, 86400), -- Solid Adamantite Chest
(@OGUID+46, 181569, 558, 3, 254.1934, -152.5304, 31.18292, 5.445428, 0, 0, -0.4067364, 0.9135455, 86400, 86400), -- Rich Adamantite Deposit
(@OGUID+47, 181569, 558, 3, -153.854, -290.5263, 24.57888, 5.427975, 0, 0, -0.4146929, 0.9099615, 86400, 86400), -- Rich Adamantite Deposit
(@OGUID+48, 181278, 558, 3, 31.04075, -359.3029, 26.59848, 5.619962, 0, 0, -0.3255672, 0.9455189, 86400, 86400), -- Ancient Lichen
(@OGUID+49, 184936, 558, 3, 239.61, -19.80, -0.06, 1.58, 0, 0, 0, 0, 86400, 86400), -- Bound Adamantite Chest
(@OGUID+50, 184937, 558, 3, 239.61, -19.80, -0.06, 1.58, 0, 0, 0, 0, 86400, 86400), -- Solid Adamantite Chest
(@OGUID+51, 184936, 558, 3, 145.96, 41.68, 4.26, 4.70, 0, 0, 0, 0, 86400, 86400), -- Bound Adamantite Chest
(@OGUID+52, 184937, 558, 3, 145.96, 41.68, 4.26, 4.70, 0, 0, 0, 0, 86400, 86400); -- Solid Adamantite Chest

INSERT INTO `gameobject_addon` (`guid`, `animprogress`, `state`) VALUES
(@OGUID+9, 0, 0), -- Instance_Portal_Difficulty_1
(@OGUID+10, 0, 0); -- Instance_Portal_Difficulty_0

-- ======
-- EVENTS
-- ======

INSERT INTO `game_event_creature_data` (`guid`, `entry_id`, `modelid`, `equipment_id`, `spell_start`, `spell_end`, `event`) VALUES
(@CGUID+2, 0, 22802, 0, 0, 0, 2); -- Exarch Maladaar (Feast of Winter Veil - Main Event)

-- INSERT INTO `game_event_creature` (`guid`, `event`) VALUES
-- INSERT INTO `game_event_gameobject` (`guid`, `event`) VALUES

-- ============
-- SPAWN GROUPS
-- ============

INSERT INTO `spawn_group` (`Id`, `Name`, `Type`, `MaxCount`, `WorldState`, `Flags`, `StringId`) VALUES
(@SGGUID+1, 'Auchenai Crypts - Group 001 - Auchenai Soulpriest / Auchenai Vindicator', 0, 0, 0, 1, 0),
(@SGGUID+2, 'Auchenai Crypts - Group 002 - Auchenai Soulpriest / Auchenai Vindicator', 0, 0, 0, 1, 0),
(@SGGUID+3, 'Auchenai Crypts - Group 003 - Auchenai Soulpriest / Auchenai Vindicator', 0, 0, 0, 1, 0),
(@SGGUID+4, 'Auchenai Crypts - Group 004 - Auchenai Soulpriest / Auchenai Vindicator', 0, 0, 0, 1, 0),
(@SGGUID+5, 'Auchenai Crypts - Group 005 - Auchenai Soulpriest / Auchenai Vindicator - Solo Patrol 01', 0, 0, 0, 1, 0),
(@SGGUID+6, 'Auchenai Crypts - Group 006 - Auchenai Soulpriest / Auchenai Vindicator - Solo Patrol 02', 0, 0, 0, 1, 0),
(@SGGUID+7, 'Auchenai Crypts - Group 007 - Auchenai Soulpriest / Auchenai Vindicator', 0, 0, 0, 1, 0),
(@SGGUID+8, 'Auchenai Crypts - Group 008 - Auchenai Soulpriest / Auchenai Vindicator', 0, 0, 0, 1, 0),
(@SGGUID+9, 'Auchenai Crypts - Group 009 - Auchenai Soulpriest / Auchenai Vindicator', 0, 0, 0, 1, 0),
(@SGGUID+10, 'Auchenai Crypts - Group 010 - Auchenai Monk | Auchenai Soulpriest/Auchenai Vindicator', 0, 0, 0, 1, 0),
(@SGGUID+11, 'Auchenai Crypts - Group 011 - Auchenai Monk | Auchenai Soulpriest/Auchenai Vindicator', 0, 0, 0, 1, 0),
(@SGGUID+12, 'Auchenai Crypts - Group 012 - Auchenai Monk/Auchenai Vindicator | Auchenai Soulpriest/Auchenai Vindicator', 0, 0, 0, 1, 0),
-- Leader can be a Soulpriest or a Vindicator (creature_spawn_entry) follower can be Soulpriest/Vindicator/Monk (spawn_group)
-- its possible to get a double Auchenai Vindicato or double Auchenai Soulpriest group
(@SGGUID+13, 'Auchenai Crypts - Group 013 - Auchenai Soulpriest/Auchenai Vindicator | Auchenai Soulpriest/Auchenai Vindicator/Auchenai Monk - Patrol 01', 0, 0, 0, 1, 0),
(@SGGUID+14, 'Auchenai Crypts - Group 014 - Auchenai Soulpriest/Auchenai Vindicator | Auchenai Soulpriest/Auchenai Vindicator/Auchenai Monk - Patrol 02', 0, 0, 0, 1, 0),
-- This group of 3 is completly random with following conditions
-- Group can hav max 2 Auchenai Soulpriest/Auchenai Vindicator spawned
-- can have max 1 Auchenai Monk spawned
(@SGGUID+15, 'Auchenai Crypts - Group 015 - Auchenai Soulpriest/Auchenai Vindicator/Auchenai Monk', 0, 0, 0, 1, 0),
(@SGGUID+16, 'Auchenai Crypts - Group 016 - Auchenai Soulpriest/Auchenai Vindicator/Auchenai Monk - Patrol 03', 0, 0, 0, 1, 0),
(@SGGUID+17, 'Auchenai Crypts - Group 017 - Auchenai Monk (2)', 0, 0, 0, 1, 0),
(@SGGUID+18, 'Auchenai Crypts - Group 018 - Auchenai Monk (2)', 0, 0, 0, 1, 0),
(@SGGUID+19, 'Auchenai Crypts - Group 019 - Raging Skeleton/Angered Skeleton', 0, 0, 0, 1, 0),
(@SGGUID+20, 'Auchenai Crypts - Group 020 - Raging Skeleton/Angered Skeleton', 0, 0, 0, 1, 0),
(@SGGUID+21, 'Auchenai Crypts - Group 021 - Raging Skeleton/Angered Skeleton', 0, 0, 0, 1, 0),
-- Leader can be a Soulpriest or a Vindicator (creature_spawn_entry) follower can be Soulpriest/Vindicator/Monk (spawn_group)
(@SGGUID+22, 'Auchenai Crypts - Group 022 - Auchenai Soulpriest/Auchenai Vindicator/Auchenai Monk - Patrol 04', 0, 0, 0, 1, 0),
(@SGGUID+23, 'Auchenai Crypts - Group 023 - Auchenai Necromancer | Reanimated Bones (8)', 0, 0, 0, 1, 0),
(@SGGUID+24, 'Auchenai Crypts - Group 024 - Reanimated Bones (10)', 0, 0, 0, 1, 0),
(@SGGUID+25, 'Auchenai Crypts - Group 025 - Auchenai Necromancer | Reanimated Bones (7)', 0, 0, 0, 1, 0),
(@SGGUID+26, 'Auchenai Crypts - Group 026 - Auchenai Necromancer | Reanimated Bones (10)', 0, 0, 0, 1, 0),
(@SGGUID+27, 'Auchenai Crypts - Group 027 - Auchenai Necromancer | Reanimated Bones (9)', 0, 0, 0, 1, 0),
(@SGGUID+28, 'Auchenai Crypts - Group 028 - Reanimated Bones (10)', 0, 0, 0, 1, 0),
-- Neutral NPCs
-- Those npcs just walk around in the whole dungeon and have a rnd entry
(@SGGUID+29, 'Auchenai Crypts - Group 029 - Phasing Soldier/Phasing Cleric/Phasing Sorcerer/Phasing Stalker', 0, 0, 0, 0, 0);


INSERT INTO `spawn_group_entry` (`Id`, `Entry`, `MinCount`, `MaxCount`, `Chance`) VALUES
(@SGGUID+1, 18493, 0, 2, 0), (@SGGUID+1, 18495, 0, 2, 0), -- Auchenai Soulpriest, Auchenai Vindicator
(@SGGUID+2, 18493, 0, 2, 0), (@SGGUID+2, 18495, 0, 2, 0), -- Auchenai Soulpriest, Auchenai Vindicator
(@SGGUID+3, 18493, 0, 2, 0), (@SGGUID+3, 18495, 0, 2, 0), -- Auchenai Soulpriest, Auchenai Vindicator
(@SGGUID+4, 18493, 0, 2, 0), (@SGGUID+4, 18495, 0, 2, 0), -- Auchenai Soulpriest, Auchenai Vindicator
(@SGGUID+5, 18493, 0, 1, 0), (@SGGUID+5, 18495, 0, 1, 0), -- Auchenai Soulpriest, Auchenai Vindicator
(@SGGUID+6, 18493, 0, 1, 0), (@SGGUID+6, 18495, 0, 1, 0), -- Auchenai Soulpriest, Auchenai Vindicator
(@SGGUID+7, 18493, 0, 1, 0), (@SGGUID+7, 18495, 0, 1, 0), -- Auchenai Soulpriest, Auchenai Vindicator
(@SGGUID+8, 18493, 0, 1, 0), (@SGGUID+8, 18495, 0, 1, 0), -- Auchenai Soulpriest, Auchenai Vindicator
(@SGGUID+9, 18493, 0, 1, 0), (@SGGUID+9, 18495, 0, 1, 0), -- Auchenai Soulpriest, Auchenai Vindicator
(@SGGUID+10, 18493, 0, 1, 0), (@SGGUID+10, 18495, 0, 1, 0), -- Auchenai Soulpriest, Auchenai Vindicator
(@SGGUID+11, 18493, 0, 1, 0), (@SGGUID+11, 18495, 0, 1, 0), -- Auchenai Soulpriest, Auchenai Vindicator
(@SGGUID+12, 18493, 0, 1, 0), (@SGGUID+12, 18495, 0, 1, 0), -- Auchenai Soulpriest, Auchenai Vindicator
(@SGGUID+13, 18493, 0, 1, 0), (@SGGUID+13, 18495, 0, 1, 0), (@SGGUID+13, 18497, 0, 1, 0), -- Auchenai Soulpriest, Auchenai Vindicator, Auchenai Monk
(@SGGUID+14, 18493, 0, 1, 0), (@SGGUID+14, 18495, 0, 1, 0), (@SGGUID+14, 18497, 0, 1, 0), -- Auchenai Soulpriest, Auchenai Vindicator, Auchenai Monk
(@SGGUID+15, 18493, 0, 2, 0), (@SGGUID+15, 18495, 0, 2, 0), (@SGGUID+15, 18497, 0, 1, 0), -- Auchenai Soulpriest, Auchenai Vindicator, Auchenai Monk
(@SGGUID+16, 18493, 0, 2, 0), (@SGGUID+16, 18495, 0, 2, 0), (@SGGUID+16, 18497, 0, 1, 0), -- Auchenai Soulpriest, Auchenai Vindicator, Auchenai Monk
(@SGGUID+19, 18521, 1, 3, 0), (@SGGUID+19, 18524, 1, 3, 0), -- Raging Skeleton, Angered Skeleton
(@SGGUID+20, 18521, 2, 3, 0), (@SGGUID+20, 18524, 2, 3, 0), -- Raging Skeleton, Angered Skeleton
(@SGGUID+21, 18521, 2, 3, 0), (@SGGUID+21, 18524, 2, 3, 0), -- Raging Skeleton, Angered Skeleton
(@SGGUID+22, 18493, 0, 0, 0), (@SGGUID+22, 18495, 0, 0, 0), (@SGGUID+22, 18497, 0, 0, 0), -- Auchenai Soulpriest, Auchenai Vindicator, Auchenai Monk/Auchenai

(@SGGUID+29, 18556, 0, 0, 0), (@SGGUID+29, 18557, 0, 0, 0), (@SGGUID+29, 18558, 0, 0, 0), (@SGGUID+29, 18559, 0, 0, 0); -- Phasing Soldier, Phasing Cleric, Phasing Sorcerer, Phasing Stalker

INSERT INTO `spawn_group_spawn` (`Id`, `Guid`, `SlotId`, `Chance`) VALUES
(@SGGUID+1, @CGUID+19, 0, 0), -- spawn_group_entry
(@SGGUID+1, @CGUID+22, 1, 0), -- spawn_group_entry

(@SGGUID+2, @CGUID+5, 0, 0), -- spawn_group_entry
(@SGGUID+2, @CGUID+6, 1, 0), -- spawn_group_entry

(@SGGUID+3, @CGUID+3, 0, 0), -- spawn_group_entry
(@SGGUID+3, @CGUID+4, 1, 0), -- spawn_group_entry

(@SGGUID+4, @CGUID+8, 0, 0), -- spawn_group_entry
(@SGGUID+4, @CGUID+20, 1, 0), -- spawn_group_entry

(@SGGUID+5, @CGUID+9, 0, 0), -- spawn_group_entry

(@SGGUID+6, @CGUID+18, 0, 0), -- spawn_group_entry

(@SGGUID+7, @CGUID+7, 0, 0), -- spawn_group_entry
(@SGGUID+7, @CGUID+21, 1, 0), -- spawn_group_entry

(@SGGUID+8, @CGUID+23, 0, 0), -- spawn_group_entry
(@SGGUID+8, @CGUID+24, 1, 0), -- spawn_group_entry

(@SGGUID+9, @CGUID+28, 0, 0), -- spawn_group_entry
(@SGGUID+9, @CGUID+29, 1, 0), -- spawn_group_entry

(@SGGUID+10, @CGUID+15, 0, 0), -- spawn_group_entry
(@SGGUID+10, @CGUID+31, 1, 0), -- Auchenai Monk

(@SGGUID+11, @CGUID+25, 0, 0), -- spawn_group_entry
(@SGGUID+11, @CGUID+34, 1, 0), -- Auchenai Monk

(@SGGUID+12, @CGUID+30, 0, 0), -- spawn_group_entry
(@SGGUID+12, @CGUID+41, 1, 0), -- creature_spawn_entry

(@SGGUID+13, @CGUID+16, 0, 0), -- creature_spawn_entry
(@SGGUID+13, @CGUID+17, 1, 0), -- spawn_group_entry

(@SGGUID+14, @CGUID+11, 0, 0), -- creature_spawn_entry
(@SGGUID+14, @CGUID+35, 1, 0), -- spawn_group_entry

(@SGGUID+15, @CGUID+12, 0, 0), -- spawn_group_entry
(@SGGUID+15, @CGUID+26, 1, 0), -- spawn_group_entry
(@SGGUID+15, @CGUID+36, 2, 0), -- spawn_group_entry

(@SGGUID+16, @CGUID+10, 0, 0), -- spawn_group_entry
(@SGGUID+16, @CGUID+27, 1, 0), -- spawn_group_entry
(@SGGUID+16, @CGUID+39, 2, 0), -- spawn_group_entry

(@SGGUID+17, @CGUID+38, 0, 0), -- Auchenai Monk
(@SGGUID+17, @CGUID+40, 1, 0), -- Auchenai Monk

(@SGGUID+18, @CGUID+33, 0, 0), -- Auchenai Monk
(@SGGUID+18, @CGUID+37, 1, 0), -- Auchenai Monk

(@SGGUID+19, @CGUID+46, -1, 0), -- spawn_group_entry
(@SGGUID+19, @CGUID+47, -1, 0), -- spawn_group_entry
(@SGGUID+19, @CGUID+50, -1, 0), -- spawn_group_entry
(@SGGUID+19, @CGUID+51, -1, 0), -- spawn_group_entry

(@SGGUID+20, @CGUID+44, -1, 0), -- spawn_group_entry
(@SGGUID+20, @CGUID+45, -1, 0), -- spawn_group_entry
(@SGGUID+20, @CGUID+48, -1, 0), -- spawn_group_entry
(@SGGUID+20, @CGUID+49, -1, 0), -- spawn_group_entry
(@SGGUID+20, @CGUID+52, -1, 0), -- spawn_group_entry

(@SGGUID+21, @CGUID+42, -1, 0), -- spawn_group_entry
(@SGGUID+21, @CGUID+43, -1, 0), -- spawn_group_entry
(@SGGUID+21, @CGUID+53, -1, 0), -- spawn_group_entry
(@SGGUID+21, @CGUID+54, -1, 0), -- spawn_group_entry
(@SGGUID+21, @CGUID+55, -1, 0), -- spawn_group_entry

(@SGGUID+22, @CGUID+13, 0, 0), -- creature_spawn_entry
(@SGGUID+22, @CGUID+14, 1, 0), -- spawn_group_entry

(@SGGUID+23, @CGUID+139, 0, 0), -- Auchenai Necromancer
(@SGGUID+23, @CGUID+83, 1, 0), -- Reanimated Bones
(@SGGUID+23, @CGUID+84, 2, 0), -- Reanimated Bones
(@SGGUID+23, @CGUID+85, 3, 0), -- Reanimated Bones
(@SGGUID+23, @CGUID+86, 4, 0), -- Reanimated Bones
(@SGGUID+23, @CGUID+88, 5, 0), -- Reanimated Bones
(@SGGUID+23, @CGUID+89, 6, 0), -- Reanimated Bones
(@SGGUID+23, @CGUID+90, 7, 0), -- Reanimated Bones
(@SGGUID+23, @CGUID+91, 8, 0), -- Reanimated Bones

(@SGGUID+24, @CGUID+92, 0, 0), -- Reanimated Bones
(@SGGUID+24, @CGUID+93, 1, 0), -- Reanimated Bones
(@SGGUID+24, @CGUID+94, 2, 0), -- Reanimated Bones
(@SGGUID+24, @CGUID+96, 3, 0), -- Reanimated Bones
(@SGGUID+24, @CGUID+98, 4, 0), -- Reanimated Bones
(@SGGUID+24, @CGUID+99, 5, 0), -- Reanimated Bones
(@SGGUID+24, @CGUID+100, 6, 0), -- Reanimated Bones
(@SGGUID+24, @CGUID+101, 7, 0), -- Reanimated Bones
(@SGGUID+24, @CGUID+102, 8, 0), -- Reanimated Bones
(@SGGUID+24, @CGUID+103, 9, 0), -- Reanimated Bones

(@SGGUID+25, @CGUID+138, 0, 0), -- Auchenai Necromancer
(@SGGUID+25, @CGUID+87, 1, 0), -- Reanimated Bones
(@SGGUID+25, @CGUID+95, 2, 0), -- Reanimated Bones
(@SGGUID+25, @CGUID+97, 3, 0), -- Reanimated Bones
(@SGGUID+25, @CGUID+105, 4, 0), -- Reanimated Bones
(@SGGUID+25, @CGUID+125, 5, 0), -- Reanimated Bones
(@SGGUID+25, @CGUID+126, 6, 0), -- Reanimated Bones
(@SGGUID+25, @CGUID+127, 7, 0), -- Reanimated Bones

(@SGGUID+26, @CGUID+140, 0, 0), -- Auchenai Necromancer
(@SGGUID+26, @CGUID+104, 1, 0), -- Reanimated Bones
(@SGGUID+26, @CGUID+106, 2, 0), -- Reanimated Bones
(@SGGUID+26, @CGUID+107, 3, 0), -- Reanimated Bones
(@SGGUID+26, @CGUID+108, 4, 0), -- Reanimated Bones
(@SGGUID+26, @CGUID+109, 5, 0), -- Reanimated Bones
(@SGGUID+26, @CGUID+110, 6, 0), -- Reanimated Bones
(@SGGUID+26, @CGUID+111, 7, 0), -- Reanimated Bones
(@SGGUID+26, @CGUID+112, 8, 0), -- Reanimated Bones
(@SGGUID+26, @CGUID+113, 9, 0), -- Reanimated Bones
(@SGGUID+26, @CGUID+114, 10, 0), -- Reanimated Bones

(@SGGUID+27, @CGUID+141, 0, 0), -- Auchenai Necromancer
(@SGGUID+27, @CGUID+115, 1, 0), -- Reanimated Bones
(@SGGUID+27, @CGUID+116, 2, 0), -- Reanimated Bones
(@SGGUID+27, @CGUID+118, 3, 0), -- Reanimated Bones
(@SGGUID+27, @CGUID+119, 4, 0), -- Reanimated Bones
(@SGGUID+27, @CGUID+120, 5, 0), -- Reanimated Bones
(@SGGUID+27, @CGUID+121, 6, 0), -- Reanimated Bones
(@SGGUID+27, @CGUID+122, 7, 0), -- Reanimated Bones
(@SGGUID+27, @CGUID+123, 8, 0), -- Reanimated Bones
(@SGGUID+27, @CGUID+124, 9, 0), -- Reanimated Bones

(@SGGUID+28, @CGUID+128, 0, 0), -- Reanimated Bones
(@SGGUID+28, @CGUID+129, 1, 0), -- Reanimated Bones
(@SGGUID+28, @CGUID+130, 2, 0), -- Reanimated Bones
(@SGGUID+28, @CGUID+131, 3, 0), -- Reanimated Bones
(@SGGUID+28, @CGUID+132, 4, 0), -- Reanimated Bones
(@SGGUID+28, @CGUID+133, 5, 0), -- Reanimated Bones
(@SGGUID+28, @CGUID+134, 6, 0), -- Reanimated Bones
(@SGGUID+28, @CGUID+135, 7, 0), -- Reanimated Bones
(@SGGUID+28, @CGUID+136, 8, 0), -- Reanimated Bones
(@SGGUID+28, @CGUID+137, 9, 0), -- Reanimated Bones

-- Neutral Mobs
(@SGGUID+29, @CGUID+56, -1, 0), -- spawn_group_entry
(@SGGUID+29, @CGUID+57, -1, 0), -- spawn_group_entry
(@SGGUID+29, @CGUID+58, -1, 0), -- spawn_group_entry
(@SGGUID+29, @CGUID+59, -1, 0), -- spawn_group_entry
(@SGGUID+29, @CGUID+63, -1, 0), -- spawn_group_entry
(@SGGUID+29, @CGUID+64, -1, 0), -- spawn_group_entry
(@SGGUID+29, @CGUID+65, -1, 0), -- spawn_group_entry
(@SGGUID+29, @CGUID+66, -1, 0), -- spawn_group_entry
(@SGGUID+29, @CGUID+67, -1, 0), -- spawn_group_entry
(@SGGUID+29, @CGUID+70, -1, 0), -- spawn_group_entry
(@SGGUID+29, @CGUID+71, -1, 0), -- spawn_group_entry
(@SGGUID+29, @CGUID+72, -1, 0), -- spawn_group_entry
(@SGGUID+29, @CGUID+73, -1, 0), -- spawn_group_entry
(@SGGUID+29, @CGUID+74, -1, 0), -- spawn_group_entry
(@SGGUID+29, @CGUID+75, -1, 0), -- spawn_group_entry
(@SGGUID+29, @CGUID+76, -1, 0), -- spawn_group_entry
(@SGGUID+29, @CGUID+78, -1, 0), -- spawn_group_entry
(@SGGUID+29, @CGUID+79, -1, 0), -- spawn_group_entry
(@SGGUID+29, @CGUID+80, -1, 0), -- spawn_group_entry
(@SGGUID+29, @CGUID+81, -1, 0), -- spawn_group_entry
(@SGGUID+29, @CGUID+82, -1, 0); -- spawn_group_entry

INSERT INTO `spawn_group_formation` (`Id`, `FormationType`, `FormationSpread`, `FormationOptions`, `PathId`, `MovementType`, `Comment`) VALUES
(@SGGUID+13, 1, 4, 0, @SGGUID+13, 4, 'Auchenai Crypts - Group 013 - Auchenai Monk | Auchenai Soulpriest/Auchenai Vindicator - Patrol 01'),
(@SGGUID+14, 1, 4, 0, @SGGUID+14, 4, 'Auchenai Crypts - Group 013 - Auchenai Monk | Auchenai Soulpriest/Auchenai Vindicator - Patrol 02'),
(@SGGUID+16, 3, 4, 0, @SGGUID+16, 4, 'Auchenai Crypts - Group 016 - Auchenai Soulpriest/Auchenai Vindicator/Auchenai Monk - Patrol 03'),
(@SGGUID+22, 2, 3, 0, @SGGUID+22, 4, 'Auchenai Crypts - Group 022 - Auchenai Soulpriest/Auchenai Vindicator/Auchenai Monk - Patrol 04');

INSERT INTO `waypoint_path_name` (`PathId`, `Name`) VALUES
(@SGGUID+13,'Auchenai Crypts - Group 013 - Auchenai Monk | Auchenai Soulpriest/Auchenai Vindicator - Patrol 01'),
(@SGGUID+14,'Auchenai Crypts - Group 013 - Auchenai Monk | Auchenai Soulpriest/Auchenai Vindicator - Patrol 02'),
(@SGGUID+16,'Auchenai Crypts - Group 016 - Auchenai Soulpriest/Auchenai Vindicator/Auchenai Monk - Patrol 03'),
(@SGGUID+22,'Auchenai Crypts - Group 022 - Auchenai Soulpriest/Auchenai Vindicator/Auchenai Monk - Patrol 04');


INSERT INTO `waypoint_path` (`PathId`, `Point`, `PositionX`, `PositionY`, `PositionZ`, `Orientation`, `WaitTime`, `ScriptId`) VALUES
(@SGGUID+13, 1, 268.32703,-3.305813,-0.0678567, 100, 0, 0),
(@SGGUID+13, 2, 269.36295,21.878204,13.413179, 100, 0, 0),
(@SGGUID+13, 3, 268.90814,29.680952,13.439169, 100, 0, 0),
(@SGGUID+13, 4, 266.3649,32.88496,13.436618, 100, 0, 0),
(@SGGUID+13, 5, 257.8986,33.67169,13.394914, 100, 0, 0),
(@SGGUID+13, 6, 237.949,32.514015,26.632038, 100, 0, 0),
(@SGGUID+13, 7, 217.88676,33.820267,26.621796, 100, 0, 0),
(@SGGUID+13, 8, 211.06705,32.123497,26.631569, 100, 0, 0),
(@SGGUID+13, 9, 209.0718,26.146828,26.627604, 100, 0, 0),
(@SGGUID+13, 10, 215.35312,3.553464,28.625824, 100, 0, 0),
(@SGGUID+13, 11, 211.31487,-9.173203,27.079954, 100, 0, 0),
(@SGGUID+13, 12, 210.42763,-25.172428,26.591162, 100, 0, 0),
(@SGGUID+13, 13, 212.88191,-30.137917,26.591192, 100, 0, 0),
(@SGGUID+13, 14, 216.55647,-32.453876,26.591314, 100, 0, 0),
(@SGGUID+13, 15, 226.7893,-32.321796,27.100355, 100, 0, 0),
(@SGGUID+13, 16, 239.0565,-32.50906,26.59868, 100, 0, 0),

(@SGGUID+14, 1, 239.11743,-51.329662,26.591269, 100, 0, 0),
(@SGGUID+14, 2, 238.85509,-84.930984,26.591291, 100, 0, 0),
(@SGGUID+14, 3, 239.11603,-118.809,26.59132, 100, 0, 0),

(@SGGUID+16, 1, 166.70355,-163.66641,26.316566, 100, 0, 0),
(@SGGUID+16, 2, 143.57632,-163.27176,12.563573, 100, 0, 0),
(@SGGUID+16, 3, 122.65221,-163.04219,13.356737, 100, 0, 0),
(@SGGUID+16, 4, 104.99422,-162.99231,14.774395, 100, 0, 0),
(@SGGUID+16, 5, 81.24179,-163.2077,15.368842, 100, 0, 0),
(@SGGUID+16, 6, 64.53549,-162.75394,15.386806, 100, 0, 0),
(@SGGUID+16, 7, 48.272915,-162.58008,15.13582, 100, 0, 0),

(@SGGUID+22, 1, -105.24392,-388.10626,26.589207, 100, 0, 0),
(@SGGUID+22, 2, -121.20291,-388.12982,26.58856, 100, 0, 0),
(@SGGUID+22, 3, -139.48105,-387.83615,26.589808, 100, 0, 0),
(@SGGUID+22, 4, -143.4483,-384.72183,26.590303, 100, 0, 0),
(@SGGUID+22, 5, -144.98119,-375.0744,26.59283, 100, 0, 0),
(@SGGUID+22, 6, -144.88542,-342.67935,26.591034, 100, 0, 0);

-- =======
-- POOLING
-- =======

INSERT INTO `pool_pool` (`pool_id`, `mother_pool`, `chance`, `description`) VALUES
(@PGUID+53, @PGUID+52, 0, 'Auchenai Crypts - Adamantite Deposit / Rich Adamantite Deposit - #1'),
(@PGUID+54, @PGUID+52, 0, 'Auchenai Crypts - Adamantite Deposit / Rich Adamantite Deposit - #2'),
(@PGUID+55, @PGUID+52, 0, 'Auchenai Crypts - Adamantite Deposit / Rich Adamantite Deposit - #3'),
(@PGUID+56, @PGUID+52, 0, 'Auchenai Crypts - Adamantite Deposit / Rich Adamantite Deposit - #4'),
(@PGUID+57, @PGUID+52, 0, 'Auchenai Crypts - Adamantite Deposit / Rich Adamantite Deposit - #5'),
(@PGUID+58, @PGUID+52, 0, 'Auchenai Crypts - Adamantite Deposit / Rich Adamantite Deposit - #6'),
(@PGUID+59, @PGUID+52, 0, 'Auchenai Crypts - Adamantite Deposit / Rich Adamantite Deposit / Khorium - #7'),
(@PGUID+60, @PGUID+52, 0, 'Auchenai Crypts - Adamantite Deposit / Rich Adamantite Deposit - #8'),
(@PGUID+61, @PGUID+52, 0, 'Auchenai Crypts - Adamantite Deposit / Rich Adamantite Deposit - #9'),
(@PGUID+91, @PGUID+90, 0, 'Auchenai Crypts - Bound / Solid Adamantite Chest - #1'),
(@PGUID+92, @PGUID+90, 0, 'Auchenai Crypts - Bound / Solid Adamantite Chest - #2'),
(@PGUID+93, @PGUID+90, 0, 'Auchenai Crypts - Bound / Solid Adamantite Chest - #3'),
(@PGUID+94, @PGUID+90, 0, 'Auchenai Crypts - Bound / Solid Adamantite Chest - #4');

INSERT INTO `pool_template` (`entry`, `max_limit`, `description`) VALUES
(@PGUID+51, 5, 'Auchenai Crypts - Master Ancient Lichen (181278) Pool'),
(@PGUID+52, 3, 'Auchenai Crypts - Master Mineral Pool'),
(@PGUID+53, 1, 'Auchenai Crypts - Adamantite Deposit / Rich Adamantite Deposit - #1'),
(@PGUID+54, 1, 'Auchenai Crypts - Adamantite Deposit / Rich Adamantite Deposit - #2'),
(@PGUID+55, 1, 'Auchenai Crypts - Adamantite Deposit / Rich Adamantite Deposit - #3'),
(@PGUID+56, 1, 'Auchenai Crypts - Adamantite Deposit / Rich Adamantite Deposit - #4'),
(@PGUID+57, 1, 'Auchenai Crypts - Adamantite Deposit / Rich Adamantite Deposit - #5'),
(@PGUID+58, 1, 'Auchenai Crypts - Adamantite Deposit / Rich Adamantite Deposit - #6'),
(@PGUID+59, 1, 'Auchenai Crypts - Adamantite Deposit / Rich Adamantite Deposit / Khorium - #7'),
(@PGUID+60, 1, 'Auchenai Crypts - Adamantite Deposit / Rich Adamantite Deposit - #8'),
(@PGUID+61, 1, 'Auchenai Crypts - Adamantite Deposit / Rich Adamantite Deposit - #9'),
(@PGUID+90, 1, 'Auchenai Crypts - Master Chest Pool'),
(@PGUID+91, 1, 'Auchenai Crypts - Bound / Solid Adamantite Chest - #1'),
(@PGUID+92, 1, 'Auchenai Crypts - Bound / Solid Adamantite Chest - #2'),
(@PGUID+93, 1, 'Auchenai Crypts - Bound / Solid Adamantite Chest - #3'),
(@PGUID+94, 1, 'Auchenai Crypts - Bound / Solid Adamantite Chest - #4');

-- INSERT INTO `pool_creature` (`guid`, `pool_entry`, `chance`, `description`) VALUES
-- INSERT INTO `pool_creature_template` (`id`, `pool_entry`, `chance`, `description`) VALUES

INSERT INTO `pool_gameobject` (`guid`, `pool_entry`, `chance`, `description`) VALUES
(@OGUID+1, @PGUID+51, 0, 'Auchenai Crypts - Ancient Lichen (181278)'),
(@OGUID+2, @PGUID+51, 0, 'Auchenai Crypts - Ancient Lichen (181278)'),
(@OGUID+3, @PGUID+51, 0, 'Auchenai Crypts - Ancient Lichen (181278)'),
(@OGUID+12, @PGUID+51, 0, 'Auchenai Crypts - Ancient Lichen (181278)'),
(@OGUID+13, @PGUID+51, 0, 'Auchenai Crypts - Ancient Lichen (181278)'),
(@OGUID+14, @PGUID+51, 0, 'Auchenai Crypts - Ancient Lichen (181278)'),
(@OGUID+15, @PGUID+51, 0, 'Auchenai Crypts - Ancient Lichen (181278)'),
(@OGUID+16, @PGUID+51, 0, 'Auchenai Crypts - Ancient Lichen (181278)'),
(@OGUID+17, @PGUID+51, 0, 'Auchenai Crypts - Ancient Lichen (181278)'),
(@OGUID+18, @PGUID+51, 0, 'Auchenai Crypts - Ancient Lichen (181278)'),
(@OGUID+19, @PGUID+51, 0, 'Auchenai Crypts - Ancient Lichen (181278)'),
(@OGUID+20, @PGUID+51, 0, 'Auchenai Crypts - Ancient Lichen (181278)'),
(@OGUID+21, @PGUID+51, 0, 'Auchenai Crypts - Ancient Lichen (181278)'),
(@OGUID+22, @PGUID+51, 0, 'Auchenai Crypts - Ancient Lichen (181278)'),
(@OGUID+23, @PGUID+51, 0, 'Auchenai Crypts - Ancient Lichen (181278)'),
(@OGUID+24, @PGUID+51, 0, 'Auchenai Crypts - Ancient Lichen (181278)'),
(@OGUID+48, @PGUID+51, 0, 'Auchenai Crypts - Ancient Lichen (181278)'),
(@OGUID+25, @PGUID+52, 0, 'Auchenai Crypts - Adamantite Deposit (181556)'),
(@OGUID+30, @PGUID+52, 0, 'Auchenai Crypts - Adamantite Deposit (181556)'),
(@OGUID+31, @PGUID+52, 0, 'Auchenai Crypts - Adamantite Deposit (181556)'),
(@OGUID+6, @PGUID+53, 0, 'Auchenai Crypts - Rich Adamantite Deposit (181569) - #1'),
(@OGUID+27, @PGUID+53, 0, 'Auchenai Crypts - Adamantite Deposit (181556) - #1'),
(@OGUID+26, @PGUID+54, 0, 'Auchenai Crypts - Adamantite Deposit (181556) - #2'),
(@OGUID+39, @PGUID+54, 0, 'Auchenai Crypts - Rich Adamantite Deposit (181569) - #2'),
(@OGUID+28, @PGUID+55, 0, 'Auchenai Crypts - Adamantite Deposit (181556) - #3'),
(@OGUID+36, @PGUID+55, 0, 'Auchenai Crypts - Rich Adamantite Deposit (181569) - #3'),
(@OGUID+29, @PGUID+56, 0, 'Auchenai Crypts - Adamantite Deposit (181556) - #4'),
(@OGUID+35, @PGUID+56, 0, 'Auchenai Crypts - Rich Adamantite Deposit (181569) - #4'),
(@OGUID+32, @PGUID+57, 0, 'Auchenai Crypts - Adamantite Deposit (181556) - #5'),
(@OGUID+37, @PGUID+57, 0, 'Auchenai Crypts - Rich Adamantite Deposit (181569) - #5'),
(@OGUID+33, @PGUID+58, 0, 'Auchenai Crypts - Adamantite Deposit (181556) - #6'),
(@OGUID+38, @PGUID+58, 0, 'Auchenai Crypts - Rich Adamantite Deposit (181569) - #6'),
(@OGUID+34, @PGUID+59, 0, 'Auchenai Crypts - Adamantite Deposit (181556) - #7'),
(@OGUID+40, @PGUID+59, 0, 'Auchenai Crypts - Rich Adamantite Deposit (181569) - #7'),
(@OGUID+41, @PGUID+59, 0, 'Auchenai Crypts - Khorium (181557) - #7'),
(@OGUID+5, @PGUID+60, 0, 'Auchenai Crypts - Adamantite Deposit (181556) - #8'),
(@OGUID+46, @PGUID+60, 0, 'Auchenai Crypts - Rich Adamantite Deposit (181569) - #8'),
(@OGUID+4, @PGUID+61, 0, 'Auchenai Crypts - Adamantite Deposit (181556) - #9'),
(@OGUID+47, @PGUID+61, 0, 'Auchenai Crypts - Rich Adamantite Deposit (181569) - #9'),
(@OGUID+42, @PGUID+91, 0, 'Auchenai Crypts - Bound Adamantite Chest (184936) - #1'),
(@OGUID+43, @PGUID+91, 0, 'Auchenai Crypts - Solid Adamantite Chest (184937) - #1'),
(@OGUID+44, @PGUID+92, 0, 'Auchenai Crypts - Bound Adamantite Chest (184936) - #2'),
(@OGUID+45, @PGUID+92, 0, 'Auchenai Crypts - Solid Adamantite Chest (184937) - #2'),
(@OGUID+49, @PGUID+93, 0, 'Auchenai Crypts - Bound Adamantite Chest (184936) - #3'),
(@OGUID+50, @PGUID+93, 0, 'Auchenai Crypts - Solid Adamantite Chest (184937) - #3'),
(@OGUID+51, @PGUID+94, 0, 'Auchenai Crypts - Bound Adamantite Chest (184936) - #4'),
(@OGUID+52, @PGUID+94, 0, 'Auchenai Crypts - Solid Adamantite Chest (184937) - #4');

-- INSERT INTO `pool_gameobject_template` (`id`, `pool_entry`, `chance`, `description`) VALUES

-- =========
-- DBSCRIPTS
-- =========

DELETE FROM dbscripts_on_creature_movement WHERE id IN (8336004,8336007,8336701,8336903,8336907,8337007,8337013,8337403,8338003,8338309,8338313,10131510);
DELETE FROM dbscripts_on_creature_movement WHERE id IN (@RELAYID+1, @RELAYID+2, 1849701);
INSERT INTO `dbscripts_on_creature_movement` (`id`, `delay`, `priority`, `command`, `datalong`, `datalong2`, `datalong3`, `buddy_entry`, `search_radius`, `data_flags`, `dataint`, `dataint2`, `dataint3`, `dataint4`, `x`, `y`, `z`, `o`, `comments`) VALUES
-- Neutral NPCs spawn script
(@RELAYID+1, 0, 0, 14, 32754, 0, 0, 0, 0, 0, 0, 0, 0, 0, 0, 0, 0, 0, 'spawn_group_entry - Remove Invisibility Aura'),
(@RELAYID+1, 0, 1, 25, 0, 0, 0, 0, 0, 0, 0, 0, 0, 0, 0, 0, 0, 0, 'spawn_group_entry - Set Run Mode off'),
(@RELAYID+1, 0, 2, 48, 33554432, 0, 0, 0, 0, 0, 0, 0, 0, 0, 0, 0, 0, 0, 'spawn_group_entry - remove UNIT_FLAG_UNINTERACTIBLE'),
(@RELAYID+1, 0, 3, 15, 33422, 0, 0, 0, 0, 0, 0, 0, 0, 0, 0, 0, 0, 0, 'spawn_group_entry - Cast Phase In'),
-- Neutral NPC waypoint end script before running back to first waypoints
(@RELAYID+2, 3000, 1, 15, 32754, 0, 0, 0, 0, 0, 0, 0, 0, 0, 0, 0, 0, 0, 'spawn_group_entry - Cast Invisibility Aura'),
(@RELAYID+2, 3000, 2, 48, 33554432, 1, 0, 0, 0, 0, 0, 0, 0, 0, 0, 0, 0, 0, 'spawn_group_entry - add UNIT_FLAG_UNINTERACTIBLE'),
(@RELAYID+2, 3000, 3, 25, 1, 0, 0, 0, 0, 0, 0, 0, 0, 0, 0, 0, 0, 0, 'spawn_group_entry - Set Run Mode off'),
-- Auchenai Monk
(1849701, 0, 0, 28, 8, 0, 0, 0, 0, 0, 0, 0, 0, 0, 0, 0, 0, 0, 'Auchenai Monk - Set Stand State Kneel'),
(1849701, 27000, 0, 28, 0, 0, 0, 0, 0, 0, 0, 0, 0, 0, 0, 0, 0, 0, 'Auchenai Monk - Set Stand State Stand');

DELETE FROM dbscripts_on_relay WHERE id = @RELAYID+1;
INSERT INTO `dbscripts_on_relay` (`id`, `delay`, `priority`, `command`, `datalong`, `datalong2`, `datalong3`, `buddy_entry`, `search_radius`, `data_flags`, `dataint`, `dataint2`, `dataint3`, `dataint4`, `x`, `y`, `z`, `o`, `comments`) VALUES
-- SpawnGroup +8 both npc use blue beam on CGUID+158
(@RELAYID+1,0,0,15,32930,0,0,18778,@CGUID+158,17,0,0,0,0,0,0,0,0,'spawn_group_entry - Cast Blue Beam on Cosmetic Raging Soul');


-- INSERT INTO `dbscripts_on_creature_death` (`id`, `delay`, `command`, `datalong`, `datalong2`, `datalong3`, `buddy_entry`, `search_radius`, `data_flags`, `dataint`, `dataint2`, `dataint3`, `dataint4`, `x`, `y`, `z`, `o`, `comments`) VALUES
-- INSERT INTO `dbscripts_on_go_use` (`id`, `delay`, `command`, `datalong`, `datalong2`, `datalong3`, `buddy_entry`, `search_radius`, `data_flags`, `dataint`, `dataint2`, `dataint3`, `dataint4`, `x`, `y`, `z`, `o`, `comments`) VALUES
-- INSERT INTO `dbscripts_on_go_template_use` (`id`, `delay`, `command`, `datalong`, `datalong2`, `datalong3`, `buddy_entry`, `search_radius`, `data_flags`, `dataint`, `dataint2`, `dataint3`, `dataint4`, `x`, `y`, `z`, `o`, `comments`) VALUES
-- INSERT INTO `dbscripts_on_event` (`id`, `delay`, `command`, `datalong`, `datalong2`, `datalong3`, `buddy_entry`, `search_radius`, `data_flags`, `dataint`, `dataint2`, `dataint3`, `dataint4`, `x`, `y`, `z`, `o`, `comments`) VALUES
-- INSERT INTO `dbscripts_on_spell` (`id`, `delay`, `command`, `datalong`, `datalong2`, `datalong3`, `buddy_entry`, `search_radius`, `data_flags`, `dataint`, `dataint2`, `dataint3`, `dataint4`, `x`, `y`, `z`, `o`, `comments`) VALUES
-- INSERT INTO `dbscripts_on_gossip` (`id`, `delay`, `command`, `datalong`, `datalong2`, `datalong3`, `buddy_entry`, `search_radius`, `data_flags`, `dataint`, `dataint2`, `dataint3`, `dataint4`, `x`, `y`, `z`, `o`, `comments`) VALUES
-- INSERT INTO `dbscripts_on_quest_start` (`id`, `delay`, `command`, `datalong`, `datalong2`, `datalong3`, `buddy_entry`, `search_radius`, `data_flags`, `dataint`, `dataint2`, `dataint3`, `dataint4`, `x`, `y`, `z`, `o`, `comments`) VALUES
-- INSERT INTO `dbscripts_on_quest_end` (`id`, `delay`, `command`, `datalong`, `datalong2`, `datalong3`, `buddy_entry`, `search_radius`, `data_flags`, `dataint`, `dataint2`, `dataint3`, `dataint4`, `x`, `y`, `z`, `o`, `comments`) VALUES
-- INSERT INTO `dbscript_random_templates` (`id`, `type`, `target_id`, `chance`, `comments`) VALUES


