
-- https://github.com/cmangos/classic-db/commit/9cd37612df8c9073800ea29d4e37a83e9dfee196
/*
01 03 13 17 23 27
01 08 09 17 23 27
02 06 10 19 24 30
08 12 16 21 22 23
02 05 09 20 23 25
03 12 15 24 25 30
06 11 15 21 25 28
04 12 14 19 23 27
06 11 14 18 27 29
06 11 16 17 26 30
05 10 16 18 23 27
07 09 15 19 24 30
02 05 09 18 24 27
02 05 10 18 24 27
02 05 11 18 24 27
02 05 12 22 24 27
02 05 12 19 24 27
02 05 12 24 25 27
01 06 09 17 27 28
07 10 14 18 20 29
-- --------------
01 02 14 15 16
03 04 05 06 07 08
09 10 11 12 13
17 18 19 22 25
23 24 26 28 29
20 21 27 30
*/

-- ----------------------------------------------------------------------------------------------------------------------------------------------------------------------------------------------------------------

-- -- Mithril Deposit
-- DELETE FROM `gameobject` WHERE (`guid` IN (71156, 72002, 72008, 72014, 72020, 72026, 72032, 72038, 72044, 72050, 72056, 72062, 72068, 72074, 72080, 72086, 72092, 72098, 72104, 72110, 72116, 72122, 72128,
-- 72134, 72140, 72146, 72152, 72158, 72164, 72170, 72176, 72182, 72188, 72194, 72200, 72206, 72212, 72218, 72224, 72230, 72236, 72242, 72248, 72254, 72260, 72266, 72272, 72278, 72284, 72290, 72296, 72302, 72308,
-- 72314, 72320, 72326, 72332, 72338, 72344, 72350, 72356, 72362, 72368, 72374, 72380, 72386, 72392, 72398, 72404, 72410, 72416, 72422, 72428, 72434, 72440, 72452, 72458, 72464, 72470, 72476, 72494, 72500, 72506,
-- 72512, 72518, 72524, 72530, 72536, 72542, 72548, 72554, 72560, 72566, 72572, 72578, 72584, 72590, 72596, 72602, 72608, 72614, 72620, 72626, 72632, 72638, 72644, 72650, 72656, 72662, 72668, 72674, 72680, 72686,
-- 72692, 72698, 72704, 72710, 72716, 72722, 72728, 72734, 72740, 72746, 72752, 72758, 72764, 72770, 72776, 72782, 72788, 72794, 72800, 72806, 72812, 72818, 72824, 72830, 72836, 72842, 72848, 72860, 72866, 72872,
-- 72878, 72884, 72890, 72896, 72902, 72908, 72914, 72920, 72926, 72932, 72938, 72944, 72950, 72956, 72962, 72968, 72974, 72980, 72992, 72998, 73004, 73010, 73016, 73022, 73028, 73034, 73040, 73046, 73052, 73058,
-- 73064, 73070, 73076, 73082, 73088, 73100, 73106, 73112, 73118, 73124, 73130, 73136, 73148, 73154, 73160, 73166, 73172, 73178, 73184, 73190, 73196, 73202, 73208, 73214, 73220, 73226, 73232, 73238, 73244, 73250,
-- 73256, 73262, 73268, 73274, 73280, 73286, 73292, 73298, 73304, 73310, 73316, 73322, 73328, 73334, 73340, 73346, 73352, 73358, 73364, 73370, 73376, 73382, 73388, 73394, 73400, 73406, 73412, 73418, 73424, 73430,
-- 73436, 73442, 73448, 73454, 73460, 76283, 76543, 76353, 76388, 76713, 76743));
-- DELETE FROM `pool_gameobject` WHERE (`guid` IN (71156, 72002, 72008, 72014, 72020, 72026, 72032, 72038, 72044, 72050, 72056, 72062, 72068, 72074, 72080, 72086, 72092, 72098, 72104, 72110, 72116, 72122, 72128,
-- 72134, 72140, 72146, 72152, 72158, 72164, 72170, 72176, 72182, 72188, 72194, 72200, 72206, 72212, 72218, 72224, 72230, 72236, 72242, 72248, 72254, 72260, 72266, 72272, 72278, 72284, 72290, 72296, 72302, 72308,
-- 72314, 72320, 72326, 72332, 72338, 72344, 72350, 72356, 72362, 72368, 72374, 72380, 72386, 72392, 72398, 72404, 72410, 72416, 72422, 72428, 72434, 72440, 72452, 72458, 72464, 72470, 72476, 72494, 72500, 72506,
-- 72512, 72518, 72524, 72530, 72536, 72542, 72548, 72554, 72560, 72566, 72572, 72578, 72584, 72590, 72596, 72602, 72608, 72614, 72620, 72626, 72632, 72638, 72644, 72650, 72656, 72662, 72668, 72674, 72680, 72686,
-- 72692, 72698, 72704, 72710, 72716, 72722, 72728, 72734, 72740, 72746, 72752, 72758, 72764, 72770, 72776, 72782, 72788, 72794, 72800, 72806, 72812, 72818, 72824, 72830, 72836, 72842, 72848, 72860, 72866, 72872,
-- 72878, 72884, 72890, 72896, 72902, 72908, 72914, 72920, 72926, 72932, 72938, 72944, 72950, 72956, 72962, 72968, 72974, 72980, 72992, 72998, 73004, 73010, 73016, 73022, 73028, 73034, 73040, 73046, 73052, 73058,
-- 73064, 73070, 73076, 73082, 73088, 73100, 73106, 73112, 73118, 73124, 73130, 73136, 73148, 73154, 73160, 73166, 73172, 73178, 73184, 73190, 73196, 73202, 73208, 73214, 73220, 73226, 73232, 73238, 73244, 73250,
-- 73256, 73262, 73268, 73274, 73280, 73286, 73292, 73298, 73304, 73310, 73316, 73322, 73328, 73334, 73340, 73346, 73352, 73358, 73364, 73370, 73376, 73382, 73388, 73394, 73400, 73406, 73412, 73418, 73424, 73430,
-- 73436, 73442, 73448, 73454, 73460, 76283, 76543, 76353, 76388, 76713, 76743));

-- -- Random
-- DELETE FROM `gameobject` WHERE (`guid` IN (75570, 75571, 75572, 75573, 75575, 75576));
-- DELETE FROM `gameobject_spawn_entry` WHERE (`guid` IN (75570, 75571, 75572, 75573, 75575, 75576));

-- -- Silver Vein
-- DELETE FROM `gameobject` WHERE (`guid` IN (71158));
-- DELETE FROM `pool_gameobject` WHERE (`guid` IN (71158));

-- -- Iron Deposit
-- DELETE FROM `gameobject` WHERE (`guid` IN (71155, 76716, 76746));
-- DELETE FROM `pool_gameobject` WHERE (`guid` IN (71155, 76716, 76746));

-- -- Gold Vein
-- DELETE FROM `gameobject` WHERE (`guid` IN (71157, 72003, 72009, 72015, 72021, 72027, 72033, 72039, 72045, 72051, 72057, 72063, 72069, 72075, 72081, 72087, 72093, 72099, 72105, 72111, 72117, 72123, 72129,
-- 72135, 72141, 72147, 72153, 72159, 72165, 72171, 72177, 72183, 72189, 72195, 72201, 72207, 72213, 72219, 72225, 72231, 72237, 72243, 72249, 72255, 72261, 72267, 72273, 72279, 72285, 72291, 72297, 72303, 72309,
-- 72315, 72321, 72327, 72333, 72339, 72345, 72351, 72357, 72363, 72369, 72375, 72381, 72387, 72393, 72399, 72405, 72411, 72417, 72423, 72429, 72435, 72441, 72453, 72459, 72465, 72471, 72477, 72495, 72501, 72507,
-- 72513, 72519, 72525, 72531, 72537, 72543, 72549, 72555, 72561, 72567, 72573, 72579, 72585, 72591, 72597, 72603, 72609, 72615, 72621, 72627, 72633, 72639, 72645, 72651, 72657, 72663, 72669, 72675, 72681, 72687,
-- 72693, 72699, 72705, 72711, 72717, 72723, 72729, 72735, 72741, 72747, 72753, 72759, 72765, 72771, 72777, 72783, 72789, 72795, 72801, 72807, 72813, 72819, 72825, 72831, 72837, 72843, 72849, 72861, 72867, 72873,
-- 72879, 72885, 72891, 72897, 72903, 72909, 72915, 72921, 72927, 72933, 72939, 72945, 72951, 72957, 72963, 72969, 72975, 72981, 72993, 72999, 73005, 73011, 73017, 73023, 73029, 73035, 73041, 73047, 73053, 73059,
-- 73065, 73071, 73077, 73083, 73089, 73101, 73107, 73113, 73119, 73125, 73131, 73137, 73149, 73155, 73161, 73167, 73173, 73179, 73185, 73191, 73197, 73203, 73209, 73215, 73221, 73227, 73233, 73239, 73245, 73251,
-- 73257, 73263, 73269, 73275, 73281, 73287, 73293, 73299, 73305, 73311, 73317, 73323, 73329, 73335, 73341, 73347, 73353, 73359, 73365, 73371, 73377, 73383, 73389, 73395, 73401, 73407, 73413, 73419, 73425, 73431,
-- 73437, 73443, 73449, 73455, 73461, 76286, 76356, 76391, 76546, 76715, 76745));
-- DELETE FROM `pool_gameobject` WHERE (`guid` IN (71157, 72003, 72009, 72015, 72021, 72027, 72033, 72039, 72045, 72051, 72057, 72063, 72069, 72075, 72081, 72087, 72093, 72099, 72105, 72111, 72117, 72123, 72129,
-- 72135, 72141, 72147, 72153, 72159, 72165, 72171, 72177, 72183, 72189, 72195, 72201, 72207, 72213, 72219, 72225, 72231, 72237, 72243, 72249, 72255, 72261, 72267, 72273, 72279, 72285, 72291, 72297, 72303, 72309,
-- 72315, 72321, 72327, 72333, 72339, 72345, 72351, 72357, 72363, 72369, 72375, 72381, 72387, 72393, 72399, 72405, 72411, 72417, 72423, 72429, 72435, 72441, 72453, 72459, 72465, 72471, 72477, 72495, 72501, 72507,
-- 72513, 72519, 72525, 72531, 72537, 72543, 72549, 72555, 72561, 72567, 72573, 72579, 72585, 72591, 72597, 72603, 72609, 72615, 72621, 72627, 72633, 72639, 72645, 72651, 72657, 72663, 72669, 72675, 72681, 72687,
-- 72693, 72699, 72705, 72711, 72717, 72723, 72729, 72735, 72741, 72747, 72753, 72759, 72765, 72771, 72777, 72783, 72789, 72795, 72801, 72807, 72813, 72819, 72825, 72831, 72837, 72843, 72849, 72861, 72867, 72873,
-- 72879, 72885, 72891, 72897, 72903, 72909, 72915, 72921, 72927, 72933, 72939, 72945, 72951, 72957, 72963, 72969, 72975, 72981, 72993, 72999, 73005, 73011, 73017, 73023, 73029, 73035, 73041, 73047, 73053, 73059,
-- 73065, 73071, 73077, 73083, 73089, 73101, 73107, 73113, 73119, 73125, 73131, 73137, 73149, 73155, 73161, 73167, 73173, 73179, 73185, 73191, 73197, 73203, 73209, 73215, 73221, 73227, 73233, 73239, 73245, 73251,
-- 73257, 73263, 73269, 73275, 73281, 73287, 73293, 73299, 73305, 73311, 73317, 73323, 73329, 73335, 73341, 73347, 73353, 73359, 73365, 73371, 73377, 73383, 73389, 73395, 73401, 73407, 73413, 73419, 73425, 73431,
-- 73437, 73443, 73449, 73455, 73461, 76286, 76356, 76391, 76546, 76715, 76745));

-- -- Truesilver Deposit
-- DELETE FROM `gameobject` WHERE (`guid` IN (72208, 72232, 72238, 72244, 72250, 72256, 72268, 72274, 72280, 72304, 72316, 72334, 72340, 72346, 72352, 72436, 72466, 72874, 73402, 73432, 73444, 73450, 76287));
-- DELETE FROM `pool_gameobject` WHERE (`guid` IN (72208, 72232, 72238, 72244, 72250, 72256, 72268, 72274, 72280, 72304, 72316, 72334, 72340, 72346, 72352, 72436, 72466, 72874, 73402, 73432, 73444, 73450, 76287));

-- -- Small Thorium Vein
-- DELETE FROM `gameobject` WHERE (`guid` IN (72204, 72228, 72234, 72240, 72246, 72252, 72264, 72270, 72276, 72300, 72312, 72330, 72336, 72342, 72348, 72432, 72462, 72870, 73398, 73428, 73440, 73446));
-- DELETE FROM `pool_gameobject` WHERE (`guid` IN (72204, 72228, 72234, 72240, 72246, 72252, 72264, 72270, 72276, 72300, 72312, 72330, 72336, 72342, 72348, 72432, 72462, 72870, 73398, 73428, 73440, 73446));

-- -- Rich Thorium Vein
-- DELETE FROM `gameobject` WHERE (`guid` IN (72205, 72229, 72235, 72241, 72247, 72253, 72265, 72271, 72277, 72301, 72313, 72331, 72337, 72343, 72349, 72433, 72463, 72871, 73399, 73429, 73441, 73447));
-- DELETE FROM `pool_gameobject` WHERE (`guid` IN (72205, 72229, 72235, 72241, 72247, 72253, 72265, 72271, 72277, 72301, 72313, 72331, 72337, 72343, 72349, 72433, 72463, 72871, 73399, 73429, 73441, 73447));

-- -- Dark Iron Deposit
-- DELETE FROM `gameobject` WHERE (`guid` IN (72209, 72233, 72239, 72245, 72251, 72257, 72269, 72275, 72281, 72305, 72317, 72335, 72341, 72347, 72353, 72437, 72467, 72875, 73403, 73433, 73445, 73451, 76285));
-- DELETE FROM `pool_gameobject` WHERE (`guid` IN (72209, 72233, 72239, 72245, 72251, 72257, 72269, 72275, 72281, 72305, 72317, 72335, 72341, 72347, 72353, 72437, 72467, 72875, 73403, 73433, 73445, 73451, 76285));

-- -- Pool
-- DELETE FROM `pool_template` WHERE (`entry` IN (5150, 5154, 5155, 5170, 5186, 5189, 5191, 5192, 5194, 5198, 5199, 5222, 5223, 5245, 5254, 5291, 5304, 5306, 5316, 5340, 5592));

DELETE FROM `gameobject` WHERE `guid` BETWEEN 72312 AND 72317;
DELETE FROM `pool_gameobject` WHERE `guid` BETWEEN 72312 AND 72317;
DELETE FROM `pool_pool` WHERE `pool_id` = 4152;
DELETE FROM `pool_template` WHERE `entry` = 4152;

DELETE FROM `gameobject` WHERE `guid` BETWEEN 72252 AND 72257;
DELETE FROM `pool_gameobject` WHERE `guid` BETWEEN 72252 AND 72257;
DELETE FROM `pool_pool` WHERE `pool_id` = 4142;
DELETE FROM `pool_template` WHERE `entry` = 4142;

DELETE FROM `gameobject` WHERE `guid` BETWEEN 72612 AND 72617;
DELETE FROM `pool_gameobject` WHERE `guid` BETWEEN 72612 AND 72617;
DELETE FROM `pool_pool` WHERE `pool_id` = 4202;
DELETE FROM `pool_template` WHERE `entry` = 4202;

DELETE FROM `gameobject` WHERE `guid` BETWEEN 72606 AND 72611;
DELETE FROM `pool_gameobject` WHERE `guid` BETWEEN 72606 AND 72611;
DELETE FROM `pool_pool` WHERE `pool_id` = 4201;
DELETE FROM `pool_template` WHERE `entry` = 4201;

DELETE FROM `gameobject` WHERE `guid` BETWEEN 72330 AND 72335;
DELETE FROM `pool_gameobject` WHERE `guid` BETWEEN 72330 AND 72335;
DELETE FROM `pool_pool` WHERE `pool_id` = 4155;
DELETE FROM `pool_template` WHERE `entry` = 4155;

DELETE FROM `gameobject` WHERE `guid` BETWEEN 73074 AND 73079;
DELETE FROM `pool_gameobject` WHERE `guid` BETWEEN 73074 AND 73079;
DELETE FROM `pool_pool` WHERE `pool_id` = 4279;
DELETE FROM `pool_template` WHERE `entry` = 4279;

DELETE FROM `gameobject` WHERE `guid` BETWEEN 72348 AND 72353;
DELETE FROM `pool_gameobject` WHERE `guid` BETWEEN 72348 AND 72353;
DELETE FROM `pool_pool` WHERE `pool_id` = 4158;
DELETE FROM `pool_template` WHERE `entry` = 4158;

DELETE FROM `gameobject` WHERE `guid` BETWEEN 72336 AND 72341;
DELETE FROM `pool_gameobject` WHERE `guid` BETWEEN 72336 AND 72341;
DELETE FROM `pool_pool` WHERE `pool_id` = 4156;
DELETE FROM `pool_template` WHERE `entry` = 4156;

DELETE FROM `gameobject` WHERE `guid` BETWEEN 72510 AND 72515;
DELETE FROM `pool_gameobject` WHERE `guid` BETWEEN 72510 AND 72515;
DELETE FROM `pool_pool` WHERE `pool_id` = 4185;
DELETE FROM `pool_template` WHERE `entry` = 4185;

DELETE FROM `gameobject` WHERE `guid` BETWEEN 72930 AND 72935;
DELETE FROM `pool_gameobject` WHERE `guid` BETWEEN 72930 AND 72935;
DELETE FROM `pool_pool` WHERE `pool_id` = 4255;
DELETE FROM `pool_template` WHERE `entry` = 4255;

DELETE FROM `gameobject` WHERE `guid` BETWEEN 72372 AND 72377;
DELETE FROM `pool_gameobject` WHERE `guid` BETWEEN 72372 AND 72377;
DELETE FROM `pool_pool` WHERE `pool_id` = 4162;
DELETE FROM `pool_template` WHERE `entry` = 4162;

DELETE FROM `gameobject` WHERE `guid` BETWEEN 72240 AND 72245;
DELETE FROM `pool_gameobject` WHERE `guid` BETWEEN 72240 AND 72245;
DELETE FROM `pool_pool` WHERE `pool_id` = 4140;
DELETE FROM `pool_template` WHERE `entry` = 4140;

DELETE FROM `gameobject` WHERE `guid` BETWEEN 72900 AND 72905;
DELETE FROM `pool_gameobject` WHERE `guid` BETWEEN 72900 AND 72905;
DELETE FROM `pool_pool` WHERE `pool_id` = 4250;
DELETE FROM `pool_template` WHERE `entry` = 4250;

DELETE FROM `gameobject` WHERE `guid` BETWEEN 72960 AND 72965;
DELETE FROM `pool_gameobject` WHERE `guid` BETWEEN 72960 AND 72965;
DELETE FROM `pool_pool` WHERE `pool_id` = 4260;
DELETE FROM `pool_template` WHERE `entry` = 4260;

DELETE FROM `gameobject` WHERE `guid` BETWEEN 72414 AND 72419;
DELETE FROM `pool_gameobject` WHERE `guid` BETWEEN 72414 AND 72419;
DELETE FROM `pool_pool` WHERE `pool_id` = 4169;
DELETE FROM `pool_template` WHERE `entry` = 4169;

DELETE FROM `gameobject` WHERE `guid` BETWEEN 72870 AND 72875;
DELETE FROM `pool_gameobject` WHERE `guid` BETWEEN 72870 AND 72875;
DELETE FROM `pool_pool` WHERE `pool_id` = 4245;
DELETE FROM `pool_template` WHERE `entry` = 4245;

DELETE FROM `gameobject` WHERE `guid` BETWEEN 72594 AND 72599;
DELETE FROM `pool_gameobject` WHERE `guid` BETWEEN 72594 AND 72599;
DELETE FROM `pool_pool` WHERE `pool_id` = 4199;
DELETE FROM `pool_template` WHERE `entry` = 4199;

DELETE FROM `gameobject` WHERE `guid` BETWEEN 73428 AND 73433;
DELETE FROM `pool_gameobject` WHERE `guid` BETWEEN 73428 AND 73433;
DELETE FROM `pool_pool` WHERE `pool_id` = 4338;
DELETE FROM `pool_template` WHERE `entry` = 4338;

DELETE FROM `gameobject` WHERE `guid` BETWEEN 72450 AND 72455;
DELETE FROM `pool_gameobject` WHERE `guid` BETWEEN 72450 AND 72455;
DELETE FROM `pool_pool` WHERE `pool_id` = 4175;
DELETE FROM `pool_template` WHERE `entry` = 4175;

DELETE FROM `gameobject` WHERE `guid` BETWEEN 72300 AND 72305;
DELETE FROM `pool_gameobject` WHERE `guid` BETWEEN 72300 AND 72305;
DELETE FROM `pool_pool` WHERE `pool_id` = 4150;
DELETE FROM `pool_template` WHERE `entry` = 4150;

DELETE FROM `gameobject` WHERE `guid` BETWEEN 73398 AND 73403;
DELETE FROM `pool_gameobject` WHERE `guid` BETWEEN 73398 AND 73403;
DELETE FROM `pool_pool` WHERE `pool_id` = 4333;
DELETE FROM `pool_template` WHERE `entry` = 4333;

DELETE FROM `gameobject` WHERE `guid` BETWEEN 72990 AND 72995;
DELETE FROM `pool_gameobject` WHERE `guid` BETWEEN 72990 AND 72995;
DELETE FROM `pool_pool` WHERE `pool_id` = 4265;
DELETE FROM `pool_template` WHERE `entry` = 4265;

DELETE FROM `gameobject` WHERE `guid` BETWEEN 72276 AND 72281;
DELETE FROM `pool_gameobject` WHERE `guid` BETWEEN 72276 AND 72281;
DELETE FROM `pool_pool` WHERE `pool_id` = 4146;
DELETE FROM `pool_template` WHERE `entry` = 4146;

DELETE FROM `gameobject` WHERE `guid` BETWEEN 72864 AND 72869;
DELETE FROM `pool_gameobject` WHERE `guid` BETWEEN 72864 AND 72869;
DELETE FROM `pool_pool` WHERE `pool_id` = 4244;
DELETE FROM `pool_template` WHERE `entry` = 4244;

DELETE FROM `gameobject` WHERE `guid` BETWEEN 73308 AND 73313;
DELETE FROM `pool_gameobject` WHERE `guid` BETWEEN 73308 AND 73313;
DELETE FROM `pool_pool` WHERE `pool_id` = 4318;
DELETE FROM `pool_template` WHERE `entry` = 4318;

DELETE FROM `gameobject` WHERE `guid` BETWEEN 72246 AND 72251;
DELETE FROM `pool_gameobject` WHERE `guid` BETWEEN 72246 AND 72251;
DELETE FROM `pool_pool` WHERE `pool_id` = 4141;
DELETE FROM `pool_template` WHERE `entry` = 4141;

DELETE FROM `gameobject` WHERE `guid` BETWEEN 72756 AND 72761;
DELETE FROM `pool_gameobject` WHERE `guid` BETWEEN 72756 AND 72761;
DELETE FROM `pool_pool` WHERE `pool_id` = 4226;
DELETE FROM `pool_template` WHERE `entry` = 4226;

DELETE FROM `gameobject` WHERE `guid` BETWEEN 73050 AND 73055;
DELETE FROM `pool_gameobject` WHERE `guid` BETWEEN 73050 AND 73055;
DELETE FROM `pool_pool` WHERE `pool_id` = 4275;
DELETE FROM `pool_template` WHERE `entry` = 4275;

DELETE FROM `gameobject` WHERE `guid` BETWEEN 72750 AND 72755;
DELETE FROM `pool_gameobject` WHERE `guid` BETWEEN 72750 AND 72755;
DELETE FROM `pool_pool` WHERE `pool_id` = 4225;
DELETE FROM `pool_template` WHERE `entry` = 4225;

DELETE FROM `gameobject` WHERE `guid` BETWEEN 72918 AND 72923;
DELETE FROM `pool_gameobject` WHERE `guid` BETWEEN 72918 AND 72923;
DELETE FROM `pool_pool` WHERE `pool_id` = 4253;
DELETE FROM `pool_template` WHERE `entry` = 4253;

DELETE FROM `gameobject` WHERE `guid` BETWEEN 72810 AND 72815;
DELETE FROM `pool_gameobject` WHERE `guid` BETWEEN 72810 AND 72815;
DELETE FROM `pool_pool` WHERE `pool_id` = 4235;
DELETE FROM `pool_template` WHERE `entry` = 4235;

DELETE FROM `gameobject` WHERE `guid` BETWEEN 72642 AND 72647;
DELETE FROM `pool_gameobject` WHERE `guid` BETWEEN 72642 AND 72647;
DELETE FROM `pool_pool` WHERE `pool_id` = 4207;
DELETE FROM `pool_template` WHERE `entry` = 4207;

DELETE FROM `gameobject` WHERE `guid` BETWEEN 72396 AND 72401;
DELETE FROM `pool_gameobject` WHERE `guid` BETWEEN 72396 AND 72401;
DELETE FROM `pool_pool` WHERE `pool_id` = 4166;
DELETE FROM `pool_template` WHERE `entry` = 4166;

DELETE FROM `gameobject` WHERE `guid` BETWEEN 72234 AND 72239;
DELETE FROM `pool_gameobject` WHERE `guid` BETWEEN 72234 AND 72239;
DELETE FROM `pool_pool` WHERE `pool_id` = 4139;
DELETE FROM `pool_template` WHERE `entry` = 4139;

DELETE FROM `gameobject` WHERE `guid` BETWEEN 72432 AND 72437;
DELETE FROM `pool_gameobject` WHERE `guid` BETWEEN 72432 AND 72437;
DELETE FROM `pool_pool` WHERE `pool_id` = 4172;
DELETE FROM `pool_template` WHERE `entry` = 4172;

DELETE FROM `gameobject` WHERE `guid` BETWEEN 72462 AND 72467;
DELETE FROM `pool_gameobject` WHERE `guid` BETWEEN 72462 AND 72467;
DELETE FROM `pool_pool` WHERE `pool_id` = 4177;
DELETE FROM `pool_template` WHERE `entry` = 4177;

DELETE FROM `gameobject` WHERE `guid` BETWEEN 72270 AND 72275;
DELETE FROM `pool_gameobject` WHERE `guid` BETWEEN 72270 AND 72275;
DELETE FROM `pool_pool` WHERE `pool_id` = 4145;
DELETE FROM `pool_template` WHERE `entry` = 4145;

DELETE FROM `gameobject` WHERE `guid` BETWEEN 72228 AND 72233;
DELETE FROM `pool_gameobject` WHERE `guid` BETWEEN 72228 AND 72233;
DELETE FROM `pool_pool` WHERE `pool_id` = 4138;
DELETE FROM `pool_template` WHERE `entry` = 4138;

DELETE FROM `gameobject` WHERE `guid` BETWEEN 72162 AND 72167;
DELETE FROM `pool_gameobject` WHERE `guid` BETWEEN 72162 AND 72167;
DELETE FROM `pool_pool` WHERE `pool_id` = 4127;
DELETE FROM `pool_template` WHERE `entry` = 4127;

DELETE FROM `gameobject` WHERE `guid` BETWEEN 72342 AND 72347;
DELETE FROM `pool_gameobject` WHERE `guid` BETWEEN 72342 AND 72347;
DELETE FROM `pool_pool` WHERE `pool_id` = 4157;
DELETE FROM `pool_template` WHERE `entry` = 4157;

DELETE FROM `gameobject` WHERE `guid` BETWEEN 73446 AND 73451;
DELETE FROM `pool_gameobject` WHERE `guid` BETWEEN 73446 AND 73451;
DELETE FROM `pool_pool` WHERE `pool_id` = 4341;
DELETE FROM `pool_template` WHERE `entry` = 4341;

DELETE FROM `gameobject` WHERE `guid` BETWEEN 72660 AND 72665;
DELETE FROM `pool_gameobject` WHERE `guid` BETWEEN 72660 AND 72665;
DELETE FROM `pool_pool` WHERE `pool_id` = 4210;
DELETE FROM `pool_template` WHERE `entry` = 4210;

DELETE FROM `gameobject` WHERE `guid` BETWEEN 73440 AND 73445;
DELETE FROM `pool_gameobject` WHERE `guid` BETWEEN 73440 AND 73445;
DELETE FROM `pool_pool` WHERE `pool_id` = 4340;
DELETE FROM `pool_template` WHERE `entry` = 4340;

DELETE FROM `gameobject` WHERE `guid` BETWEEN 72258 AND 72263;
DELETE FROM `pool_gameobject` WHERE `guid` BETWEEN 72258 AND 72263;
DELETE FROM `pool_pool` WHERE `pool_id` = 4143;
DELETE FROM `pool_template` WHERE `entry` = 4143;

DELETE FROM `gameobject` WHERE `guid` BETWEEN 72204 AND 72209;
DELETE FROM `pool_gameobject` WHERE `guid` BETWEEN 72204 AND 72209;
DELETE FROM `pool_pool` WHERE `pool_id` = 4134;
DELETE FROM `pool_template` WHERE `entry` = 4134;

DELETE FROM `gameobject` WHERE `guid` BETWEEN 72264 AND 72269;
DELETE FROM `pool_gameobject` WHERE `guid` BETWEEN 72264 AND 72269;
DELETE FROM `pool_pool` WHERE `pool_id` = 4144;
DELETE FROM `pool_template` WHERE `entry` = 4144;

-- https://www.wowhead.com/wotlk/object=1734/gold-vein
DELETE FROM `pool_gameobject` where `pool_entry` IN (SELECT `pool_id` FROM `pool_pool` where `mother_pool` = 2007) AND `description` LIKE '%Gold%';
DELETE FROM `gameobject` WHERE `guid` IN (72003,72009,72015,72021,72027,72033,72039,72045,72051,72057,72063,72069,72075,72081,72087,72093,72099,72105,72111,72117,72123,72129,72135,72141,72147,72153,72159,72171,72177,
72183,72189,72195,72201,72213,72219,72225,72285,72291,72297,72309,72321,72327,72357,72363,72369,72381,72387,72393,72405,72411,72423,72429,72441,72459,72471,72477,72495,72501,72507,72519,72525,72531,72537,72543,72549,
72555,72561,72567,72573,72579,72585,72591,72603,72621,72627,72633,72639,72651,72657,72669,72675,72681,72687,72693,72699,72705,72711,72717,72723,72729,72735,72741,72747,72765,72771,72777,72783,72789,72795,72801,72807,
72819,72825,72831,72837,72843,72849,72861,72879,72885,72891,72897,72909,72915,72927,72939,72945,72951,72957,72969,72975,72981,72999,73005,73011,73017,73023,73029,73035,73041,73047,73059,73065,73071,73083,73089,73101,
73107,73113,73119,73125,73131,73137,73149,73155,73161,73167,73173,73179,73185,73191,73197,73203,73209,73215,73221,73227,73233,73239,73245,73251,73257,73263,73269,73275,73281,73287,73293,73299,73305,73317,73323,73329,
73335,73341,73347,73353,73359,73365,73371,73377,73383,73389,73395,73407,73413,73419,73425,73437,73455,73461);

-- Wait for Mithril to be respawned in swamp of sorrows.
-- https://www.wowhead.com/wotlk/object=2040/mithril-deposit
DELETE FROM `pool_gameobject` where `pool_entry` IN (SELECT `pool_id` FROM `pool_pool` where `mother_pool` = 2007) AND `description` LIKE '%Mithril%';
DELETE FROM `gameobject` WHERE `guid` IN (72002,72008,72014,72020,72026,72032,72038,72044,72050,72056,72062,72068,72074,72080,72086,72092,72098,72104,72110,72116,72122,72128,72134,72140,72146,72152,72158,72170,72176,
72182,72188,72194,72200,72212,72218,72224,72284,72290,72296,72308,72320,72326,72356,72362,72368,72380,72386,72392,72404,72410,72422,72428,72440,72458,72470,72476,72494,72500,72506,72518,72524,72530,72536,72542,72548,
72554,72560,72566,72572,72578,72584,72590,72602,72620,72626,72632,72638,72650,72656,72668,72674,72680,72686,72692,72698,72704,72710,72716,72722,72728,72734,72740,72746,72764,72770,72776,72782,72788,72794,72800,72806,
72818,72824,72830,72836,72842,72848,72860,72878,72884,72890,72896,72908,72914,72926,72938,72944,72950,72956,72968,72974,72980,72998,73004,73010,73016,73022,73028,73034,73040,73046,73058,73064,73070,73082,73088,73100,
73106,73112,73118,73124,73130,73136,73148,73154,73160,73166,73172,73178,73184,73190,73196,73202,73208,73214,73220,73226,73232,73238,73244,73250,73256,73262,73268,73274,73280,73286,73292,73298,73304,73316,73322,73328,
73334,73340,73346,73352,73358,73364,73370,73376,73382,73388,73394,73406,73412,73418,73424,73436,73454,73460);

-- corrupted nodes

DELETE FROM `gameobject` WHERE `guid` BETWEEN 72006 AND 72011;
DELETE FROM `pool_gameobject` WHERE `guid` BETWEEN 72006 AND 72011;
DELETE FROM `pool_pool` WHERE `pool_id` = 4101;
DELETE FROM `pool_template` WHERE `entry` = 4101;

DELETE FROM `gameobject` WHERE `guid` BETWEEN 72018 AND 72023;
DELETE FROM `pool_gameobject` WHERE `guid` BETWEEN 72018 AND 72023;
DELETE FROM `pool_pool` WHERE `pool_id` = 4103;
DELETE FROM `pool_template` WHERE `entry` = 4103;

DELETE FROM `gameobject` WHERE `guid` BETWEEN 72030 AND 72035;
DELETE FROM `pool_gameobject` WHERE `guid` BETWEEN 72030 AND 72035;
DELETE FROM `pool_pool` WHERE `pool_id` = 4105;
DELETE FROM `pool_template` WHERE `entry` = 4105;

DELETE FROM `gameobject` WHERE `guid` BETWEEN 72042 AND 72047;
DELETE FROM `pool_gameobject` WHERE `guid` BETWEEN 72042 AND 72047;
DELETE FROM `pool_pool` WHERE `pool_id` = 4107;
DELETE FROM `pool_template` WHERE `entry` = 4107;	

DELETE FROM `gameobject` WHERE `guid` BETWEEN 72108 AND 72113;
DELETE FROM `pool_gameobject` WHERE `guid` BETWEEN 72108 AND 72113;
DELETE FROM `pool_pool` WHERE `pool_id` = 4118;
DELETE FROM `pool_template` WHERE `entry` = 4118;
	
DELETE FROM `gameobject` WHERE `guid` BETWEEN 72156 AND 72161;
DELETE FROM `pool_gameobject` WHERE `guid` BETWEEN 72156 AND 72161;
DELETE FROM `pool_pool` WHERE `pool_id` = 4126;
DELETE FROM `pool_template` WHERE `entry` = 4126;

DELETE FROM `gameobject` WHERE `guid` BETWEEN 72174 AND 72179;
DELETE FROM `pool_gameobject` WHERE `guid` BETWEEN 72174 AND 72179;
DELETE FROM `pool_pool` WHERE `pool_id` = 4129;
DELETE FROM `pool_template` WHERE `entry` = 4129;

DELETE FROM `gameobject` WHERE `guid` BETWEEN 72210 AND 72215;
DELETE FROM `pool_gameobject` WHERE `guid` BETWEEN 72210 AND 72215;
DELETE FROM `pool_pool` WHERE `pool_id` = 4135;
DELETE FROM `pool_template` WHERE `entry` = 4135;

DELETE FROM `gameobject` WHERE `guid` BETWEEN 72306 AND 72311;
DELETE FROM `pool_gameobject` WHERE `guid` BETWEEN 72306 AND 72311;
DELETE FROM `pool_pool` WHERE `pool_id` = 4151;
DELETE FROM `pool_template` WHERE `entry` = 4151;

DELETE FROM `gameobject` WHERE `guid` BETWEEN 72360 AND 72365;
DELETE FROM `pool_gameobject` WHERE `guid` BETWEEN 72360 AND 72365;
DELETE FROM `pool_pool` WHERE `pool_id` = 4160;
DELETE FROM `pool_template` WHERE `entry` = 4160;

DELETE FROM `gameobject` WHERE `guid` BETWEEN 72366 AND 72371;
DELETE FROM `pool_gameobject` WHERE `guid` BETWEEN 72366 AND 72371;
DELETE FROM `pool_pool` WHERE `pool_id` = 4161;
DELETE FROM `pool_template` WHERE `entry` = 4161;

DELETE FROM `gameobject` WHERE `guid` BETWEEN 72384 AND 72389;
DELETE FROM `pool_gameobject` WHERE `guid` BETWEEN 72384 AND 72389;
DELETE FROM `pool_pool` WHERE `pool_id` = 4164;
DELETE FROM `pool_template` WHERE `entry` = 4164;

DELETE FROM `gameobject` WHERE `guid` BETWEEN 72408 AND 72413;
DELETE FROM `pool_gameobject` WHERE `guid` BETWEEN 72408 AND 72413;
DELETE FROM `pool_pool` WHERE `pool_id` = 4168;
DELETE FROM `pool_template` WHERE `entry` = 4168;

DELETE FROM `gameobject` WHERE `guid` BETWEEN 72492 AND 72497;
DELETE FROM `pool_gameobject` WHERE `guid` BETWEEN 72492 AND 72497;
DELETE FROM `pool_pool` WHERE `pool_id` = 4182;
DELETE FROM `pool_template` WHERE `entry` = 4182;

DELETE FROM `gameobject` WHERE `guid` BETWEEN 72498 AND 72503;
DELETE FROM `pool_gameobject` WHERE `guid` BETWEEN 72498 AND 72503;
DELETE FROM `pool_pool` WHERE `pool_id` = 4183;
DELETE FROM `pool_template` WHERE `entry` = 4183;

DELETE FROM `gameobject` WHERE `guid` BETWEEN 72504 AND 72509;
DELETE FROM `pool_gameobject` WHERE `guid` BETWEEN 72504 AND 72509;
DELETE FROM `pool_pool` WHERE `pool_id` = 4184;
DELETE FROM `pool_template` WHERE `entry` = 4184;

DELETE FROM `gameobject` WHERE `guid` BETWEEN 72522 AND 72527;
DELETE FROM `pool_gameobject` WHERE `guid` BETWEEN 72522 AND 72527;
DELETE FROM `pool_pool` WHERE `pool_id` = 4187;
DELETE FROM `pool_template` WHERE `entry` = 4187;

DELETE FROM `gameobject` WHERE `guid` BETWEEN 72528 AND 72533;
DELETE FROM `pool_gameobject` WHERE `guid` BETWEEN 72528 AND 72533;
DELETE FROM `pool_pool` WHERE `pool_id` = 4188;
DELETE FROM `pool_template` WHERE `entry` = 4188;

DELETE FROM `gameobject` WHERE `guid` BETWEEN 72534 AND 72539;
DELETE FROM `pool_gameobject` WHERE `guid` BETWEEN 72534 AND 72539;
DELETE FROM `pool_pool` WHERE `pool_id` = 4189;
DELETE FROM `pool_template` WHERE `entry` = 4189;
	
DELETE FROM `gameobject` WHERE `guid` BETWEEN 72546 AND 72551;
DELETE FROM `pool_gameobject` WHERE `guid` BETWEEN 72546 AND 72551;
DELETE FROM `pool_pool` WHERE `pool_id` = 4191;
DELETE FROM `pool_template` WHERE `entry` = 4191;

DELETE FROM `gameobject` WHERE `guid` BETWEEN 72558 AND 72563;
DELETE FROM `pool_gameobject` WHERE `guid` BETWEEN 72558 AND 72563;
DELETE FROM `pool_pool` WHERE `pool_id` = 4193;
DELETE FROM `pool_template` WHERE `entry` = 4193;

DELETE FROM `gameobject` WHERE `guid` BETWEEN 72564 AND 72569;
DELETE FROM `pool_gameobject` WHERE `guid` BETWEEN 72564 AND 72569;
DELETE FROM `pool_pool` WHERE `pool_id` = 4194;
DELETE FROM `pool_template` WHERE `entry` = 4194;

DELETE FROM `gameobject` WHERE `guid` BETWEEN 72570 AND 72575;
DELETE FROM `pool_gameobject` WHERE `guid` BETWEEN 72570 AND 72575;
DELETE FROM `pool_pool` WHERE `pool_id` = 4195;
DELETE FROM `pool_template` WHERE `entry` = 4195;

DELETE FROM `gameobject` WHERE `guid` BETWEEN 72576 AND 72581;
DELETE FROM `pool_gameobject` WHERE `guid` BETWEEN 72576 AND 72581;
DELETE FROM `pool_pool` WHERE `pool_id` = 4196;
DELETE FROM `pool_template` WHERE `entry` = 4196;

DELETE FROM `gameobject` WHERE `guid` BETWEEN 72588 AND 72593;
DELETE FROM `pool_gameobject` WHERE `guid` BETWEEN 72588 AND 72593;
DELETE FROM `pool_pool` WHERE `pool_id` = 4198;
DELETE FROM `pool_template` WHERE `entry` = 4198;

DELETE FROM `gameobject` WHERE `guid` BETWEEN 72600 AND 72605;
DELETE FROM `pool_gameobject` WHERE `guid` BETWEEN 72600 AND 72605;
DELETE FROM `pool_pool` WHERE `pool_id` = 4200;
DELETE FROM `pool_template` WHERE `entry` = 4200;

DELETE FROM `gameobject` WHERE `guid` BETWEEN 72618 AND 72623;
DELETE FROM `pool_gameobject` WHERE `guid` BETWEEN 72618 AND 72623;
DELETE FROM `pool_pool` WHERE `pool_id` = 4203;
DELETE FROM `pool_template` WHERE `entry` = 4203;

DELETE FROM `gameobject` WHERE `guid` BETWEEN 72630 AND 72635;
DELETE FROM `pool_gameobject` WHERE `guid` BETWEEN 72630 AND 72635;
DELETE FROM `pool_pool` WHERE `pool_id` = 4205;
DELETE FROM `pool_template` WHERE `entry` = 4205;

DELETE FROM `gameobject` WHERE `guid` BETWEEN 72636 AND 72641;
DELETE FROM `pool_gameobject` WHERE `guid` BETWEEN 72636 AND 72641;
DELETE FROM `pool_pool` WHERE `pool_id` = 4206;
DELETE FROM `pool_template` WHERE `entry` = 4206;

DELETE FROM `gameobject` WHERE `guid` BETWEEN 72648 AND 72653;
DELETE FROM `pool_gameobject` WHERE `guid` BETWEEN 72648 AND 72653;
DELETE FROM `pool_pool` WHERE `pool_id` = 4208;
DELETE FROM `pool_template` WHERE `entry` = 4208;

DELETE FROM `gameobject` WHERE `guid` BETWEEN 72654 AND 72659;
DELETE FROM `pool_gameobject` WHERE `guid` BETWEEN 72654 AND 72659;
DELETE FROM `pool_pool` WHERE `pool_id` = 4209;
DELETE FROM `pool_template` WHERE `entry` = 4209;

DELETE FROM `gameobject` WHERE `guid` BETWEEN 72678 AND 72683;
DELETE FROM `pool_gameobject` WHERE `guid` BETWEEN 72678 AND 72683;
DELETE FROM `pool_pool` WHERE `pool_id` = 4213;
DELETE FROM `pool_template` WHERE `entry` = 4213;

DELETE FROM `gameobject` WHERE `guid` BETWEEN 72684 AND 72689;
DELETE FROM `pool_gameobject` WHERE `guid` BETWEEN 72684 AND 72689;
DELETE FROM `pool_pool` WHERE `pool_id` = 4214;
DELETE FROM `pool_template` WHERE `entry` = 4214;

DELETE FROM `gameobject` WHERE `guid` BETWEEN 72702 AND 72707;
DELETE FROM `pool_gameobject` WHERE `guid` BETWEEN 72702 AND 72707;
DELETE FROM `pool_pool` WHERE `pool_id` = 4217;
DELETE FROM `pool_template` WHERE `entry` = 4217;

DELETE FROM `gameobject` WHERE `guid` BETWEEN 72720 AND 72725;
DELETE FROM `pool_gameobject` WHERE `guid` BETWEEN 72720 AND 72725;
DELETE FROM `pool_pool` WHERE `pool_id` = 4220;
DELETE FROM `pool_template` WHERE `entry` = 4220;

DELETE FROM `gameobject` WHERE `guid` BETWEEN 72726 AND 72731;
DELETE FROM `pool_gameobject` WHERE `guid` BETWEEN 72726 AND 72731;
DELETE FROM `pool_pool` WHERE `pool_id` = 4221;
DELETE FROM `pool_template` WHERE `entry` = 4221;

DELETE FROM `gameobject` WHERE `guid` BETWEEN 72738 AND 72743;
DELETE FROM `pool_gameobject` WHERE `guid` BETWEEN 72738 AND 72743;
DELETE FROM `pool_pool` WHERE `pool_id` = 4223;
DELETE FROM `pool_template` WHERE `entry` = 4223;

DELETE FROM `gameobject` WHERE `guid` BETWEEN 72744 AND 72749;
DELETE FROM `pool_gameobject` WHERE `guid` BETWEEN 72744 AND 72749;
DELETE FROM `pool_pool` WHERE `pool_id` = 4224;
DELETE FROM `pool_template` WHERE `entry` = 4224;

DELETE FROM `gameobject` WHERE `guid` BETWEEN 72762 AND 72767;
DELETE FROM `pool_gameobject` WHERE `guid` BETWEEN 72762 AND 72767;
DELETE FROM `pool_pool` WHERE `pool_id` = 4227;
DELETE FROM `pool_template` WHERE `entry` = 4227;

DELETE FROM `gameobject` WHERE `guid` BETWEEN 72768 AND 72773;
DELETE FROM `pool_gameobject` WHERE `guid` BETWEEN 72768 AND 72773;
DELETE FROM `pool_pool` WHERE `pool_id` = 4228;
DELETE FROM `pool_template` WHERE `entry` = 4228;

DELETE FROM `gameobject` WHERE `guid` BETWEEN 72780 AND 72785;
DELETE FROM `pool_gameobject` WHERE `guid` BETWEEN 72780 AND 72785;
DELETE FROM `pool_pool` WHERE `pool_id` = 4230;
DELETE FROM `pool_template` WHERE `entry` = 4230;

DELETE FROM `gameobject` WHERE `guid` BETWEEN 72804 AND 72809;
DELETE FROM `pool_gameobject` WHERE `guid` BETWEEN 72804 AND 72809;
DELETE FROM `pool_pool` WHERE `pool_id` = 4234;
DELETE FROM `pool_template` WHERE `entry` = 4234;

DELETE FROM `gameobject` WHERE `guid` BETWEEN 72816 AND 72821;
DELETE FROM `pool_gameobject` WHERE `guid` BETWEEN 72816 AND 72821;
DELETE FROM `pool_pool` WHERE `pool_id` = 4236;
DELETE FROM `pool_template` WHERE `entry` = 4236;

DELETE FROM `gameobject` WHERE `guid` BETWEEN 72822 AND 72827;
DELETE FROM `pool_gameobject` WHERE `guid` BETWEEN 72822 AND 72827;
DELETE FROM `pool_pool` WHERE `pool_id` = 4237;
DELETE FROM `pool_template` WHERE `entry` = 4237;

DELETE FROM `gameobject` WHERE `guid` BETWEEN 72828 AND 72833;
DELETE FROM `pool_gameobject` WHERE `guid` BETWEEN 72828 AND 72833;
DELETE FROM `pool_pool` WHERE `pool_id` = 4238;
DELETE FROM `pool_template` WHERE `entry` = 4238;

DELETE FROM `gameobject` WHERE `guid` BETWEEN 72858 AND 72863;
DELETE FROM `pool_gameobject` WHERE `guid` BETWEEN 72858 AND 72863;
DELETE FROM `pool_pool` WHERE `pool_id` = 4243;
DELETE FROM `pool_template` WHERE `entry` = 4243;

DELETE FROM `gameobject` WHERE `guid` BETWEEN 72876 AND 72881;
DELETE FROM `pool_gameobject` WHERE `guid` BETWEEN 72876 AND 72881;
DELETE FROM `pool_pool` WHERE `pool_id` = 4246;
DELETE FROM `pool_template` WHERE `entry` = 4246;

DELETE FROM `gameobject` WHERE `guid` BETWEEN 72888 AND 72893;
DELETE FROM `pool_gameobject` WHERE `guid` BETWEEN 72888 AND 72893;
DELETE FROM `pool_pool` WHERE `pool_id` = 4248;
DELETE FROM `pool_template` WHERE `entry` = 4248;

DELETE FROM `gameobject` WHERE `guid` BETWEEN 72912 AND 72917;
DELETE FROM `pool_gameobject` WHERE `guid` BETWEEN 72912 AND 72917;
DELETE FROM `pool_pool` WHERE `pool_id` = 4252;
DELETE FROM `pool_template` WHERE `entry` = 4252;

DELETE FROM `gameobject` WHERE `guid` BETWEEN 72924 AND 72929;
DELETE FROM `pool_gameobject` WHERE `guid` BETWEEN 72924 AND 72929;
DELETE FROM `pool_pool` WHERE `pool_id` = 4254;
DELETE FROM `pool_template` WHERE `entry` = 4254;

DELETE FROM `gameobject` WHERE `guid` BETWEEN 72936 AND 72941;
DELETE FROM `pool_gameobject` WHERE `guid` BETWEEN 72936 AND 72941;
DELETE FROM `pool_pool` WHERE `pool_id` = 4256;
DELETE FROM `pool_template` WHERE `entry` = 4256;

DELETE FROM `gameobject` WHERE `guid` BETWEEN 72942 AND 72947;
DELETE FROM `pool_gameobject` WHERE `guid` BETWEEN 72942 AND 72947;
DELETE FROM `pool_pool` WHERE `pool_id` = 4257;
DELETE FROM `pool_template` WHERE `entry` = 4257;

DELETE FROM `gameobject` WHERE `guid` BETWEEN 72954 AND 72959;
DELETE FROM `pool_gameobject` WHERE `guid` BETWEEN 72954 AND 72959;
DELETE FROM `pool_pool` WHERE `pool_id` = 4259;
DELETE FROM `pool_template` WHERE `entry` = 4259;

DELETE FROM `gameobject` WHERE `guid` BETWEEN 72966 AND 72971;
DELETE FROM `pool_gameobject` WHERE `guid` BETWEEN 72966 AND 72971;
DELETE FROM `pool_pool` WHERE `pool_id` = 4261;
DELETE FROM `pool_template` WHERE `entry` = 4261;

DELETE FROM `gameobject` WHERE `guid` BETWEEN 72972 AND 72977;
DELETE FROM `pool_gameobject` WHERE `guid` BETWEEN 72972 AND 72977;
DELETE FROM `pool_pool` WHERE `pool_id` = 4262;
DELETE FROM `pool_template` WHERE `entry` = 4262;

DELETE FROM `gameobject` WHERE `guid` BETWEEN 73014 AND 73019;
DELETE FROM `pool_gameobject` WHERE `guid` BETWEEN 73014 AND 73019;
DELETE FROM `pool_pool` WHERE `pool_id` = 4269;
DELETE FROM `pool_template` WHERE `entry` = 4269;

DELETE FROM `gameobject` WHERE `guid` BETWEEN 73020 AND 73025;
DELETE FROM `pool_gameobject` WHERE `guid` BETWEEN 73020 AND 73025;
DELETE FROM `pool_pool` WHERE `pool_id` = 4270;
DELETE FROM `pool_template` WHERE `entry` = 4270;

DELETE FROM `gameobject` WHERE `guid` BETWEEN 73026 AND 73031;
DELETE FROM `pool_gameobject` WHERE `guid` BETWEEN 73026 AND 73031;
DELETE FROM `pool_pool` WHERE `pool_id` = 4271;
DELETE FROM `pool_template` WHERE `entry` = 4271;

DELETE FROM `gameobject` WHERE `guid` BETWEEN 73044 AND 73049;
DELETE FROM `pool_gameobject` WHERE `guid` BETWEEN 73044 AND 73049;
DELETE FROM `pool_pool` WHERE `pool_id` = 4274;
DELETE FROM `pool_template` WHERE `entry` = 4274;

DELETE FROM `gameobject` WHERE `guid` BETWEEN 73056 AND 73061;
DELETE FROM `pool_gameobject` WHERE `guid` BETWEEN 73056 AND 73061;
DELETE FROM `pool_pool` WHERE `pool_id` = 4276;
DELETE FROM `pool_template` WHERE `entry` = 4276;

DELETE FROM `gameobject` WHERE `guid` BETWEEN 73098 AND 73103;
DELETE FROM `pool_gameobject` WHERE `guid` BETWEEN 73098 AND 73103;
DELETE FROM `pool_pool` WHERE `pool_id` = 4283;
DELETE FROM `pool_template` WHERE `entry` = 4283;

DELETE FROM `gameobject` WHERE `guid` BETWEEN 73110 AND 73115;
DELETE FROM `pool_gameobject` WHERE `guid` BETWEEN 73110 AND 73115;
DELETE FROM `pool_pool` WHERE `pool_id` = 4285;
DELETE FROM `pool_template` WHERE `entry` = 4285;

DELETE FROM `gameobject` WHERE `guid` BETWEEN 73122 AND 73127;
DELETE FROM `pool_gameobject` WHERE `guid` BETWEEN 73122 AND 73127;
DELETE FROM `pool_pool` WHERE `pool_id` = 4287;
DELETE FROM `pool_template` WHERE `entry` = 4287;

DELETE FROM `gameobject` WHERE `guid` BETWEEN 73128 AND 73133;
DELETE FROM `pool_gameobject` WHERE `guid` BETWEEN 73128 AND 73133;
DELETE FROM `pool_pool` WHERE `pool_id` = 4288;
DELETE FROM `pool_template` WHERE `entry` = 4288;

DELETE FROM `gameobject` WHERE `guid` BETWEEN 73170 AND 73175;
DELETE FROM `pool_gameobject` WHERE `guid` BETWEEN 73170 AND 73175;
DELETE FROM `pool_pool` WHERE `pool_id` = 4295;
DELETE FROM `pool_template` WHERE `entry` = 4295;

DELETE FROM `gameobject` WHERE `guid` BETWEEN 73194 AND 73199;
DELETE FROM `pool_gameobject` WHERE `guid` BETWEEN 73194 AND 73199;
DELETE FROM `pool_pool` WHERE `pool_id` = 4299;
DELETE FROM `pool_template` WHERE `entry` = 4299;

DELETE FROM `gameobject` WHERE `guid` BETWEEN 73254 AND 73259;
DELETE FROM `pool_gameobject` WHERE `guid` BETWEEN 73254 AND 73259;
DELETE FROM `pool_pool` WHERE `pool_id` = 4309;
DELETE FROM `pool_template` WHERE `entry` = 4309;

DELETE FROM `gameobject` WHERE `guid` BETWEEN 73260 AND 73265;
DELETE FROM `pool_gameobject` WHERE `guid` BETWEEN 73260 AND 73265;
DELETE FROM `pool_pool` WHERE `pool_id` = 4310;
DELETE FROM `pool_template` WHERE `entry` = 4310;

DELETE FROM `gameobject` WHERE `guid` BETWEEN 73272 AND 73277;
DELETE FROM `pool_gameobject` WHERE `guid` BETWEEN 73272 AND 73277;
DELETE FROM `pool_pool` WHERE `pool_id` = 4312;
DELETE FROM `pool_template` WHERE `entry` = 4312;

DELETE FROM `gameobject` WHERE `guid` BETWEEN 73284 AND 73289;
DELETE FROM `pool_gameobject` WHERE `guid` BETWEEN 73284 AND 73289;
DELETE FROM `pool_pool` WHERE `pool_id` = 4314;
DELETE FROM `pool_template` WHERE `entry` = 4314;

DELETE FROM `gameobject` WHERE `guid` BETWEEN 73356 AND 73361;
DELETE FROM `pool_gameobject` WHERE `guid` BETWEEN 73356 AND 73361;
DELETE FROM `pool_pool` WHERE `pool_id` = 4326;
DELETE FROM `pool_template` WHERE `entry` = 4326;

DELETE FROM `gameobject` WHERE `guid` BETWEEN 73374 AND 73379;
DELETE FROM `pool_gameobject` WHERE `guid` BETWEEN 73374 AND 73379;
DELETE FROM `pool_pool` WHERE `pool_id` = 4329;
DELETE FROM `pool_template` WHERE `entry` = 4329;

DELETE FROM `gameobject` WHERE `guid` BETWEEN 73386 AND 73391;
DELETE FROM `pool_gameobject` WHERE `guid` BETWEEN 73386 AND 73391;
DELETE FROM `pool_pool` WHERE `pool_id` = 4331;
DELETE FROM `pool_template` WHERE `entry` = 4331;

DELETE FROM `gameobject` WHERE `guid` BETWEEN 73404 AND 73409;
DELETE FROM `pool_gameobject` WHERE `guid` BETWEEN 73404 AND 73409;
DELETE FROM `pool_pool` WHERE `pool_id` = 4334;
DELETE FROM `pool_template` WHERE `entry` = 4334;

DELETE FROM `gameobject` WHERE `guid` BETWEEN 73422 AND 73427;
DELETE FROM `pool_gameobject` WHERE `guid` BETWEEN 73422 AND 73427;
DELETE FROM `pool_pool` WHERE `pool_id` = 4337;
DELETE FROM `pool_template` WHERE `entry` = 4337;

DELETE FROM `gameobject` WHERE `guid` BETWEEN 73434 AND 73439;
DELETE FROM `pool_gameobject` WHERE `guid` BETWEEN 73434 AND 73439;
DELETE FROM `pool_pool` WHERE `pool_id` = 4339;
DELETE FROM `pool_template` WHERE `entry` = 4339;
	
DELETE FROM `gameobject` WHERE `guid` BETWEEN 73452 AND 73457;
DELETE FROM `pool_gameobject` WHERE `guid` BETWEEN 73452 AND 73457;
DELETE FROM `pool_pool` WHERE `pool_id` = 4342;
DELETE FROM `pool_template` WHERE `entry` = 4342;

DELETE FROM `gameobject` WHERE `guid` BETWEEN 73458 AND 73463;
DELETE FROM `pool_gameobject` WHERE `guid` BETWEEN 73458 AND 73463;
DELETE FROM `pool_pool` WHERE `pool_id` = 4343;
DELETE FROM `pool_template` WHERE `entry` = 4343;

DELETE FROM `gameobject` WHERE `guid` BETWEEN 76713 AND 76715;
DELETE FROM `pool_gameobject` WHERE `guid` BETWEEN 76713 AND 76715;
DELETE FROM `pool_pool` WHERE `pool_id` = 6198;
DELETE FROM `pool_template` WHERE `entry` = 6198;

-- 72000	4100	0	Mineral Spawn Point 1 - Small Thorium
-- 72001	4100	25	Mineral Spawn Point 1 - Rich Thorium
-- 72004	4100	20	Mineral Spawn Point 1 - Truesilver -> 5
-- 72005	4100	5	Mineral Spawn Point 1 - Dark Iron -> 20
UPDATE `pool_gameobject` SET `chance` = 5 WHERE `pool_entry` IN (SELECT `pool_id` FROM `pool_pool` WHERE `mother_pool` = 2007) AND `description` LIKE '%Truesilver%';
UPDATE `pool_gameobject` SET `chance` = 20 WHERE `pool_entry` IN (SELECT `pool_id` FROM `pool_pool` WHERE `mother_pool` = 2007) AND `description` LIKE '%Iron%';

UPDATE `pool_template` SET `max_limit` = 20 WHERE `entry` = 2007; -- 48	Master Mineral Pool - Burning Steppes (4 diff ores left)

-- ----------------------------------------------------------------------------------------------------------------------------------------------------------------------------------------------------------------

SET @OGUID := 141670;
SET @SGUID := 391;

INSERT INTO `gameobject` (`guid`, `id`, `map`, `spawnMask`, `position_x`, `position_y`, `position_z`, `orientation`, `rotation0`, `rotation1`, `rotation2`, `rotation3`, `spawntimesecsmin`, `spawntimesecsmax`) VALUES
(@OGUID + 00, 0, 0, 1, -8069.666015625, -1793.3583984375, 138.632904052734375, 5.672322273254394531, 0, 0, -0.3007049560546875, 0.953717231750488281, 600, 900),
(@OGUID + 01, 0, 0, 1, -8188.759765625, -1926.49267578125, 148.641387939453125, 5.602506637573242187, 0, 0, -0.33380699157714843, 0.942641437053680419, 600, 900),
(@OGUID + 02, 0, 0, 1, -8350.845703125, -1897.9488525390625, 179.3407745361328125, 2.251473426818847656, 0, 0, 0.902585029602050781, 0.430511653423309326, 600, 900),
(@OGUID + 03, 0, 0, 1, -8243.2236328125, -2085.77685546875, 159.044708251953125, 1.064649581909179687, 0, 0, 0.507537841796875, 0.861629426479339599, 600, 900),
(@OGUID + 04, 0, 0, 1, -8266.6787109375, -2304.53076171875, 157.275115966796875, 0.837757468223571777, 0, 0, 0.406736373901367187, 0.913545548915863037, 600, 900),
(@OGUID + 05, 0, 0, 1, -8265.208984375, -2501.087158203125, 151.8874359130859375, 0.261798173189163208, 0, 0, 0.130525588989257812, 0.991444945335388183, 600, 900);

INSERT INTO `spawn_group` (`Id`, `Name`, `Type`, `MaxCount`, `WorldState`, `Flags`) VALUES
(@SGUID + 00, 'Burning Steppes - Mithril Deposit | Gold Vein | Truesilver Deposit | Dark Iron Deposit (1) Ore 000', '1', '1', '0', '0');

INSERT INTO `spawn_group_spawn` (`Id`, `Guid`, `SlotId`) VALUES
(@SGUID + 00, @OGUID + 00, '-1'),
(@SGUID + 00, @OGUID + 01, '-1'),
(@SGUID + 00, @OGUID + 02, '-1'),
(@SGUID + 00, @OGUID + 03, '-1'),
(@SGUID + 00, @OGUID + 04, '-1'),
(@SGUID + 00, @OGUID + 05, '-1');

INSERT INTO `spawn_group_entry` (`Id`, `Entry`, `MinCount`, `MaxCount`, `Chance`) VALUES
(@SGUID + 00, '2040', '0', '0', '0'),
(@SGUID + 00, '1734', '0', '0', '5'),
(@SGUID + 00, '2047', '0', '0', '5'),
(@SGUID + 00, '165658', '0', '0', '20');

-- ----------------------------------------------------------------------------------------------------------------------------------------------------------------------------------------------------------------

INSERT INTO `gameobject` (`guid`, `id`, `map`, `spawnMask`, `position_x`, `position_y`, `position_z`, `orientation`, `rotation0`, `rotation1`, `rotation2`, `rotation3`, `spawntimesecsmin`, `spawntimesecsmax`) VALUES
(@OGUID + 10, 0, 0, 1, -8395.6376953125, -1012.5947265625, 190.2682647705078125, 5.218535900115966796, 0, 0, -0.507537841796875, 0.861629426479339599, 600, 900),
(@OGUID + 11, 0, 0, 1, -8074.6318359375, -1596.5684814453125, 139.6137847900390625, 6.265733242034912109, 0, 0, -0.00872611999511718, 0.999961912631988525, 600, 900),
(@OGUID + 12, 0, 0, 1, -7681.6943359375, -1883.4835205078125, 137.1594085693359375, 4.886923789978027343, 0, 0, -0.64278697967529296, 0.766044974327087402, 600, 900),
(@OGUID + 13, 0, 0, 1, -7916.3603515625, -1989.86328125, 141.3887176513671875, 1.32644820213317871, 0, 0, 0.615660667419433593, 0.788011372089385986, 600, 900),
(@OGUID + 14, 0, 0, 1, -7797.93603515625, -2358.83837890625, 144.6898193359375, 4.328419685363769531, 0, 0, -0.82903671264648437, 0.559194147586822509, 600, 900);

INSERT INTO `spawn_group` (`Id`, `Name`, `Type`, `MaxCount`, `WorldState`, `Flags`) VALUES
(@SGUID + 01, 'Burning Steppes - Mithril Deposit | Gold Vein | Truesilver Deposit | Dark Iron Deposit (1) Ore 001', '1', '1', '0', '0');

INSERT INTO `spawn_group_spawn` (`Id`, `Guid`, `SlotId`) VALUES
(@SGUID + 01, @OGUID + 10, '-1'),
(@SGUID + 01, @OGUID + 11, '-1'),
(@SGUID + 01, @OGUID + 12, '-1'),
(@SGUID + 01, @OGUID + 13, '-1'),
(@SGUID + 01, @OGUID + 14, '-1');

INSERT INTO `spawn_group_entry` (`Id`, `Entry`, `MinCount`, `MaxCount`, `Chance`) VALUES
(@SGUID + 01, '2040', '0', '0', '0'),
(@SGUID + 01, '1734', '0', '0', '5'),
(@SGUID + 01, '2047', '0', '0', '5'),
(@SGUID + 01, '165658', '0', '0', '20');

-- ----------------------------------------------------------------------------------------------------------------------------------------------------------------------------------------------------------------

INSERT INTO `gameobject` (`guid`, `id`, `map`, `spawnMask`, `position_x`, `position_y`, `position_z`, `orientation`, `rotation0`, `rotation1`, `rotation2`, `rotation3`, `spawntimesecsmin`, `spawntimesecsmax`) VALUES
(@OGUID + 20, 0, 0, 1, -8225.0908203125, -2783.73388671875, 139.5931396484375, 3.926995515823364257, 0, 0, -0.92387866973876953, 0.38268551230430603, 600, 900),
(@OGUID + 21, 0, 0, 1, -8046.55224609375, -2989.314697265625, 143.2767486572265625, 3.45575571060180664, 0, 0, -0.98768806457519531, 0.156436234712600708, 600, 900),
(@OGUID + 22, 0, 0, 1, -7751.43408203125, -2988.83203125, 143.2830352783203125, 1.867502212524414062, 0, 0, 0.803856849670410156, 0.594822824001312255, 600, 900),
(@OGUID + 23, 0, 0, 1, -7537.9365234375, -2822.671142578125, 161.341033935546875, 3.24634718894958496, 0, 0, -0.99862861633300781, 0.052353221923112869, 600, 900),
(@OGUID + 24, 0, 0, 1, -7524.611328125, -2585.582275390625, 141.7464752197265625, 2.024578809738159179, 0, 0, 0.848047256469726562, 0.529920578002929687, 600, 900);

INSERT INTO `spawn_group` (`Id`, `Name`, `Type`, `MaxCount`, `WorldState`, `Flags`) VALUES
(@SGUID + 02, 'Burning Steppes - Mithril Deposit | Gold Vein | Truesilver Deposit | Dark Iron Deposit (1) Ore 002', '1', '1', '0', '0');

INSERT INTO `spawn_group_spawn` (`Id`, `Guid`, `SlotId`) VALUES
(@SGUID + 02, @OGUID + 20, '-1'),
(@SGUID + 02, @OGUID + 21, '-1'),
(@SGUID + 02, @OGUID + 22, '-1'),
(@SGUID + 02, @OGUID + 23, '-1'),
(@SGUID + 02, @OGUID + 24, '-1');

INSERT INTO `spawn_group_entry` (`Id`, `Entry`, `MinCount`, `MaxCount`, `Chance`) VALUES
(@SGUID + 02, '2040', '0', '0', '0'),
(@SGUID + 02, '1734', '0', '0', '5'),
(@SGUID + 02, '2047', '0', '0', '5'),
(@SGUID + 02, '165658', '0', '0', '20');

-- ----------------------------------------------------------------------------------------------------------------------------------------------------------------------------------------------------------------

INSERT INTO `gameobject` (`guid`, `id`, `map`, `spawnMask`, `position_x`, `position_y`, `position_z`, `orientation`, `rotation0`, `rotation1`, `rotation2`, `rotation3`, `spawntimesecsmin`, `spawntimesecsmax`) VALUES
(@OGUID + 30, 0, 0, 1, -7722.67822265625, -2614.4677734375, 162.427276611328125, 0.802850961685180664, 0, 0, 0.390730857849121093, 0.920504987239837646, 600, 900),
(@OGUID + 31, 0, 0, 1, -7756.1318359375, -2785.210205078125, 163.0691986083984375, 1.797688722610473632, 0, 0, 0.7826080322265625, 0.622514784336090087, 600, 900),
(@OGUID + 32, 0, 0, 1, -7984.64697265625, -2750.978271484375, 165.1920318603515625, 3.089183330535888671, 0, 0, 0.99965667724609375, 0.026201646775007247, 600, 900),
(@OGUID + 33, 0, 0, 1, -7855.900390625, -2538.8203125, 177.6368408203125, 1.954769015312194824, 0, 0, 0.829037666320800781, 0.559192776679992675, 600, 900),
(@OGUID + 34, 0, 0, 1, -7942.18212890625, -2657.8564453125, 218.99505615234375, 2.460912704467773437, 0, 0, 0.942641258239746093, 0.333807557821273803, 600, 900);

INSERT INTO `spawn_group` (`Id`, `Name`, `Type`, `MaxCount`, `WorldState`, `Flags`) VALUES
(@SGUID + 03, 'Burning Steppes - Mithril Deposit | Gold Vein | Truesilver Deposit | Dark Iron Deposit (1) Ore 003', '1', '1', '0', '0');

INSERT INTO `spawn_group_spawn` (`Id`, `Guid`, `SlotId`) VALUES
(@SGUID + 03, @OGUID + 30, '-1'),
(@SGUID + 03, @OGUID + 31, '-1'),
(@SGUID + 03, @OGUID + 32, '-1'),
(@SGUID + 03, @OGUID + 33, '-1'),
(@SGUID + 03, @OGUID + 34, '-1');

INSERT INTO `spawn_group_entry` (`Id`, `Entry`, `MinCount`, `MaxCount`, `Chance`) VALUES
(@SGUID + 03, '2040', '0', '0', '0'),
(@SGUID + 03, '1734', '0', '0', '5'),
(@SGUID + 03, '2047', '0', '0', '5'),
(@SGUID + 03, '165658', '0', '0', '20');

-- ----------------------------------------------------------------------------------------------------------------------------------------------------------------------------------------------------------------

INSERT INTO `gameobject` (`guid`, `id`, `map`, `spawnMask`, `position_x`, `position_y`, `position_z`, `orientation`, `rotation0`, `rotation1`, `rotation2`, `rotation3`, `spawntimesecsmin`, `spawntimesecsmax`) VALUES
(@OGUID + 40, 0, 0, 1, -7888.640625, -2573.77783203125, 176.53741455078125, 1.378809213638305664, 0, 0, 0.636077880859375, 0.771624863147735595, 600, 900),
(@OGUID + 41, 0, 0, 1, -7892.73681640625, -2637.321533203125, 169.9921875, 6.021387100219726562, 0, 0, -0.13052558898925781, 0.991444945335388183, 600, 900),
(@OGUID + 42, 0, 0, 1, -7930.76123046875, -2717.326416015625, 164.4302520751953125, 3.839725255966186523, 0, 0, -0.93969249725341796, 0.34202045202255249, 600, 900),
(@OGUID + 43, 0, 0, 1, -7811.5849609375, -2645.427490234375, 174.2733917236328125, 5.462882041931152343, 0, 0, -0.39874839782714843, 0.917060375213623046, 600, 900),
(@OGUID + 44, 0, 0, 1, -7798.70068359375, -2700.662841796875, 173.512359619140625, 1.221729278564453125, 0, 0, 0.573575973510742187, 0.819152355194091796, 600, 900);

INSERT INTO `spawn_group` (`Id`, `Name`, `Type`, `MaxCount`, `WorldState`, `Flags`) VALUES
(@SGUID + 04, 'Burning Steppes - Mithril Deposit | Gold Vein | Truesilver Deposit | Dark Iron Deposit (1) Ore 004', '1', '1', '0', '0');

INSERT INTO `spawn_group_spawn` (`Id`, `Guid`, `SlotId`) VALUES
(@SGUID + 04, @OGUID + 40, '-1'),
(@SGUID + 04, @OGUID + 41, '-1'),
(@SGUID + 04, @OGUID + 42, '-1'),
(@SGUID + 04, @OGUID + 43, '-1'),
(@SGUID + 04, @OGUID + 44, '-1');

INSERT INTO `spawn_group_entry` (`Id`, `Entry`, `MinCount`, `MaxCount`, `Chance`) VALUES
(@SGUID + 04, '2040', '0', '0', '0'),
(@SGUID + 04, '1734', '0', '0', '5'),
(@SGUID + 04, '2047', '0', '0', '5'),
(@SGUID + 04, '165658', '0', '0', '20');

-- ----------------------------------------------------------------------------------------------------------------------------------------------------------------------------------------------------------------

INSERT INTO `gameobject` (`guid`, `id`, `map`, `spawnMask`, `position_x`, `position_y`, `position_z`, `orientation`, `rotation0`, `rotation1`, `rotation2`, `rotation3`, `spawntimesecsmin`, `spawntimesecsmax`) VALUES
(@OGUID + 50, 0, 0, 1, -7956.2275390625, -2514.58251953125, 134.9096832275390625, 4.1538848876953125, 0, 0, -0.8746194839477539, 0.484810054302215576, 600, 900),
(@OGUID + 51, 0, 0, 1, -7891.5078125, -2502.563232421875, 130.1201934814453125, 6.12610626220703125, 0, 0, -0.07845878601074218, 0.996917366981506347, 600, 900),
(@OGUID + 52, 0, 0, 1, -7824.892578125, -2618.07080078125, 123.3462905883789062, 6.195919513702392578, 0, 0, -0.04361915588378906, 0.999048233032226562, 600, 900),
(@OGUID + 53, 0, 0, 1, -7891.556640625, -2589.26513671875, 124.62713623046875, 3.141592741012573242, 0, 0, -1, 0, 600, 900);

INSERT INTO `spawn_group` (`Id`, `Name`, `Type`, `MaxCount`, `WorldState`, `Flags`) VALUES
(@SGUID + 05, 'Burning Steppes - Mithril Deposit | Gold Vein | Truesilver Deposit | Dark Iron Deposit (1) Ore 005', '1', '1', '0', '0');

INSERT INTO `spawn_group_spawn` (`Id`, `Guid`, `SlotId`) VALUES
(@SGUID + 05, @OGUID + 50, '-1'),
(@SGUID + 05, @OGUID + 51, '-1'),
(@SGUID + 05, @OGUID + 52, '-1'),
(@SGUID + 05, @OGUID + 53, '-1');

INSERT INTO `spawn_group_entry` (`Id`, `Entry`, `MinCount`, `MaxCount`, `Chance`) VALUES
(@SGUID + 05, '2040', '0', '0', '0'),
(@SGUID + 05, '1734', '0', '0', '5'),
(@SGUID + 05, '2047', '0', '0', '5'),
(@SGUID + 05, '165658', '0', '0', '20');