SET @GGUID := 5305000; -- gameobjects
SET @SGGUID := 21000; -- Ghostlands
DELETE FROM gameobject WHERE Id IN(181249,181248);
-- special veins of tin
INSERT INTO gameobject(guid, id, map, spawnMask, position_x, position_y, position_z, orientation, rotation0, rotation1, rotation2, rotation3, spawntimesecsmin, spawntimesecsmax) VALUES
(@GGUID+1, '181249', '530', '1', 7064.7119140625, -6243.3896484375, 18.75861930847167968, 1.343901276588439941, 0, 0, 0.622513771057128906, 0.78260880708694458, '600', '600'),
(@GGUID+2, '181249', '530', '1', 7142.392578125, -6211.11181640625, 24.26014137268066406, 4.729844093322753906, 0, 0, -0.70090866088867187, 0.713251054286956787, '600', '600'),
(@GGUID+3, '181249', '530', '1', 7084.40234375, -6211.619140625, 22.86850547790527343, 4.886923789978027343, 0, 0, -0.64278697967529296, 0.766044974327087402, '600', '600'),
(@GGUID+4, '181249', '530', '1', 6996.80126953125, -6254.3681640625, 6.181571006774902343, 6.09120035171508789, 0, 0, -0.09584522247314453, 0.995396256446838378, '600', '600');
-- special veins of copper
INSERT INTO gameobject(guid, id, map, spawnMask, position_x, position_y, position_z, orientation, rotation0, rotation1, rotation2, rotation3, spawntimesecsmin, spawntimesecsmax) VALUES
(@GGUID+5, '181248', '530', '1', 7030.58349609375, -6267.58349609375, 9.859276771545410156, 5.794494152069091796, 0, 0, -0.24192142486572265, 0.970295846462249755, '600', '600'),
(@GGUID+6, '181248', '530', '1', 7283.8271484375, -6239.703125, 24.38156318664550781, 2.757613182067871093, 0, 0, 0.981626510620117187, 0.190812408924102783, '600', '600'),
(@GGUID+7, '181248', '530', '1', 7081.0546875, -6264.07666015625, 19.02763557434082031, 2.827429771423339843, 0, 0, 0.987688064575195312, 0.156436234712600708, '600', '600'),
(@GGUID+8, '181248', '530', '1', 7238.33544921875, -6170.85302734375, 23.18495941162109375, 0.139624491333961486, 0, 0, 0.06975555419921875, 0.997564136981964111, '600', '600'),
(@GGUID+9, '181248', '530', '1', 7235.42431640625, -6315.06005859375, 25.74500274658203125, 5.166176319122314453, 0, 0, -0.52991867065429687, 0.84804844856262207, '600', '600'),
(@GGUID+10, '181248', '530', '1', 7073.06494140625, -6183.50927734375, 21.70267486572265625, 2.44346022605895996, 0, 0, 0.939692497253417968, 0.34202045202255249, '600', '600'),
(@GGUID+11, '181248', '530', '1', 7116.52197265625, -6233.306640625, 20.98099899291992187, 4.729844093322753906, 0, 0, -0.70090866088867187, 0.713251054286956787, '600', '600'),
(@GGUID+12, '181248', '530', '1', 7127.56591796875, -6175.48046875, 25.37753677368164062, 2.897245407104492187, 0, 0, 0.99254608154296875, 0.121869951486587524, '600', '600'),
(@GGUID+13, '181248', '530', '1', 7158.9013671875, -6265.85498046875, 24.12623023986816406, 3.24634718894958496, 0, 0, -0.99862861633300781, 0.052353221923112869, '600', '600');

DELETE FROM spawn_group WHERE Id IN(@SGGUID+1,@SGGUID+2);
INSERT INTO `spawn_group` (`Id`, `Name`, `Type`, `MaxCount`, `WorldState`, `Flags`) VALUES
(@SGGUID+1, 'Ghostlands - Tin Vein - Underlight Mine', 0, 1, 0, 0),
(@SGGUID+2, 'Ghostlands - Copper Vein - Underlight Mine', 0, 2, 0, 0);

DELETE FROM spawn_group_spawn WHERE Id IN(@SGGUID+1,@SGGUID+2);
INSERT INTO `spawn_group_spawn` (`Id`, `Guid`, `SlotId`) VALUES
(@SGGUID+1, @GGUID+1, -1),
(@SGGUID+1, @GGUID+2, -1),
(@SGGUID+1, @GGUID+3, -1),
(@SGGUID+1, @GGUID+4, -1);

INSERT INTO `spawn_group_spawn` (`Id`, `Guid`, `SlotId`) VALUES
(@SGGUID+2, @GGUID+5, -1),
(@SGGUID+2, @GGUID+6, -1),
(@SGGUID+2, @GGUID+7, -1),
(@SGGUID+2, @GGUID+8, -1),
(@SGGUID+2, @GGUID+9, -1),
(@SGGUID+2, @GGUID+10, -1),
(@SGGUID+2, @GGUID+11, -1),
(@SGGUID+2, @GGUID+12, -1),
(@SGGUID+2, @GGUID+13, -1);

DELETE FROM gameobject WHERE id = 1731 and map =530 and position_x BETWEEN -5333 AND -2881 AND position_y BETWEEN -13132 AND -10744;
-- azuremyst
SET @GGUID := 5305100;
INSERT INTO gameobject(guid, id, map, spawnMask, position_x, position_y, position_z, orientation, rotation0, rotation1, rotation2, rotation3, spawntimesecsmin, spawntimesecsmax) VALUES
(@GGUID+1, '1731', '530', '1', -4258.69091796875, -11899.4638671875, -6.21653604507446289, 5.253442287445068359, 0, 0, -0.49242305755615234, 0.870355963706970214, '600', '600'),
(@GGUID+2, '1731', '530', '1', -4217.77099609375, -11982.232421875, -6.78158807754516601, 0.506144583225250244, 0, 0, 0.250379562377929687, 0.968147754669189453, '600', '600'),
(@GGUID+3, '1731', '530', '1', -3951.0859375, -12081.875, -5.61174392700195312, 1.099556446075439453, 0, 0, 0.522498130798339843, 0.852640450000762939, '600', '600'),
(@GGUID+4, '1731', '530', '1', -3767.9228515625, -11826.2197265625, 21.98599815368652343, 5.759587764739990234, 0, 0, -0.25881862640380859, 0.965925931930541992, '600', '600'),
(@GGUID+5, '1731', '530', '1', -3507.330078125, -11739.267578125, 1.720432996749877929, 1.32644820213317871, 0, 0, 0.615660667419433593, 0.788011372089385986, '600', '600'),
(@GGUID+6, '1731', '530', '1', -3495.06396484375, -11575.2529296875, 14.92078971862792968, 0.034906249493360519, 0, 0, 0.017452239990234375, 0.999847710132598876, '600', '600'),
(@GGUID+7, '1731', '530', '1', -3529.826904296875, -11328.587890625, 126.293731689453125, 3.368495941162109375, 0, 0, -0.99357128143310546, 0.113208353519439697, '600', '600'),
(@GGUID+8, '1731', '530', '1', -3703.194091796875, -11466.138671875, 303.665191650390625, 2.530723094940185546, 0, 0, 0.953716278076171875, 0.300707906484603881, '600', '600'),
(@GGUID+9, '1731', '530', '1', -4666.33447265625, -11535.884765625, 22.40118789672851562, 4.171337604522705078, 0, 0, -0.87035560607910156, 0.492423713207244873, '600', '600'),
(@GGUID+10, '1731', '530', '1', -4752.1083984375, -11584.9013671875, -27.4094562530517578, 0.366517573595046997, 0, 0, 0.182234764099121093, 0.98325502872467041, '600', '600'),
(@GGUID+11, '1731', '530', '1', -4778.81103515625, -11573.6796875, -2.75844597816467285, 5.462882041931152343, 0, 0, -0.39874839782714843, 0.917060375213623046, '600', '600'),
(@GGUID+12, '1731', '530', '1', -4809.10986328125, -11667.779296875, -40.59564208984375, 4.852017402648925781, 0, 0, -0.65605831146240234, 0.754710197448730468, '600', '600'),
(@GGUID+13, '1731', '530', '1', -4815.4443359375, -11597.4677734375, -5.30150413513183593, 3.420850038528442382, 0, 0, -0.99026775360107421, 0.139175355434417724, '600', '600'),
(@GGUID+14, '1731', '530', '1', -4673.20556640625, -11407.97265625, 21.7519073486328125, 1.466075778007507324, 0, 0, 0.669130325317382812, 0.74314504861831665, '600', '600'),
(@GGUID+15, '1731', '530', '1', -4977.7412109375, -11441.7578125, -36.9992828369140625, 2.757613182067871093, 0, 0, 0.981626510620117187, 0.190812408924102783, '600', '600'),
(@GGUID+16, '1731', '530', '1', -4874.49072265625, -11278.63671875, 2.621397018432617187, 5.794494152069091796, 0, 0, -0.24192142486572265, 0.970295846462249755, '600', '600'),
(@GGUID+17, '1731', '530', '1', -4960.47216796875, -10974.861328125, 17.77873802185058593, 2.094393253326416015, 0, 0, 0.866024971008300781, 0.50000077486038208, '600', '600'),
(@GGUID+18, '1731', '530', '1', -5118.28759765625, -10943.119140625, 16.09068679809570312, 0.174532130360603332, 0, 0, 0.087155342102050781, 0.996194720268249511, '600', '600'),
(@GGUID+19, '1731', '530', '1', -5240.375, -11234.1220703125, 11.11478805541992187, 5.585053920745849609, 0, 0, -0.34202003479003906, 0.939692676067352294, '600', '600'),
(@GGUID+20, '1731', '530', '1', -5045.830078125, -11072.6611328125, 29.49287605285644531, 1.867502212524414062, 0, 0, 0.803856849670410156, 0.594822824001312255, '600', '600'),
(@GGUID+21, '1731', '530', '1', -5156.21435546875, -11105.916015625, 29.78271484375, 2.862335443496704101, 0, 0, 0.990267753601074218, 0.139175355434417724, '600', '600'),
(@GGUID+22, '1731', '530', '1', -5219.7734375, -11174.103515625, 18.67379188537597656, 5.759587764739990234, 0, 0, -0.25881862640380859, 0.965925931930541992, '600', '600'),
(@GGUID+23, '1731', '530', '1', -5167.42041015625, -11033.6015625, 24.50436592102050781, 1.605701684951782226, 0, 0, 0.719339370727539062, 0.694658815860748291, '600', '600'),
(@GGUID+24, '1731', '530', '1', -4996.568359375, -11193.091796875, 20.93363380432128906, 4.363324165344238281, 0, 0, -0.81915187835693359, 0.573576688766479492, '600', '600'),
(@GGUID+25, '1731', '530', '1', -4926.0400390625, -11806.494140625, 15.23124885559082031, 5.637413978576660156, 0, 0, -0.31730461120605468, 0.948323667049407958, '600', '600'),
(@GGUID+26, '1731', '530', '1', -4691.02001953125, -11575.916015625, -21.5021991729736328, 4.799657344818115234, 0, 0, -0.67558956146240234, 0.737277925014495849, '600', '600'),
(@GGUID+27, '1731', '530', '1', -4792.490234375, -11575.478515625, -23.8261890411376953, 0.541050612926483154, 0, 0, 0.267237663269042968, 0.96363067626953125, '600', '600'),
(@GGUID+28, '1731', '530', '1', -4721.81689453125, -11381.0693359375, 1.537772059440612792, 5.131268978118896484, 0, 0, -0.54463863372802734, 0.838670849800109863, '600', '600'),
(@GGUID+29, '1731', '530', '1', -4460.01904296875, -11478.94921875, 29.16642951965332031, 3.595378875732421875, 0, 0, -0.97437000274658203, 0.224951311945915222, '600', '600'),
(@GGUID+30, '1731', '530', '1', -4113.74658203125, -12349.5107421875, -14.5150737762451171, 3.43830275535583496, 0, 0, -0.98901557922363281, 0.147811368107795715, '600', '600'),
(@GGUID+31, '1731', '530', '1', -3917.627685546875, -12360.2998046875, 7.198420047760009765, 4.206246376037597656, 0, 0, -0.86162853240966796, 0.50753939151763916, '600', '600'),
(@GGUID+32, '1731', '530', '1', -3847.3994140625, -12503.3369140625, 4.083912849426269531, 6.056293010711669921, 0, 0, -0.11320304870605468, 0.993571877479553222, '600', '600'),
(@GGUID+33, '1731', '530', '1', -3427.199462890625, -12501.0400390625, 39.31772232055664062, 5.427974700927734375, 0, 0, -0.41469287872314453, 0.909961462020874023, '600', '600'),
(@GGUID+34, '1731', '530', '1', -3161.009521484375, -12524.765625, -0.70990598201751708, 1.919861555099487304, 0, 0, 0.819151878356933593, 0.573576688766479492, '600', '600'),
(@GGUID+35, '1731', '530', '1', -3127.348876953125, -12482.8525390625, 2.259653091430664062, 5.131268978118896484, 0, 0, -0.54463863372802734, 0.838670849800109863, '600', '600'),
(@GGUID+36, '1731', '530', '1', -3149.380615234375, -12393.94921875, 12.14336490631103515, 3.001946926116943359, 0, 0, 0.997563362121582031, 0.069766148924827575, '600', '600'),
(@GGUID+37, '1731', '530', '1', -3177.34716796875, -12362.5283203125, 48.731964111328125, 0.645771682262420654, 0, 0, 0.317304611206054687, 0.948323667049407958, '600', '600'),
(@GGUID+38, '1731', '530', '1', -3208.35595703125, -12254.1337890625, 57.00377273559570312, 5.602506637573242187, 0, 0, -0.33380699157714843, 0.942641437053680419, '600', '600'),
(@GGUID+39, '1731', '530', '1', -3313.3837890625, -11973.7138671875, 24.42596054077148437, 1.972219824790954589, 0, 0, 0.83388519287109375, 0.55193793773651123, '600', '600'),
(@GGUID+40, '1731', '530', '1', -3875.599853515625, -12774.966796875, 25.13233375549316406, 2.775068521499633789, 0, 0, 0.983254432678222656, 0.182238012552261352, '600', '600'),
(@GGUID+41, '1731', '530', '1', -3973.780517578125, -12765.0361328125, 22.93380165100097656, 3.43830275535583496, 0, 0, -0.98901557922363281, 0.147811368107795715, '600', '600'),
(@GGUID+42, '1731', '530', '1', -4295.9228515625, -12735.7568359375, 21.84144783020019531, 5.235987663269042968, 0, 0, -0.5, 0.866025388240814208, '600', '600'),
(@GGUID+43, '1731', '530', '1', -4771.4306640625, -12306.3642578125, 6.753733158111572265, 6.056293010711669921, 0, 0, -0.11320304870605468, 0.993571877479553222, '600', '600'),
(@GGUID+44, '1731', '530', '1', -4890.44091796875, -12042.3408203125, 22.46692276000976562, 0.733038187026977539, 0, 0, 0.358367919921875, 0.933580458164215087, '600', '600'),
(@GGUID+45, '1731', '530', '1', -3263.169677734375, -12176.88671875, 52.74558639526367187, 2.984498262405395507, 0, 0, 0.996916770935058593, 0.078466430306434631, '600', '600'),
(@GGUID+46, '1731', '530', '1', -3178.45751953125, -12522.7177734375, 53.87621307373046875, 2.391098499298095703, 0, 0, 0.930417060852050781, 0.366502493619918823, '600', '600'),
(@GGUID+47, '1731', '530', '1', -3250.4365234375, -12435.4033203125, 23.25674629211425781, 0.802850961685180664, 0, 0, 0.390730857849121093, 0.920504987239837646, '600', '600'),
(@GGUID+48, '1731', '530', '1', -3098.3876953125, -12548.205078125, -6.50329780578613281, 4.118979454040527343, 0, 0, -0.88294696807861328, 0.469472706317901611, '600', '600'),
(@GGUID+49, '1731', '530', '1', -3192.645263671875, -12392.35546875, 14.28601646423339843, 3.508116960525512695, 0, 0, -0.98325443267822265, 0.182238012552261352, '600', '600'),
(@GGUID+50, '1731', '530', '1', -3212.150634765625, -12503.1416015625, 15.64544200897216796, 5.393068790435791015, 0, 0, -0.43051052093505859, 0.902585566043853759, '600', '600'),
(@GGUID+51, '1731', '530', '1', -3259.036865234375, -12568.4892578125, 49.5724334716796875, 5.70722818374633789, 0, 0, -0.28401470184326171, 0.958819925785064697, '600', '600'),
(@GGUID+52, '1731', '530', '1', -3198.771240234375, -12358.7060546875, 18.81677818298339843, 5.619962215423583984, 0, 0, -0.32556724548339843, 0.945518851280212402, '600', '600'),
(@GGUID+53, '1731', '530', '1', -3166.888916015625, -12473.6220703125, -3.05123400688171386, 0.645771682262420654, 0, 0, 0.317304611206054687, 0.948323667049407958, '600', '600'),
(@GGUID+54, '1731', '530', '1', -3961.572998046875, -12711.3603515625, 82.01996612548828125, 1.029743075370788574, 0, 0, 0.492423057556152343, 0.870355963706970214, '600', '600'),
(@GGUID+55, '1731', '530', '1', -4066.03564453125, -12693.78515625, 14.89713859558105468, 5.410521507263183593, 0, 0, -0.42261791229248046, 0.906307935714721679, '600', '600'),
(@GGUID+56, '1731', '530', '1', -4178.29296875, -12910.634765625, 6.36836099624633789, 5.270895957946777343, 0, 0, -0.48480892181396484, 0.87462007999420166, '600', '600'),
(@GGUID+57, '1731', '530', '1', -4323.68603515625, -12851.447265625, 11.67304897308349609, 5.131268978118896484, 0, 0, -0.54463863372802734, 0.838670849800109863, '600', '600'),
(@GGUID+58, '1731', '530', '1', -4859.6748046875, -12139.0771484375, 14.54167842864990234, 1.082102894783020019, 0, 0, 0.51503753662109375, 0.857167601585388183, '600', '600'),
(@GGUID+59, '1731', '530', '1', -5085.58251953125, -11969.9775390625, -2.40895509719848632, 1.832594871520996093, 0, 0, 0.793353080749511718, 0.608761727809906005, '600', '600'),
(@GGUID+60, '1731', '530', '1', -4565.2890625, -12030.19140625, 42.53639984130859375, 0.331610709428787231, 0, 0, 0.16504669189453125, 0.986285746097564697, '600', '600'),
(@GGUID+61, '1731', '530', '1', -4095.916748046875, -11588.53125, 19.9823455810546875, 4.502951622009277343, 0, 0, -0.7771453857421875, 0.629321098327636718, '600', '600'),
(@GGUID+62, '1731', '530', '1', -4302.00244140625, -12927.60546875, 9.369800567626953125, 4.136432647705078125, 0, 0, -0.87881660461425781, 0.477159708738327026, '600', '600'),
(@GGUID+63, '1731', '530', '1', -4779.2890625, -12180.697265625, 29.51108169555664062, 0.488691210746765136, 0, 0, 0.241921424865722656, 0.970295846462249755, '600', '600'),
(@GGUID+64, '1731', '530', '1', -4639.8896484375, -12477.4951171875, 23.44049072265625, 2.844882726669311523, 0, 0, 0.989015579223632812, 0.147811368107795715, '600', '600'),
(@GGUID+65, '1731', '530', '1', -3825.931884765625, -12581.576171875, 3.673131942749023437, 5.113816738128662109, 0, 0, -0.55193614959716796, 0.833886384963989257, '600', '600'),
(@GGUID+66, '1731', '530', '1', -4774.7646484375, -11635.6630859375, -36.7165756225585937, 5.044002056121826171, 0, 0, -0.58070278167724609, 0.814115643501281738, '600', '600'),
(@GGUID+67, '1731', '530', '1', -4702.54541015625, -11540.2158203125, -24.7770290374755859, 5.550147056579589843, 0, 0, -0.358367919921875, 0.933580458164215087, '600', '600'),
(@GGUID+68, '1731', '530', '1', -3353.666748046875, -12571.638671875, 49.33188247680664062, 2.007128477096557617, 0, 0, 0.84339141845703125, 0.537299633026123046, '600', '600'),
(@GGUID+69, '1731', '530', '1', -3091.477783203125, -12522.79296875, 1.428066015243530273, 5.009094715118408203, 0, 0, -0.59482288360595703, 0.80385679006576538, '600', '600'),
(@GGUID+70, '1731', '530', '1', -4582.24072265625, -11473.837890625, 15.72323989868164062, 2.879789113998413085, 0, 0, 0.991444587707519531, 0.130528271198272705, '600', '600'),
(@GGUID+71, '1731', '530', '1', -4408.1328125, -11518.2412109375, 14.11063766479492187, 1.466075778007507324, 0, 0, 0.669130325317382812, 0.74314504861831665, '600', '600'),
(@GGUID+72, '1731', '530', '1', -4559.38623046875, -11676.828125, 22.03641891479492187, 4.171337604522705078, 0, 0, -0.87035560607910156, 0.492423713207244873, '600', '600'),
(@GGUID+73, '1731', '530', '1', -5083.06103515625, -11658.296875, -12.9081850051879882, 2.827429771423339843, 0, 0, 0.987688064575195312, 0.156436234712600708, '600', '600'),
(@GGUID+74, '1731', '530', '1', -4547.68505859375, -12142.4560546875, 34.02490234375, 5.585053920745849609, 0, 0, -0.34202003479003906, 0.939692676067352294, '600', '600'),
(@GGUID+75, '1731', '530', '1', -4851.2998046875, -11549.328125, 29.88439369201660156, 5.462882041931152343, 0, 0, -0.39874839782714843, 0.917060375213623046, '600', '600'),
(@GGUID+76, '1731', '530', '1', -4890.078125, -11146.3837890625, 7.226356029510498046, 1.047197580337524414, 0, 0, 0.5, 0.866025388240814208, '600', '600'),
(@GGUID+77, '1731', '530', '1', -4961.751953125, -11727.2880859375, 12.8604278564453125, 0.541050612926483154, 0, 0, 0.267237663269042968, 0.96363067626953125, '600', '600'),
(@GGUID+78, '1731', '530', '1', -4876.70556640625, -12015.2314453125, 23.60310173034667968, 5.672322273254394531, 0, 0, -0.3007049560546875, 0.953717231750488281, '600', '600'),
(@GGUID+79, '1731', '530', '1', -3887.909423828125, -12696.8818359375, 94.033721923828125, 3.577930212020874023, 0, 0, -0.97629547119140625, 0.216442063450813293, '600', '600'),
(@GGUID+80, '1731', '530', '1', -4780.46044921875, -11527.59375, -16.3041496276855468, 1.012289404869079589, 0, 0, 0.484808921813964843, 0.87462007999420166, '600', '600'),
(@GGUID+81, '1731', '530', '1', -4739.83447265625, -11558.3720703125, -8.61849403381347656, 1.954769015312194824, 0, 0, 0.829037666320800781, 0.559192776679992675, '600', '600'),
(@GGUID+82, '1731', '530', '1', -4773.1435546875, -11467.5380859375, 24.64299964904785156, 4.363324165344238281, 0, 0, -0.81915187835693359, 0.573576688766479492, '600', '600'),
(@GGUID+83, '1731', '530', '1', -5049.57470703125, -11287.6181640625, 1.532606959342956542, 3.961898565292358398, 0, 0, -0.91705989837646484, 0.398749500513076782, '600', '600'),
(@GGUID+84, '1731', '530', '1', -3815.2265625, -12674.5751953125, 17.71355628967285156, 1.291541695594787597, 0, 0, 0.60181427001953125, 0.798636078834533691, '600', '600'),
(@GGUID+85, '1731', '530', '1', -4816.0859375, -11605.263671875, -42.3396186828613281, 5.201082706451416015, 0, 0, -0.51503753662109375, 0.857167601585388183, '600', '600'),
(@GGUID+86, '1731', '530', '1', -4831.47607421875, -11442.8935546875, -34.6254081726074218, 4.066620349884033203, 0, 0, -0.89493370056152343, 0.44619917869567871, '600', '600'),
(@GGUID+87, '1731', '530', '1', -2997.905029296875, -12274.0810546875, 17.213348388671875, 0.191985160112380981, 0, 0, 0.095845222473144531, 0.995396256446838378, '600', '600'),
(@GGUID+88, '1731', '530', '1', -3356.798583984375, -12177.5673828125, 41.12038040161132812, 4.956737518310546875, 0, 0, -0.61566066741943359, 0.788011372089385986, '600', '600'),
(@GGUID+89, '1731', '530', '1', -3205.950927734375, -12416.8779296875, 3.104013919830322265, 0.959929943084716796, 0, 0, 0.461748123168945312, 0.887011110782623291, '600', '600'),
(@GGUID+90, '1731', '530', '1', -3072.973876953125, -12446.5126953125, 6.484399795532226562, 4.537858963012695312, 0, 0, -0.76604366302490234, 0.642788589000701904, '600', '600');

DELETE FROM spawn_group WHERE Id BETWEEN @SGGUID+3 AND @SGGUID+13;
INSERT INTO `spawn_group` (`Id`, `Name`, `Type`, `MaxCount`, `WorldState`, `Flags`) VALUES
(@SGGUID+3, 'Azuremyst Isle - Copper Vein - Silvermyst Isle', 0, 2, 0, 0),
(@SGGUID+4, 'Azuremyst Isle - Copper Vein - Around Exodar', 0, 2, 0, 0),
(@SGGUID+5, 'Azuremyst Isle - Copper Vein - Lakes', 0, 2, 0, 0),
(@SGGUID+6, 'Azuremyst Isle - Copper Vein - Ammen Ford', 0, 1, 0, 0),
(@SGGUID+7, 'Azuremyst Isle - Copper Vein - Moongraze Woods', 0, 2, 0, 0),
(@SGGUID+8, 'Azuremyst Isle - Copper Vein - Odesyus Landing coast', 0, 2, 0, 0),
(@SGGUID+9, 'Azuremyst Isle - Copper Vein - Wrathscale Point coast', 0, 2, 0, 0),
(@SGGUID+10, 'Azuremyst Isle - Copper Vein - Tides Hollow', 0, 3, 0, 0),
(@SGGUID+11, 'Azuremyst Isle - Copper Vein - Stillpine Hold Mountain', 0, 2, 0, 0),
(@SGGUID+12, 'Azuremyst Isle - Copper Vein - Bristlelimb Village', 0, 2, 0, 0),
(@SGGUID+13, 'Azuremyst Isle - Copper Vein - Stillpine Hold Cave', 0, 3, 0, 0);

DELETE FROM spawn_group_spawn WHERE Id BETWEEN @SGGUID+3 AND @SGGUID+13;
INSERT INTO `spawn_group_spawn` (`Id`, `Guid`, `SlotId`) VALUES
-- Silvermyst Isle
(@SGGUID+3, @GGUID+16, -1),
(@SGGUID+3, @GGUID+17, -1),
(@SGGUID+3, @GGUID+18, -1),
(@SGGUID+3, @GGUID+19, -1),
(@SGGUID+3, @GGUID+20, -1),
(@SGGUID+3, @GGUID+21, -1),
(@SGGUID+3, @GGUID+22, -1),
(@SGGUID+3, @GGUID+23, -1),
(@SGGUID+3, @GGUID+24, -1),
(@SGGUID+3, @GGUID+76, -1),
(@SGGUID+3, @GGUID+83, -1),
-- Around Exodar
(@SGGUID+4, @GGUID+4, -1),
(@SGGUID+4, @GGUID+5, -1),
(@SGGUID+4, @GGUID+6, -1),
(@SGGUID+4, @GGUID+7, -1),
(@SGGUID+4, @GGUID+8, -1),
(@SGGUID+4, @GGUID+61, -1),
-- Lakes
(@SGGUID+5, @GGUID+1, -1),
(@SGGUID+5, @GGUID+2, -1),
(@SGGUID+5, @GGUID+3, -1),
(@SGGUID+5, @GGUID+30, -1),
-- Ammen Ford
(@SGGUID+6, @GGUID+42, -1),
(@SGGUID+6, @GGUID+56, -1),
(@SGGUID+6, @GGUID+57, -1),
(@SGGUID+6, @GGUID+62, -1),
-- Moongraze Woods
(@SGGUID+7, @GGUID+31, -1),
(@SGGUID+7, @GGUID+32, -1),
(@SGGUID+7, @GGUID+40, -1),
(@SGGUID+7, @GGUID+41, -1),
(@SGGUID+7, @GGUID+54, -1),
(@SGGUID+7, @GGUID+55, -1),
(@SGGUID+7, @GGUID+65, -1),
(@SGGUID+7, @GGUID+79, -1),
(@SGGUID+7, @GGUID+84, -1),
-- Odesyus Landing coast
(@SGGUID+8, @GGUID+25, -1),
(@SGGUID+8, @GGUID+43, -1),
(@SGGUID+8, @GGUID+44, -1),
(@SGGUID+8, @GGUID+58, -1),
(@SGGUID+8, @GGUID+63, -1),
(@SGGUID+8, @GGUID+64, -1),
(@SGGUID+8, @GGUID+77, -1),
(@SGGUID+8, @GGUID+78, -1),
-- Wrathscale Point coast
(@SGGUID+9, @GGUID+14, -1),
(@SGGUID+9, @GGUID+15, -1),
(@SGGUID+9, @GGUID+28, -1),
(@SGGUID+9, @GGUID+59, -1),
(@SGGUID+9, @GGUID+70, -1),
(@SGGUID+9, @GGUID+73, -1),
(@SGGUID+9, @GGUID+75, -1),
(@SGGUID+9, @GGUID+82, -1),
-- Tides Hollow
(@SGGUID+10, @GGUID+10, -1),
(@SGGUID+10, @GGUID+11, -1),
(@SGGUID+10, @GGUID+12, -1),
(@SGGUID+10, @GGUID+13, -1),
(@SGGUID+10, @GGUID+26, -1),
(@SGGUID+10, @GGUID+27, -1),
(@SGGUID+10, @GGUID+66, -1),
(@SGGUID+10, @GGUID+67, -1),
(@SGGUID+10, @GGUID+80, -1),
(@SGGUID+10, @GGUID+81, -1),
(@SGGUID+10, @GGUID+85, -1),
(@SGGUID+10, @GGUID+86, -1),
-- Stillpine Hold Mountain
(@SGGUID+11, @GGUID+33, -1),
(@SGGUID+11, @GGUID+37, -1),
(@SGGUID+11, @GGUID+38, -1),
(@SGGUID+11, @GGUID+39, -1),
(@SGGUID+11, @GGUID+45, -1),
(@SGGUID+11, @GGUID+46, -1),
(@SGGUID+11, @GGUID+51, -1),
(@SGGUID+11, @GGUID+68, -1),
(@SGGUID+11, @GGUID+87, -1),
(@SGGUID+11, @GGUID+88, -1),
-- Bristlelimb Village
(@SGGUID+12, @GGUID+9, -1),
(@SGGUID+12, @GGUID+29, -1),
(@SGGUID+12, @GGUID+60, -1),
(@SGGUID+12, @GGUID+71, -1),
(@SGGUID+12, @GGUID+72, -1),
(@SGGUID+12, @GGUID+74, -1),
-- Stillpine Hold Cave
(@SGGUID+13, @GGUID+34, -1),
(@SGGUID+13, @GGUID+35, -1),
(@SGGUID+13, @GGUID+36, -1),
(@SGGUID+13, @GGUID+47, -1),
(@SGGUID+13, @GGUID+48, -1),
(@SGGUID+13, @GGUID+49, -1),
(@SGGUID+13, @GGUID+50, -1),
(@SGGUID+13, @GGUID+52, -1),
(@SGGUID+13, @GGUID+53, -1),
(@SGGUID+13, @GGUID+69, -1),
(@SGGUID+13, @GGUID+89, -1),
(@SGGUID+13, @GGUID+90, -1);

-- TODO: This file will still change
