SET @GGUID := 5305000; -- gameobjects
SET @SGGUID := 21000; -- Ghostlands
DELETE FROM gameobject WHERE Id IN(181249,181248);
-- special veins of tin
INSERT INTO gameobject(guid, id, map, spawnMask, position_x, position_y, position_z, orientation, rotation0, rotation1, rotation2, rotation3, spawntimesecsmin, spawntimesecsmax) VALUES
(@GGUID+1, '181249', '530', '1', 7064.7119140625, -6243.3896484375, 18.75861930847167968, 1.343901276588439941, 0, 0, 0.622513771057128906, 0.78260880708694458, '600', '600'),
(@GGUID+2, '181249', '530', '1', 7142.392578125, -6211.11181640625, 24.26014137268066406, 4.729844093322753906, 0, 0, -0.70090866088867187, 0.713251054286956787, '600', '600'),
(@GGUID+3, '181249', '530', '1', 7084.40234375, -6211.619140625, 22.86850547790527343, 4.886923789978027343, 0, 0, -0.64278697967529296, 0.766044974327087402, '600', '600'),
(@GGUID+4, '181249', '530', '1', 6996.80126953125, -6254.3681640625, 6.181571006774902343, 6.09120035171508789, 0, 0, -0.09584522247314453, 0.995396256446838378, '600', '600');
-- special veins of copper
INSERT INTO gameobject(guid, id, map, spawnMask, position_x, position_y, position_z, orientation, rotation0, rotation1, rotation2, rotation3, spawntimesecsmin, spawntimesecsmax) VALUES
(@GGUID+5, '181248', '530', '1', 7030.58349609375, -6267.58349609375, 9.859276771545410156, 5.794494152069091796, 0, 0, -0.24192142486572265, 0.970295846462249755, '600', '600'),
(@GGUID+6, '181248', '530', '1', 7283.8271484375, -6239.703125, 24.38156318664550781, 2.757613182067871093, 0, 0, 0.981626510620117187, 0.190812408924102783, '600', '600'),
(@GGUID+7, '181248', '530', '1', 7081.0546875, -6264.07666015625, 19.02763557434082031, 2.827429771423339843, 0, 0, 0.987688064575195312, 0.156436234712600708, '600', '600'),
(@GGUID+8, '181248', '530', '1', 7238.33544921875, -6170.85302734375, 23.18495941162109375, 0.139624491333961486, 0, 0, 0.06975555419921875, 0.997564136981964111, '600', '600'),
(@GGUID+9, '181248', '530', '1', 7235.42431640625, -6315.06005859375, 25.74500274658203125, 5.166176319122314453, 0, 0, -0.52991867065429687, 0.84804844856262207, '600', '600'),
(@GGUID+10, '181248', '530', '1', 7073.06494140625, -6183.50927734375, 21.70267486572265625, 2.44346022605895996, 0, 0, 0.939692497253417968, 0.34202045202255249, '600', '600'),
(@GGUID+11, '181248', '530', '1', 7116.52197265625, -6233.306640625, 20.98099899291992187, 4.729844093322753906, 0, 0, -0.70090866088867187, 0.713251054286956787, '600', '600'),
(@GGUID+12, '181248', '530', '1', 7127.56591796875, -6175.48046875, 25.37753677368164062, 2.897245407104492187, 0, 0, 0.99254608154296875, 0.121869951486587524, '600', '600'),
(@GGUID+13, '181248', '530', '1', 7158.9013671875, -6265.85498046875, 24.12623023986816406, 3.24634718894958496, 0, 0, -0.99862861633300781, 0.052353221923112869, '600', '600');

DELETE FROM spawn_group WHERE Id IN(@SGGUID+1,@SGGUID+2);
INSERT INTO `spawn_group` (`Id`, `Name`, `Type`, `MaxCount`, `WorldState`, `Flags`) VALUES
(@SGGUID+1, 'Ghostlands - Tin Vein - Underlight Mine', 0, 1, 0, 0),
(@SGGUID+2, 'Ghostlands - Copper Vein - Underlight Mine', 0, 2, 0, 0);

DELETE FROM spawn_group_spawn WHERE Id IN(@SGGUID+1,@SGGUID+2);
INSERT INTO `spawn_group_spawn` (`Id`, `Guid`, `SlotId`) VALUES
(@SGGUID+1, @GGUID+1, -1),
(@SGGUID+1, @GGUID+2, -1),
(@SGGUID+1, @GGUID+3, -1),
(@SGGUID+1, @GGUID+4, -1);

INSERT INTO `spawn_group_spawn` (`Id`, `Guid`, `SlotId`) VALUES
(@SGGUID+2, @GGUID+5, -1),
(@SGGUID+2, @GGUID+6, -1),
(@SGGUID+2, @GGUID+7, -1),
(@SGGUID+2, @GGUID+8, -1),
(@SGGUID+2, @GGUID+9, -1),
(@SGGUID+2, @GGUID+10, -1),
(@SGGUID+2, @GGUID+11, -1),
(@SGGUID+2, @GGUID+12, -1),
(@SGGUID+2, @GGUID+13, -1);

DELETE FROM gameobject WHERE id = 1731 and map =530 and position_x BETWEEN -5333 AND -2881 AND position_y BETWEEN -13132 AND -10744;
-- azuremyst
SET @GGUID := 5305100;
INSERT INTO gameobject(guid, id, map, spawnMask, position_x, position_y, position_z, orientation, rotation0, rotation1, rotation2, rotation3, spawntimesecsmin, spawntimesecsmax) VALUES
(@GGUID+1, '1731', '530', '1', -4258.69091796875, -11899.4638671875, -6.21653604507446289, 5.253442287445068359, 0, 0, -0.49242305755615234, 0.870355963706970214, '600', '600'),
(@GGUID+2, '1731', '530', '1', -4217.77099609375, -11982.232421875, -6.78158807754516601, 0.506144583225250244, 0, 0, 0.250379562377929687, 0.968147754669189453, '600', '600'),
(@GGUID+3, '1731', '530', '1', -3951.0859375, -12081.875, -5.61174392700195312, 1.099556446075439453, 0, 0, 0.522498130798339843, 0.852640450000762939, '600', '600'),
(@GGUID+4, '1731', '530', '1', -3767.9228515625, -11826.2197265625, 21.98599815368652343, 5.759587764739990234, 0, 0, -0.25881862640380859, 0.965925931930541992, '600', '600'),
(@GGUID+5, '1731', '530', '1', -3507.330078125, -11739.267578125, 1.720432996749877929, 1.32644820213317871, 0, 0, 0.615660667419433593, 0.788011372089385986, '600', '600'),
(@GGUID+6, '1731', '530', '1', -3495.06396484375, -11575.2529296875, 14.92078971862792968, 0.034906249493360519, 0, 0, 0.017452239990234375, 0.999847710132598876, '600', '600'),
(@GGUID+7, '1731', '530', '1', -3529.826904296875, -11328.587890625, 126.293731689453125, 3.368495941162109375, 0, 0, -0.99357128143310546, 0.113208353519439697, '600', '600'),
(@GGUID+8, '1731', '530', '1', -3703.194091796875, -11466.138671875, 303.665191650390625, 2.530723094940185546, 0, 0, 0.953716278076171875, 0.300707906484603881, '600', '600'),
(@GGUID+9, '1731', '530', '1', -4666.33447265625, -11535.884765625, 22.40118789672851562, 4.171337604522705078, 0, 0, -0.87035560607910156, 0.492423713207244873, '600', '600'),
(@GGUID+10, '1731', '530', '1', -4752.1083984375, -11584.9013671875, -27.4094562530517578, 0.366517573595046997, 0, 0, 0.182234764099121093, 0.98325502872467041, '600', '600'),
(@GGUID+11, '1731', '530', '1', -4778.81103515625, -11573.6796875, -2.75844597816467285, 5.462882041931152343, 0, 0, -0.39874839782714843, 0.917060375213623046, '600', '600'),
(@GGUID+12, '1731', '530', '1', -4809.10986328125, -11667.779296875, -40.59564208984375, 4.852017402648925781, 0, 0, -0.65605831146240234, 0.754710197448730468, '600', '600'),
(@GGUID+13, '1731', '530', '1', -4815.4443359375, -11597.4677734375, -5.30150413513183593, 3.420850038528442382, 0, 0, -0.99026775360107421, 0.139175355434417724, '600', '600'),
(@GGUID+14, '1731', '530', '1', -4673.20556640625, -11407.97265625, 21.7519073486328125, 1.466075778007507324, 0, 0, 0.669130325317382812, 0.74314504861831665, '600', '600'),
(@GGUID+15, '1731', '530', '1', -4977.7412109375, -11441.7578125, -36.9992828369140625, 2.757613182067871093, 0, 0, 0.981626510620117187, 0.190812408924102783, '600', '600'),
(@GGUID+16, '1731', '530', '1', -4874.49072265625, -11278.63671875, 2.621397018432617187, 5.794494152069091796, 0, 0, -0.24192142486572265, 0.970295846462249755, '600', '600'),
(@GGUID+17, '1731', '530', '1', -4960.47216796875, -10974.861328125, 17.77873802185058593, 2.094393253326416015, 0, 0, 0.866024971008300781, 0.50000077486038208, '600', '600'),
(@GGUID+18, '1731', '530', '1', -5118.28759765625, -10943.119140625, 16.09068679809570312, 0.174532130360603332, 0, 0, 0.087155342102050781, 0.996194720268249511, '600', '600'),
(@GGUID+19, '1731', '530', '1', -5240.375, -11234.1220703125, 11.11478805541992187, 5.585053920745849609, 0, 0, -0.34202003479003906, 0.939692676067352294, '600', '600'),
(@GGUID+20, '1731', '530', '1', -5045.830078125, -11072.6611328125, 29.49287605285644531, 1.867502212524414062, 0, 0, 0.803856849670410156, 0.594822824001312255, '600', '600'),
(@GGUID+21, '1731', '530', '1', -5156.21435546875, -11105.916015625, 29.78271484375, 2.862335443496704101, 0, 0, 0.990267753601074218, 0.139175355434417724, '600', '600'),
(@GGUID+22, '1731', '530', '1', -5219.7734375, -11174.103515625, 18.67379188537597656, 5.759587764739990234, 0, 0, -0.25881862640380859, 0.965925931930541992, '600', '600'),
(@GGUID+23, '1731', '530', '1', -5167.42041015625, -11033.6015625, 24.50436592102050781, 1.605701684951782226, 0, 0, 0.719339370727539062, 0.694658815860748291, '600', '600'),
(@GGUID+24, '1731', '530', '1', -4996.568359375, -11193.091796875, 20.93363380432128906, 4.363324165344238281, 0, 0, -0.81915187835693359, 0.573576688766479492, '600', '600'),
(@GGUID+25, '1731', '530', '1', -4926.0400390625, -11806.494140625, 15.23124885559082031, 5.637413978576660156, 0, 0, -0.31730461120605468, 0.948323667049407958, '600', '600'),
(@GGUID+26, '1731', '530', '1', -4691.02001953125, -11575.916015625, -21.5021991729736328, 4.799657344818115234, 0, 0, -0.67558956146240234, 0.737277925014495849, '600', '600'),
(@GGUID+27, '1731', '530', '1', -4792.490234375, -11575.478515625, -23.8261890411376953, 0.541050612926483154, 0, 0, 0.267237663269042968, 0.96363067626953125, '600', '600'),
(@GGUID+28, '1731', '530', '1', -4721.81689453125, -11381.0693359375, 1.537772059440612792, 5.131268978118896484, 0, 0, -0.54463863372802734, 0.838670849800109863, '600', '600'),
(@GGUID+29, '1731', '530', '1', -4460.01904296875, -11478.94921875, 29.16642951965332031, 3.595378875732421875, 0, 0, -0.97437000274658203, 0.224951311945915222, '600', '600'),
(@GGUID+30, '1731', '530', '1', -4113.74658203125, -12349.5107421875, -14.5150737762451171, 3.43830275535583496, 0, 0, -0.98901557922363281, 0.147811368107795715, '600', '600'),
(@GGUID+31, '1731', '530', '1', -3917.627685546875, -12360.2998046875, 7.198420047760009765, 4.206246376037597656, 0, 0, -0.86162853240966796, 0.50753939151763916, '600', '600'),
(@GGUID+32, '1731', '530', '1', -3847.3994140625, -12503.3369140625, 4.083912849426269531, 6.056293010711669921, 0, 0, -0.11320304870605468, 0.993571877479553222, '600', '600'),
(@GGUID+33, '1731', '530', '1', -3427.199462890625, -12501.0400390625, 39.31772232055664062, 5.427974700927734375, 0, 0, -0.41469287872314453, 0.909961462020874023, '600', '600'),
(@GGUID+34, '1731', '530', '1', -3161.009521484375, -12524.765625, -0.70990598201751708, 1.919861555099487304, 0, 0, 0.819151878356933593, 0.573576688766479492, '600', '600'),
(@GGUID+35, '1731', '530', '1', -3127.348876953125, -12482.8525390625, 2.259653091430664062, 5.131268978118896484, 0, 0, -0.54463863372802734, 0.838670849800109863, '600', '600'),
(@GGUID+36, '1731', '530', '1', -3149.380615234375, -12393.94921875, 12.14336490631103515, 3.001946926116943359, 0, 0, 0.997563362121582031, 0.069766148924827575, '600', '600'),
(@GGUID+37, '1731', '530', '1', -3177.34716796875, -12362.5283203125, 48.731964111328125, 0.645771682262420654, 0, 0, 0.317304611206054687, 0.948323667049407958, '600', '600'),
(@GGUID+38, '1731', '530', '1', -3208.35595703125, -12254.1337890625, 57.00377273559570312, 5.602506637573242187, 0, 0, -0.33380699157714843, 0.942641437053680419, '600', '600'),
(@GGUID+39, '1731', '530', '1', -3313.3837890625, -11973.7138671875, 24.42596054077148437, 1.972219824790954589, 0, 0, 0.83388519287109375, 0.55193793773651123, '600', '600'),
(@GGUID+40, '1731', '530', '1', -3875.599853515625, -12774.966796875, 25.13233375549316406, 2.775068521499633789, 0, 0, 0.983254432678222656, 0.182238012552261352, '600', '600'),
(@GGUID+41, '1731', '530', '1', -3973.780517578125, -12765.0361328125, 22.93380165100097656, 3.43830275535583496, 0, 0, -0.98901557922363281, 0.147811368107795715, '600', '600'),
(@GGUID+42, '1731', '530', '1', -4295.9228515625, -12735.7568359375, 21.84144783020019531, 5.235987663269042968, 0, 0, -0.5, 0.866025388240814208, '600', '600'),
(@GGUID+43, '1731', '530', '1', -4771.4306640625, -12306.3642578125, 6.753733158111572265, 6.056293010711669921, 0, 0, -0.11320304870605468, 0.993571877479553222, '600', '600'),
(@GGUID+44, '1731', '530', '1', -4890.44091796875, -12042.3408203125, 22.46692276000976562, 0.733038187026977539, 0, 0, 0.358367919921875, 0.933580458164215087, '600', '600'),
(@GGUID+45, '1731', '530', '1', -3263.169677734375, -12176.88671875, 52.74558639526367187, 2.984498262405395507, 0, 0, 0.996916770935058593, 0.078466430306434631, '600', '600'),
(@GGUID+46, '1731', '530', '1', -3178.45751953125, -12522.7177734375, 53.87621307373046875, 2.391098499298095703, 0, 0, 0.930417060852050781, 0.366502493619918823, '600', '600'),
(@GGUID+47, '1731', '530', '1', -3250.4365234375, -12435.4033203125, 23.25674629211425781, 0.802850961685180664, 0, 0, 0.390730857849121093, 0.920504987239837646, '600', '600'),
(@GGUID+48, '1731', '530', '1', -3098.3876953125, -12548.205078125, -6.50329780578613281, 4.118979454040527343, 0, 0, -0.88294696807861328, 0.469472706317901611, '600', '600'),
(@GGUID+49, '1731', '530', '1', -3192.645263671875, -12392.35546875, 14.28601646423339843, 3.508116960525512695, 0, 0, -0.98325443267822265, 0.182238012552261352, '600', '600'),
(@GGUID+50, '1731', '530', '1', -3212.150634765625, -12503.1416015625, 15.64544200897216796, 5.393068790435791015, 0, 0, -0.43051052093505859, 0.902585566043853759, '600', '600'),
(@GGUID+51, '1731', '530', '1', -3259.036865234375, -12568.4892578125, 49.5724334716796875, 5.70722818374633789, 0, 0, -0.28401470184326171, 0.958819925785064697, '600', '600'),
(@GGUID+52, '1731', '530', '1', -3198.771240234375, -12358.7060546875, 18.81677818298339843, 5.619962215423583984, 0, 0, -0.32556724548339843, 0.945518851280212402, '600', '600'),
(@GGUID+53, '1731', '530', '1', -3166.888916015625, -12473.6220703125, -3.05123400688171386, 0.645771682262420654, 0, 0, 0.317304611206054687, 0.948323667049407958, '600', '600'),
(@GGUID+54, '1731', '530', '1', -3961.572998046875, -12711.3603515625, 82.01996612548828125, 1.029743075370788574, 0, 0, 0.492423057556152343, 0.870355963706970214, '600', '600'),
(@GGUID+55, '1731', '530', '1', -4066.03564453125, -12693.78515625, 14.89713859558105468, 5.410521507263183593, 0, 0, -0.42261791229248046, 0.906307935714721679, '600', '600'),
(@GGUID+56, '1731', '530', '1', -4178.29296875, -12910.634765625, 6.36836099624633789, 5.270895957946777343, 0, 0, -0.48480892181396484, 0.87462007999420166, '600', '600'),
(@GGUID+57, '1731', '530', '1', -4323.68603515625, -12851.447265625, 11.67304897308349609, 5.131268978118896484, 0, 0, -0.54463863372802734, 0.838670849800109863, '600', '600'),
(@GGUID+58, '1731', '530', '1', -4859.6748046875, -12139.0771484375, 14.54167842864990234, 1.082102894783020019, 0, 0, 0.51503753662109375, 0.857167601585388183, '600', '600'),
(@GGUID+59, '1731', '530', '1', -5085.58251953125, -11969.9775390625, -2.40895509719848632, 1.832594871520996093, 0, 0, 0.793353080749511718, 0.608761727809906005, '600', '600'),
(@GGUID+60, '1731', '530', '1', -4565.2890625, -12030.19140625, 42.53639984130859375, 0.331610709428787231, 0, 0, 0.16504669189453125, 0.986285746097564697, '600', '600'),
(@GGUID+61, '1731', '530', '1', -4095.916748046875, -11588.53125, 19.9823455810546875, 4.502951622009277343, 0, 0, -0.7771453857421875, 0.629321098327636718, '600', '600'),
(@GGUID+62, '1731', '530', '1', -4302.00244140625, -12927.60546875, 9.369800567626953125, 4.136432647705078125, 0, 0, -0.87881660461425781, 0.477159708738327026, '600', '600'),
(@GGUID+63, '1731', '530', '1', -4779.2890625, -12180.697265625, 29.51108169555664062, 0.488691210746765136, 0, 0, 0.241921424865722656, 0.970295846462249755, '600', '600'),
(@GGUID+64, '1731', '530', '1', -4639.8896484375, -12477.4951171875, 23.44049072265625, 2.844882726669311523, 0, 0, 0.989015579223632812, 0.147811368107795715, '600', '600'),
(@GGUID+65, '1731', '530', '1', -3825.931884765625, -12581.576171875, 3.673131942749023437, 5.113816738128662109, 0, 0, -0.55193614959716796, 0.833886384963989257, '600', '600'),
(@GGUID+66, '1731', '530', '1', -4774.7646484375, -11635.6630859375, -36.7165756225585937, 5.044002056121826171, 0, 0, -0.58070278167724609, 0.814115643501281738, '600', '600'),
(@GGUID+67, '1731', '530', '1', -4702.54541015625, -11540.2158203125, -24.7770290374755859, 5.550147056579589843, 0, 0, -0.358367919921875, 0.933580458164215087, '600', '600'),
(@GGUID+68, '1731', '530', '1', -3353.666748046875, -12571.638671875, 49.33188247680664062, 2.007128477096557617, 0, 0, 0.84339141845703125, 0.537299633026123046, '600', '600'),
(@GGUID+69, '1731', '530', '1', -3091.477783203125, -12522.79296875, 1.428066015243530273, 5.009094715118408203, 0, 0, -0.59482288360595703, 0.80385679006576538, '600', '600'),
(@GGUID+70, '1731', '530', '1', -4582.24072265625, -11473.837890625, 15.72323989868164062, 2.879789113998413085, 0, 0, 0.991444587707519531, 0.130528271198272705, '600', '600'),
(@GGUID+71, '1731', '530', '1', -4408.1328125, -11518.2412109375, 14.11063766479492187, 1.466075778007507324, 0, 0, 0.669130325317382812, 0.74314504861831665, '600', '600'),
(@GGUID+72, '1731', '530', '1', -4559.38623046875, -11676.828125, 22.03641891479492187, 4.171337604522705078, 0, 0, -0.87035560607910156, 0.492423713207244873, '600', '600'),
(@GGUID+73, '1731', '530', '1', -5083.06103515625, -11658.296875, -12.9081850051879882, 2.827429771423339843, 0, 0, 0.987688064575195312, 0.156436234712600708, '600', '600'),
(@GGUID+74, '1731', '530', '1', -4547.68505859375, -12142.4560546875, 34.02490234375, 5.585053920745849609, 0, 0, -0.34202003479003906, 0.939692676067352294, '600', '600'),
(@GGUID+75, '1731', '530', '1', -4851.2998046875, -11549.328125, 29.88439369201660156, 5.462882041931152343, 0, 0, -0.39874839782714843, 0.917060375213623046, '600', '600'),
(@GGUID+76, '1731', '530', '1', -4890.078125, -11146.3837890625, 7.226356029510498046, 1.047197580337524414, 0, 0, 0.5, 0.866025388240814208, '600', '600'),
(@GGUID+77, '1731', '530', '1', -4961.751953125, -11727.2880859375, 12.8604278564453125, 0.541050612926483154, 0, 0, 0.267237663269042968, 0.96363067626953125, '600', '600'),
(@GGUID+78, '1731', '530', '1', -4876.70556640625, -12015.2314453125, 23.60310173034667968, 5.672322273254394531, 0, 0, -0.3007049560546875, 0.953717231750488281, '600', '600'),
(@GGUID+79, '1731', '530', '1', -3887.909423828125, -12696.8818359375, 94.033721923828125, 3.577930212020874023, 0, 0, -0.97629547119140625, 0.216442063450813293, '600', '600'),
(@GGUID+80, '1731', '530', '1', -4780.46044921875, -11527.59375, -16.3041496276855468, 1.012289404869079589, 0, 0, 0.484808921813964843, 0.87462007999420166, '600', '600'),
(@GGUID+81, '1731', '530', '1', -4739.83447265625, -11558.3720703125, -8.61849403381347656, 1.954769015312194824, 0, 0, 0.829037666320800781, 0.559192776679992675, '600', '600'),
(@GGUID+82, '1731', '530', '1', -4773.1435546875, -11467.5380859375, 24.64299964904785156, 4.363324165344238281, 0, 0, -0.81915187835693359, 0.573576688766479492, '600', '600'),
(@GGUID+83, '1731', '530', '1', -5049.57470703125, -11287.6181640625, 1.532606959342956542, 3.961898565292358398, 0, 0, -0.91705989837646484, 0.398749500513076782, '600', '600'),
(@GGUID+84, '1731', '530', '1', -3815.2265625, -12674.5751953125, 17.71355628967285156, 1.291541695594787597, 0, 0, 0.60181427001953125, 0.798636078834533691, '600', '600'),
(@GGUID+85, '1731', '530', '1', -4816.0859375, -11605.263671875, -42.3396186828613281, 5.201082706451416015, 0, 0, -0.51503753662109375, 0.857167601585388183, '600', '600'),
(@GGUID+86, '1731', '530', '1', -4831.47607421875, -11442.8935546875, -34.6254081726074218, 4.066620349884033203, 0, 0, -0.89493370056152343, 0.44619917869567871, '600', '600'),
(@GGUID+87, '1731', '530', '1', -2997.905029296875, -12274.0810546875, 17.213348388671875, 0.191985160112380981, 0, 0, 0.095845222473144531, 0.995396256446838378, '600', '600'),
(@GGUID+88, '1731', '530', '1', -3356.798583984375, -12177.5673828125, 41.12038040161132812, 4.956737518310546875, 0, 0, -0.61566066741943359, 0.788011372089385986, '600', '600'),
(@GGUID+89, '1731', '530', '1', -3205.950927734375, -12416.8779296875, 3.104013919830322265, 0.959929943084716796, 0, 0, 0.461748123168945312, 0.887011110782623291, '600', '600'),
(@GGUID+90, '1731', '530', '1', -3072.973876953125, -12446.5126953125, 6.484399795532226562, 4.537858963012695312, 0, 0, -0.76604366302490234, 0.642788589000701904, '600', '600');

DELETE FROM spawn_group WHERE Id BETWEEN @SGGUID+3 AND @SGGUID+13;
INSERT INTO `spawn_group` (`Id`, `Name`, `Type`, `MaxCount`, `WorldState`, `Flags`) VALUES
(@SGGUID+3, 'Azuremyst Isle - Copper Vein - Silvermyst Isle', 0, 2, 0, 0),
(@SGGUID+4, 'Azuremyst Isle - Copper Vein - Around Exodar', 0, 2, 0, 0),
(@SGGUID+5, 'Azuremyst Isle - Copper Vein - Lakes', 0, 2, 0, 0),
(@SGGUID+6, 'Azuremyst Isle - Copper Vein - Ammen Ford', 0, 1, 0, 0),
(@SGGUID+7, 'Azuremyst Isle - Copper Vein - Moongraze Woods', 0, 2, 0, 0),
(@SGGUID+8, 'Azuremyst Isle - Copper Vein - Odesyus Landing coast', 0, 2, 0, 0),
(@SGGUID+9, 'Azuremyst Isle - Copper Vein - Wrathscale Point coast', 0, 2, 0, 0),
(@SGGUID+10, 'Azuremyst Isle - Copper Vein - Tides Hollow', 0, 3, 0, 0),
(@SGGUID+11, 'Azuremyst Isle - Copper Vein - Stillpine Hold Mountain', 0, 2, 0, 0),
(@SGGUID+12, 'Azuremyst Isle - Copper Vein - Bristlelimb Village', 0, 2, 0, 0),
(@SGGUID+13, 'Azuremyst Isle - Copper Vein - Stillpine Hold Cave', 0, 3, 0, 0);

DELETE FROM spawn_group_spawn WHERE Id BETWEEN @SGGUID+3 AND @SGGUID+13;
INSERT INTO `spawn_group_spawn` (`Id`, `Guid`, `SlotId`) VALUES
-- Silvermyst Isle
(@SGGUID+3, @GGUID+16, -1),
(@SGGUID+3, @GGUID+17, -1),
(@SGGUID+3, @GGUID+18, -1),
(@SGGUID+3, @GGUID+19, -1),
(@SGGUID+3, @GGUID+20, -1),
(@SGGUID+3, @GGUID+21, -1),
(@SGGUID+3, @GGUID+22, -1),
(@SGGUID+3, @GGUID+23, -1),
(@SGGUID+3, @GGUID+24, -1),
(@SGGUID+3, @GGUID+76, -1),
(@SGGUID+3, @GGUID+83, -1),
-- Around Exodar
(@SGGUID+4, @GGUID+4, -1),
(@SGGUID+4, @GGUID+5, -1),
(@SGGUID+4, @GGUID+6, -1),
(@SGGUID+4, @GGUID+7, -1),
(@SGGUID+4, @GGUID+8, -1),
(@SGGUID+4, @GGUID+61, -1),
-- Lakes
(@SGGUID+5, @GGUID+1, -1),
(@SGGUID+5, @GGUID+2, -1),
(@SGGUID+5, @GGUID+3, -1),
(@SGGUID+5, @GGUID+30, -1),
-- Ammen Ford
(@SGGUID+6, @GGUID+42, -1),
(@SGGUID+6, @GGUID+56, -1),
(@SGGUID+6, @GGUID+57, -1),
(@SGGUID+6, @GGUID+62, -1),
-- Moongraze Woods
(@SGGUID+7, @GGUID+31, -1),
(@SGGUID+7, @GGUID+32, -1),
(@SGGUID+7, @GGUID+40, -1),
(@SGGUID+7, @GGUID+41, -1),
(@SGGUID+7, @GGUID+54, -1),
(@SGGUID+7, @GGUID+55, -1),
(@SGGUID+7, @GGUID+65, -1),
(@SGGUID+7, @GGUID+79, -1),
(@SGGUID+7, @GGUID+84, -1),
-- Odesyus Landing coast
(@SGGUID+8, @GGUID+25, -1),
(@SGGUID+8, @GGUID+43, -1),
(@SGGUID+8, @GGUID+44, -1),
(@SGGUID+8, @GGUID+58, -1),
(@SGGUID+8, @GGUID+63, -1),
(@SGGUID+8, @GGUID+64, -1),
(@SGGUID+8, @GGUID+77, -1),
(@SGGUID+8, @GGUID+78, -1),
-- Wrathscale Point coast
(@SGGUID+9, @GGUID+14, -1),
(@SGGUID+9, @GGUID+15, -1),
(@SGGUID+9, @GGUID+28, -1),
(@SGGUID+9, @GGUID+59, -1),
(@SGGUID+9, @GGUID+70, -1),
(@SGGUID+9, @GGUID+73, -1),
(@SGGUID+9, @GGUID+75, -1),
(@SGGUID+9, @GGUID+82, -1),
-- Tides Hollow
(@SGGUID+10, @GGUID+10, -1),
(@SGGUID+10, @GGUID+11, -1),
(@SGGUID+10, @GGUID+12, -1),
(@SGGUID+10, @GGUID+13, -1),
(@SGGUID+10, @GGUID+26, -1),
(@SGGUID+10, @GGUID+27, -1),
(@SGGUID+10, @GGUID+66, -1),
(@SGGUID+10, @GGUID+67, -1),
(@SGGUID+10, @GGUID+80, -1),
(@SGGUID+10, @GGUID+81, -1),
(@SGGUID+10, @GGUID+85, -1),
(@SGGUID+10, @GGUID+86, -1),
-- Stillpine Hold Mountain
(@SGGUID+11, @GGUID+33, -1),
(@SGGUID+11, @GGUID+37, -1),
(@SGGUID+11, @GGUID+38, -1),
(@SGGUID+11, @GGUID+39, -1),
(@SGGUID+11, @GGUID+45, -1),
(@SGGUID+11, @GGUID+46, -1),
(@SGGUID+11, @GGUID+51, -1),
(@SGGUID+11, @GGUID+68, -1),
(@SGGUID+11, @GGUID+87, -1),
(@SGGUID+11, @GGUID+88, -1),
-- Bristlelimb Village
(@SGGUID+12, @GGUID+9, -1),
(@SGGUID+12, @GGUID+29, -1),
(@SGGUID+12, @GGUID+60, -1),
(@SGGUID+12, @GGUID+71, -1),
(@SGGUID+12, @GGUID+72, -1),
(@SGGUID+12, @GGUID+74, -1),
-- Stillpine Hold Cave
(@SGGUID+13, @GGUID+34, -1),
(@SGGUID+13, @GGUID+35, -1),
(@SGGUID+13, @GGUID+36, -1),
(@SGGUID+13, @GGUID+47, -1),
(@SGGUID+13, @GGUID+48, -1),
(@SGGUID+13, @GGUID+49, -1),
(@SGGUID+13, @GGUID+50, -1),
(@SGGUID+13, @GGUID+52, -1),
(@SGGUID+13, @GGUID+53, -1),
(@SGGUID+13, @GGUID+69, -1),
(@SGGUID+13, @GGUID+89, -1),
(@SGGUID+13, @GGUID+90, -1);

DELETE FROM gameobject WHERE id = 1731 and map =530 and position_x BETWEEN -2812 AND -970 AND position_y BETWEEN -12651 AND -10370; -- copper
DELETE FROM gameobject WHERE id = 1732 and map =530 and position_x BETWEEN -2812 AND -970 AND position_y BETWEEN -12651 AND -10370; -- tin
-- bloodmyst
SET @GGUID := 5305200;
INSERT INTO gameobject(guid, id, map, spawnMask, position_x, position_y, position_z, orientation, rotation0, rotation1, rotation2, rotation3, spawntimesecsmin, spawntimesecsmax) VALUES
(@GGUID+1, '1732', '530', '1', -1200.16845703125, -12420.482421875, 96.70108795166015625, 0.698131442070007324, 0, 0, 0.342020034790039062, 0.939692676067352294, '600', '600'),
(@GGUID+2, '1732', '530', '1', -1310.0167236328125, -11485.482421875, 23.82255363464355468, 5.201082706451416015, 0, 0, -0.51503753662109375, 0.857167601585388183, '600', '600'),
(@GGUID+3, '1732', '530', '1', -2151.80908203125, -11290.0263671875, 60.74645233154296875, 3.001946926116943359, 0, 0, 0.997563362121582031, 0.069766148924827575, '600', '600'),
(@GGUID+4, '1732', '530', '1', -1326.8121337890625, -12474.4541015625, 31.71772003173828125, 1.48352813720703125, 0, 0, 0.675589561462402343, 0.737277925014495849, '600', '600'),
(@GGUID+5, '1732', '530', '1', -1433.160400390625, -11520.3671875, 32.01206207275390625, 1.535889506340026855, 0, 0, 0.694658279418945312, 0.719339847564697265, '600', '600'),
(@GGUID+6, '1732', '530', '1', -1051.8349609375, -12545.427734375, 19.40850830078125, 2.321286916732788085, 0, 0, 0.917059898376464843, 0.398749500513076782, '600', '600'),
(@GGUID+7, '1732', '530', '1', -2002.9427490234375, -11337.5244140625, 63.34709548950195312, 0.802850961685180664, 0, 0, 0.390730857849121093, 0.920504987239837646, '600', '600'),
(@GGUID+8, '1732', '530', '1', -1201.6871337890625, -12492.109375, 96.6035003662109375, 6.021387100219726562, 0, 0, -0.13052558898925781, 0.991444945335388183, '600', '600'),
(@GGUID+9, '1732', '530', '1', -2158.1796875, -10677.6083984375, 50.20548248291015625, 3.630291461944580078, 0, 0, -0.97029495239257812, 0.241925001144409179, '600', '600'),
(@GGUID+10, '1732', '530', '1', -1797.95654296875, -10603.8837890625, 151.0307159423828125, 3.054326534271240234, 0, 0, 0.999048233032226562, 0.043619260191917419, '600', '600'),
(@GGUID+11, '1732', '530', '1', -1314.521484375, -11749.5908203125, 9.203306198120117187, 1.413715124130249023, 0, 0, 0.649447441101074218, 0.760406434535980224, '600', '600'),
(@GGUID+12, '1732', '530', '1', -1495.771728515625, -11307.623046875, 73.53871917724609375, 2.600535154342651367, 0, 0, 0.963629722595214843, 0.26724100112915039, '600', '600'),
(@GGUID+13, '1732', '530', '1', -1503.035888671875, -10719.2900390625, 68.7028961181640625, 1.570795774459838867, 0, 0, 0.707106590270996093, 0.707106947898864746, '600', '600'),
(@GGUID+14, '1732', '530', '1', -1988.8367919921875, -10829.25390625, 72.21793365478515625, 5.742135047912597656, 0, 0, -0.26723766326904296, 0.96363067626953125, '600', '600'),
(@GGUID+15, '1732', '530', '1', -1904.6497802734375, -10750.5146484375, 114.245880126953125, 3.735006093978881835, 0, 0, -0.95630455017089843, 0.292372345924377441, '600', '600'),
(@GGUID+16, '1732', '530', '1', -1459.67822265625, -11478.6806640625, 71.972503662109375, 3.071766138076782226, 0, 0, 0.999390602111816406, 0.034906134009361267, '600', '600'),
(@GGUID+17, '1732', '530', '1', -1869.7593994140625, -10676.9580078125, 113.2326889038085937, 4.345870018005371093, 0, 0, -0.82412624359130859, 0.566406130790710449, '600', '600'),
(@GGUID+18, '1732', '530', '1', -1813.4171142578125, -12025.294921875, 35.30531692504882812, 3.141592741012573242, 0, 0, -1, 0, '600', '600'),
(@GGUID+19, '1732', '530', '1', -1241.193603515625, -11653.146484375, 7.986052989959716796, 4.345870018005371093, 0, 0, -0.82412624359130859, 0.566406130790710449, '600', '600'),
(@GGUID+20, '1732', '530', '1', -2004.1754150390625, -10596.564453125, 161.2475128173828125, 4.782202720642089843, 0, 0, -0.68199825286865234, 0.731353819370269775, '600', '600'),
(@GGUID+21, '1732', '530', '1', -1838.0516357421875, -10813.7001953125, 73.32852935791015625, 3.368495941162109375, 0, 0, -0.99357128143310546, 0.113208353519439697, '600', '600'),
(@GGUID+22, '1732', '530', '1', -1757.5550537109375, -12110.2890625, 35.51767730712890625, 1.692969322204589843, 0, 0, 0.748955726623535156, 0.662620067596435546, '600', '600'),
(@GGUID+23, '1732', '530', '1', -1935.75048828125, -10515.6328125, 179.4009857177734375, 1.884953022003173828, 0, 0, 0.809016227722167968, 0.587786316871643066, '600', '600'),
(@GGUID+24, '1732', '530', '1', -1981.2664794921875, -10713.2001953125, 120.8643722534179687, 3.822272777557373046, 0, 0, -0.94264125823974609, 0.333807557821273803, '600', '600'),
(@GGUID+25, '1732', '530', '1', -1377.95556640625, -10630.55078125, 104.5760116577148437, 5.70722818374633789, 0, 0, -0.28401470184326171, 0.958819925785064697, '600', '600'),
(@GGUID+26, '1732', '530', '1', -1376.3160400390625, -11351.0166015625, 28.08210182189941406, 1.500982880592346191, 0, 0, 0.681998252868652343, 0.731353819370269775, '600', '600'),
(@GGUID+27, '1732', '530', '1', -1598.2120361328125, -10706.2783203125, 136.367645263671875, 1.343901276588439941, 0, 0, 0.622513771057128906, 0.78260880708694458, '600', '600'),
(@GGUID+28, '1732', '530', '1', -2118.319091796875, -10821.837890625, 75.1684417724609375, 4.677483558654785156, 0, 0, -0.71933937072753906, 0.694658815860748291, '600', '600'),
(@GGUID+29, '1732', '530', '1', -2029.1258544921875, -10982.8408203125, 63.14028549194335937, 5.201082706451416015, 0, 0, -0.51503753662109375, 0.857167601585388183, '600', '600'),
(@GGUID+30, '1732', '530', '1', -1539.39453125, -10827.791015625, 68.012298583984375, 5.794494152069091796, 0, 0, -0.24192142486572265, 0.970295846462249755, '600', '600'),
(@GGUID+31, '1732', '530', '1', -1503.2125244140625, -10913.4013671875, 59.78092575073242187, 4.363324165344238281, 0, 0, -0.81915187835693359, 0.573576688766479492, '600', '600');
INSERT INTO gameobject(guid, id, map, spawnMask, position_x, position_y, position_z, orientation, rotation0, rotation1, rotation2, rotation3, spawntimesecsmin, spawntimesecsmax) VALUES
(@GGUID+32, '1731', '530', '1', -1985.3997802734375, -12204.83984375, 20.81406402587890625, 2.129300594329833984, 0, 0, 0.874619483947753906, 0.484810054302215576, '600', '600'),
(@GGUID+33, '1731', '530', '1', -2040.3328857421875, -12327.9423828125, 12.97638130187988281, 0.575957298278808593, 0, 0, 0.284014701843261718, 0.958819925785064697, '600', '600'),
(@GGUID+34, '1731', '530', '1', -2284.177001953125, -12321.2744140625, 52.97927474975585937, 3.054326534271240234, 0, 0, 0.999048233032226562, 0.043619260191917419, '600', '600'),
(@GGUID+35, '1731', '530', '1', -2418.982666015625, -12138.875, 34.52625274658203125, 2.72271275520324707, 0, 0, 0.978147506713867187, 0.207912087440490722, '600', '600'),
(@GGUID+36, '1731', '530', '1', -2643.848388671875, -11895.970703125, 10.28863906860351562, 1.431168079376220703, 0, 0, 0.656058311462402343, 0.754710197448730468, '600', '600'),
(@GGUID+37, '1731', '530', '1', -1815.0078125, -12125.958984375, 36.30838775634765625, 3.769911527633666992, 0, 0, -0.95105648040771484, 0.309017121791839599, '600', '600'),
(@GGUID+38, '1731', '530', '1', -1726.25, -11707.7158203125, 40.3381805419921875, 2.72271275520324707, 0, 0, 0.978147506713867187, 0.207912087440490722, '600', '600'),
(@GGUID+39, '1731', '530', '1', -1515.287841796875, -11244.314453125, 69.3823699951171875, 0.209439441561698913, 0, 0, 0.104528427124023437, 0.994521915912628173, '600', '600'),
(@GGUID+40, '1731', '530', '1', -2289.64453125, -12051.0888671875, 28.03955841064453125, 5.794494152069091796, 0, 0, -0.24192142486572265, 0.970295846462249755, '600', '600'),
(@GGUID+41, '1731', '530', '1', -2411.30126953125, -11965.015625, 13.39896678924560546, 0.907570242881774902, 0, 0, 0.438370704650878906, 0.898794233798980712, '600', '600'),
(@GGUID+42, '1731', '530', '1', -2614.686279296875, -12192.0849609375, 28.07033538818359375, 5.672322273254394531, 0, 0, -0.3007049560546875, 0.953717231750488281, '600', '600'),
(@GGUID+43, '1731', '530', '1', -1704.5631103515625, -12053.3408203125, 15.67508602142333984, 5.148722648620605468, 0, 0, -0.53729915618896484, 0.843391716480255126, '600', '600'),
(@GGUID+44, '1731', '530', '1', -2173.47900390625, -12289.0830078125, 54.18660354614257812, 5.270895957946777343, 0, 0, -0.48480892181396484, 0.87462007999420166, '600', '600'),
(@GGUID+45, '1731', '530', '1', -2152.714111328125, -11646.8720703125, 51.21727752685546875, 3.368495941162109375, 0, 0, -0.99357128143310546, 0.113208353519439697, '600', '600'),
(@GGUID+46, '1731', '530', '1', -2372.2734375, -11508.611328125, 27.62338066101074218, 0.471238493919372558, 0, 0, 0.233445167541503906, 0.972369968891143798, '600', '600'),
(@GGUID+47, '1731', '530', '1', -2292.6689453125, -11117.5341796875, 10.62620735168457031, 3.194002151489257812, 0, 0, -0.99965667724609375, 0.026201646775007247, '600', '600'),
(@GGUID+48, '1731', '530', '1', -2204.6220703125, -11111.8798828125, 47.8782196044921875, 0.802850961685180664, 0, 0, 0.390730857849121093, 0.920504987239837646, '600', '600'),
(@GGUID+49, '1731', '530', '1', -2109.647705078125, -11164.9013671875, 72.09629058837890625, 6.108653545379638671, 0, 0, -0.08715534210205078, 0.996194720268249511, '600', '600'),
(@GGUID+50, '1731', '530', '1', -1909.8912353515625, -11218.6025390625, 60.7133941650390625, 5.113816738128662109, 0, 0, -0.55193614959716796, 0.833886384963989257, '600', '600'),
(@GGUID+51, '1731', '530', '1', -1876.935791015625, -11380.1220703125, 56.03438568115234375, 0.104719325900077819, 0, 0, 0.052335739135742187, 0.998629570007324218, '600', '600'),
(@GGUID+52, '1731', '530', '1', -1881.5985107421875, -11470.0263671875, 50.67860031127929687, 1.972219824790954589, 0, 0, 0.83388519287109375, 0.55193793773651123, '600', '600'),
(@GGUID+53, '1731', '530', '1', -1877.0911865234375, -11566.25390625, 44.61962127685546875, 1.692969322204589843, 0, 0, 0.748955726623535156, 0.662620067596435546, '600', '600'),
(@GGUID+54, '1731', '530', '1', -1753.996337890625, -11459.6015625, 46.45455551147460937, 1.710421562194824218, 0, 0, 0.754709243774414062, 0.656059443950653076, '600', '600'),
(@GGUID+55, '1731', '530', '1', -2471.951416015625, -12317.53515625, 17.29236984252929687, 4.747295856475830078, 0, 0, -0.69465827941894531, 0.719339847564697265, '600', '600'),
(@GGUID+56, '1731', '530', '1', -1885.3836669921875, -12097.3193359375, 27.47498512268066406, 3.316144466400146484, 0, 0, -0.99619388580322265, 0.087165042757987976, '600', '600'),
(@GGUID+57, '1731', '530', '1', -1565.0400390625, -11195.1572265625, 67.50263214111328125, 5.986480236053466796, 0, 0, -0.14780902862548828, 0.989015936851501464, '600', '600'),
(@GGUID+58, '1731', '530', '1', -1659.1875, -11741.2431640625, 37.28178787231445312, 5.445427894592285156, 0, 0, -0.40673637390136718, 0.913545548915863037, '600', '600'),
(@GGUID+59, '1731', '530', '1', -2204.792236328125, -12382.162109375, 42.02463912963867187, 1.954769015312194824, 0, 0, 0.829037666320800781, 0.559192776679992675, '600', '600'),
(@GGUID+60, '1731', '530', '1', -2542.84228515625, -11916.837890625, 22.37746429443359375, 3.490667104721069335, 0, 0, -0.98480701446533203, 0.173652306199073791, '600', '600'),
(@GGUID+61, '1731', '530', '1', -1285.4014892578125, -11421.1748046875, 13.86249732971191406, 2.181660413742065429, 0, 0, 0.887010574340820312, 0.461749136447906494, '600', '600'),
(@GGUID+62, '1731', '530', '1', -1137.6927490234375, -11487.5732421875, -0.42740601301193237, 2.530723094940185546, 0, 0, 0.953716278076171875, 0.300707906484603881, '600', '600'),
(@GGUID+63, '1731', '530', '1', -1024.5908203125, -11684.353515625, -0.19922900199890136, 4.904376029968261718, 0, 0, -0.636077880859375, 0.771624863147735595, '600', '600'),
(@GGUID+64, '1731', '530', '1', -1458.785400390625, -11546.3779296875, 36.14544296264648437, 0.802850961685180664, 0, 0, 0.390730857849121093, 0.920504987239837646, '600', '600'),
(@GGUID+65, '1731', '530', '1', -1499.5093994140625, -11708.98828125, 36.97779083251953125, 0, 0, 0, 0, 1, '600', '600'),
(@GGUID+66, '1731', '530', '1', -2140.4736328125, -12364.4287109375, 28.35479164123535156, 6.108653545379638671, 0, 0, -0.08715534210205078, 0.996194720268249511, '600', '600'),
(@GGUID+67, '1731', '530', '1', -1338.7625732421875, -11608.505859375, 10.13748645782470703, 4.782202720642089843, 0, 0, -0.68199825286865234, 0.731353819370269775, '600', '600'),
(@GGUID+68, '1731', '530', '1', -2109.704833984375, -11495.5693359375, 64.91748046875, 4.014260292053222656, 0, 0, -0.90630722045898437, 0.422619491815567016, '600', '600'),
(@GGUID+69, '1731', '530', '1', -1539.1217041015625, -11470.654296875, 62.63467025756835937, 1.117009282112121582, 0, 0, 0.529918670654296875, 0.84804844856262207, '600', '600'),
(@GGUID+70, '1731', '530', '1', -2089.26220703125, -11418.4033203125, 64.49550628662109375, 2.111847877502441406, 0, 0, 0.870355606079101562, 0.492423713207244873, '600', '600'),
(@GGUID+71, '1731', '530', '1', -2048.963623046875, -11240.87890625, 80.2398223876953125, 4.764749526977539062, 0, 0, -0.6883544921875, 0.725374460220336914, '600', '600'),
(@GGUID+72, '1731', '530', '1', -1913.37890625, -11289.205078125, 67.8717498779296875, 2.216565132141113281, 0, 0, 0.894933700561523437, 0.44619917869567871, '600', '600'),
(@GGUID+73, '1731', '530', '1', -1964.1180419921875, -11013.6005859375, 61.44005203247070312, 3.385940074920654296, 0, 0, -0.99254608154296875, 0.121869951486587524, '600', '600'),
(@GGUID+74, '1731', '530', '1', -2112.98779296875, -10905.234375, 70.770965576171875, 2.495818138122558593, 0, 0, 0.948323249816894531, 0.317305892705917358, '600', '600'),
(@GGUID+75, '1731', '530', '1', -2109.842041015625, -10869.5576171875, 73.44651031494140625, 3.001946926116943359, 0, 0, 0.997563362121582031, 0.069766148924827575, '600', '600'),
(@GGUID+76, '1731', '530', '1', -2015.439697265625, -10681.7998046875, 124.0007171630859375, 2.565631866455078125, 0, 0, 0.958819389343261718, 0.284016460180282592, '600', '600'),
(@GGUID+77, '1731', '530', '1', -1843.6705322265625, -10657.3408203125, 146.6899566650390625, 4.799657344818115234, 0, 0, -0.67558956146240234, 0.737277925014495849, '600', '600'),
(@GGUID+78, '1731', '530', '1', -1694.128173828125, -10809.1416015625, 64.43042755126953125, 5.602506637573242187, 0, 0, -0.33380699157714843, 0.942641437053680419, '600', '600'),
(@GGUID+79, '1731', '530', '1', -1896.2742919921875, -10573.1884765625, 180.8143157958984375, 4.031712055206298828, 0, 0, -0.90258502960205078, 0.430511653423309326, '600', '600'),
(@GGUID+80, '1731', '530', '1', -2072.260009765625, -11040.228515625, 62.84536361694335937, 0.27925160527229309, 0, 0, 0.139172554016113281, 0.990268170833587646, '600', '600'),
(@GGUID+81, '1731', '530', '1', -1515.4520263671875, -11623.435546875, 24.92923164367675781, 5.427974700927734375, 0, 0, -0.41469287872314453, 0.909961462020874023, '600', '600'),
(@GGUID+82, '1731', '530', '1', -1631.6971435546875, -11081.6494140625, 70.73201751708984375, 5.235987663269042968, 0, 0, -0.5, 0.866025388240814208, '600', '600'),
(@GGUID+83, '1731', '530', '1', -1410.6529541015625, -10724.9775390625, 82.9871673583984375, 1.902408957481384277, 0, 0, 0.814115524291992187, 0.580702960491180419, '600', '600'),
(@GGUID+84, '1731', '530', '1', -1994.3629150390625, -10557.048828125, 179.8266754150390625, 3.263772249221801757, 0, 0, -0.99813461303710937, 0.061051756143569946, '600', '600'),
(@GGUID+85, '1731', '530', '1', -2053.7626953125, -11059.765625, 61.58510208129882812, 4.939284324645996093, 0, 0, -0.6225137710571289, 0.78260880708694458, '600', '600'),
(@GGUID+86, '1731', '530', '1', -1900.8055419921875, -11665.75, 42.09655380249023437, 2.094393253326416015, 0, 0, 0.866024971008300781, 0.50000077486038208, '600', '600'),
(@GGUID+87, '1731', '530', '1', -1194.376708984375, -12082.005859375, 5.911510944366455078, 2.548179388046264648, 0, 0, 0.956304550170898437, 0.292372345924377441, '600', '600'),
(@GGUID+88, '1731', '530', '1', -1283.9423828125, -12504.916015625, 55.86302566528320312, 4.572763919830322265, 0, 0, -0.75470924377441406, 0.656059443950653076, '600', '600'),
(@GGUID+89, '1731', '530', '1', -1173.48095703125, -12543.28125, 66.87949371337890625, 3.141592741012573242, 0, 0, -1, 0, '600', '600'),
(@GGUID+90, '1731', '530', '1', -1777.4622802734375, -11511.6171875, 47.79265213012695312, 5.131268978118896484, 0, 0, -0.54463863372802734, 0.838670849800109863, '600', '600'),
(@GGUID+91, '1731', '530', '1', -2027.2103271484375, -10754.8486328125, 93.73224639892578125, 0.890116631984710693, 0, 0, 0.430510520935058593, 0.902585566043853759, '600', '600'),
(@GGUID+92, '1731', '530', '1', -2576.52783203125, -11217.2060546875, 21.1850128173828125, 5.270895957946777343, 0, 0, -0.48480892181396484, 0.87462007999420166, '600', '600'),
(@GGUID+93, '1731', '530', '1', -2485.41015625, -11653.4580078125, 22.64821434020996093, 0.890116631984710693, 0, 0, 0.430510520935058593, 0.902585566043853759, '600', '600'),
(@GGUID+94, '1731', '530', '1', -2594.857421875, -11575.2099609375, 25.92373466491699218, 3.577930212020874023, 0, 0, -0.97629547119140625, 0.216442063450813293, '600', '600'),
(@GGUID+95, '1731', '530', '1', -2541.534423828125, -11418.4111328125, 42.68066024780273437, 1.291541695594787597, 0, 0, 0.60181427001953125, 0.798636078834533691, '600', '600'),
(@GGUID+96, '1731', '530', '1', -2290.5390625, -11505.822265625, 27.86788177490234375, 3.892086982727050781, 0, 0, -0.93041706085205078, 0.366502493619918823, '600', '600'),
(@GGUID+97, '1731', '530', '1', -2265.466552734375, -11780.80078125, 22.09512901306152343, 0.925023794174194335, 0, 0, 0.446197509765625, 0.894934535026550292, '600', '600'),
(@GGUID+98, '1731', '530', '1', -2685.47314453125, -11424.9462890625, 20.48272132873535156, 2.792518377304077148, 0, 0, 0.984807014465332031, 0.173652306199073791, '600', '600'),
(@GGUID+99, '1731', '530', '1', -2623.12548828125, -11772.19140625, 9.24790191650390625, 2.600535154342651367, 0, 0, 0.963629722595214843, 0.26724100112915039, '600', '600'),
(@GGUID+100, '1731', '530', '1', -2258.69091796875, -10860.70703125, 9.233838081359863281, 2.600535154342651367, 0, 0, 0.963629722595214843, 0.26724100112915039, '600', '600'),
(@GGUID+101, '1731', '530', '1', -1924.5242919921875, -11647.978515625, 39.83467483520507812, 1.867502212524414062, 0, 0, 0.803856849670410156, 0.594822824001312255, '600', '600'),
(@GGUID+102, '1731', '530', '1', -2599.591552734375, -11280.5302734375, 31.61701202392578125, 1.32644820213317871, 0, 0, 0.615660667419433593, 0.788011372089385986, '600', '600'),
(@GGUID+103, '1731', '530', '1', -1517.3946533203125, -11126.365234375, 81.42144775390625, 1.029743075370788574, 0, 0, 0.492423057556152343, 0.870355963706970214, '600', '600'),
(@GGUID+104, '1731', '530', '1', -1494.6881103515625, -10635.150390625, 136.4290771484375, 0.383971005678176879, 0, 0, 0.190808296203613281, 0.981627285480499267, '600', '600'),
(@GGUID+105, '1731', '530', '1', -1184.299072265625, -11012.5830078125, -55.9235305786132812, 4.241150379180908203, 0, 0, -0.85264015197753906, 0.522498607635498046, '600', '600'),
(@GGUID+106, '1731', '530', '1', -1192.7974853515625, -10935.4111328125, -39.3701095581054687, 0.104719325900077819, 0, 0, 0.052335739135742187, 0.998629570007324218, '600', '600'),
(@GGUID+107, '1731', '530', '1', -1160.035400390625, -11177.138671875, -54.44647216796875, 3.124123096466064453, 0, 0, 0.99996185302734375, 0.008734640665352344, '600', '600'),
(@GGUID+108, '1731', '530', '1', -1224.3360595703125, -11110.0703125, -31.1177310943603515, 0.663223206996917724, 0, 0, 0.325567245483398437, 0.945518851280212402, '600', '600'),
(@GGUID+109, '1731', '530', '1', -1250.2030029296875, -10972.3291015625, -51.3765487670898437, 3.298687219619750976, 0, 0, -0.99691677093505859, 0.078466430306434631, '600', '600'),
(@GGUID+110, '1731', '530', '1', -1898.739990234375, -11405.2607421875, 59.994384765625, 3.996806621551513671, 0, 0, -0.90996074676513671, 0.414694398641586303, '600', '600'),
(@GGUID+111, '1731', '530', '1', -2545.760986328125, -11210.74609375, 19.49634742736816406, 3.071766138076782226, 0, 0, 0.999390602111816406, 0.034906134009361267, '600', '600'),
(@GGUID+112, '1731', '530', '1', -1841.701416015625, -11053.771484375, 68.1118316650390625, 4.904376029968261718, 0, 0, -0.636077880859375, 0.771624863147735595, '600', '600');


DELETE FROM spawn_group WHERE Id BETWEEN @SGGUID+14 AND @SGGUID+30;
INSERT INTO `spawn_group` (`Id`, `Name`, `Type`, `MaxCount`, `WorldState`, `Flags`) VALUES
(@SGGUID+14, 'Bloodmyst Isle - Tin Vein - Wyrmscar', 0, 1, 0, 0),
(@SGGUID+15, 'Bloodmyst Isle - Tin Vein - Right half', 0, 1, 0, 0),
(@SGGUID+16, 'Bloodmyst Isle - Tin Vein - Axxarien', 0, 1, 0, 0),
(@SGGUID+17, 'Bloodmyst Isle - Tin Vein - Portal', 0, 1, 0, 0),
(@SGGUID+18, 'Bloodmyst Isle - Tin Vein - Vector Coil', 0, 1, 0, 0),
(@SGGUID+19, 'Bloodmyst Isle - Tin Vein - Amberweb Pass', 0, 1, 0, 0),
(@SGGUID+20, 'Bloodmyst Isle - Copper Vein - Blue Isle', 0, 2, 0, 0),
(@SGGUID+21, 'Bloodmyst Isle - Copper Vein - Wyrmscar and water', 0, 2, 0, 0),
(@SGGUID+22, 'Bloodmyst Isle - Copper Vein - Underwater', 0, 2, 0, 0),
(@SGGUID+23, 'Bloodmyst Isle - Copper Vein - Axxarien left', 0, 2, 0, 0),
(@SGGUID+24, 'Bloodmyst Isle - Copper Vein - Crossroads', 0, 2, 0, 0),
(@SGGUID+25, 'Bloodmyst Isle - Copper Vein - Cryo Core', 0, 2, 0, 0),
(@SGGUID+26, 'Bloodmyst Isle - Copper Vein - Nazzivian', 0, 2, 0, 0),
(@SGGUID+27, 'Bloodmyst Isle - Copper Vein - South of GY', 0, 2, 0, 0),
(@SGGUID+28, 'Bloodmyst Isle - Copper Vein - Vector Coil and Amberweb', 0, 2, 0, 0),
(@SGGUID+29, 'Bloodmyst Isle - Copper Vein - Axxarien right', 0, 2, 0, 0),
(@SGGUID+30, 'Bloodmyst Isle - Copper Vein - Ruins of LorethAran', 0, 2, 0, 0);

DELETE FROM spawn_group WHERE Id BETWEEN @SGGUID+14 AND @SGGUID+30;
INSERT INTO `spawn_group_spawn` (`Id`, `Guid`, `SlotId`) VALUES
-- Wyrmscar
(@SGGUID+14, @GGUID+1, -1),
(@SGGUID+14, @GGUID+4, -1),
(@SGGUID+14, @GGUID+6, -1),
(@SGGUID+14, @GGUID+8, -1),
-- Right half
(@SGGUID+15, @GGUID+3, -1),
(@SGGUID+15, @GGUID+7, -1),
(@SGGUID+15, @GGUID+11, -1),
(@SGGUID+15, @GGUID+18, -1),
(@SGGUID+15, @GGUID+19, -1),
(@SGGUID+15, @GGUID+22, -1),
-- Axxarien
(@SGGUID+16, @GGUID+2, -1),
(@SGGUID+16, @GGUID+5, -1),
(@SGGUID+16, @GGUID+12, -1),
(@SGGUID+16, @GGUID+16, -1),
(@SGGUID+16, @GGUID+26, -1),
-- Portal
(@SGGUID+17, @GGUID+9, -1),
(@SGGUID+17, @GGUID+14, -1),
(@SGGUID+17, @GGUID+21, -1),
(@SGGUID+17, @GGUID+28, -1),
(@SGGUID+17, @GGUID+29, -1),
-- Vector Coil
(@SGGUID+18, @GGUID+10, -1),
(@SGGUID+18, @GGUID+15, -1),
(@SGGUID+18, @GGUID+17, -1),
(@SGGUID+18, @GGUID+20, -1),
(@SGGUID+18, @GGUID+23, -1),
(@SGGUID+18, @GGUID+24, -1),
-- Amberweb pass
(@SGGUID+19, @GGUID+13, -1),
(@SGGUID+19, @GGUID+25, -1),
(@SGGUID+19, @GGUID+27, -1),
(@SGGUID+19, @GGUID+30, -1),
(@SGGUID+19, @GGUID+31, -1);
INSERT INTO `spawn_group_spawn` (`Id`, `Guid`, `SlotId`) VALUES
-- Blue Isle
(@SGGUID+20, @GGUID+33, -1),
(@SGGUID+20, @GGUID+34, -1),
(@SGGUID+20, @GGUID+35, -1),
(@SGGUID+20, @GGUID+36, -1),
(@SGGUID+20, @GGUID+40, -1),
(@SGGUID+20, @GGUID+41, -1),
(@SGGUID+20, @GGUID+42, -1),
(@SGGUID+20, @GGUID+44, -1),
(@SGGUID+20, @GGUID+55, -1),
(@SGGUID+20, @GGUID+59, -1),
(@SGGUID+20, @GGUID+60, -1),
(@SGGUID+20, @GGUID+66, -1),
-- Wyrmscar and water
(@SGGUID+21, @GGUID+62, -1),
(@SGGUID+21, @GGUID+63, -1),
(@SGGUID+21, @GGUID+87, -1),
(@SGGUID+21, @GGUID+88, -1),
(@SGGUID+21, @GGUID+89, -1),
-- Underwater
(@SGGUID+22, @GGUID+105, -1),
(@SGGUID+22, @GGUID+106, -1),
(@SGGUID+22, @GGUID+107, -1),
(@SGGUID+22, @GGUID+108, -1),
(@SGGUID+22, @GGUID+109, -1),
-- Axxarien left
(@SGGUID+23, @GGUID+39, -1),
(@SGGUID+23, @GGUID+57, -1),
(@SGGUID+23, @GGUID+82, -1),
(@SGGUID+23, @GGUID+103, -1),
-- Crossroads
(@SGGUID+24, @GGUID+38, -1),
(@SGGUID+24, @GGUID+45, -1),
(@SGGUID+24, @GGUID+53, -1),
(@SGGUID+24, @GGUID+54, -1),
(@SGGUID+24, @GGUID+58, -1),
(@SGGUID+24, @GGUID+86, -1),
(@SGGUID+24, @GGUID+90, -1),
(@SGGUID+24, @GGUID+97, -1),
(@SGGUID+24, @GGUID+101, -1),
-- Cryo Core
(@SGGUID+25, @GGUID+50, -1),
(@SGGUID+25, @GGUID+51, -1),
(@SGGUID+25, @GGUID+52, -1),
(@SGGUID+25, @GGUID+68, -1),
(@SGGUID+25, @GGUID+70, -1),
(@SGGUID+25, @GGUID+71, -1),
(@SGGUID+25, @GGUID+72, -1),
(@SGGUID+25, @GGUID+110, -1),
-- Nazzivian
(@SGGUID+26, @GGUID+46, -1),
(@SGGUID+26, @GGUID+47, -1),
(@SGGUID+26, @GGUID+92, -1),
(@SGGUID+26, @GGUID+93, -1),
(@SGGUID+26, @GGUID+94, -1),
(@SGGUID+26, @GGUID+95, -1),
(@SGGUID+26, @GGUID+96, -1),
(@SGGUID+26, @GGUID+98, -1),
(@SGGUID+26, @GGUID+99, -1),
(@SGGUID+26, @GGUID+102, -1),
(@SGGUID+26, @GGUID+111, -1),
-- South of GY
(@SGGUID+27, @GGUID+48, -1),
(@SGGUID+27, @GGUID+49, -1),
(@SGGUID+27, @GGUID+73, -1),
(@SGGUID+27, @GGUID+74, -1),
(@SGGUID+27, @GGUID+75, -1),
(@SGGUID+27, @GGUID+80, -1),
(@SGGUID+27, @GGUID+85, -1),
(@SGGUID+27, @GGUID+100, -1),
(@SGGUID+27, @GGUID+112, -1),
-- Vector Coil and Amberweb
(@SGGUID+28, @GGUID+76, -1),
(@SGGUID+28, @GGUID+77, -1),
(@SGGUID+28, @GGUID+78, -1),
(@SGGUID+28, @GGUID+79, -1),
(@SGGUID+28, @GGUID+83, -1),
(@SGGUID+28, @GGUID+84, -1),
(@SGGUID+28, @GGUID+91, -1),
(@SGGUID+28, @GGUID+104, -1),
-- Axxarien right
(@SGGUID+29, @GGUID+61, -1),
(@SGGUID+29, @GGUID+64, -1),
(@SGGUID+29, @GGUID+65, -1),
(@SGGUID+29, @GGUID+67, -1),
(@SGGUID+29, @GGUID+69, -1),
(@SGGUID+29, @GGUID+81, -1),
-- Ruins of Loretharan
(@SGGUID+30, @GGUID+56, -1),
(@SGGUID+30, @GGUID+43, -1),
(@SGGUID+30, @GGUID+37, -1),
(@SGGUID+30, @GGUID+32, -1);

-- when porting adjust these accordingly
DELETE FROM pool_gameobject WHERE guid IN(75024,75025,75051,75052,75090,75091,75099,75100,75105,75106,101242,101243);
DELETE FROM pool_gameobject WHERE guid IN(101244,101245,101246,101247,101248,101249,101250,101251,101252,101253,101254,101255);
DELETE FROM pool_gameobject WHERE guid IN(101256,101257,101258,101259,101260,101261,101262,101263,101264,101265,101266,101267);
DELETE FROM pool_gameobject WHERE guid IN(101268,101269,101270,101271,101272,101274,101275,101276,101277,101278,101279,101280);
DELETE FROM pool_gameobject WHERE guid IN(101281,101282,101283,101284,101285,101286,101287,101288,101289,101290,101291,101292);
DELETE FROM pool_gameobject WHERE guid IN(101293,101294,101295,101296,101297,101298,101299,101300,101301,101302,101303,101304);
DELETE FROM pool_gameobject WHERE guid IN(101305,101306,101307,101308,101310,101311,101313,101314,101316,101317,101319,101320);
DELETE FROM pool_gameobject WHERE guid IN(101322,101323,101325,101326,101328,101329,101331,101332,101334,101335,101337,101338);
DELETE FROM pool_gameobject WHERE guid IN(101340,101341,101343,101344,101346,101347,101349,101350,101352,101353,101355,101356);
DELETE FROM pool_gameobject WHERE guid IN(101358,101359,101361,101362,101364,101365,101367,101368,101370,101371,101373,101374);
DELETE FROM pool_gameobject WHERE guid IN(101376,101377,101379,101380,101382,101383,101385,101386,101388,101389,111262,111263);
DELETE FROM pool_gameobject WHERE guid IN(111264,111265,5300605,5300606,5300608,5300609,5300611,5300612,5300614,5300615,5300617,5300618,5300620,5300621);

-- TODO: This file will still change
