SET @GGUID := 5305000; -- gameobjects
SET @SGGUID := 21000; -- Ghostlands
DELETE FROM gameobject WHERE Id IN(181249,181248);
-- special veins of tin
INSERT INTO gameobject(guid, id, map, spawnMask, position_x, position_y, position_z, orientation, rotation0, rotation1, rotation2, rotation3, spawntimesecsmin, spawntimesecsmax) VALUES
(@GGUID+1, '181249', '530', '1', 7064.7119140625, -6243.3896484375, 18.75861930847167968, 1.343901276588439941, 0, 0, 0.622513771057128906, 0.78260880708694458, '600', '600'),
(@GGUID+2, '181249', '530', '1', 7142.392578125, -6211.11181640625, 24.26014137268066406, 4.729844093322753906, 0, 0, -0.70090866088867187, 0.713251054286956787, '600', '600'),
(@GGUID+3, '181249', '530', '1', 7084.40234375, -6211.619140625, 22.86850547790527343, 4.886923789978027343, 0, 0, -0.64278697967529296, 0.766044974327087402, '600', '600'),
(@GGUID+4, '181249', '530', '1', 6996.80126953125, -6254.3681640625, 6.181571006774902343, 6.09120035171508789, 0, 0, -0.09584522247314453, 0.995396256446838378, '600', '600');
-- special veins of copper
INSERT INTO gameobject(guid, id, map, spawnMask, position_x, position_y, position_z, orientation, rotation0, rotation1, rotation2, rotation3, spawntimesecsmin, spawntimesecsmax) VALUES
(@GGUID+5, '181248', '530', '1', 7030.58349609375, -6267.58349609375, 9.859276771545410156, 5.794494152069091796, 0, 0, -0.24192142486572265, 0.970295846462249755, '600', '600'),
(@GGUID+6, '181248', '530', '1', 7283.8271484375, -6239.703125, 24.38156318664550781, 2.757613182067871093, 0, 0, 0.981626510620117187, 0.190812408924102783, '600', '600'),
(@GGUID+7, '181248', '530', '1', 7081.0546875, -6264.07666015625, 19.02763557434082031, 2.827429771423339843, 0, 0, 0.987688064575195312, 0.156436234712600708, '600', '600'),
(@GGUID+8, '181248', '530', '1', 7238.33544921875, -6170.85302734375, 23.18495941162109375, 0.139624491333961486, 0, 0, 0.06975555419921875, 0.997564136981964111, '600', '600'),
(@GGUID+9, '181248', '530', '1', 7235.42431640625, -6315.06005859375, 25.74500274658203125, 5.166176319122314453, 0, 0, -0.52991867065429687, 0.84804844856262207, '600', '600'),
(@GGUID+10, '181248', '530', '1', 7073.06494140625, -6183.50927734375, 21.70267486572265625, 2.44346022605895996, 0, 0, 0.939692497253417968, 0.34202045202255249, '600', '600'),
(@GGUID+11, '181248', '530', '1', 7116.52197265625, -6233.306640625, 20.98099899291992187, 4.729844093322753906, 0, 0, -0.70090866088867187, 0.713251054286956787, '600', '600'),
(@GGUID+12, '181248', '530', '1', 7127.56591796875, -6175.48046875, 25.37753677368164062, 2.897245407104492187, 0, 0, 0.99254608154296875, 0.121869951486587524, '600', '600'),
(@GGUID+13, '181248', '530', '1', 7158.9013671875, -6265.85498046875, 24.12623023986816406, 3.24634718894958496, 0, 0, -0.99862861633300781, 0.052353221923112869, '600', '600');

DELETE FROM spawn_group WHERE Id IN(@SGGUID+1,@SGGUID+2);
INSERT INTO `spawn_group` (`Id`, `Name`, `Type`, `MaxCount`, `WorldState`, `Flags`) VALUES
(@SGGUID+1, 'Ghostlands - Tin Vein - Underlight Mine', 0, 1, 0, 0),
(@SGGUID+2, 'Ghostlands - Copper Vein - Underlight Mine', 0, 2, 0, 0);

DELETE FROM spawn_group_spawn WHERE Id IN(@SGGUID+1,@SGGUID+2);
INSERT INTO `spawn_group_spawn` (`Id`, `Guid`, `SlotId`) VALUES
(@SGGUID+1, @GGUID+1, -1),
(@SGGUID+1, @GGUID+2, -1),
(@SGGUID+1, @GGUID+3, -1),
(@SGGUID+1, @GGUID+4, -1);

INSERT INTO `spawn_group_spawn` (`Id`, `Guid`, `SlotId`) VALUES
(@SGGUID+2, @GGUID+5, -1),
(@SGGUID+2, @GGUID+6, -1),
(@SGGUID+2, @GGUID+7, -1),
(@SGGUID+2, @GGUID+8, -1),
(@SGGUID+2, @GGUID+9, -1),
(@SGGUID+2, @GGUID+10, -1),
(@SGGUID+2, @GGUID+11, -1),
(@SGGUID+2, @GGUID+12, -1),
(@SGGUID+2, @GGUID+13, -1);

-- TODO: This file will still change
