-- 193931 - 195327 free in wotlk-db too
DELETE FROM `gameobject` WHERE `guid` BETWEEN 193931 AND 194454;
INSERT INTO `gameobject` (`guid`, `id`, `map`, `spawnMask`, `position_x`, `position_y`, `position_z`, `orientation`, `rotation0`, `rotation1`, `rotation2`, `rotation3`, `spawntimesecsmin`, `spawntimesecsmax`, `animprogress`, `state`) VALUES
(193931, 181555, 530, 1, -775.9922, 4185.0874, 47.804836, 1.3439013, 0, 0, 0.6225138, 0.7826088, 45, 90, 255, 1),
(193932, 181557, 530, 1, -775.9922, 4185.0874, 47.804836, 1.3439013, 0, 0, 0.6225138, 0.7826088, 45, 90, 255, 1),

(193933, 181555, 530, 1, -395.444, 4538.9653, 46.765247, 1.5358895, 0, 0, 0.6946583, 0.71933985, 45, 90, 255, 1),
(193934, 181557, 530, 1, -395.444, 4538.9653, 46.765247, 1.5358895, 0, 0, 0.6946583, 0.71933985, 45, 90, 255, 1),

(193935, 181555, 530, 1, 40.258247, 4928.893, 90.2735, 1.0297431, 0, 0, 0.49242306, 0.87035596, 45, 90, 255, 1),
(193936, 181557, 530, 1, 40.258247, 4928.893, 90.2735, 1.0297431, 0, 0, 0.49242306, 0.87035596, 45, 90, 255, 1),

(193937, 181555, 530, 1, -1231.724853515625, 2509.728271484375, 43.04992294311523437, -1.32644820213317871, 0, 0, -0.61566066741943359, 0.788011372089385986, 45, 90, 255, 1),
(193938, 181557, 530, 1, -1231.724853515625, 2509.728271484375, 43.04992294311523437, -1.32644820213317871, 0, 0, -0.61566066741943359, 0.788011372089385986, 45, 90, 255, 1),

(193939, 181555, 530, 1, 1422.5178, 8538.325, 18.228334, 3.0717661, 0, 0, 0.9993906, 0.034906134, 45, 90, 255, 1), -- khorium in sniff
(193940, 181556, 530, 1, 1422.5178, 8538.325, 18.228334, 3.0717661, 0, 0, 0.9993906, 0.034906134, 45, 90, 255, 1),
(193941, 181557, 530, 1, 1422.5178, 8538.325, 18.228334, 3.0717661, 0, 0, 0.9993906, 0.034906134, 45, 90, 255, 1),

(193942, 181555, 530, 1, 1633.5295, 8513.849, -54.43965, 1.2391833, 0, 0, 0.5807028, 0.81411564, 45, 90, 255, 1), -- khorium in sniff
(193943, 181556, 530, 1, 1633.5295, 8513.849, -54.43965, 1.2391833, 0, 0, 0.5807028, 0.81411564, 45, 90, 255, 1),
(193944, 181557, 530, 1, 1633.5295, 8513.849, -54.43965, 1.2391833, 0, 0, 0.5807028, 0.81411564, 45, 90, 255, 1),

(193945, 181555, 530, 1, 1816.5547, 8519.679, -8.651074, 4.031712, 0, 0, -0.902585, 0.43051165, 45, 90, 255, 1),
(193946, 181556, 530, 1, 1816.5547, 8519.679, -8.651074, 4.031712, 0, 0, -0.902585, 0.43051165, 45, 90, 255, 1),
(193947, 181557, 530, 1, 1816.5547, 8519.679, -8.651074, 4.031712, 0, 0, -0.902585, 0.43051165, 45, 90, 255, 1),

(193948, 181555, 530, 1, 1300.4235, 8218.417, 16.227636, 5.8294005, 0, 0, -0.22495079, 0.9743701, 45, 90, 255, 1),
(193949, 181556, 530, 1, 1300.4235, 8218.417, 16.227636, 5.8294005, 0, 0, -0.22495079, 0.9743701, 45, 90, 255, 1),
(193950, 181557, 530, 1, 1300.4235, 8218.417, 16.227636, 5.8294005, 0, 0, -0.22495079, 0.9743701, 45, 90, 255, 1),

(193951, 181555, 530, 1, 893.0073, 5056.877, -4.469767, 4.153885, 0, 0, -0.8746195, 0.48481005, 45, 90, 255, 1),
(193952, 181556, 530, 1, 893.0073, 5056.877, -4.469767, 4.153885, 0, 0, -0.8746195, 0.48481005, 45, 90, 255, 1),
(193953, 181557, 530, 1, 893.0073, 5056.877, -4.469767, 4.153885, 0, 0, -0.8746195, 0.48481005, 45, 90, 255, 1),

(193954, 181555, 530, 1, -233.07661, 7369.3193, 30.085907, 1.0821029, 0, 0, 0.51503754, 0.8571676, 45, 90, 255, 1),
(193955, 181556, 530, 1, -233.07661, 7369.3193, 30.085907, 1.0821029, 0, 0, 0.51503754, 0.8571676, 45, 90, 255, 1),
(193956, 181557, 530, 1, -233.07661, 7369.3193, 30.085907, 1.0821029, 0, 0, 0.51503754, 0.8571676, 45, 90, 255, 1),

(193957, 181555, 530, 1, 387.15387, 5097.742, 25.3817, 1.8325949, 0, 0, 0.7933531, 0.6087617, 45, 90, 255, 1),
(193958, 181556, 530, 1, 387.15387, 5097.742, 25.3817, 1.8325949, 0, 0, 0.7933531, 0.6087617, 45, 90, 255, 1),
(193959, 181557, 530, 1, 387.15387, 5097.742, 25.3817, 1.8325949, 0, 0, 0.7933531, 0.6087617, 45, 90, 255, 1),

(193960, 181555, 530, 1, 366.9063720703125, 9068.5224609375, 12.34026145935058593, -0.99483716487884521, 0, 0, -0.4771585464477539, 0.878817260265350341, 45, 90, 255, 1),
(193961, 181556, 530, 1, 366.9063720703125, 9068.5224609375, 12.34026145935058593, -0.99483716487884521, 0, 0, -0.4771585464477539, 0.878817260265350341, 45, 90, 255, 1),
(193962, 181557, 530, 1, 366.9063720703125, 9068.5224609375, 12.34026145935058593, -0.99483716487884521, 0, 0, -0.4771585464477539, 0.878817260265350341, 45, 90, 255, 1),

(193963, 181555, 530, 1, -3511.248779296875, 6210.1572265625, -5.18984794616699218, -2.82742977142333984, 0, 0, -0.98768806457519531, 0.156436234712600708, 45, 90, 255, 1),
(193964, 181556, 530, 1, -3511.248779296875, 6210.1572265625, -5.18984794616699218, -2.82742977142333984, 0, 0, -0.98768806457519531, 0.156436234712600708, 45, 90, 255, 1),
(193965, 181557, 530, 1, -3511.248779296875, 6210.1572265625, -5.18984794616699218, -2.82742977142333984, 0, 0, -0.98768806457519531, 0.156436234712600708, 45, 90, 255, 1),
(193966, 181569, 530, 1, -3511.248779296875, 6210.1572265625, -5.18984794616699218, -2.82742977142333984, 0, 0, -0.98768806457519531, 0.156436234712600708, 45, 90, 255, 1),

(193967, 181555, 530, 1, -3764.654541015625, 6133.5830078125, -7.80437612533569335, 2.932138681411743164, 0, 0, 0.994521141052246093, 0.104535527527332305, 45, 90, 255, 1),
(193968, 181556, 530, 1, -3764.654541015625, 6133.5830078125, -7.80437612533569335, 2.932138681411743164, 0, 0, 0.994521141052246093, 0.104535527527332305, 45, 90, 255, 1),
(193969, 181557, 530, 1, -3764.654541015625, 6133.5830078125, -7.80437612533569335, 2.932138681411743164, 0, 0, 0.994521141052246093, 0.104535527527332305, 45, 90, 255, 1),
(193970, 181569, 530, 1, -3764.654541015625, 6133.5830078125, -7.80437612533569335, 2.932138681411743164, 0, 0, 0.994521141052246093, 0.104535527527332305, 45, 90, 255, 1),

(193971, 181555, 530, 1, -3940.77294921875, 4433.93701171875, -27.4499454498291015, -1.22172927856445312, 0, 0, -0.57357597351074218, 0.819152355194091796, 45, 90, 255, 1),
(193972, 181556, 530, 1, -3940.77294921875, 4433.93701171875, -27.4499454498291015, -1.22172927856445312, 0, 0, -0.57357597351074218, 0.819152355194091796, 45, 90, 255, 1),
(193973, 181557, 530, 1, -3940.77294921875, 4433.93701171875, -27.4499454498291015, -1.22172927856445312, 0, 0, -0.57357597351074218, 0.819152355194091796, 45, 90, 255, 1),
(193974, 181569, 530, 1, -3940.77294921875, 4433.93701171875, -27.4499454498291015, -1.22172927856445312, 0, 0, -0.57357597351074218, 0.819152355194091796, 45, 90, 255, 1),

(193975, 181555, 530, 1, -4183.9013671875, 3149.683837890625, 320.58575439453125, -2.04203510284423828, 0, 0, -0.85264015197753906, 0.522498607635498046, 45, 90, 255, 1),
(193976, 181556, 530, 1, -4183.9013671875, 3149.683837890625, 320.58575439453125, -2.04203510284423828, 0, 0, -0.85264015197753906, 0.522498607635498046, 45, 90, 255, 1),
(193977, 181557, 530, 1, -4183.9013671875, 3149.683837890625, 320.58575439453125, -2.04203510284423828, 0, 0, -0.85264015197753906, 0.522498607635498046, 45, 90, 255, 1),
(193978, 181569, 530, 1, -4183.9013671875, 3149.683837890625, 320.58575439453125, -2.04203510284423828, 0, 0, -0.85264015197753906, 0.522498607635498046, 45, 90, 255, 1),

(193979, 181555, 530, 1, -2515.899658203125, 5468.2939453125, 8.421998023986816406, -2.60053515434265136, 0, 0, -0.96362972259521484, 0.26724100112915039, 45, 90, 255, 1),
(193980, 181556, 530, 1, -2515.899658203125, 5468.2939453125, 8.421998023986816406, -2.60053515434265136, 0, 0, -0.96362972259521484, 0.26724100112915039, 45, 90, 255, 1),
(193981, 181557, 530, 1, -2515.899658203125, 5468.2939453125, 8.421998023986816406, -2.60053515434265136, 0, 0, -0.96362972259521484, 0.26724100112915039, 45, 90, 255, 1),
(193982, 181569, 530, 1, -2515.899658203125, 5468.2939453125, 8.421998023986816406, -2.60053515434265136, 0, 0, -0.96362972259521484, 0.26724100112915039, 45, 90, 255, 1),

(193983, 181555, 530, 1, -3811.07861328125, 5759.24267578125, -23.0573196411132812, 2.408554315567016601, 0, 0, 0.933580398559570312, 0.358368009328842163, 45, 90, 255, 1),
(193984, 181556, 530, 1, -3811.07861328125, 5759.24267578125, -23.0573196411132812, 2.408554315567016601, 0, 0, 0.933580398559570312, 0.358368009328842163, 45, 90, 255, 1),
(193985, 181557, 530, 1, -3811.07861328125, 5759.24267578125, -23.0573196411132812, 2.408554315567016601, 0, 0, 0.933580398559570312, 0.358368009328842163, 45, 90, 255, 1),
(193986, 181569, 530, 1, -3811.07861328125, 5759.24267578125, -23.0573196411132812, 2.408554315567016601, 0, 0, 0.933580398559570312, 0.358368009328842163, 45, 90, 255, 1),

(193987, 181555, 530, 1, -3792.714111328125, 5491.666015625, -5.05181598663330078, 1.780234098434448242, 0, 0, 0.7771453857421875, 0.629321098327636718, 45, 90, 255, 1),
(193988, 181556, 530, 1, -3792.714111328125, 5491.666015625, -5.05181598663330078, 1.780234098434448242, 0, 0, 0.7771453857421875, 0.629321098327636718, 45, 90, 255, 1),
(193989, 181557, 530, 1, -3792.714111328125, 5491.666015625, -5.05181598663330078, 1.780234098434448242, 0, 0, 0.7771453857421875, 0.629321098327636718, 45, 90, 255, 1),
(193990, 181569, 530, 1, -3792.714111328125, 5491.666015625, -5.05181598663330078, 1.780234098434448242, 0, 0, 0.7771453857421875, 0.629321098327636718, 45, 90, 255, 1),

(193991, 181555, 530, 1, -1895.0167236328125, 4057.921875, 1.936712026596069335, 2.234017610549926757, 0, 0, 0.898793220520019531, 0.438372820615768432, 45, 90, 255, 1),
(193992, 181556, 530, 1, -1895.0167236328125, 4057.921875, 1.936712026596069335, 2.234017610549926757, 0, 0, 0.898793220520019531, 0.438372820615768432, 45, 90, 255, 1),
(193993, 181557, 530, 1, -1895.0167236328125, 4057.921875, 1.936712026596069335, 2.234017610549926757, 0, 0, 0.898793220520019531, 0.438372820615768432, 45, 90, 255, 1),
(193994, 181569, 530, 1, -1895.0167236328125, 4057.921875, 1.936712026596069335, 2.234017610549926757, 0, 0, 0.898793220520019531, 0.438372820615768432, 45, 90, 255, 1),

(193995, 181555, 530, 1, -3328.4375, 3996.909423828125, 72.03701019287109375, -0.9075702428817749, 0, 0, -0.4383707046508789, 0.898794233798980712, 45, 90, 255, 1),
(193996, 181556, 530, 1, -3328.4375, 3996.909423828125, 72.03701019287109375, -0.9075702428817749, 0, 0, -0.4383707046508789, 0.898794233798980712, 45, 90, 255, 1),
(193997, 181557, 530, 1, -3328.4375, 3996.909423828125, 72.03701019287109375, -0.9075702428817749, 0, 0, -0.4383707046508789, 0.898794233798980712, 45, 90, 255, 1),
(193998, 181569, 530, 1, -3328.4375, 3996.909423828125, 72.03701019287109375, -0.9075702428817749, 0, 0, -0.4383707046508789, 0.898794233798980712, 45, 90, 255, 1),

(193999, 181555, 530, 1, -1220.499755859375, 5175.53466796875, 65.2973480224609375, 2.548179388046264648, 0, 0, 0.956304550170898437, 0.292372345924377441, 45, 90, 255, 1),
(194000, 181556, 530, 1, -1220.499755859375, 5175.53466796875, 65.2973480224609375, 2.548179388046264648, 0, 0, 0.956304550170898437, 0.292372345924377441, 45, 90, 255, 1),
(194001, 181557, 530, 1, -1220.499755859375, 5175.53466796875, 65.2973480224609375, 2.548179388046264648, 0, 0, 0.956304550170898437, 0.292372345924377441, 45, 90, 255, 1),
(194002, 181569, 530, 1, -1220.499755859375, 5175.53466796875, 65.2973480224609375, 2.548179388046264648, 0, 0, 0.956304550170898437, 0.292372345924377441, 45, 90, 255, 1),

(194003, 181555, 530, 1, 2407.255, 5695.229, 272.6255, 0.7504916, 0, 0, 0, 0, 45, 90, 255, 1), -- khorium in sniff
(194004, 181556, 530, 1, 2407.255, 5695.229, 272.6255, 0.7504916, 0, 0, 0, 0, 45, 90, 255, 1),
(194005, 181557, 530, 1, 2407.255, 5695.229, 272.6255, 0.7504916, 0, 0, 0, 0, 45, 90, 255, 1),

(194006, 181555, 530, 1, 1645.2537, 5087.763, 175.3853, 4.71239, 0, 0, -0.7071066, 0.70710695, 45, 90, 255, 1), -- khorium in sniff
(194007, 181556, 530, 1, 1645.2537, 5087.763, 175.3853, 4.71239, 0, 0, -0.7071066, 0.70710695, 45, 90, 255, 1),
(194008, 181557, 530, 1, 1645.2537, 5087.763, 175.3853, 4.71239, 0, 0, -0.7071066, 0.70710695, 45, 90, 255, 1),

(194009, 181555, 530, 1, 2045.1337, 5073.718, 267.5257, 1.4311681, 0, 0, 0.6560583, 0.7547102, 45, 90, 255, 1), -- khorium in sniff
(194010, 181556, 530, 1, 2045.1337, 5073.718, 267.5257, 1.4311681, 0, 0, 0.6560583, 0.7547102, 45, 90, 255, 1),
(194011, 181557, 530, 1, 2045.1337, 5073.718, 267.5257, 1.4311681, 0, 0, 0.6560583, 0.7547102, 45, 90, 255, 1),

(194012, 181555, 530, 1, 1353.222, 6563.7383, -3.435149, 4.0491676, 0, 0, -0.8987932, 0.43837282, 45, 90, 255, 1), -- khorium in sniff
(194013, 181556, 530, 1, 1353.222, 6563.7383, -3.435149, 4.0491676, 0, 0, -0.8987932, 0.43837282, 45, 90, 255, 1),
(194014, 181557, 530, 1, 1353.222, 6563.7383, -3.435149, 4.0491676, 0, 0, -0.8987932, 0.43837282, 45, 90, 255, 1),

(194015, 181555, 530, 1, 1392.0187, 6645.592, -15.512031, 5.044002, 0, 0, -0.5807028, 0.81411564, 45, 90, 255, 1), -- khorium in sniff
(194016, 181556, 530, 1, 1392.0187, 6645.592, -15.512031, 5.044002, 0, 0, -0.5807028, 0.81411564, 45, 90, 255, 1),
(194017, 181557, 530, 1, 1392.0187, 6645.592, -15.512031, 5.044002, 0, 0, -0.5807028, 0.81411564, 45, 90, 255, 1),

(194018, 181555, 530, 1, 2252.0298, 5221.8794, 264.4843, 3.4033964, 0, 0, -0.9914446, 0.13052827, 45, 90, 255, 1),
(194019, 181556, 530, 1, 2252.0298, 5221.8794, 264.4843, 3.4033964, 0, 0, -0.9914446, 0.13052827, 45, 90, 255, 1),
(194020, 181557, 530, 1, 2252.0298, 5221.8794, 264.4843, 3.4033964, 0, 0, -0.9914446, 0.13052827, 45, 90, 255, 1),

(194021, 181555, 530, 1, 2338.485, 6495.282, 3.689758, 3.42085, 0, 0, -0.99026775, 0.13917536, 45, 90, 255, 1),
(194022, 181556, 530, 1, 2338.485, 6495.282, 3.689758, 3.42085, 0, 0, -0.99026775, 0.13917536, 45, 90, 255, 1),
(194023, 181557, 530, 1, 2338.485, 6495.282, 3.689758, 3.42085, 0, 0, -0.99026775, 0.13917536, 45, 90, 255, 1),

(194024, 181555, 530, 1, 2456.6028, 6460.6123, 3.071964, 5.637414, 0, 0, -0.3173046, 0.94832367, 45, 90, 255, 1),
(194025, 181556, 530, 1, 2456.6028, 6460.6123, 3.071964, 5.637414, 0, 0, -0.3173046, 0.94832367, 45, 90, 255, 1),
(194026, 181557, 530, 1, 2456.6028, 6460.6123, 3.071964, 5.637414, 0, 0, -0.3173046, 0.94832367, 45, 90, 255, 1),

(194027, 181555, 530, 1, 2488.9895, 5453.557, 266.6563, 3.001947, 0, 0, 0.99756336, 0.06976615, 45, 90, 255, 1),
(194028, 181556, 530, 1, 2488.9895, 5453.557, 266.6563, 3.001947, 0, 0, 0.99756336, 0.06976615, 45, 90, 255, 1),
(194029, 181557, 530, 1, 2488.9895, 5453.557, 266.6563, 3.001947, 0, 0, 0.99756336, 0.06976615, 45, 90, 255, 1),

(194030, 181555, 530, 1, 2233.5957, 6200.5054, 145.72359, 5.8468537, 0, 0, -0.21643925, 0.97629607, 45, 90, 255, 1),
(194031, 181556, 530, 1, 2233.5957, 6200.5054, 145.72359, 5.8468537, 0, 0, -0.21643925, 0.97629607, 45, 90, 255, 1),
(194032, 181557, 530, 1, 2233.5957, 6200.5054, 145.72359, 5.8468537, 0, 0, -0.21643925, 0.97629607, 45, 90, 255, 1),

(194033, 181555, 530, 1, 2672.5916, 6158.462, 13.255552, 5.969027, 0, 0, -0.15643406, 0.98768836, 45, 90, 255, 1),
(194034, 181556, 530, 1, 2672.5916, 6158.462, 13.255552, 5.969027, 0, 0, -0.15643406, 0.98768836, 45, 90, 255, 1),
(194035, 181557, 530, 1, 2672.5916, 6158.462, 13.255552, 5.969027, 0, 0, -0.15643406, 0.98768836, 45, 90, 255, 1),

(194036, 181555, 530, 1, 2123.232, 6457.261, 4.116188, 3.2637722, 0, 0, -0.9981346, 0.061051756, 45, 90, 255, 1),
(194037, 181556, 530, 1, 2123.232, 6457.261, 4.116188, 3.2637722, 0, 0, -0.9981346, 0.061051756, 45, 90, 255, 1),
(194038, 181557, 530, 1, 2123.232, 6457.261, 4.116188, 3.2637722, 0, 0, -0.9981346, 0.061051756, 45, 90, 255, 1),

(194039, 181555, 530, 1, 2424.585693359375, 6306.61181640625, 15.24646186828613281, 0.645771682262420654, 0, 0, 0.317304611206054687, 0.948323667049407958, 45, 90, 255, 1),
(194040, 181556, 530, 1, 2424.585693359375, 6306.61181640625, 15.24646186828613281, 0.645771682262420654, 0, 0, 0.317304611206054687, 0.948323667049407958, 45, 90, 255, 1),
(194041, 181557, 530, 1, 2424.585693359375, 6306.61181640625, 15.24646186828613281, 0.645771682262420654, 0, 0, 0.317304611206054687, 0.948323667049407958, 45, 90, 255, 1),

(194042, 181555, 530, 1, 2545.447, 5361.692, 275.90247, 1.7104216, 0, 0, 0.75470924, 0.65605944, 45, 90, 255, 1),
(194043, 181556, 530, 1, 2545.447, 5361.692, 275.90247, 1.7104216, 0, 0, 0.75470924, 0.65605944, 45, 90, 255, 1),
(194044, 181557, 530, 1, 2545.447, 5361.692, 275.90247, 1.7104216, 0, 0, 0.75470924, 0.65605944, 45, 90, 255, 1),

(194045, 181555, 530, 1, 1654.0899658203125, 6959.29052734375, 170.6298065185546875, 1.48352813720703125, 0, 0, 0.675589561462402343, 0.737277925014495849, 45, 90, 255, 1),
(194046, 181556, 530, 1, 1654.0899658203125, 6959.29052734375, 170.6298065185546875, 1.48352813720703125, 0, 0, 0.675589561462402343, 0.737277925014495849, 45, 90, 255, 1),
(194047, 181557, 530, 1, 1654.0899658203125, 6959.29052734375, 170.6298065185546875, 1.48352813720703125, 0, 0, 0.675589561462402343, 0.737277925014495849, 45, 90, 255, 1),

(194048, 181555, 530, 1, 1534.531494140625, 6974.22265625, 163.09765625, -2.02457880973815917, 0, 0, -0.84804725646972656, 0.529920578002929687, 45, 90, 255, 1),
(194049, 181556, 530, 1, 1534.531494140625, 6974.22265625, 163.09765625, -2.02457880973815917, 0, 0, -0.84804725646972656, 0.529920578002929687, 45, 90, 255, 1),
(194050, 181557, 530, 1, 1534.531494140625, 6974.22265625, 163.09765625, -2.02457880973815917, 0, 0, -0.84804725646972656, 0.529920578002929687, 45, 90, 255, 1),

(194051, 181555, 530, 1, 1836.568359375, 6143.68994140625, 145.48101806640625, 2.775068283081054687, 0, 0, 0.983254432678222656, 0.182238012552261352, 45, 90, 255, 1),
(194052, 181556, 530, 1, 1836.568359375, 6143.68994140625, 145.48101806640625, 2.775068283081054687, 0, 0, 0.983254432678222656, 0.182238012552261352, 45, 90, 255, 1),
(194053, 181557, 530, 1, 1836.568359375, 6143.68994140625, 145.48101806640625, 2.775068283081054687, 0, 0, 0.983254432678222656, 0.182238012552261352, 45, 90, 255, 1),

(194054, 181555, 530, 1, 1377.715087890625, 6534.51025390625, 11.14258289337158203, 2.879789113998413085, 0, 0, 0.991444587707519531, 0.130528271198272705, 45, 90, 255, 1),
(194055, 181556, 530, 1, 1377.715087890625, 6534.51025390625, 11.14258289337158203, 2.879789113998413085, 0, 0, 0.991444587707519531, 0.130528271198272705, 45, 90, 255, 1),
(194056, 181557, 530, 1, 1377.715087890625, 6534.51025390625, 11.14258289337158203, 2.879789113998413085, 0, 0, 0.991444587707519531, 0.130528271198272705, 45, 90, 255, 1),

(194057, 181555, 530, 1, 1865.773681640625, 5397.3486328125, 158.5434112548828125, 4.014260292053222656, 0, 0, -0.90630722045898437, 0.422619491815567016, 45, 90, 255, 1),
(194058, 181556, 530, 1, 1865.773681640625, 5397.3486328125, 158.5434112548828125, 4.014260292053222656, 0, 0, -0.90630722045898437, 0.422619491815567016, 45, 90, 255, 1),
(194059, 181557, 530, 1, 1865.773681640625, 5397.3486328125, 158.5434112548828125, 4.014260292053222656, 0, 0, -0.90630722045898437, 0.422619491815567016, 45, 90, 255, 1),

(194060, 181555, 530, 1, 1804.1563720703125, 6345.1728515625, 2.529205083847045898, -0.36651757359504699, 0, 0, -0.18223476409912109, 0.98325502872467041, 45, 90, 255, 1),
(194061, 181556, 530, 1, 1804.1563720703125, 6345.1728515625, 2.529205083847045898, -0.36651757359504699, 0, 0, -0.18223476409912109, 0.98325502872467041, 45, 90, 255, 1),
(194062, 181557, 530, 1, 1804.1563720703125, 6345.1728515625, 2.529205083847045898, -0.36651757359504699, 0, 0, -0.18223476409912109, 0.98325502872467041, 45, 90, 255, 1),

(194063, 181555, 530, 1, 2409.666748046875, 5690.65380859375, 270.81951904296875, 0.750490784645080566, 0, 0, 0.3665008544921875, 0.93041771650314331, 45, 90, 255, 1),
(194064, 181556, 530, 1, 2409.666748046875, 5690.65380859375, 270.81951904296875, 0.750490784645080566, 0, 0, 0.3665008544921875, 0.93041771650314331, 45, 90, 255, 1),
(194065, 181557, 530, 1, 2409.666748046875, 5690.65380859375, 270.81951904296875, 0.750490784645080566, 0, 0, 0.3665008544921875, 0.93041771650314331, 45, 90, 255, 1),

(194066, 181555, 530, 1, 2282.227783203125, 5417.416015625, 152.4340972900390625, 1.448622107505798339, 0, 0, 0.662619590759277343, 0.748956084251403808, 45, 90, 255, 1),
(194067, 181556, 530, 1, 2282.227783203125, 5417.416015625, 152.4340972900390625, 1.448622107505798339, 0, 0, 0.662619590759277343, 0.748956084251403808, 45, 90, 255, 1),
(194068, 181557, 530, 1, 2282.227783203125, 5417.416015625, 152.4340972900390625, 1.448622107505798339, 0, 0, 0.662619590759277343, 0.748956084251403808, 45, 90, 255, 1),

(194069, 181555, 530, 1, 2724.435791015625, 5303.24365234375, 270.953033447265625, 2.251473665237426757, 0, 0, 0.902585029602050781, 0.430511653423309326, 45, 90, 255, 1),
(194070, 181556, 530, 1, 2724.435791015625, 5303.24365234375, 270.953033447265625, 2.251473665237426757, 0, 0, 0.902585029602050781, 0.430511653423309326, 45, 90, 255, 1),
(194071, 181557, 530, 1, 2724.435791015625, 5303.24365234375, 270.953033447265625, 2.251473665237426757, 0, 0, 0.902585029602050781, 0.430511653423309326, 45, 90, 255, 1),

(194072, 181555, 530, 1, 3221.617919921875, 5544.5302734375, 141.3644256591796875, 2.652894020080566406, 0, 0, 0.970294952392578125, 0.241925001144409179, 45, 90, 255, 1),
(194073, 181556, 530, 1, 3221.617919921875, 5544.5302734375, 141.3644256591796875, 2.652894020080566406, 0, 0, 0.970294952392578125, 0.241925001144409179, 45, 90, 255, 1),
(194074, 181557, 530, 1, 3221.617919921875, 5544.5302734375, 141.3644256591796875, 2.652894020080566406, 0, 0, 0.970294952392578125, 0.241925001144409179, 45, 90, 255, 1),

(194075, 181555, 530, 1, 3217.72998046875, 5722.17919921875, 6.120430946350097656, -2.02457880973815917, 0, 0, -0.84804725646972656, 0.529920578002929687, 45, 90, 255, 1),
(194076, 181556, 530, 1, 3217.72998046875, 5722.17919921875, 6.120430946350097656, -2.02457880973815917, 0, 0, -0.84804725646972656, 0.529920578002929687, 45, 90, 255, 1),
(194077, 181557, 530, 1, 3217.72998046875, 5722.17919921875, 6.120430946350097656, -2.02457880973815917, 0, 0, -0.84804725646972656, 0.529920578002929687, 45, 90, 255, 1),

(194078, 181555, 530, 1, 3725.989990234375, 4871.11328125, 262.628173828125, -0.20943944156169891, 0, 0, -0.10452842712402343, 0.994521915912628173, 45, 90, 255, 1),
(194079, 181556, 530, 1, 3725.989990234375, 4871.11328125, 262.628173828125, -0.20943944156169891, 0, 0, -0.10452842712402343, 0.994521915912628173, 45, 90, 255, 1),
(194080, 181557, 530, 1, 3725.989990234375, 4871.11328125, 262.628173828125, -0.20943944156169891, 0, 0, -0.10452842712402343, 0.994521915912628173, 45, 90, 255, 1),

(194081, 181555, 530, 1, 2898.4306640625, 5694.94091796875, 148.6786346435546875, 0.61086350679397583, 0, 0, 0.3007049560546875, 0.953717231750488281, 45, 90, 255, 1),
(194082, 181556, 530, 1, 2898.4306640625, 5694.94091796875, 148.6786346435546875, 0.61086350679397583, 0, 0, 0.3007049560546875, 0.953717231750488281, 45, 90, 255, 1),
(194083, 181557, 530, 1, 2898.4306640625, 5694.94091796875, 148.6786346435546875, 0.61086350679397583, 0, 0, 0.3007049560546875, 0.953717231750488281, 45, 90, 255, 1),

(194084, 181555, 530, 1, 3651.7265625, 6551.33447265625, 140.7100372314453125, 0.034906253218650817, 0, 0, 0.017452239990234375, 0.999847710132598876, 45, 90, 255, 1),
(194085, 181556, 530, 1, 3651.7265625, 6551.33447265625, 140.7100372314453125, 0.034906253218650817, 0, 0, 0.017452239990234375, 0.999847710132598876, 45, 90, 255, 1),
(194086, 181557, 530, 1, 3651.7265625, 6551.33447265625, 140.7100372314453125, 0.034906253218650817, 0, 0, 0.017452239990234375, 0.999847710132598876, 45, 90, 255, 1),

(194087, 181555, 530, 1, 3118.744384765625, 7017.06494140625, 166.2571258544921875, 0.872663915157318115, 0, 0, 0.422617912292480468, 0.906307935714721679, 45, 90, 255, 1),
(194088, 181556, 530, 1, 3118.744384765625, 7017.06494140625, 166.2571258544921875, 0.872663915157318115, 0, 0, 0.422617912292480468, 0.906307935714721679, 45, 90, 255, 1),
(194089, 181557, 530, 1, 3118.744384765625, 7017.06494140625, 166.2571258544921875, 0.872663915157318115, 0, 0, 0.422617912292480468, 0.906307935714721679, 45, 90, 255, 1),

(194090, 181555, 530, 1, 3044.045166015625, 6045.10986328125, 4.923408985137939453, -2.82742977142333984, 0, 0, -0.98768806457519531, 0.156436234712600708, 45, 90, 255, 1),
(194091, 181556, 530, 1, 3044.045166015625, 6045.10986328125, 4.923408985137939453, -2.82742977142333984, 0, 0, -0.98768806457519531, 0.156436234712600708, 45, 90, 255, 1),
(194092, 181557, 530, 1, 3044.045166015625, 6045.10986328125, 4.923408985137939453, -2.82742977142333984, 0, 0, -0.98768806457519531, 0.156436234712600708, 45, 90, 255, 1),

(194093, 181555, 530, 1, 2964.4228515625, 6106.19677734375, 21.99786949157714843, -0.45378503203392028, 0, 0, -0.22495079040527343, 0.974370121955871582, 45, 90, 255, 1),
(194094, 181556, 530, 1, 2964.4228515625, 6106.19677734375, 21.99786949157714843, -0.45378503203392028, 0, 0, -0.22495079040527343, 0.974370121955871582, 45, 90, 255, 1),
(194095, 181557, 530, 1, 2964.4228515625, 6106.19677734375, 21.99786949157714843, -0.45378503203392028, 0, 0, -0.22495079040527343, 0.974370121955871582, 45, 90, 255, 1),

(194096, 181555, 530, 1, 2578.833740234375, 6294.80322265625, 13.35442829132080078, 2.268925428390502929, 0, 0, 0.906307220458984375, 0.422619491815567016, 45, 90, 255, 1),
(194097, 181556, 530, 1, 2578.833740234375, 6294.80322265625, 13.35442829132080078, 2.268925428390502929, 0, 0, 0.906307220458984375, 0.422619491815567016, 45, 90, 255, 1),
(194098, 181557, 530, 1, 2578.833740234375, 6294.80322265625, 13.35442829132080078, 2.268925428390502929, 0, 0, 0.906307220458984375, 0.422619491815567016, 45, 90, 255, 1),

(194099, 181555, 530, 1, 3015.1806640625, 4845.81005859375, 288.357208251953125, 0.331610709428787231, 0, 0, 0.16504669189453125, 0.986285746097564697, 45, 90, 255, 1),
(194100, 181556, 530, 1, 3015.1806640625, 4845.81005859375, 288.357208251953125, 0.331610709428787231, 0, 0, 0.16504669189453125, 0.986285746097564697, 45, 90, 255, 1),
(194101, 181557, 530, 1, 3015.1806640625, 4845.81005859375, 288.357208251953125, 0.331610709428787231, 0, 0, 0.16504669189453125, 0.986285746097564697, 45, 90, 255, 1),

(194102, 181555, 530, 1, 2953.598876953125, 4742.560546875, 288.162139892578125, 1.151916384696960449, 0, 0, 0.544638633728027343, 0.838670849800109863, 45, 90, 255, 1),
(194103, 181556, 530, 1, 2953.598876953125, 4742.560546875, 288.162139892578125, 1.151916384696960449, 0, 0, 0.544638633728027343, 0.838670849800109863, 45, 90, 255, 1),
(194104, 181557, 530, 1, 2953.598876953125, 4742.560546875, 288.162139892578125, 1.151916384696960449, 0, 0, 0.544638633728027343, 0.838670849800109863, 45, 90, 255, 1),

(194105, 181555, 530, 1, 3238.63232421875, 5095.1162109375, 266.922637939453125, 0.558503925800323486, 0, 0, 0.275636672973632812, 0.961261868476867675, 45, 90, 255, 1),
(194106, 181556, 530, 1, 3238.63232421875, 5095.1162109375, 266.922637939453125, 0.558503925800323486, 0, 0, 0.275636672973632812, 0.961261868476867675, 45, 90, 255, 1),
(194107, 181557, 530, 1, 3238.63232421875, 5095.1162109375, 266.922637939453125, 0.558503925800323486, 0, 0, 0.275636672973632812, 0.961261868476867675, 45, 90, 255, 1),

(194108, 181555, 530, 1, 2851.671875, 6162.40283203125, 6.347104072570800781, 0.174532115459442138, 0, 0, 0.087155342102050781, 0.996194720268249511, 45, 90, 255, 1),
(194109, 181556, 530, 1, 2851.671875, 6162.40283203125, 6.347104072570800781, 0.174532115459442138, 0, 0, 0.087155342102050781, 0.996194720268249511, 45, 90, 255, 1),
(194110, 181557, 530, 1, 2851.671875, 6162.40283203125, 6.347104072570800781, 0.174532115459442138, 0, 0, 0.087155342102050781, 0.996194720268249511, 45, 90, 255, 1),

(194111, 181555, 530, 1, 3688.8994140625, 5502.611328125, -12.3324651718139648, 3.106653690338134765, 0, 0, 0.999847412109375, 0.017469281330704689, 45, 90, 255, 1),
(194112, 181556, 530, 1, 3688.8994140625, 5502.611328125, -12.3324651718139648, 3.106653690338134765, 0, 0, 0.999847412109375, 0.017469281330704689, 45, 90, 255, 1),
(194113, 181557, 530, 1, 3688.8994140625, 5502.611328125, -12.3324651718139648, 3.106653690338134765, 0, 0, 0.999847412109375, 0.017469281330704689, 45, 90, 255, 1),

(194114, 181555, 530, 1, 3456.30126953125, 3558.013427734375, 173.3021240234375, 4.642575740814208984, 0, 0, -0.731353759765625, 0.681998312473297119, 45, 90, 255, 1),
(194115, 181556, 530, 1, 3456.30126953125, 3558.013427734375, 173.3021240234375, 4.642575740814208984, 0, 0, -0.731353759765625, 0.681998312473297119, 45, 90, 255, 1),
(194116, 181557, 530, 1, 3456.30126953125, 3558.013427734375, 173.3021240234375, 4.642575740814208984, 0, 0, -0.731353759765625, 0.681998312473297119, 45, 90, 255, 1),
(194117, 181569, 530, 1, 3456.30126953125, 3558.013427734375, 173.3021240234375, 4.642575740814208984, 0, 0, -0.731353759765625, 0.681998312473297119, 45, 90, 255, 1),

(194118, 181555, 530, 1, 4158.616, 4163.585, 127.3027, 0.6806785, 0, 0, 0, 0, 45, 90, 255, 1), -- khorium in sniff
(194119, 181556, 530, 1, 4158.616, 4163.585, 127.3027, 0.6806785, 0, 0, 0, 0, 45, 90, 255, 1),
(194120, 181557, 530, 1, 4158.616, 4163.585, 127.3027, 0.6806785, 0, 0, 0, 0, 45, 90, 255, 1),
(194121, 181569, 530, 1, 4158.616, 4163.585, 127.3027, 0.6806785, 0, 0, 0, 0, 45, 90, 255, 1),

(194122, 181555, 530, 1, 2538.325927734375, 3837.60888671875, 139.2327423095703125, 0.261798173189163208, 0, 0, 0.130525588989257812, 0.991444945335388183, 45, 90, 255, 1),
(194123, 181556, 530, 1, 2538.325927734375, 3837.60888671875, 139.2327423095703125, 0.261798173189163208, 0, 0, 0.130525588989257812, 0.991444945335388183, 45, 90, 255, 1),
(194124, 181557, 530, 1, 2538.325927734375, 3837.60888671875, 139.2327423095703125, 0.261798173189163208, 0, 0, 0.130525588989257812, 0.991444945335388183, 45, 90, 255, 1),
(194125, 181569, 530, 1, 2538.325927734375, 3837.60888671875, 139.2327423095703125, 0.261798173189163208, 0, 0, 0.130525588989257812, 0.991444945335388183, 45, 90, 255, 1),

(194126, 181555, 530, 1, 2471.13134765625, 3847.119384765625, 118.7703323364257812, 1.099556446075439453, 0, 0, 0.522498130798339843, 0.852640450000762939, 45, 90, 255, 1),
(194127, 181556, 530, 1, 2471.13134765625, 3847.119384765625, 118.7703323364257812, 1.099556446075439453, 0, 0, 0.522498130798339843, 0.852640450000762939, 45, 90, 255, 1),
(194128, 181557, 530, 1, 2471.13134765625, 3847.119384765625, 118.7703323364257812, 1.099556446075439453, 0, 0, 0.522498130798339843, 0.852640450000762939, 45, 90, 255, 1),
(194129, 181569, 530, 1, 2471.13134765625, 3847.119384765625, 118.7703323364257812, 1.099556446075439453, 0, 0, 0.522498130798339843, 0.852640450000762939, 45, 90, 255, 1),

(194130, 181555, 530, 1, 3163.333740234375, 3343.328125, 106.4991531372070312, -2.72271275520324707, 0, 0, -0.97814750671386718, 0.207912087440490722, 45, 90, 255, 1),
(194131, 181556, 530, 1, 3163.333740234375, 3343.328125, 106.4991531372070312, -2.72271275520324707, 0, 0, -0.97814750671386718, 0.207912087440490722, 45, 90, 255, 1),
(194132, 181557, 530, 1, 3163.333740234375, 3343.328125, 106.4991531372070312, -2.72271275520324707, 0, 0, -0.97814750671386718, 0.207912087440490722, 45, 90, 255, 1),
(194133, 181569, 530, 1, 3163.333740234375, 3343.328125, 106.4991531372070312, -2.72271275520324707, 0, 0, -0.97814750671386718, 0.207912087440490722, 45, 90, 255, 1),

(194134, 181555, 530, 1, -3793.479, 1778.466, 93.75345, -2.687807, 0, 0, 0, 0, 45, 90, 255, 1), -- khorium in sniff
(194135, 181556, 530, 1, -3793.479, 1778.466, 93.75345, -2.687807, 0, 0, 0, 0, 45, 90, 255, 1),
(194136, 181557, 530, 1, -3793.479, 1778.466, 93.75345, -2.687807, 0, 0, 0, 0, 45, 90, 255, 1),
(194137, 181569, 530, 1, -3793.479, 1778.466, 93.75345, -2.687807, 0, 0, 0, 0, 45, 90, 255, 1),

(194138, 181555, 530, 1, -4607.41259765625, 1325.1187744140625, 139.5356903076171875, -0.64577168226242065, 0, 0, -0.31730461120605468, 0.948323667049407958, 45, 90, 255, 1),
(194139, 181556, 530, 1, -4607.41259765625, 1325.1187744140625, 139.5356903076171875, -0.64577168226242065, 0, 0, -0.31730461120605468, 0.948323667049407958, 45, 90, 255, 1),
(194140, 181557, 530, 1, -4607.41259765625, 1325.1187744140625, 139.5356903076171875, -0.64577168226242065, 0, 0, -0.31730461120605468, 0.948323667049407958, 45, 90, 255, 1),
(194141, 181569, 530, 1, -4607.41259765625, 1325.1187744140625, 139.5356903076171875, -0.64577168226242065, 0, 0, -0.31730461120605468, 0.948323667049407958, 45, 90, 255, 1),

(194142, 181555, 530, 1, -4589.55322265625, 1111.8472900390625, -12.3842172622680664, -0.64577168226242065, 0, 0, -0.31730461120605468, 0.948323667049407958, 45, 90, 255, 1),
(194143, 181556, 530, 1, -4589.55322265625, 1111.8472900390625, -12.3842172622680664, -0.64577168226242065, 0, 0, -0.31730461120605468, 0.948323667049407958, 45, 90, 255, 1),
(194144, 181557, 530, 1, -4589.55322265625, 1111.8472900390625, -12.3842172622680664, -0.64577168226242065, 0, 0, -0.31730461120605468, 0.948323667049407958, 45, 90, 255, 1),
(194145, 181569, 530, 1, -4589.55322265625, 1111.8472900390625, -12.3842172622680664, -0.64577168226242065, 0, 0, -0.31730461120605468, 0.948323667049407958, 45, 90, 255, 1),

(194146, 181555, 530, 1, -4026.322998046875, 1844.7430419921875, 79.95801544189453125, -2.58308076858520507, 0, 0, -0.96126079559326171, 0.275640487670898437, 45, 90, 255, 1),
(194147, 181556, 530, 1, -4026.322998046875, 1844.7430419921875, 79.95801544189453125, -2.58308076858520507, 0, 0, -0.96126079559326171, 0.275640487670898437, 45, 90, 255, 1),
(194148, 181557, 530, 1, -4026.322998046875, 1844.7430419921875, 79.95801544189453125, -2.58308076858520507, 0, 0, -0.96126079559326171, 0.275640487670898437, 45, 90, 255, 1),
(194149, 181569, 530, 1, -4026.322998046875, 1844.7430419921875, 79.95801544189453125, -2.58308076858520507, 0, 0, -0.96126079559326171, 0.275640487670898437, 45, 90, 255, 1),

(194150, 181555, 530, 1, -1280.5560302734375, 1493.1484375, 26.54314994812011718, 3.351046562194824218, 0, 0, -0.99452114105224609, 0.104535527527332305, 45, 90, 255, 1),
(194151, 181557, 530, 1, -1280.5560302734375, 1493.1484375, 26.54314994812011718, 3.351046562194824218, 0, 0, -0.99452114105224609, 0.104535527527332305, 45, 90, 255, 1),

(194152, 181555, 530, 1, 187.85015869140625, 1774.987548828125, 30.22024917602539062, 5.585053920745849609, 0, 0, -0.34202003479003906, 0.939692676067352294, 45, 90, 255, 1),
(194153, 181557, 530, 1, 187.85015869140625, 1774.987548828125, 30.22024917602539062, 5.585053920745849609, 0, 0, -0.34202003479003906, 0.939692676067352294, 45, 90, 255, 1),

(194154, 181555, 530, 1, 185.619903564453125, 2021.2454833984375, 30.34763908386230468, 1.361356139183044433, 0, 0, 0.629320144653320312, 0.77714616060256958, 45, 90, 255, 1),
(194155, 181557, 530, 1, 185.619903564453125, 2021.2454833984375, 30.34763908386230468, 1.361356139183044433, 0, 0, 0.629320144653320312, 0.77714616060256958, 45, 90, 255, 1),

(194156, 181555, 530, 1, 337.316314697265625, 2027.033447265625, 45.21840286254882812, 1.588248729705810546, 0, 0, 0.713250160217285156, 0.700909554958343505, 45, 90, 255, 1),
(194157, 181557, 530, 1, 337.316314697265625, 2027.033447265625, 45.21840286254882812, 1.588248729705810546, 0, 0, 0.713250160217285156, 0.700909554958343505, 45, 90, 255, 1),

(194158, 181555, 530, 1, 723.66033935546875, 2866.990966796875, 17.94682693481445312, 5.567600727081298828, 0, 0, -0.35020732879638671, 0.936672210693359375, 45, 90, 255, 1),
(194159, 181557, 530, 1, 723.66033935546875, 2866.990966796875, 17.94682693481445312, 5.567600727081298828, 0, 0, -0.35020732879638671, 0.936672210693359375, 45, 90, 255, 1),

(194160, 181555, 530, 1, 1000.32177734375, 5291.15869140625, -22.6419010162353515, 4.782202720642089843, 0, 0, -0.68199825286865234, 0.731353819370269775, 45, 90, 255, 1),
(194161, 181556, 530, 1, 1000.32177734375, 5291.15869140625, -22.6419010162353515, 4.782202720642089843, 0, 0, -0.68199825286865234, 0.731353819370269775, 45, 90, 255, 1),
(194162, 181557, 530, 1, 1000.32177734375, 5291.15869140625, -22.6419010162353515, 4.782202720642089843, 0, 0, -0.68199825286865234, 0.731353819370269775, 45, 90, 255, 1),

(194163, 181555, 530, 1, 1004.975830078125, 5187.33056640625, -19.4994144439697265, 3.822272777557373046, 0, 0, -0.94264125823974609, 0.333807557821273803, 45, 90, 255, 1),
(194164, 181556, 530, 1, 1004.975830078125, 5187.33056640625, -19.4994144439697265, 3.822272777557373046, 0, 0, -0.94264125823974609, 0.333807557821273803, 45, 90, 255, 1),
(194165, 181557, 530, 1, 1004.975830078125, 5187.33056640625, -19.4994144439697265, 3.822272777557373046, 0, 0, -0.94264125823974609, 0.333807557821273803, 45, 90, 255, 1),

(194166, 181555, 530, 1, 266.55230712890625, 9120.865234375, -1.66961503028869628, 0.645771682262420654, 0, 0, 0.317304611206054687, 0.948323667049407958, 45, 90, 255, 1),
(194167, 181556, 530, 1, 266.55230712890625, 9120.865234375, -1.66961503028869628, 0.645771682262420654, 0, 0, 0.317304611206054687, 0.948323667049407958, 45, 90, 255, 1),
(194168, 181557, 530, 1, 266.55230712890625, 9120.865234375, -1.66961503028869628, 0.645771682262420654, 0, 0, 0.317304611206054687, 0.948323667049407958, 45, 90, 255, 1),

(194169, 181555, 530, 1, 68.77300262451171875, 9077.9150390625, 3.59027409553527832, 5.253442287445068359, 0, 0, -0.49242305755615234, 0.870355963706970214, 45, 90, 255, 1),
(194170, 181556, 530, 1, 68.77300262451171875, 9077.9150390625, 3.59027409553527832, 5.253442287445068359, 0, 0, -0.49242305755615234, 0.870355963706970214, 45, 90, 255, 1),
(194171, 181557, 530, 1, 68.77300262451171875, 9077.9150390625, 3.59027409553527832, 5.253442287445068359, 0, 0, -0.49242305755615234, 0.870355963706970214, 45, 90, 255, 1),

(194172, 181555, 530, 1, -3565.574462890625, 4073.173583984375, 63.72841262817382812, 2.44346022605895996, 0, 0, 0.939692497253417968, 0.34202045202255249, 45, 90, 255, 1),
(194173, 181556, 530, 1, -3565.574462890625, 4073.173583984375, 63.72841262817382812, 2.44346022605895996, 0, 0, 0.939692497253417968, 0.34202045202255249, 45, 90, 255, 1),
(194174, 181557, 530, 1, -3565.574462890625, 4073.173583984375, 63.72841262817382812, 2.44346022605895996, 0, 0, 0.939692497253417968, 0.34202045202255249, 45, 90, 255, 1),
(194175, 181569, 530, 1, -3565.574462890625, 4073.173583984375, 63.72841262817382812, 2.44346022605895996, 0, 0, 0.939692497253417968, 0.34202045202255249, 45, 90, 255, 1),

(194176, 181555, 530, 1, -3775.302001953125, 5661.2431640625, -20.496927261352539, 3.9793548583984375, 0, 0, -0.9135446548461914, 0.406738430261611938, 45, 90, 255, 1),
(194177, 181556, 530, 1, -3775.302001953125, 5661.2431640625, -20.496927261352539, 3.9793548583984375, 0, 0, -0.9135446548461914, 0.406738430261611938, 45, 90, 255, 1),
(194178, 181557, 530, 1, -3775.302001953125, 5661.2431640625, -20.496927261352539, 3.9793548583984375, 0, 0, -0.9135446548461914, 0.406738430261611938, 45, 90, 255, 1),
(194179, 181569, 530, 1, -3775.302001953125, 5661.2431640625, -20.496927261352539, 3.9793548583984375, 0, 0, -0.9135446548461914, 0.406738430261611938, 45, 90, 255, 1),

(194180, 181555, 530, 1, -3923.05859375, 3204.5087890625, 312.464752197265625, 0.349065244197845458, 0, 0, 0.173647880554199218, 0.984807789325714111, 45, 90, 255, 1),
(194181, 181556, 530, 1, -3923.05859375, 3204.5087890625, 312.464752197265625, 0.349065244197845458, 0, 0, 0.173647880554199218, 0.984807789325714111, 45, 90, 255, 1),
(194182, 181557, 530, 1, -3923.05859375, 3204.5087890625, 312.464752197265625, 0.349065244197845458, 0, 0, 0.173647880554199218, 0.984807789325714111, 45, 90, 255, 1),
(194183, 181569, 530, 1, -3923.05859375, 3204.5087890625, 312.464752197265625, 0.349065244197845458, 0, 0, 0.173647880554199218, 0.984807789325714111, 45, 90, 255, 1),

(194184, 181555, 530, 1, -3838.78173828125, 3808.96435546875, 285.482513427734375, 5.131268978118896484, 0, 0, -0.54463863372802734, 0.838670849800109863, 45, 90, 255, 1),
(194185, 181556, 530, 1, -3838.78173828125, 3808.96435546875, 285.482513427734375, 5.131268978118896484, 0, 0, -0.54463863372802734, 0.838670849800109863, 45, 90, 255, 1),
(194186, 181557, 530, 1, -3838.78173828125, 3808.96435546875, 285.482513427734375, 5.131268978118896484, 0, 0, -0.54463863372802734, 0.838670849800109863, 45, 90, 255, 1),
(194187, 181569, 530, 1, -3838.78173828125, 3808.96435546875, 285.482513427734375, 5.131268978118896484, 0, 0, -0.54463863372802734, 0.838670849800109863, 45, 90, 255, 1),

(194188, 181555, 530, 1, -2827.315185546875, 7713.55810546875, 0.01501299999654293, 3.316144466400146484, 0, 0, -0.99619388580322265, 0.087165042757987976, 45, 90, 255, 1),
(194189, 181556, 530, 1, -2827.315185546875, 7713.55810546875, 0.01501299999654293, 3.316144466400146484, 0, 0, -0.99619388580322265, 0.087165042757987976, 45, 90, 255, 1),
(194190, 181557, 530, 1, -2827.315185546875, 7713.55810546875, 0.01501299999654293, 3.316144466400146484, 0, 0, -0.99619388580322265, 0.087165042757987976, 45, 90, 255, 1),
(194191, 181570, 530, 1, -2827.315185546875, 7713.55810546875, 0.01501299999654293, 3.316144466400146484, 0, 0, -0.99619388580322265, 0.087165042757987976, 45, 90, 255, 1),

(194192, 181555, 530, 1, -2974.280029296875, 8535.7431640625, -39.595611572265625, 2.146752834320068359, 0, 0, 0.878816604614257812, 0.477159708738327026, 45, 90, 255, 1),
(194193, 181556, 530, 1, -2974.280029296875, 8535.7431640625, -39.595611572265625, 2.146752834320068359, 0, 0, 0.878816604614257812, 0.477159708738327026, 45, 90, 255, 1),
(194194, 181557, 530, 1, -2974.280029296875, 8535.7431640625, -39.595611572265625, 2.146752834320068359, 0, 0, 0.878816604614257812, 0.477159708738327026, 45, 90, 255, 1),
(194195, 181570, 530, 1, -2974.280029296875, 8535.7431640625, -39.595611572265625, 2.146752834320068359, 0, 0, 0.878816604614257812, 0.477159708738327026, 45, 90, 255, 1),

(194196, 181555, 530, 1, -1085.7330322265625, 8640.9287109375, 45.14583206176757812, 6.056293010711669921, 0, 0, -0.11320304870605468, 0.993571877479553222, 45, 90, 255, 1),
(194197, 181556, 530, 1, -1085.7330322265625, 8640.9287109375, 45.14583206176757812, 6.056293010711669921, 0, 0, -0.11320304870605468, 0.993571877479553222, 45, 90, 255, 1),
(194198, 181557, 530, 1, -1085.7330322265625, 8640.9287109375, 45.14583206176757812, 6.056293010711669921, 0, 0, -0.11320304870605468, 0.993571877479553222, 45, 90, 255, 1),
(194199, 181570, 530, 1, -1085.7330322265625, 8640.9287109375, 45.14583206176757812, 6.056293010711669921, 0, 0, -0.11320304870605468, 0.993571877479553222, 45, 90, 255, 1),

(194200, 181555, 530, 1, -1425.765380859375, 9906.796875, 193.38482666015625, 4.956737518310546875, 0, 0, -0.61566066741943359, 0.788011372089385986, 45, 90, 255, 1),
(194201, 181556, 530, 1, -1425.765380859375, 9906.796875, 193.38482666015625, 4.956737518310546875, 0, 0, -0.61566066741943359, 0.788011372089385986, 45, 90, 255, 1),
(194202, 181557, 530, 1, -1425.765380859375, 9906.796875, 193.38482666015625, 4.956737518310546875, 0, 0, -0.61566066741943359, 0.788011372089385986, 45, 90, 255, 1),
(194203, 181570, 530, 1, -1425.765380859375, 9906.796875, 193.38482666015625, 4.956737518310546875, 0, 0, -0.61566066741943359, 0.788011372089385986, 45, 90, 255, 1),

(194204, 181555, 530, 1, -1399.9715576171875, 7433.1787109375, 9.800846099853515625, 5.986480236053466796, 0, 0, -0.14780902862548828, 0.989015936851501464, 45, 90, 255, 1),
(194205, 181556, 530, 1, -1399.9715576171875, 7433.1787109375, 9.800846099853515625, 5.986480236053466796, 0, 0, -0.14780902862548828, 0.989015936851501464, 45, 90, 255, 1),
(194206, 181557, 530, 1, -1399.9715576171875, 7433.1787109375, 9.800846099853515625, 5.986480236053466796, 0, 0, -0.14780902862548828, 0.989015936851501464, 45, 90, 255, 1),
(194207, 181570, 530, 1, -1399.9715576171875, 7433.1787109375, 9.800846099853515625, 5.986480236053466796, 0, 0, -0.14780902862548828, 0.989015936851501464, 45, 90, 255, 1),

(194208, 181555, 530, 1, 1770.4410400390625, 6721.71337890625, 140.24945068359375, 2.617989301681518554, 0, 0, 0.965925216674804687, 0.258821308612823486, 45, 90, 255, 1),
(194209, 181556, 530, 1, 1770.4410400390625, 6721.71337890625, 140.24945068359375, 2.617989301681518554, 0, 0, 0.965925216674804687, 0.258821308612823486, 45, 90, 255, 1),
(194210, 181557, 530, 1, 1770.4410400390625, 6721.71337890625, 140.24945068359375, 2.617989301681518554, 0, 0, 0.965925216674804687, 0.258821308612823486, 45, 90, 255, 1),

(194211, 181555, 530, 1, 3108.48291015625, 7077.99365234375, 160.1132354736328125, 3.385940074920654296, 0, 0, -0.99254608154296875, 0.121869951486587524, 45, 90, 255, 1),
(194212, 181556, 530, 1, 3108.48291015625, 7077.99365234375, 160.1132354736328125, 3.385940074920654296, 0, 0, -0.99254608154296875, 0.121869951486587524, 45, 90, 255, 1),
(194213, 181557, 530, 1, 3108.48291015625, 7077.99365234375, 160.1132354736328125, 3.385940074920654296, 0, 0, -0.99254608154296875, 0.121869951486587524, 45, 90, 255, 1),

(194214, 181555, 530, 1, 3404.358154296875, 6787.33984375, 171.618560791015625, 0.418878614902496337, 0, 0, 0.207911491394042968, 0.978147625923156738, 45, 90, 255, 1),
(194215, 181556, 530, 1, 3404.358154296875, 6787.33984375, 171.618560791015625, 0.418878614902496337, 0, 0, 0.207911491394042968, 0.978147625923156738, 45, 90, 255, 1),
(194216, 181557, 530, 1, 3404.358154296875, 6787.33984375, 171.618560791015625, 0.418878614902496337, 0, 0, 0.207911491394042968, 0.978147625923156738, 45, 90, 255, 1),

(194217, 181555, 530, 1, 3731.428466796875, 7181.34228515625, 139.4140777587890625, 3.316144466400146484, 0, 0, -0.99619388580322265, 0.087165042757987976, 45, 90, 255, 1),
(194218, 181556, 530, 1, 3731.428466796875, 7181.34228515625, 139.4140777587890625, 3.316144466400146484, 0, 0, -0.99619388580322265, 0.087165042757987976, 45, 90, 255, 1),
(194219, 181557, 530, 1, 3731.428466796875, 7181.34228515625, 139.4140777587890625, 3.316144466400146484, 0, 0, -0.99619388580322265, 0.087165042757987976, 45, 90, 255, 1),

(194220, 181555, 530, 1, 3603.595458984375, 5729.33349609375, 3.460027933120727539, 1.675513744354248046, 0, 0, 0.743144035339355468, 0.669131457805633544, 45, 90, 255, 1),
(194221, 181556, 530, 1, 3603.595458984375, 5729.33349609375, 3.460027933120727539, 1.675513744354248046, 0, 0, 0.743144035339355468, 0.669131457805633544, 45, 90, 255, 1),
(194222, 181557, 530, 1, 3603.595458984375, 5729.33349609375, 3.460027933120727539, 1.675513744354248046, 0, 0, 0.743144035339355468, 0.669131457805633544, 45, 90, 255, 1),

(194223, 181555, 530, 1, 3544.89794921875, 5751.25634765625, 6.496059894561767578, 1.832594871520996093, 0, 0, 0.793353080749511718, 0.608761727809906005, 45, 90, 255, 1),
(194224, 181556, 530, 1, 3544.89794921875, 5751.25634765625, 6.496059894561767578, 1.832594871520996093, 0, 0, 0.793353080749511718, 0.608761727809906005, 45, 90, 255, 1),
(194225, 181557, 530, 1, 3544.89794921875, 5751.25634765625, 6.496059894561767578, 1.832594871520996093, 0, 0, 0.793353080749511718, 0.608761727809906005, 45, 90, 255, 1),

(194226, 181555, 530, 1, 1786.013916015625, 5169.5625, 268.08154296875, 5.427974700927734375, 0, 0, -0.41469287872314453, 0.909961462020874023, 45, 90, 255, 1),
(194227, 181556, 530, 1, 1786.013916015625, 5169.5625, 268.08154296875, 5.427974700927734375, 0, 0, -0.41469287872314453, 0.909961462020874023, 45, 90, 255, 1),
(194228, 181557, 530, 1, 1786.013916015625, 5169.5625, 268.08154296875, 5.427974700927734375, 0, 0, -0.41469287872314453, 0.909961462020874023, 45, 90, 255, 1),

(194229, 181555, 530, 1, 1962.325927734375, 4671.23095703125, 143.609405517578125, 6.178466320037841796, 0, 0, -0.05233573913574218, 0.998629570007324218, 45, 90, 255, 1),
(194230, 181556, 530, 1, 1962.325927734375, 4671.23095703125, 143.609405517578125, 6.178466320037841796, 0, 0, -0.05233573913574218, 0.998629570007324218, 45, 90, 255, 1),
(194231, 181557, 530, 1, 1962.325927734375, 4671.23095703125, 143.609405517578125, 6.178466320037841796, 0, 0, -0.05233573913574218, 0.998629570007324218, 45, 90, 255, 1),

(194232, 181555, 530, 1, 2202.865234375, 5731.62353515625, 275.03759765625, 1.221729278564453125, 0, 0, 0.573575973510742187, 0.819152355194091796, 45, 90, 255, 1),
(194233, 181556, 530, 1, 2202.865234375, 5731.62353515625, 275.03759765625, 1.221729278564453125, 0, 0, 0.573575973510742187, 0.819152355194091796, 45, 90, 255, 1),
(194234, 181557, 530, 1, 2202.865234375, 5731.62353515625, 275.03759765625, 1.221729278564453125, 0, 0, 0.573575973510742187, 0.819152355194091796, 45, 90, 255, 1),

(194235, 181555, 530, 1, 2953.598876953125, 4742.560546875, 288.162139892578125, 1.151916384696960449, 0, 0, 0.544638633728027343, 0.838670849800109863, 45, 90, 255, 1),
(194236, 181556, 530, 1, 2953.598876953125, 4742.560546875, 288.162139892578125, 1.151916384696960449, 0, 0, 0.544638633728027343, 0.838670849800109863, 45, 90, 255, 1),
(194237, 181557, 530, 1, 2953.598876953125, 4742.560546875, 288.162139892578125, 1.151916384696960449, 0, 0, 0.544638633728027343, 0.838670849800109863, 45, 90, 255, 1),

(194238, 181556, 530, 1, 2756.989013671875, 7298.3505859375, 369.391448974609375, 4.607671737670898437, 0, 0, -0.74314403533935546, 0.669131457805633544, 45, 90, 255, 1),
(194239, 181557, 530, 1, 2756.989013671875, 7298.3505859375, 369.391448974609375, 4.607671737670898437, 0, 0, -0.74314403533935546, 0.669131457805633544, 45, 90, 255, 1),
(194240, 181569, 530, 1, 2756.989013671875, 7298.3505859375, 369.391448974609375, 4.607671737670898437, 0, 0, -0.74314403533935546, 0.669131457805633544, 45, 90, 255, 1),

-- Blade Edge Plateau nodes should have https://www.wowhead.com/object=181569/rich-adamantite-deposit instead of 181555/fel-iron-deposit confirmed sniff spawn had 181569
(194241, 181556, 530, 1, 2898.55517578125, 6836.39306640625, 364.486907958984375, -2.33873963356018066, 0, 0, -0.92050457000732421, 0.3907318115234375, 45, 90, 255, 1),
(194242, 181557, 530, 1, 2898.55517578125, 6836.39306640625, 364.486907958984375, -2.33873963356018066, 0, 0, -0.92050457000732421, 0.3907318115234375, 45, 90, 255, 1),
(194243, 181569, 530, 1, 2898.55517578125, 6836.39306640625, 364.486907958984375, -2.33873963356018066, 0, 0, -0.92050457000732421, 0.3907318115234375, 45, 90, 255, 1),

(194244, 181555, 530, 1, 3115.50537109375, 3913.580322265625, 180.9133453369140625, 5.009094715118408203, 0, 0, -0.59482288360595703, 0.80385679006576538, 45, 90, 255, 1),
(194245, 181556, 530, 1, 3115.50537109375, 3913.580322265625, 180.9133453369140625, 5.009094715118408203, 0, 0, -0.59482288360595703, 0.80385679006576538, 45, 90, 255, 1),
(194246, 181557, 530, 1, 3115.50537109375, 3913.580322265625, 180.9133453369140625, 5.009094715118408203, 0, 0, -0.59482288360595703, 0.80385679006576538, 45, 90, 255, 1),
(194247, 181569, 530, 1, 3115.50537109375, 3913.580322265625, 180.9133453369140625, 5.009094715118408203, 0, 0, -0.59482288360595703, 0.80385679006576538, 45, 90, 255, 1),

(194248, 181555, 530, 1, 2495.17724609375, 4034.4609375, 133.7441558837890625, 6.09120035171508789, 0, 0, -0.09584522247314453, 0.995396256446838378, 45, 90, 255, 1),
(194249, 181556, 530, 1, 2495.17724609375, 4034.4609375, 133.7441558837890625, 6.09120035171508789, 0, 0, -0.09584522247314453, 0.995396256446838378, 45, 90, 255, 1),
(194250, 181557, 530, 1, 2495.17724609375, 4034.4609375, 133.7441558837890625, 6.09120035171508789, 0, 0, -0.09584522247314453, 0.995396256446838378, 45, 90, 255, 1),
(194251, 181569, 530, 1, 2495.17724609375, 4034.4609375, 133.7441558837890625, 6.09120035171508789, 0, 0, -0.09584522247314453, 0.995396256446838378, 45, 90, 255, 1),

(194252, 181555, 530, 1, 2252.552001953125, 2791.886474609375, 132.39508056640625, 4.747295856475830078, 0, 0, -0.69465827941894531, 0.719339847564697265, 45, 90, 255, 1),
(194253, 181556, 530, 1, 2252.552001953125, 2791.886474609375, 132.39508056640625, 4.747295856475830078, 0, 0, -0.69465827941894531, 0.719339847564697265, 45, 90, 255, 1),
(194254, 181557, 530, 1, 2252.552001953125, 2791.886474609375, 132.39508056640625, 4.747295856475830078, 0, 0, -0.69465827941894531, 0.719339847564697265, 45, 90, 255, 1),
(194255, 181569, 530, 1, 2252.552001953125, 2791.886474609375, 132.39508056640625, 4.747295856475830078, 0, 0, -0.69465827941894531, 0.719339847564697265, 45, 90, 255, 1),

(194256, 181555, 530, 1, 2303.67578125, 2674.72314453125, 130.6027374267578125, 3.839725255966186523, 0, 0, -0.93969249725341796, 0.34202045202255249, 45, 90, 255, 1),
(194257, 181556, 530, 1, 2303.67578125, 2674.72314453125, 130.6027374267578125, 3.839725255966186523, 0, 0, -0.93969249725341796, 0.34202045202255249, 45, 90, 255, 1),
(194258, 181557, 530, 1, 2303.67578125, 2674.72314453125, 130.6027374267578125, 3.839725255966186523, 0, 0, -0.93969249725341796, 0.34202045202255249, 45, 90, 255, 1),
(194259, 181569, 530, 1, 2303.67578125, 2674.72314453125, 130.6027374267578125, 3.839725255966186523, 0, 0, -0.93969249725341796, 0.34202045202255249, 45, 90, 255, 1),

(194260, 181555, 530, 1, 3041.782470703125, 1906.7508544921875, 144.468536376953125, 3.106652259826660156, 0, 0, 0.999847412109375, 0.017469281330704689, 45, 90, 255, 1),
(194261, 181556, 530, 1, 3041.782470703125, 1906.7508544921875, 144.468536376953125, 3.106652259826660156, 0, 0, 0.999847412109375, 0.017469281330704689, 45, 90, 255, 1),
(194262, 181557, 530, 1, 3041.782470703125, 1906.7508544921875, 144.468536376953125, 3.106652259826660156, 0, 0, 0.999847412109375, 0.017469281330704689, 45, 90, 255, 1),
(194263, 181569, 530, 1, 3041.782470703125, 1906.7508544921875, 144.468536376953125, 3.106652259826660156, 0, 0, 0.999847412109375, 0.017469281330704689, 45, 90, 255, 1),

(194264, 181555, 530, 1, 3635.8046875, 2770.878173828125, 157.3625030517578125, 5.637413978576660156, 0, 0, -0.31730461120605468, 0.948323667049407958, 45, 90, 255, 1),
(194265, 181556, 530, 1, 3635.8046875, 2770.878173828125, 157.3625030517578125, 5.637413978576660156, 0, 0, -0.31730461120605468, 0.948323667049407958, 45, 90, 255, 1),
(194266, 181557, 530, 1, 3635.8046875, 2770.878173828125, 157.3625030517578125, 5.637413978576660156, 0, 0, -0.31730461120605468, 0.948323667049407958, 45, 90, 255, 1),
(194267, 181569, 530, 1, 3635.8046875, 2770.878173828125, 157.3625030517578125, 5.637413978576660156, 0, 0, -0.31730461120605468, 0.948323667049407958, 45, 90, 255, 1),

(194268, 181555, 530, 1, 3584.655517578125, 2832.774658203125, 175.8507843017578125, 5.044002056121826171, 0, 0, -0.58070278167724609, 0.814115643501281738, 45, 90, 255, 1),
(194269, 181556, 530, 1, 3584.655517578125, 2832.774658203125, 175.8507843017578125, 5.044002056121826171, 0, 0, -0.58070278167724609, 0.814115643501281738, 45, 90, 255, 1),
(194270, 181557, 530, 1, 3584.655517578125, 2832.774658203125, 175.8507843017578125, 5.044002056121826171, 0, 0, -0.58070278167724609, 0.814115643501281738, 45, 90, 255, 1),
(194271, 181569, 530, 1, 3584.655517578125, 2832.774658203125, 175.8507843017578125, 5.044002056121826171, 0, 0, -0.58070278167724609, 0.814115643501281738, 45, 90, 255, 1),

(194272, 181555, 530, 1, 3578.66015625, 2896.395751953125, 147.8754425048828125, 3.385940074920654296, 0, 0, -0.99254608154296875, 0.121869951486587524, 45, 90, 255, 1),
(194273, 181556, 530, 1, 3578.66015625, 2896.395751953125, 147.8754425048828125, 3.385940074920654296, 0, 0, -0.99254608154296875, 0.121869951486587524, 45, 90, 255, 1),
(194274, 181557, 530, 1, 3578.66015625, 2896.395751953125, 147.8754425048828125, 3.385940074920654296, 0, 0, -0.99254608154296875, 0.121869951486587524, 45, 90, 255, 1),
(194275, 181569, 530, 1, 3578.66015625, 2896.395751953125, 147.8754425048828125, 3.385940074920654296, 0, 0, -0.99254608154296875, 0.121869951486587524, 45, 90, 255, 1),

(194276, 181555, 530, 1, 3387.232666015625, 2706.27294921875, 158.751312255859375, 4.276057243347167968, 0, 0, -0.84339141845703125, 0.537299633026123046, 45, 90, 255, 1),
(194277, 181556, 530, 1, 3387.232666015625, 2706.27294921875, 158.751312255859375, 4.276057243347167968, 0, 0, -0.84339141845703125, 0.537299633026123046, 45, 90, 255, 1),
(194278, 181557, 530, 1, 3387.232666015625, 2706.27294921875, 158.751312255859375, 4.276057243347167968, 0, 0, -0.84339141845703125, 0.537299633026123046, 45, 90, 255, 1),
(194279, 181569, 530, 1, 3387.232666015625, 2706.27294921875, 158.751312255859375, 4.276057243347167968, 0, 0, -0.84339141845703125, 0.537299633026123046, 45, 90, 255, 1),

(194280, 181555, 530, 1, 3616.85009765625, 2085.796875, 106.376708984375, 0.383971005678176879, 0, 0, 0.190808296203613281, 0.981627285480499267, 45, 90, 255, 1),
(194281, 181556, 530, 1, 3616.85009765625, 2085.796875, 106.376708984375, 0.383971005678176879, 0, 0, 0.190808296203613281, 0.981627285480499267, 45, 90, 255, 1),
(194282, 181557, 530, 1, 3616.85009765625, 2085.796875, 106.376708984375, 0.383971005678176879, 0, 0, 0.190808296203613281, 0.981627285480499267, 45, 90, 255, 1),
(194283, 181569, 530, 1, 3616.85009765625, 2085.796875, 106.376708984375, 0.383971005678176879, 0, 0, 0.190808296203613281, 0.981627285480499267, 45, 90, 255, 1),

(194284, 181555, 530, 1, 3702.98828125, 2115.774169921875, 151.1347503662109375, 0.837757468223571777, 0, 0, 0.406736373901367187, 0.913545548915863037, 45, 90, 255, 1),
(194285, 181556, 530, 1, 3702.98828125, 2115.774169921875, 151.1347503662109375, 0.837757468223571777, 0, 0, 0.406736373901367187, 0.913545548915863037, 45, 90, 255, 1),
(194286, 181557, 530, 1, 3702.98828125, 2115.774169921875, 151.1347503662109375, 0.837757468223571777, 0, 0, 0.406736373901367187, 0.913545548915863037, 45, 90, 255, 1),
(194287, 181569, 530, 1, 3702.98828125, 2115.774169921875, 151.1347503662109375, 0.837757468223571777, 0, 0, 0.406736373901367187, 0.913545548915863037, 45, 90, 255, 1),

(194288, 181555, 530, 1, 3959.8134765625, 2116.547607421875, 163.61334228515625, 4.066620349884033203, 0, 0, -0.89493370056152343, 0.44619917869567871, 45, 90, 255, 1),
(194289, 181556, 530, 1, 3959.8134765625, 2116.547607421875, 163.61334228515625, 4.066620349884033203, 0, 0, -0.89493370056152343, 0.44619917869567871, 45, 90, 255, 1),
(194290, 181557, 530, 1, 3959.8134765625, 2116.547607421875, 163.61334228515625, 4.066620349884033203, 0, 0, -0.89493370056152343, 0.44619917869567871, 45, 90, 255, 1),
(194291, 181569, 530, 1, 3959.8134765625, 2116.547607421875, 163.61334228515625, 4.066620349884033203, 0, 0, -0.89493370056152343, 0.44619917869567871, 45, 90, 255, 1),

(194292, 181555, 530, 1, 3871.348876953125, 2093.782470703125, 132.057281494140625, 0.994837164878845214, 0, 0, 0.477158546447753906, 0.878817260265350341, 45, 90, 255, 1),
(194293, 181556, 530, 1, 3871.348876953125, 2093.782470703125, 132.057281494140625, 0.994837164878845214, 0, 0, 0.477158546447753906, 0.878817260265350341, 45, 90, 255, 1),
(194294, 181557, 530, 1, 3871.348876953125, 2093.782470703125, 132.057281494140625, 0.994837164878845214, 0, 0, 0.477158546447753906, 0.878817260265350341, 45, 90, 255, 1),
(194295, 181569, 530, 1, 3871.348876953125, 2093.782470703125, 132.057281494140625, 0.994837164878845214, 0, 0, 0.477158546447753906, 0.878817260265350341, 45, 90, 255, 1),

(194296, 181555, 530, 1, 3875.190673828125, 2157.121826171875, 139.21527099609375, 3.630291461944580078, 0, 0, -0.97029495239257812, 0.241925001144409179, 45, 90, 255, 1),
(194297, 181556, 530, 1, 3875.190673828125, 2157.121826171875, 139.21527099609375, 3.630291461944580078, 0, 0, -0.97029495239257812, 0.241925001144409179, 45, 90, 255, 1),
(194298, 181557, 530, 1, 3875.190673828125, 2157.121826171875, 139.21527099609375, 3.630291461944580078, 0, 0, -0.97029495239257812, 0.241925001144409179, 45, 90, 255, 1),
(194299, 181569, 530, 1, 3875.190673828125, 2157.121826171875, 139.21527099609375, 3.630291461944580078, 0, 0, -0.97029495239257812, 0.241925001144409179, 45, 90, 255, 1),

(194300, 181555, 530, 1, 4514.57763671875, 2680.256591796875, 175.518218994140625, 4.747295856475830078, 0, 0, -0.69465827941894531, 0.719339847564697265, 45, 90, 255, 1),
(194301, 181556, 530, 1, 4514.57763671875, 2680.256591796875, 175.518218994140625, 4.747295856475830078, 0, 0, -0.69465827941894531, 0.719339847564697265, 45, 90, 255, 1),
(194302, 181557, 530, 1, 4514.57763671875, 2680.256591796875, 175.518218994140625, 4.747295856475830078, 0, 0, -0.69465827941894531, 0.719339847564697265, 45, 90, 255, 1),
(194303, 181569, 530, 1, 4514.57763671875, 2680.256591796875, 175.518218994140625, 4.747295856475830078, 0, 0, -0.69465827941894531, 0.719339847564697265, 45, 90, 255, 1),

(194304, 181555, 530, 1, 4009.857666015625, 2987.75732421875, 142.4382781982421875, 4.956737518310546875, 0, 0, -0.61566066741943359, 0.788011372089385986, 45, 90, 255, 1),
(194305, 181556, 530, 1, 4009.857666015625, 2987.75732421875, 142.4382781982421875, 4.956737518310546875, 0, 0, -0.61566066741943359, 0.788011372089385986, 45, 90, 255, 1),
(194306, 181557, 530, 1, 4009.857666015625, 2987.75732421875, 142.4382781982421875, 4.956737518310546875, 0, 0, -0.61566066741943359, 0.788011372089385986, 45, 90, 255, 1),
(194307, 181569, 530, 1, 4009.857666015625, 2987.75732421875, 142.4382781982421875, 4.956737518310546875, 0, 0, -0.61566066741943359, 0.788011372089385986, 45, 90, 255, 1),

(194308, 181555, 530, 1, 4808.1796875, 3876.259033203125, 215.5291900634765625, 5.724681377410888671, 0, 0, -0.27563667297363281, 0.961261868476867675, 45, 90, 255, 1),
(194309, 181556, 530, 1, 4808.1796875, 3876.259033203125, 215.5291900634765625, 5.724681377410888671, 0, 0, -0.27563667297363281, 0.961261868476867675, 45, 90, 255, 1),
(194310, 181557, 530, 1, 4808.1796875, 3876.259033203125, 215.5291900634765625, 5.724681377410888671, 0, 0, -0.27563667297363281, 0.961261868476867675, 45, 90, 255, 1),
(194311, 181569, 530, 1, 4808.1796875, 3876.259033203125, 215.5291900634765625, 5.724681377410888671, 0, 0, -0.27563667297363281, 0.961261868476867675, 45, 90, 255, 1),

(194312, 181555, 530, 1, 4751.66455078125, 3871.170654296875, 218.0229644775390625, 1.605701684951782226, 0, 0, 0.719339370727539062, 0.694658815860748291, 45, 90, 255, 1),
(194313, 181556, 530, 1, 4751.66455078125, 3871.170654296875, 218.0229644775390625, 1.605701684951782226, 0, 0, 0.719339370727539062, 0.694658815860748291, 45, 90, 255, 1),
(194314, 181557, 530, 1, 4751.66455078125, 3871.170654296875, 218.0229644775390625, 1.605701684951782226, 0, 0, 0.719339370727539062, 0.694658815860748291, 45, 90, 255, 1),
(194315, 181569, 530, 1, 4751.66455078125, 3871.170654296875, 218.0229644775390625, 1.605701684951782226, 0, 0, 0.719339370727539062, 0.694658815860748291, 45, 90, 255, 1),

(194316, 181555, 530, 1, 3885.423583984375, 4054.533447265625, 121.3322525024414062, 3.508116960525512695, 0, 0, -0.98325443267822265, 0.182238012552261352, 45, 90, 255, 1),
(194317, 181556, 530, 1, 3885.423583984375, 4054.533447265625, 121.3322525024414062, 3.508116960525512695, 0, 0, -0.98325443267822265, 0.182238012552261352, 45, 90, 255, 1),
(194318, 181557, 530, 1, 3885.423583984375, 4054.533447265625, 121.3322525024414062, 3.508116960525512695, 0, 0, -0.98325443267822265, 0.182238012552261352, 45, 90, 255, 1),
(194319, 181569, 530, 1, 3885.423583984375, 4054.533447265625, 121.3322525024414062, 3.508116960525512695, 0, 0, -0.98325443267822265, 0.182238012552261352, 45, 90, 255, 1),

(194320, 181555, 530, 1, 4044.236083984375, 4126.37451171875, 192.9308624267578125, 1.029743075370788574, 0, 0, 0.492423057556152343, 0.870355963706970214, 45, 90, 255, 1),
(194321, 181556, 530, 1, 4044.236083984375, 4126.37451171875, 192.9308624267578125, 1.029743075370788574, 0, 0, 0.492423057556152343, 0.870355963706970214, 45, 90, 255, 1),
(194322, 181557, 530, 1, 4044.236083984375, 4126.37451171875, 192.9308624267578125, 1.029743075370788574, 0, 0, 0.492423057556152343, 0.870355963706970214, 45, 90, 255, 1),
(194323, 181569, 530, 1, 4044.236083984375, 4126.37451171875, 192.9308624267578125, 1.029743075370788574, 0, 0, 0.492423057556152343, 0.870355963706970214, 45, 90, 255, 1),

(194324, 181555, 530, 1, -3451.59521484375, 2055.59765625, 17.44729804992675781, 5.026549339294433593, 0, 0, -0.5877847671508789, 0.809017360210418701, 45, 90, 255, 1),
(194325, 181556, 530, 1, -3451.59521484375, 2055.59765625, 17.44729804992675781, 5.026549339294433593, 0, 0, -0.5877847671508789, 0.809017360210418701, 45, 90, 255, 1),
(194326, 181557, 530, 1, -3451.59521484375, 2055.59765625, 17.44729804992675781, 5.026549339294433593, 0, 0, -0.5877847671508789, 0.809017360210418701, 45, 90, 255, 1),
(194327, 181569, 530, 1, -3451.59521484375, 2055.59765625, 17.44729804992675781, 5.026549339294433593, 0, 0, -0.5877847671508789, 0.809017360210418701, 45, 90, 255, 1),

(194328, 181555, 530, 1, -3589.076416015625, 2110.753173828125, 20.48936271667480468, 4.241150379180908203, 0, 0, -0.85264015197753906, 0.522498607635498046, 45, 90, 255, 1),
(194329, 181556, 530, 1, -3589.076416015625, 2110.753173828125, 20.48936271667480468, 4.241150379180908203, 0, 0, -0.85264015197753906, 0.522498607635498046, 45, 90, 255, 1),
(194330, 181557, 530, 1, -3589.076416015625, 2110.753173828125, 20.48936271667480468, 4.241150379180908203, 0, 0, -0.85264015197753906, 0.522498607635498046, 45, 90, 255, 1),
(194331, 181569, 530, 1, -3589.076416015625, 2110.753173828125, 20.48936271667480468, 4.241150379180908203, 0, 0, -0.85264015197753906, 0.522498607635498046, 45, 90, 255, 1),

(194332, 181555, 530, 1, -3482.713134765625, 1901.825927734375, 90.279022216796875, 5.410521507263183593, 0, 0, -0.42261791229248046, 0.906307935714721679, 45, 90, 255, 1),
(194333, 181556, 530, 1, -3482.713134765625, 1901.825927734375, 90.279022216796875, 5.410521507263183593, 0, 0, -0.42261791229248046, 0.906307935714721679, 45, 90, 255, 1),
(194334, 181557, 530, 1, -3482.713134765625, 1901.825927734375, 90.279022216796875, 5.410521507263183593, 0, 0, -0.42261791229248046, 0.906307935714721679, 45, 90, 255, 1),
(194335, 181569, 530, 1, -3482.713134765625, 1901.825927734375, 90.279022216796875, 5.410521507263183593, 0, 0, -0.42261791229248046, 0.906307935714721679, 45, 90, 255, 1),

(194336, 181555, 530, 1, -2959.893798828125, 1748.9083251953125, 79.688751220703125, 0.767943859100341796, 0, 0, 0.374606132507324218, 0.927184045314788818, 45, 90, 255, 1),
(194337, 181556, 530, 1, -2959.893798828125, 1748.9083251953125, 79.688751220703125, 0.767943859100341796, 0, 0, 0.374606132507324218, 0.927184045314788818, 45, 90, 255, 1),
(194338, 181557, 530, 1, -2959.893798828125, 1748.9083251953125, 79.688751220703125, 0.767943859100341796, 0, 0, 0.374606132507324218, 0.927184045314788818, 45, 90, 255, 1),
(194339, 181569, 530, 1, -2959.893798828125, 1748.9083251953125, 79.688751220703125, 0.767943859100341796, 0, 0, 0.374606132507324218, 0.927184045314788818, 45, 90, 255, 1),

(194340, 181555, 530, 1, -3899.165771484375, 1420.3814697265625, 51.32660675048828125, 0.680676698684692382, 0, 0, 0.333806037902832031, 0.942641794681549072, 45, 90, 255, 1),
(194341, 181556, 530, 1, -3899.165771484375, 1420.3814697265625, 51.32660675048828125, 0.680676698684692382, 0, 0, 0.333806037902832031, 0.942641794681549072, 45, 90, 255, 1),
(194342, 181557, 530, 1, -3899.165771484375, 1420.3814697265625, 51.32660675048828125, 0.680676698684692382, 0, 0, 0.333806037902832031, 0.942641794681549072, 45, 90, 255, 1),
(194343, 181569, 530, 1, -3899.165771484375, 1420.3814697265625, 51.32660675048828125, 0.680676698684692382, 0, 0, 0.333806037902832031, 0.942641794681549072, 45, 90, 255, 1),

(194344, 181555, 530, 1, -2500.110595703125, 1100.224853515625, 61.44322586059570312, 1.570795774459838867, 0, 0, 0.707106590270996093, 0.707106947898864746, 45, 90, 255, 1),
(194345, 181556, 530, 1, -2500.110595703125, 1100.224853515625, 61.44322586059570312, 1.570795774459838867, 0, 0, 0.707106590270996093, 0.707106947898864746, 45, 90, 255, 1),
(194346, 181557, 530, 1, -2500.110595703125, 1100.224853515625, 61.44322586059570312, 1.570795774459838867, 0, 0, 0.707106590270996093, 0.707106947898864746, 45, 90, 255, 1),
(194347, 181569, 530, 1, -2500.110595703125, 1100.224853515625, 61.44322586059570312, 1.570795774459838867, 0, 0, 0.707106590270996093, 0.707106947898864746, 45, 90, 255, 1),

(194348, 181555, 530, 1, -2617.02978515625, 1241.44189453125, 13.2033395767211914, 1.151916384696960449, 0, 0, 0.544638633728027343, 0.838670849800109863, 45, 90, 255, 1),
(194349, 181556, 530, 1, -2617.02978515625, 1241.44189453125, 13.2033395767211914, 1.151916384696960449, 0, 0, 0.544638633728027343, 0.838670849800109863, 45, 90, 255, 1),
(194350, 181557, 530, 1, -2617.02978515625, 1241.44189453125, 13.2033395767211914, 1.151916384696960449, 0, 0, 0.544638633728027343, 0.838670849800109863, 45, 90, 255, 1),
(194351, 181569, 530, 1, -2617.02978515625, 1241.44189453125, 13.2033395767211914, 1.151916384696960449, 0, 0, 0.544638633728027343, 0.838670849800109863, 45, 90, 255, 1),

(194352, 181555, 530, 1, -2660.93212890625, 1266.546630859375, 25.1541748046875, 1.762782454490661621, 0, 0, 0.771624565124511718, 0.636078238487243652, 45, 90, 255, 1),
(194353, 181556, 530, 1, -2660.93212890625, 1266.546630859375, 25.1541748046875, 1.762782454490661621, 0, 0, 0.771624565124511718, 0.636078238487243652, 45, 90, 255, 1),
(194354, 181557, 530, 1, -2660.93212890625, 1266.546630859375, 25.1541748046875, 1.762782454490661621, 0, 0, 0.771624565124511718, 0.636078238487243652, 45, 90, 255, 1),
(194355, 181569, 530, 1, -2660.93212890625, 1266.546630859375, 25.1541748046875, 1.762782454490661621, 0, 0, 0.771624565124511718, 0.636078238487243652, 45, 90, 255, 1),

(194356, 181555, 530, 1, -4614.38525390625, 1689.9459228515625, 176.53759765625, 3.769911527633666992, 0, 0, -0.95105648040771484, 0.309017121791839599, 45, 90, 255, 1),
(194357, 181556, 530, 1, -4614.38525390625, 1689.9459228515625, 176.53759765625, 3.769911527633666992, 0, 0, -0.95105648040771484, 0.309017121791839599, 45, 90, 255, 1),
(194358, 181557, 530, 1, -4614.38525390625, 1689.9459228515625, 176.53759765625, 3.769911527633666992, 0, 0, -0.95105648040771484, 0.309017121791839599, 45, 90, 255, 1),
(194359, 181569, 530, 1, -4614.38525390625, 1689.9459228515625, 176.53759765625, 3.769911527633666992, 0, 0, -0.95105648040771484, 0.309017121791839599, 45, 90, 255, 1),

(194360, 181555, 530, 1, -4440.93505859375, 2308.90576171875, 32.7147064208984375, 3.420850038528442382, 0, 0, -0.99026775360107421, 0.139175355434417724, 45, 90, 255, 1),
(194361, 181556, 530, 1, -4440.93505859375, 2308.90576171875, 32.7147064208984375, 3.420850038528442382, 0, 0, -0.99026775360107421, 0.139175355434417724, 45, 90, 255, 1),
(194362, 181557, 530, 1, -4440.93505859375, 2308.90576171875, 32.7147064208984375, 3.420850038528442382, 0, 0, -0.99026775360107421, 0.139175355434417724, 45, 90, 255, 1),
(194363, 181569, 530, 1, -4440.93505859375, 2308.90576171875, 32.7147064208984375, 3.420850038528442382, 0, 0, -0.99026775360107421, 0.139175355434417724, 45, 90, 255, 1),

(194364, 181555, 530, 1, 350.37200927734375, 2460.174560546875, 155.4472503662109375, 4.764749526977539062, 0, 0, -0.6883544921875, 0.725374460220336914, 45, 90, 255, 1),
(194365, 181557, 530, 1, 350.37200927734375, 2460.174560546875, 155.4472503662109375, 4.764749526977539062, 0, 0, -0.6883544921875, 0.725374460220336914, 45, 90, 255, 1),

(194366, 181555, 530, 1, -986.71746826171875, 2076.8359375, 70.9553680419921875, 5.445427894592285156, 0, 0, -0.40673637390136718, 0.913545548915863037, 45, 90, 255, 1),
(194367, 181557, 530, 1, -986.71746826171875, 2076.8359375, 70.9553680419921875, 5.445427894592285156, 0, 0, -0.40673637390136718, 0.913545548915863037, 45, 90, 255, 1),

(194368, 181555, 530, 1, 481.032012939453125, 3779.1337890625, 190.06549072265625, 5.95157480239868164, 0, 0, -0.16504669189453125, 0.986285746097564697, 45, 90, 255, 1),
(194369, 181557, 530, 1, 481.032012939453125, 3779.1337890625, 190.06549072265625, 5.95157480239868164, 0, 0, -0.16504669189453125, 0.986285746097564697, 45, 90, 255, 1),

(194370, 181555, 530, 1, -1976.8094482421875, 4218.14892578125, 0.122878998517990112, 1.902408957481384277, 0, 0, 0.814115524291992187, 0.580702960491180419, 45, 90, 255, 1),
(194371, 181556, 530, 1, -1976.8094482421875, 4218.14892578125, 0.122878998517990112, 1.902408957481384277, 0, 0, 0.814115524291992187, 0.580702960491180419, 45, 90, 255, 1),
(194372, 181557, 530, 1, -1976.8094482421875, 4218.14892578125, 0.122878998517990112, 1.902408957481384277, 0, 0, 0.814115524291992187, 0.580702960491180419, 45, 90, 255, 1),
(194373, 181569, 530, 1, -1976.8094482421875, 4218.14892578125, 0.122878998517990112, 1.902408957481384277, 0, 0, 0.814115524291992187, 0.580702960491180419, 45, 90, 255, 1),

(194374, 181555, 530, 1, -1955.60205078125, 7375.26904296875, -27.5688858032226562, 0.767943859100341796, 0, 0, 0.374606132507324218, 0.927184045314788818, 45, 90, 255, 1),
(194375, 181556, 530, 1, -1955.60205078125, 7375.26904296875, -27.5688858032226562, 0.767943859100341796, 0, 0, 0.374606132507324218, 0.927184045314788818, 45, 90, 255, 1),
(194376, 181557, 530, 1, -1955.60205078125, 7375.26904296875, -27.5688858032226562, 0.767943859100341796, 0, 0, 0.374606132507324218, 0.927184045314788818, 45, 90, 255, 1),
(194377, 181570, 530, 1, -1955.60205078125, 7375.26904296875, -27.5688858032226562, 0.767943859100341796, 0, 0, 0.374606132507324218, 0.927184045314788818, 45, 90, 255, 1),

(194378, 181555, 530, 1, -1064.635009765625, 8106.359375, -89.1145553588867187, 5.061456203460693359, 0, 0, -0.57357597351074218, 0.819152355194091796, 45, 90, 255, 1),
(194379, 181556, 530, 1, -1064.635009765625, 8106.359375, -89.1145553588867187, 5.061456203460693359, 0, 0, -0.57357597351074218, 0.819152355194091796, 45, 90, 255, 1),
(194380, 181557, 530, 1, -1064.635009765625, 8106.359375, -89.1145553588867187, 5.061456203460693359, 0, 0, -0.57357597351074218, 0.819152355194091796, 45, 90, 255, 1),
(194381, 181570, 530, 1, -1064.635009765625, 8106.359375, -89.1145553588867187, 5.061456203460693359, 0, 0, -0.57357597351074218, 0.819152355194091796, 45, 90, 255, 1),

(194382, 181555, 530, 1, -1831.6473388671875, 7954.244140625, -60.3403663635253906, 3.333590030670166015, 0, 0, -0.99539566040039062, 0.095851235091686248, 45, 90, 255, 1),
(194383, 181556, 530, 1, -1831.6473388671875, 7954.244140625, -60.3403663635253906, 3.333590030670166015, 0, 0, -0.99539566040039062, 0.095851235091686248, 45, 90, 255, 1),
(194384, 181557, 530, 1, -1831.6473388671875, 7954.244140625, -60.3403663635253906, 3.333590030670166015, 0, 0, -0.99539566040039062, 0.095851235091686248, 45, 90, 255, 1),
(194385, 181570, 530, 1, -1831.6473388671875, 7954.244140625, -60.3403663635253906, 3.333590030670166015, 0, 0, -0.99539566040039062, 0.095851235091686248, 45, 90, 255, 1),

(194386, 181555, 530, 1, -2448.23681640625, 7474.57373046875, -13.9243268966674804, 3.22885894775390625, 0, 0, -0.99904823303222656, 0.043619260191917419, 45, 90, 255, 1),
(194387, 181556, 530, 1, -2448.23681640625, 7474.57373046875, -13.9243268966674804, 3.22885894775390625, 0, 0, -0.99904823303222656, 0.043619260191917419, 45, 90, 255, 1),
(194388, 181557, 530, 1, -2448.23681640625, 7474.57373046875, -13.9243268966674804, 3.22885894775390625, 0, 0, -0.99904823303222656, 0.043619260191917419, 45, 90, 255, 1),
(194389, 181570, 530, 1, -2448.23681640625, 7474.57373046875, -13.9243268966674804, 3.22885894775390625, 0, 0, -0.99904823303222656, 0.043619260191917419, 45, 90, 255, 1),

(194390, 181555, 530, 1, 2012.853759765625, 5318.91064453125, 154.2019805908203125, 0.122172988951206207, 0, 0, 0.061048507690429687, 0.998134791851043701, 45, 90, 255, 1),
(194391, 181556, 530, 1, 2012.853759765625, 5318.91064453125, 154.2019805908203125, 0.122172988951206207, 0, 0, 0.061048507690429687, 0.998134791851043701, 45, 90, 255, 1),
(194392, 181557, 530, 1, 2012.853759765625, 5318.91064453125, 154.2019805908203125, 0.122172988951206207, 0, 0, 0.061048507690429687, 0.998134791851043701, 45, 90, 255, 1),

(194393, 181555, 530, 1, 1788.6700439453125, 5574.1708984375, 266.91680908203125, 0.750490784645080566, 0, 0, 0.3665008544921875, 0.93041771650314331, 45, 90, 255, 1),
(194394, 181556, 530, 1, 1788.6700439453125, 5574.1708984375, 266.91680908203125, 0.750490784645080566, 0, 0, 0.3665008544921875, 0.93041771650314331, 45, 90, 255, 1),
(194395, 181557, 530, 1, 1788.6700439453125, 5574.1708984375, 266.91680908203125, 0.750490784645080566, 0, 0, 0.3665008544921875, 0.93041771650314331, 45, 90, 255, 1),

(194396, 181555, 530, 1, 2746.61279296875, 3523.181884765625, 136.5345306396484375, 3.769911527633666992, 0, 0, -0.95105648040771484, 0.309017121791839599, 45, 90, 255, 1),
(194397, 181556, 530, 1, 2746.61279296875, 3523.181884765625, 136.5345306396484375, 3.769911527633666992, 0, 0, -0.95105648040771484, 0.309017121791839599, 45, 90, 255, 1),
(194398, 181557, 530, 1, 2746.61279296875, 3523.181884765625, 136.5345306396484375, 3.769911527633666992, 0, 0, -0.95105648040771484, 0.309017121791839599, 45, 90, 255, 1),
(194399, 181569, 530, 1, 2746.61279296875, 3523.181884765625, 136.5345306396484375, 3.769911527633666992, 0, 0, -0.95105648040771484, 0.309017121791839599, 45, 90, 255, 1),

(194400, 181555, 530, 1, 3830.220458984375, 4035.408935546875, 129.09033203125, 5.113816738128662109, 0, 0, -0.55193614959716796, 0.833886384963989257, 45, 90, 255, 1),
(194401, 181556, 530, 1, 3830.220458984375, 4035.408935546875, 129.09033203125, 5.113816738128662109, 0, 0, -0.55193614959716796, 0.833886384963989257, 45, 90, 255, 1),
(194402, 181557, 530, 1, 3830.220458984375, 4035.408935546875, 129.09033203125, 5.113816738128662109, 0, 0, -0.55193614959716796, 0.833886384963989257, 45, 90, 255, 1),
(194403, 181569, 530, 1, 3830.220458984375, 4035.408935546875, 129.09033203125, 5.113816738128662109, 0, 0, -0.55193614959716796, 0.833886384963989257, 45, 90, 255, 1),

(194404, 181555, 530, 1, 4026.356689453125, 3991.73388671875, 126.4664306640625, 5.6897735595703125, 0, 0, -0.29237174987792968, 0.956304728984832763, 45, 90, 255, 1),
(194405, 181556, 530, 1, 4026.356689453125, 3991.73388671875, 126.4664306640625, 5.6897735595703125, 0, 0, -0.29237174987792968, 0.956304728984832763, 45, 90, 255, 1),
(194406, 181557, 530, 1, 4026.356689453125, 3991.73388671875, 126.4664306640625, 5.6897735595703125, 0, 0, -0.29237174987792968, 0.956304728984832763, 45, 90, 255, 1),
(194407, 181569, 530, 1, 4026.356689453125, 3991.73388671875, 126.4664306640625, 5.6897735595703125, 0, 0, -0.29237174987792968, 0.956304728984832763, 45, 90, 255, 1),

(194408, 181555, 530, 1, 4014.322021484375, 3897.03125, 122.5302886962890625, 2.164205789566040039, 0, 0, 0.882946968078613281, 0.469472706317901611, 45, 90, 255, 1),
(194409, 181556, 530, 1, 4014.322021484375, 3897.03125, 122.5302886962890625, 2.164205789566040039, 0, 0, 0.882946968078613281, 0.469472706317901611, 45, 90, 255, 1),
(194410, 181557, 530, 1, 4014.322021484375, 3897.03125, 122.5302886962890625, 2.164205789566040039, 0, 0, 0.882946968078613281, 0.469472706317901611, 45, 90, 255, 1),
(194411, 181569, 530, 1, 4014.322021484375, 3897.03125, 122.5302886962890625, 2.164205789566040039, 0, 0, 0.882946968078613281, 0.469472706317901611, 45, 90, 255, 1),

(194412, 181555, 530, 1, 4395.68212890625, 3337.735595703125, 152.958526611328125, 2.687806606292724609, 0, 0, 0.974370002746582031, 0.224951311945915222, 45, 90, 255, 1),
(194413, 181556, 530, 1, 4395.68212890625, 3337.735595703125, 152.958526611328125, 2.687806606292724609, 0, 0, 0.974370002746582031, 0.224951311945915222, 45, 90, 255, 1),
(194414, 181557, 530, 1, 4395.68212890625, 3337.735595703125, 152.958526611328125, 2.687806606292724609, 0, 0, 0.974370002746582031, 0.224951311945915222, 45, 90, 255, 1),
(194415, 181569, 530, 1, 4395.68212890625, 3337.735595703125, 152.958526611328125, 2.687806606292724609, 0, 0, 0.974370002746582031, 0.224951311945915222, 45, 90, 255, 1),

(194416, 181555, 530, 1, 4864.24462890625, 3732.0859375, 205.5166473388671875, 3.804818391799926757, 0, 0, -0.94551849365234375, 0.325568377971649169, 45, 90, 255, 1),
(194417, 181556, 530, 1, 4864.24462890625, 3732.0859375, 205.5166473388671875, 3.804818391799926757, 0, 0, -0.94551849365234375, 0.325568377971649169, 45, 90, 255, 1),
(194418, 181557, 530, 1, 4864.24462890625, 3732.0859375, 205.5166473388671875, 3.804818391799926757, 0, 0, -0.94551849365234375, 0.325568377971649169, 45, 90, 255, 1),
(194419, 181569, 530, 1, 4864.24462890625, 3732.0859375, 205.5166473388671875, 3.804818391799926757, 0, 0, -0.94551849365234375, 0.325568377971649169, 45, 90, 255, 1),

(194420, 181555, 530, 1, 4743.263671875, 3308.159423828125, 196.21539306640625, 2.076939344406127929, 0, 0, 0.861628532409667968, 0.50753939151763916, 45, 90, 255, 1),
(194421, 181556, 530, 1, 4743.263671875, 3308.159423828125, 196.21539306640625, 2.076939344406127929, 0, 0, 0.861628532409667968, 0.50753939151763916, 45, 90, 255, 1),
(194422, 181557, 530, 1, 4743.263671875, 3308.159423828125, 196.21539306640625, 2.076939344406127929, 0, 0, 0.861628532409667968, 0.50753939151763916, 45, 90, 255, 1),
(194423, 181569, 530, 1, 4743.263671875, 3308.159423828125, 196.21539306640625, 2.076939344406127929, 0, 0, 0.861628532409667968, 0.50753939151763916, 45, 90, 255, 1),

(194424, 181555, 530, 1, -2992.743896484375, 1473.63037109375, 17.01340675354003906, 5.078907966613769531, 0, 0, -0.56640625, 0.824126183986663818, 45, 90, 255, 1),
(194425, 181556, 530, 1, -2992.743896484375, 1473.63037109375, 17.01340675354003906, 5.078907966613769531, 0, 0, -0.56640625, 0.824126183986663818, 45, 90, 255, 1),
(194426, 181557, 530, 1, -2992.743896484375, 1473.63037109375, 17.01340675354003906, 5.078907966613769531, 0, 0, -0.56640625, 0.824126183986663818, 45, 90, 255, 1),
(194427, 181569, 530, 1, -2992.743896484375, 1473.63037109375, 17.01340675354003906, 5.078907966613769531, 0, 0, -0.56640625, 0.824126183986663818, 45, 90, 255, 1),

(194428, 181555, 530, 1, -3965.7119140625, 937.789306640625, 17.81174278259277343, 0.942476630210876464, 0, 0, 0.453989982604980468, 0.891006767749786376, 45, 90, 255, 1),
(194429, 181556, 530, 1, -3965.7119140625, 937.789306640625, 17.81174278259277343, 0.942476630210876464, 0, 0, 0.453989982604980468, 0.891006767749786376, 45, 90, 255, 1),
(194430, 181557, 530, 1, -3965.7119140625, 937.789306640625, 17.81174278259277343, 0.942476630210876464, 0, 0, 0.453989982604980468, 0.891006767749786376, 45, 90, 255, 1),
(194431, 181569, 530, 1, -3965.7119140625, 937.789306640625, 17.81174278259277343, 0.942476630210876464, 0, 0, 0.453989982604980468, 0.891006767749786376, 45, 90, 255, 1),

(194432, 181555, 530, 1, -3187.46826171875, 1538.786865234375, 61.94626235961914062, 2.408554315567016601, 0, 0, 0.933580398559570312, 0.358368009328842163, 45, 90, 255, 1),
(194433, 181556, 530, 1, -3187.46826171875, 1538.786865234375, 61.94626235961914062, 2.408554315567016601, 0, 0, 0.933580398559570312, 0.358368009328842163, 45, 90, 255, 1),
(194434, 181557, 530, 1, -3187.46826171875, 1538.786865234375, 61.94626235961914062, 2.408554315567016601, 0, 0, 0.933580398559570312, 0.358368009328842163, 45, 90, 255, 1),
(194435, 181569, 530, 1, -3187.46826171875, 1538.786865234375, 61.94626235961914062, 2.408554315567016601, 0, 0, 0.933580398559570312, 0.358368009328842163, 45, 90, 255, 1),

(194436, 181555, 530, 1, -3589.41552734375, 846.80059814453125, 20.42251014709472656, 3.22885894775390625, 0, 0, -0.99904823303222656, 0.043619260191917419, 45, 90, 255, 1),
(194437, 181556, 530, 1, -3589.41552734375, 846.80059814453125, 20.42251014709472656, 3.22885894775390625, 0, 0, -0.99904823303222656, 0.043619260191917419, 45, 90, 255, 1),
(194438, 181557, 530, 1, -3589.41552734375, 846.80059814453125, 20.42251014709472656, 3.22885894775390625, 0, 0, -0.99904823303222656, 0.043619260191917419, 45, 90, 255, 1),
(194439, 181569, 530, 1, -3589.41552734375, 846.80059814453125, 20.42251014709472656, 3.22885894775390625, 0, 0, -0.99904823303222656, 0.043619260191917419, 45, 90, 255, 1),

(194440, 181555, 530, 1, -4267.2421875, 1482.37451171875, 138.836181640625, 3.333590030670166015, 0, 0, -0.99539566040039062, 0.095851235091686248, 45, 90, 255, 1),
(194441, 181556, 530, 1, -4267.2421875, 1482.37451171875, 138.836181640625, 3.333590030670166015, 0, 0, -0.99539566040039062, 0.095851235091686248, 45, 90, 255, 1),
(194442, 181557, 530, 1, -4267.2421875, 1482.37451171875, 138.836181640625, 3.333590030670166015, 0, 0, -0.99539566040039062, 0.095851235091686248, 45, 90, 255, 1),
(194443, 181569, 530, 1, -4267.2421875, 1482.37451171875, 138.836181640625, 3.333590030670166015, 0, 0, -0.99539566040039062, 0.095851235091686248, 45, 90, 255, 1),

(194444, 181555, 530, 1, -3410.12158203125, 509.66802978515625, 91.698333740234375, 4.799657344818115234, 0, 0, -0.67558956146240234, 0.737277925014495849, 45, 90, 255, 1),
(194445, 181556, 530, 1, -3410.12158203125, 509.66802978515625, 91.698333740234375, 4.799657344818115234, 0, 0, -0.67558956146240234, 0.737277925014495849, 45, 90, 255, 1),
(194446, 181557, 530, 1, -3410.12158203125, 509.66802978515625, 91.698333740234375, 4.799657344818115234, 0, 0, -0.67558956146240234, 0.737277925014495849, 45, 90, 255, 1),
(194447, 181569, 530, 1, -3410.12158203125, 509.66802978515625, 91.698333740234375, 4.799657344818115234, 0, 0, -0.67558956146240234, 0.737277925014495849, 45, 90, 255, 1),

(194448, 181555, 530, 1, -3283.8662109375, 680.85198974609375, 1.901469945907592773, 2.740161895751953125, 0, 0, 0.979924201965332031, 0.199370384216308593, 45, 90, 255, 1),
(194449, 181556, 530, 1, -3283.8662109375, 680.85198974609375, 1.901469945907592773, 2.740161895751953125, 0, 0, 0.979924201965332031, 0.199370384216308593, 45, 90, 255, 1),
(194450, 181557, 530, 1, -3283.8662109375, 680.85198974609375, 1.901469945907592773, 2.740161895751953125, 0, 0, 0.979924201965332031, 0.199370384216308593, 45, 90, 255, 1),
(194451, 181569, 530, 1, -3283.8662109375, 680.85198974609375, 1.901469945907592773, 2.740161895751953125, 0, 0, 0.979924201965332031, 0.199370384216308593, 45, 90, 255, 1),

(194452, 181555, 530, 1, 2632.325439453125, 5113.56787109375, 271.56219482421875, 4.886923789978027343, 0, 0, -0.64278697967529296, 0.766044974327087402, 45, 90, 255, 1),
(194453, 181556, 530, 1, 2632.325439453125, 5113.56787109375, 271.56219482421875, 4.886923789978027343, 0, 0, -0.64278697967529296, 0.766044974327087402, 45, 90, 255, 1),
(194454, 181557, 530, 1, 2632.325439453125, 5113.56787109375, 271.56219482421875, 4.886923789978027343, 0, 0, -0.64278697967529296, 0.766044974327087402, 45, 90, 255, 1);

DELETE FROM `pool_gameobject` WHERE `guid` BETWEEN 193931 AND 194454;
INSERT INTO `pool_gameobject` (`guid`, `pool_entry`, `chance`, `description`) VALUES
(193931, 12600, 0, 'Hellfire Peninsula - Fel Iron Deposit'),
(193932, 12600, 5, 'Hellfire Peninsula - Khorium Vein'),
(193933, 12601, 0, 'Hellfire Peninsula - Fel Iron Deposit'),
(193934, 12601, 5, 'Hellfire Peninsula - Khorium Vein'),
(193935, 12602, 0, 'Hellfire Peninsula - Fel Iron Deposit'),
(193936, 12602, 5, 'Hellfire Peninsula - Khorium Vein'),
(193937, 12603, 0, 'Hellfire Peninsula - Fel Iron Deposit'),
(193938, 12603, 5, 'Hellfire Peninsula - Khorium Vein'),
(194150, 12668, 0, 'Hellfire Peninsula - Fel Iron Deposit'),
(194151, 12668, 5, 'Hellfire Peninsula - Khorium Vein'),
(194152, 12669, 0, 'Hellfire Peninsula - Fel Iron Deposit'),
(194153, 12669, 5, 'Hellfire Peninsula - Khorium Vein'),
(194154, 12670, 0, 'Hellfire Peninsula - Fel Iron Deposit'),
(194155, 12670, 5, 'Hellfire Peninsula - Khorium Vein'),
(194156, 12671, 0, 'Hellfire Peninsula - Fel Iron Deposit'),
(194157, 12671, 5, 'Hellfire Peninsula - Khorium Vein'),
(194158, 12672, 0, 'Hellfire Peninsula - Fel Iron Deposit'),
(194159, 12672, 5, 'Hellfire Peninsula - Khorium Vein'),
(194364, 12728, 0, 'Hellfire Peninsula - Fel Iron Deposit'),
(194365, 12728, 5, 'Hellfire Peninsula - Khorium Vein'),
(194366, 12729, 0, 'Hellfire Peninsula - Fel Iron Deposit'),
(194367, 12729, 5, 'Hellfire Peninsula - Khorium Vein'),
(194368, 12730, 0, 'Hellfire Peninsula - Fel Iron Deposit'),
(194369, 12730, 5, 'Hellfire Peninsula - Khorium Vein'),

(193939, 12604, 0, 'Zangarmarsh - Fel Iron Deposit'),
(193940, 12604, 35, 'Zangarmarsh - Adamantite Deposit'),
(193941, 12604, 5, 'Zangarmarsh - Khorium Vein'),
(193942, 12605, 0, 'Zangarmarsh - Fel Iron Deposit'),
(193943, 12605, 35, 'Zangarmarsh - Adamantite Deposit'),
(193944, 12605, 5, 'Zangarmarsh - Khorium Vein'),
(193945, 12606, 0, 'Zangarmarsh - Fel Iron Deposit'),
(193946, 12606, 35, 'Zangarmarsh - Adamantite Deposit'),
(193947, 12606, 5, 'Zangarmarsh - Khorium Vein'),
(193948, 12607, 0, 'Zangarmarsh - Fel Iron Deposit'),
(193949, 12607, 35, 'Zangarmarsh - Adamantite Deposit'),
(193950, 12607, 5, 'Zangarmarsh - Khorium Vein'),
(193951, 12608, 0, 'Zangarmarsh - Fel Iron Deposit'),
(193952, 12608, 35, 'Zangarmarsh - Adamantite Deposit'),
(193953, 12608, 5, 'Zangarmarsh - Khorium Vein'),
(193954, 12609, 0, 'Zangarmarsh - Fel Iron Deposit'),
(193955, 12609, 35, 'Zangarmarsh - Adamantite Deposit'),
(193956, 12609, 5, 'Zangarmarsh - Khorium Vein'),
(193957, 12610, 0, 'Zangarmarsh - Fel Iron Deposit'),
(193958, 12610, 35, 'Zangarmarsh - Adamantite Deposit'),
(193959, 12610, 5, 'Zangarmarsh - Khorium Vein'),
(193960, 12611, 0, 'Zangarmarsh - Fel Iron Deposit'),
(193961, 12611, 35, 'Zangarmarsh - Adamantite Deposit'),
(193962, 12611, 5, 'Zangarmarsh - Khorium Vein'),
(194160, 12673, 0, 'Zangarmarsh - Fel Iron Deposit'),
(194161, 12673, 35, 'Zangarmarsh - Adamantite Deposit'),
(194162, 12673, 5, 'Zangarmarsh - Khorium Vein'),
(194163, 12674, 0, 'Zangarmarsh - Fel Iron Deposit'),
(194164, 12674, 35, 'Zangarmarsh - Adamantite Deposit'),
(194165, 12674, 5, 'Zangarmarsh - Khorium Vein'),
(194166, 12675, 0, 'Zangarmarsh - Fel Iron Deposit'),
(194167, 12675, 35, 'Zangarmarsh - Adamantite Deposit'),
(194168, 12675, 5, 'Zangarmarsh - Khorium Vein'),
(194169, 12676, 0, 'Zangarmarsh - Fel Iron Deposit'),
(194170, 12676, 35, 'Zangarmarsh - Adamantite Deposit'),
(194171, 12676, 5, 'Zangarmarsh - Khorium Vein'),

(193963, 12612, 30, 'Terokkar Forest - Fel Iron Deposit'),
(193964, 12612, 0, 'Terokkar Forest - Adamantite Deposit'),
(193965, 12612, 5, 'Terokkar Forest - Khorium Vein'),
(193966, 12612, 20, 'Terokkar Forest - Rich Adamantite Deposit'),
(193967, 12613, 30, 'Terokkar Forest - Fel Iron Deposit'),
(193968, 12613, 0, 'Terokkar Forest - Adamantite Deposit'),
(193969, 12613, 5, 'Terokkar Forest - Khorium Vein'),
(193970, 12613, 20, 'Terokkar Forest - Rich Adamantite Deposit'),
(193971, 12614, 30, 'Terokkar Forest - Fel Iron Deposit'),
(193972, 12614, 0, 'Terokkar Forest - Adamantite Deposit'),
(193973, 12614, 5, 'Terokkar Forest - Khorium Vein'),
(193974, 12614, 20, 'Terokkar Forest - Rich Adamantite Deposit'),
(193975, 12615, 30, 'Terokkar Forest - Fel Iron Deposit'),
(193976, 12615, 0, 'Terokkar Forest - Adamantite Deposit'),
(193977, 12615, 5, 'Terokkar Forest - Khorium Vein'),
(193978, 12615, 20, 'Terokkar Forest - Rich Adamantite Deposit'),
(193979, 12616, 30, 'Terokkar Forest - Fel Iron Deposit'),
(193980, 12616, 0, 'Terokkar Forest - Adamantite Deposit'),
(193981, 12616, 5, 'Terokkar Forest - Khorium Vein'),
(193982, 12616, 20, 'Terokkar Forest - Rich Adamantite Deposit'),
(193983, 12617, 30, 'Terokkar Forest - Fel Iron Deposit'),
(193984, 12617, 0, 'Terokkar Forest - Adamantite Deposit'),
(193985, 12617, 5, 'Terokkar Forest - Khorium Vein'),
(193986, 12617, 20, 'Terokkar Forest - Rich Adamantite Deposit'),
(193987, 12618, 30, 'Terokkar Forest - Fel Iron Deposit'),
(193988, 12618, 0, 'Terokkar Forest - Adamantite Deposit'),
(193989, 12618, 5, 'Terokkar Forest - Khorium Vein'),
(193990, 12618, 20, 'Terokkar Forest - Rich Adamantite Deposit'),
(193991, 12619, 30, 'Terokkar Forest - Fel Iron Deposit'),
(193992, 12619, 0, 'Terokkar Forest - Adamantite Deposit'),
(193993, 12619, 5, 'Terokkar Forest - Khorium Vein'),
(193994, 12619, 20, 'Terokkar Forest - Rich Adamantite Deposit'),
(193995, 12620, 30, 'Terokkar Forest - Fel Iron Deposit'),
(193996, 12620, 0, 'Terokkar Forest - Adamantite Deposit'),
(193997, 12620, 5, 'Terokkar Forest - Khorium Vein'),
(193998, 12620, 20, 'Terokkar Forest - Rich Adamantite Deposit'),
(193999, 12621, 30, 'Terokkar Forest - Fel Iron Deposit'),
(194000, 12621, 0, 'Terokkar Forest - Adamantite Deposit'),
(194001, 12621, 5, 'Terokkar Forest - Khorium Vein'),
(194002, 12621, 20, 'Terokkar Forest - Rich Adamantite Deposit'),
(194172, 12677, 30, 'Terokkar Forest - Fel Iron Deposit'),
(194173, 12677, 0, 'Terokkar Forest - Adamantite Deposit'),
(194174, 12677, 5, 'Terokkar Forest - Khorium Vein'),
(194175, 12677, 20, 'Terokkar Forest - Rich Adamantite Deposit'),
(194176, 12678, 30, 'Terokkar Forest - Fel Iron Deposit'),
(194177, 12678, 0, 'Terokkar Forest - Adamantite Deposit'),
(194178, 12678, 5, 'Terokkar Forest - Khorium Vein'),
(194179, 12678, 20, 'Terokkar Forest - Rich Adamantite Deposit'),
(194180, 12679, 30, 'Terokkar Forest - Fel Iron Deposit'),
(194181, 12679, 0, 'Terokkar Forest - Adamantite Deposit'),
(194182, 12679, 5, 'Terokkar Forest - Khorium Vein'),
(194183, 12679, 20, 'Terokkar Forest - Rich Adamantite Deposit'),
(194184, 12680, 30, 'Terokkar Forest - Fel Iron Deposit'),
(194185, 12680, 0, 'Terokkar Forest - Adamantite Deposit'),
(194186, 12680, 5, 'Terokkar Forest - Khorium Vein'),
(194187, 12680, 20, 'Terokkar Forest - Rich Adamantite Deposit'),
(194370, 12731, 30, 'Terokkar Forest - Fel Iron Deposit'),
(194371, 12731, 0, 'Terokkar Forest - Adamantite Deposit'),
(194372, 12731, 5, 'Terokkar Forest - Khorium Vein'),
(194373, 12731, 20, 'Terokkar Forest - Rich Adamantite Deposit'),

(194188, 12681, 15, 'Nagrand - Fel Iron Deposit'),
(194189, 12681, 0, 'Nagrand - Adamantite Deposit'),
(194190, 12681, 5, 'Nagrand - Khorium Vein'),
(194191, 12681, 35, 'Nagrand - Rich Adamantite Deposit'),
(194192, 12682, 15, 'Nagrand - Fel Iron Deposit'),
(194193, 12682, 0, 'Nagrand - Adamantite Deposit'),
(194194, 12682, 5, 'Nagrand - Khorium Vein'),
(194195, 12682, 35, 'Nagrand - Rich Adamantite Deposit'),
(194196, 12683, 15, 'Nagrand - Fel Iron Deposit'),
(194197, 12683, 0, 'Nagrand - Adamantite Deposit'),
(194198, 12683, 5, 'Nagrand - Khorium Vein'),
(194199, 12683, 35, 'Nagrand - Rich Adamantite Deposit'),
(194200, 12684, 15, 'Nagrand - Fel Iron Deposit'),
(194201, 12684, 0, 'Nagrand - Adamantite Deposit'),
(194202, 12684, 5, 'Nagrand - Khorium Vein'),
(194203, 12684, 35, 'Nagrand - Rich Adamantite Deposit'),
(194204, 12685, 15, 'Nagrand - Fel Iron Deposit'),
(194205, 12685, 0, 'Nagrand - Adamantite Deposit'),
(194206, 12685, 5, 'Nagrand - Khorium Vein'),
(194207, 12685, 35, 'Nagrand - Rich Adamantite Deposit'),
(194374, 12732, 15, 'Nagrand - Fel Iron Deposit'),
(194375, 12732, 0, 'Nagrand - Adamantite Deposit'),
(194376, 12732, 5, 'Nagrand - Khorium Vein'),
(194377, 12732, 35, 'Nagrand - Rich Adamantite Deposit'),
(194378, 12733, 15, 'Nagrand - Fel Iron Deposit'),
(194379, 12733, 0, 'Nagrand - Adamantite Deposit'),
(194380, 12733, 5, 'Nagrand - Khorium Vein'),
(194381, 12733, 35, 'Nagrand - Rich Adamantite Deposit'),
(194382, 12734, 15, 'Nagrand - Fel Iron Deposit'),
(194383, 12734, 0, 'Nagrand - Adamantite Deposit'),
(194384, 12734, 5, 'Nagrand - Khorium Vein'),
(194385, 12734, 35, 'Nagrand - Rich Adamantite Deposit'),
(194386, 12735, 15, 'Nagrand - Fel Iron Deposit'),
(194387, 12735, 0, 'Nagrand - Adamantite Deposit'),
(194388, 12735, 5, 'Nagrand - Khorium Vein'),
(194389, 12735, 35, 'Nagrand - Rich Adamantite Deposit'),

(194003, 12622, 15, 'Blades Edge Mountains - Fel Iron Deposit'),
(194004, 12622, 0, 'Blades Edge Mountains - Adamantite Deposit'),
(194005, 12622, 5, 'Blades Edge Mountains - Khorium Vein'),
(194006, 12623, 15, 'Blades Edge Mountains - Fel Iron Deposit'),
(194007, 12623, 0, 'Blades Edge Mountains - Adamantite Deposit'),
(194008, 12623, 5, 'Blades Edge Mountains - Khorium Vein'),
(194009, 12624, 15, 'Blades Edge Mountains - Fel Iron Deposit'),
(194010, 12624, 0, 'Blades Edge Mountains - Adamantite Deposit'),
(194011, 12624, 5, 'Blades Edge Mountains - Khorium Vein'),
(194012, 12625, 15, 'Blades Edge Mountains - Fel Iron Deposit'),
(194013, 12625, 0, 'Blades Edge Mountains - Adamantite Deposit'),
(194014, 12625, 5, 'Blades Edge Mountains - Khorium Vein'),
(194015, 12626, 15, 'Blades Edge Mountains - Fel Iron Deposit'),
(194016, 12626, 0, 'Blades Edge Mountains - Adamantite Deposit'),
(194017, 12626, 5, 'Blades Edge Mountains - Khorium Vein'),
(194018, 12627, 15, 'Blades Edge Mountains - Fel Iron Deposit'),
(194019, 12627, 0, 'Blades Edge Mountains - Adamantite Deposit'),
(194020, 12627, 5, 'Blades Edge Mountains - Khorium Vein'),
(194021, 12628, 15, 'Blades Edge Mountains - Fel Iron Deposit'),
(194022, 12628, 0, 'Blades Edge Mountains - Adamantite Deposit'),
(194023, 12628, 5, 'Blades Edge Mountains - Khorium Vein'),
(194024, 12629, 15, 'Blades Edge Mountains - Fel Iron Deposit'),
(194025, 12629, 0, 'Blades Edge Mountains - Adamantite Deposit'),
(194026, 12629, 5, 'Blades Edge Mountains - Khorium Vein'),
(194027, 12630, 15, 'Blades Edge Mountains - Fel Iron Deposit'),
(194028, 12630, 0, 'Blades Edge Mountains - Adamantite Deposit'),
(194029, 12630, 5, 'Blades Edge Mountains - Khorium Vein'),
(194030, 12631, 15, 'Blades Edge Mountains - Fel Iron Deposit'),
(194031, 12631, 0, 'Blades Edge Mountains - Adamantite Deposit'),
(194032, 12631, 5, 'Blades Edge Mountains - Khorium Vein'),
(194033, 12632, 15, 'Blades Edge Mountains - Fel Iron Deposit'),
(194034, 12632, 0, 'Blades Edge Mountains - Adamantite Deposit'),
(194035, 12632, 5, 'Blades Edge Mountains - Khorium Vein'),
(194036, 12633, 15, 'Blades Edge Mountains - Fel Iron Deposit'),
(194037, 12633, 0, 'Blades Edge Mountains - Adamantite Deposit'),
(194038, 12633, 5, 'Blades Edge Mountains - Khorium Vein'),
(194039, 12634, 15, 'Blades Edge Mountains - Fel Iron Deposit'),
(194040, 12634, 0, 'Blades Edge Mountains - Adamantite Deposit'),
(194041, 12634, 5, 'Blades Edge Mountains - Khorium Vein'),
(194042, 12635, 15, 'Blades Edge Mountains - Fel Iron Deposit'),
(194043, 12635, 0, 'Blades Edge Mountains - Adamantite Deposit'),
(194044, 12635, 5, 'Blades Edge Mountains - Khorium Vein'),
(194045, 12636, 15, 'Blades Edge Mountains - Fel Iron Deposit'),
(194046, 12636, 0, 'Blades Edge Mountains - Adamantite Deposit'),
(194047, 12636, 5, 'Blades Edge Mountains - Khorium Vein'),
(194048, 12637, 15, 'Blades Edge Mountains - Fel Iron Deposit'),
(194049, 12637, 0, 'Blades Edge Mountains - Adamantite Deposit'),
(194050, 12637, 5, 'Blades Edge Mountains - Khorium Vein'),
(194051, 12638, 15, 'Blades Edge Mountains - Fel Iron Deposit'),
(194052, 12638, 0, 'Blades Edge Mountains - Adamantite Deposit'),
(194053, 12638, 5, 'Blades Edge Mountains - Khorium Vein'),
(194054, 12639, 15, 'Blades Edge Mountains - Fel Iron Deposit'),
(194055, 12639, 0, 'Blades Edge Mountains - Adamantite Deposit'),
(194056, 12639, 5, 'Blades Edge Mountains - Khorium Vein'),
(194057, 12640, 15, 'Blades Edge Mountains - Fel Iron Deposit'),
(194058, 12640, 0, 'Blades Edge Mountains - Adamantite Deposit'),
(194059, 12640, 5, 'Blades Edge Mountains - Khorium Vein'),
(194060, 12641, 15, 'Blades Edge Mountains - Fel Iron Deposit'),
(194061, 12641, 0, 'Blades Edge Mountains - Adamantite Deposit'),
(194062, 12641, 5, 'Blades Edge Mountains - Khorium Vein'),
(194063, 12642, 15, 'Blades Edge Mountains - Fel Iron Deposit'),
(194064, 12642, 0, 'Blades Edge Mountains - Adamantite Deposit'),
(194065, 12642, 5, 'Blades Edge Mountains - Khorium Vein'),
(194066, 12643, 15, 'Blades Edge Mountains - Fel Iron Deposit'),
(194067, 12643, 0, 'Blades Edge Mountains - Adamantite Deposit'),
(194068, 12643, 5, 'Blades Edge Mountains - Khorium Vein'),
(194069, 12644, 15, 'Blades Edge Mountains - Fel Iron Deposit'),
(194070, 12644, 0, 'Blades Edge Mountains - Adamantite Deposit'),
(194071, 12644, 5, 'Blades Edge Mountains - Khorium Vein'),
(194072, 12645, 15, 'Blades Edge Mountains - Fel Iron Deposit'),
(194073, 12645, 0, 'Blades Edge Mountains - Adamantite Deposit'),
(194074, 12645, 5, 'Blades Edge Mountains - Khorium Vein'),
(194075, 12646, 15, 'Blades Edge Mountains - Fel Iron Deposit'),
(194076, 12646, 0, 'Blades Edge Mountains - Adamantite Deposit'),
(194077, 12646, 5, 'Blades Edge Mountains - Khorium Vein'),
(194078, 12647, 15, 'Blades Edge Mountains - Fel Iron Deposit'),
(194079, 12647, 0, 'Blades Edge Mountains - Adamantite Deposit'),
(194080, 12647, 5, 'Blades Edge Mountains - Khorium Vein'),
(194081, 12648, 15, 'Blades Edge Mountains - Fel Iron Deposit'),
(194082, 12648, 0, 'Blades Edge Mountains - Adamantite Deposit'),
(194083, 12648, 5, 'Blades Edge Mountains - Khorium Vein'),
(194084, 12649, 15, 'Blades Edge Mountains - Fel Iron Deposit'),
(194085, 12649, 0, 'Blades Edge Mountains - Adamantite Deposit'),
(194086, 12649, 5, 'Blades Edge Mountains - Khorium Vein'),
(194087, 12650, 15, 'Blades Edge Mountains - Fel Iron Deposit'),
(194088, 12650, 0, 'Blades Edge Mountains - Adamantite Deposit'),
(194089, 12650, 5, 'Blades Edge Mountains - Khorium Vein'),
(194090, 12651, 15, 'Blades Edge Mountains - Fel Iron Deposit'),
(194091, 12651, 0, 'Blades Edge Mountains - Adamantite Deposit'),
(194092, 12651, 5, 'Blades Edge Mountains - Khorium Vein'),
(194093, 12652, 15, 'Blades Edge Mountains - Fel Iron Deposit'),
(194094, 12652, 0, 'Blades Edge Mountains - Adamantite Deposit'),
(194095, 12652, 5, 'Blades Edge Mountains - Khorium Vein'),
(194096, 12653, 15, 'Blades Edge Mountains - Fel Iron Deposit'),
(194097, 12653, 0, 'Blades Edge Mountains - Adamantite Deposit'),
(194098, 12653, 5, 'Blades Edge Mountains - Khorium Vein'),
(194099, 12654, 15, 'Blades Edge Mountains - Fel Iron Deposit'),
(194100, 12654, 0, 'Blades Edge Mountains - Adamantite Deposit'),
(194101, 12654, 5, 'Blades Edge Mountains - Khorium Vein'),
(194102, 12655, 15, 'Blades Edge Mountains - Fel Iron Deposit'),
(194103, 12655, 0, 'Blades Edge Mountains - Adamantite Deposit'),
(194104, 12655, 5, 'Blades Edge Mountains - Khorium Vein'),
(194105, 12656, 15, 'Blades Edge Mountains - Fel Iron Deposit'),
(194106, 12656, 0, 'Blades Edge Mountains - Adamantite Deposit'),
(194107, 12656, 5, 'Blades Edge Mountains - Khorium Vein'),
(194108, 12657, 15, 'Blades Edge Mountains - Fel Iron Deposit'),
(194109, 12657, 0, 'Blades Edge Mountains - Adamantite Deposit'),
(194110, 12657, 5, 'Blades Edge Mountains - Khorium Vein'),
(194111, 12658, 15, 'Blades Edge Mountains - Fel Iron Deposit'),
(194112, 12658, 0, 'Blades Edge Mountains - Adamantite Deposit'),
(194113, 12658, 5, 'Blades Edge Mountains - Khorium Vein'),
(194208, 12686, 15, 'Blades Edge Mountains - Fel Iron Deposit'),
(194209, 12686, 0, 'Blades Edge Mountains - Adamantite Deposit'),
(194210, 12686, 5, 'Blades Edge Mountains - Khorium Vein'),
(194211, 12687, 15, 'Blades Edge Mountains - Fel Iron Deposit'),
(194212, 12687, 0, 'Blades Edge Mountains - Adamantite Deposit'),
(194213, 12687, 5, 'Blades Edge Mountains - Khorium Vein'),
(194214, 12688, 15, 'Blades Edge Mountains - Fel Iron Deposit'),
(194215, 12688, 0, 'Blades Edge Mountains - Adamantite Deposit'),
(194216, 12688, 5, 'Blades Edge Mountains - Khorium Vein'),
(194217, 12689, 15, 'Blades Edge Mountains - Fel Iron Deposit'),
(194218, 12689, 0, 'Blades Edge Mountains - Adamantite Deposit'),
(194219, 12689, 5, 'Blades Edge Mountains - Khorium Vein'),
(194220, 12690, 15, 'Blades Edge Mountains - Fel Iron Deposit'),
(194221, 12690, 0, 'Blades Edge Mountains - Adamantite Deposit'),
(194222, 12690, 5, 'Blades Edge Mountains - Khorium Vein'),
(194223, 12691, 15, 'Blades Edge Mountains - Fel Iron Deposit'),
(194224, 12691, 0, 'Blades Edge Mountains - Adamantite Deposit'),
(194225, 12691, 5, 'Blades Edge Mountains - Khorium Vein'),
(194226, 12692, 15, 'Blades Edge Mountains - Fel Iron Deposit'),
(194227, 12692, 0, 'Blades Edge Mountains - Adamantite Deposit'),
(194228, 12692, 5, 'Blades Edge Mountains - Khorium Vein'),
(194229, 12693, 15, 'Blades Edge Mountains - Fel Iron Deposit'),
(194230, 12693, 0, 'Blades Edge Mountains - Adamantite Deposit'),
(194231, 12693, 5, 'Blades Edge Mountains - Khorium Vein'),
(194232, 12694, 15, 'Blades Edge Mountains - Fel Iron Deposit'),
(194233, 12694, 0, 'Blades Edge Mountains - Adamantite Deposit'),
(194234, 12694, 5, 'Blades Edge Mountains - Khorium Vein'),
(194235, 12695, 15, 'Blades Edge Mountains - Fel Iron Deposit'),
(194236, 12695, 0, 'Blades Edge Mountains - Adamantite Deposit'),
(194237, 12695, 5, 'Blades Edge Mountains - Khorium Vein'),
(194238, 12696, 0, 'Blades Edge Mountains - Adamantite Deposit'),
(194239, 12696, 5, 'Blades Edge Mountains - Khorium Vein'),
(194240, 12696, 45, 'Blades Edge Mountains - Rich Adamantite Deposit'),
(194241, 12697, 0, 'Blades Edge Mountains - Adamantite Deposit'),
(194242, 12697, 5, 'Blades Edge Mountains - Khorium Vein'),
(194243, 12697, 45, 'Blades Edge Mountains - Rich Adamantite Deposit'),
(194390, 12736, 15, 'Blades Edge Mountains - Fel Iron Deposit'),
(194391, 12736, 0, 'Blades Edge Mountains - Adamantite Deposit'),
(194392, 12736, 5, 'Blades Edge Mountains - Khorium Vein'),
(194393, 12737, 15, 'Blades Edge Mountains - Fel Iron Deposit'),
(194394, 12737, 0, 'Blades Edge Mountains - Adamantite Deposit'),
(194395, 12737, 5, 'Blades Edge Mountains - Khorium Vein'),
(194452, 12752, 15, 'Blades Edge Mountains - Fel Iron Deposit'),
(194453, 12752, 0, 'Blades Edge Mountains - Adamantite Deposit'),
(194454, 12752, 5, 'Blades Edge Mountains - Khorium Vein'),

(194114, 12659, 10, 'Netherstorm - Fel Iron Deposit'),
(194115, 12659, 0, 'Netherstorm - Adamantite Deposit'),
(194116, 12659, 5, 'Netherstorm - Khorium Vein'),
(194117, 12659, 30, 'Netherstorm - Rich Adamantite Deposit'),
(194118, 12660, 10, 'Netherstorm - Fel Iron Deposit'),
(194119, 12660, 0, 'Netherstorm - Adamantite Deposit'),
(194120, 12660, 5, 'Netherstorm - Khorium Vein'),
(194121, 12660, 30, 'Netherstorm - Rich Adamantite Deposit'),
(194122, 12661, 10, 'Netherstorm - Fel Iron Deposit'),
(194123, 12661, 0, 'Netherstorm - Adamantite Deposit'),
(194124, 12661, 5, 'Netherstorm - Khorium Vein'),
(194125, 12661, 30, 'Netherstorm - Rich Adamantite Deposit'),
(194126, 12662, 10, 'Netherstorm - Fel Iron Deposit'),
(194127, 12662, 0, 'Netherstorm - Adamantite Deposit'),
(194128, 12662, 5, 'Netherstorm - Khorium Vein'),
(194129, 12662, 30, 'Netherstorm - Rich Adamantite Deposit'),
(194130, 12663, 10, 'Netherstorm - Fel Iron Deposit'),
(194131, 12663, 0, 'Netherstorm - Adamantite Deposit'),
(194132, 12663, 5, 'Netherstorm - Khorium Vein'),
(194133, 12663, 30, 'Netherstorm - Rich Adamantite Deposit'),
(194244, 12698, 10, 'Netherstorm - Fel Iron Deposit'),
(194245, 12698, 0, 'Netherstorm - Adamantite Deposit'),
(194246, 12698, 5, 'Netherstorm - Khorium Vein'),
(194247, 12698, 30, 'Netherstorm - Rich Adamantite Deposit'),
(194248, 12699, 10, 'Netherstorm - Fel Iron Deposit'),
(194249, 12699, 0, 'Netherstorm - Adamantite Deposit'),
(194250, 12699, 5, 'Netherstorm - Khorium Vein'),
(194251, 12699, 30, 'Netherstorm - Rich Adamantite Deposit'),
(194252, 12700, 10, 'Netherstorm - Fel Iron Deposit'),
(194253, 12700, 0, 'Netherstorm - Adamantite Deposit'),
(194254, 12700, 5, 'Netherstorm - Khorium Vein'),
(194255, 12700, 30, 'Netherstorm - Rich Adamantite Deposit'),
(194256, 12701, 10, 'Netherstorm - Fel Iron Deposit'),
(194257, 12701, 0, 'Netherstorm - Adamantite Deposit'),
(194258, 12701, 5, 'Netherstorm - Khorium Vein'),
(194259, 12701, 30, 'Netherstorm - Rich Adamantite Deposit'),
(194260, 12702, 10, 'Netherstorm - Fel Iron Deposit'),
(194261, 12702, 0, 'Netherstorm - Adamantite Deposit'),
(194262, 12702, 5, 'Netherstorm - Khorium Vein'),
(194263, 12702, 30, 'Netherstorm - Rich Adamantite Deposit'),
(194264, 12703, 10, 'Netherstorm - Fel Iron Deposit'),
(194265, 12703, 0, 'Netherstorm - Adamantite Deposit'),
(194266, 12703, 5, 'Netherstorm - Khorium Vein'),
(194267, 12703, 30, 'Netherstorm - Rich Adamantite Deposit'),
(194268, 12704, 10, 'Netherstorm - Fel Iron Deposit'),
(194269, 12704, 0, 'Netherstorm - Adamantite Deposit'),
(194270, 12704, 5, 'Netherstorm - Khorium Vein'),
(194271, 12704, 30, 'Netherstorm - Rich Adamantite Deposit'),
(194272, 12705, 10, 'Netherstorm - Fel Iron Deposit'),
(194273, 12705, 0, 'Netherstorm - Adamantite Deposit'),
(194274, 12705, 5, 'Netherstorm - Khorium Vein'),
(194275, 12705, 30, 'Netherstorm - Rich Adamantite Deposit'),
(194276, 12706, 10, 'Netherstorm - Fel Iron Deposit'),
(194277, 12706, 0, 'Netherstorm - Adamantite Deposit'),
(194278, 12706, 5, 'Netherstorm - Khorium Vein'),
(194279, 12706, 30, 'Netherstorm - Rich Adamantite Deposit'),
(194280, 12707, 10, 'Netherstorm - Fel Iron Deposit'),
(194281, 12707, 0, 'Netherstorm - Adamantite Deposit'),
(194282, 12707, 5, 'Netherstorm - Khorium Vein'),
(194283, 12707, 30, 'Netherstorm - Rich Adamantite Deposit'),
(194284, 12708, 10, 'Netherstorm - Fel Iron Deposit'),
(194285, 12708, 0, 'Netherstorm - Adamantite Deposit'),
(194286, 12708, 5, 'Netherstorm - Khorium Vein'),
(194287, 12708, 30, 'Netherstorm - Rich Adamantite Deposit'),
(194288, 12709, 10, 'Netherstorm - Fel Iron Deposit'),
(194289, 12709, 0, 'Netherstorm - Adamantite Deposit'),
(194290, 12709, 5, 'Netherstorm - Khorium Vein'),
(194291, 12709, 30, 'Netherstorm - Rich Adamantite Deposit'),
(194292, 12710, 10, 'Netherstorm - Fel Iron Deposit'),
(194293, 12710, 0, 'Netherstorm - Adamantite Deposit'),
(194294, 12710, 5, 'Netherstorm - Khorium Vein'),
(194295, 12710, 30, 'Netherstorm - Rich Adamantite Deposit'),
(194296, 12711, 10, 'Netherstorm - Fel Iron Deposit'),
(194297, 12711, 0, 'Netherstorm - Adamantite Deposit'),
(194298, 12711, 5, 'Netherstorm - Khorium Vein'),
(194299, 12711, 30, 'Netherstorm - Rich Adamantite Deposit'),
(194300, 12712, 10, 'Netherstorm - Fel Iron Deposit'),
(194301, 12712, 0, 'Netherstorm - Adamantite Deposit'),
(194302, 12712, 5, 'Netherstorm - Khorium Vein'),
(194303, 12712, 30, 'Netherstorm - Rich Adamantite Deposit'),
(194304, 12713, 10, 'Netherstorm - Fel Iron Deposit'),
(194305, 12713, 0, 'Netherstorm - Adamantite Deposit'),
(194306, 12713, 5, 'Netherstorm - Khorium Vein'),
(194307, 12713, 30, 'Netherstorm - Rich Adamantite Deposit'),
(194308, 12714, 10, 'Netherstorm - Fel Iron Deposit'),
(194309, 12714, 0, 'Netherstorm - Adamantite Deposit'),
(194310, 12714, 5, 'Netherstorm - Khorium Vein'),
(194311, 12714, 30, 'Netherstorm - Rich Adamantite Deposit'),
(194312, 12715, 10, 'Netherstorm - Fel Iron Deposit'),
(194313, 12715, 0, 'Netherstorm - Adamantite Deposit'),
(194314, 12715, 5, 'Netherstorm - Khorium Vein'),
(194315, 12715, 30, 'Netherstorm - Rich Adamantite Deposit'),
(194316, 12716, 10, 'Netherstorm - Fel Iron Deposit'),
(194317, 12716, 0, 'Netherstorm - Adamantite Deposit'),
(194318, 12716, 5, 'Netherstorm - Khorium Vein'),
(194319, 12716, 30, 'Netherstorm - Rich Adamantite Deposit'),
(194320, 12717, 10, 'Netherstorm - Fel Iron Deposit'),
(194321, 12717, 0, 'Netherstorm - Adamantite Deposit'),
(194322, 12717, 5, 'Netherstorm - Khorium Vein'),
(194323, 12717, 30, 'Netherstorm - Rich Adamantite Deposit'),
(194396, 12738, 10, 'Netherstorm - Fel Iron Deposit'),
(194397, 12738, 0, 'Netherstorm - Adamantite Deposit'),
(194398, 12738, 5, 'Netherstorm - Khorium Vein'),
(194399, 12738, 30, 'Netherstorm - Rich Adamantite Deposit'),
(194400, 12739, 10, 'Netherstorm - Fel Iron Deposit'),
(194401, 12739, 0, 'Netherstorm - Adamantite Deposit'),
(194402, 12739, 5, 'Netherstorm - Khorium Vein'),
(194403, 12739, 30, 'Netherstorm - Rich Adamantite Deposit'),
(194404, 12740, 10, 'Netherstorm - Fel Iron Deposit'),
(194405, 12740, 0, 'Netherstorm - Adamantite Deposit'),
(194406, 12740, 5, 'Netherstorm - Khorium Vein'),
(194407, 12740, 30, 'Netherstorm - Rich Adamantite Deposit'),
(194408, 12741, 10, 'Netherstorm - Fel Iron Deposit'),
(194409, 12741, 0, 'Netherstorm - Adamantite Deposit'),
(194410, 12741, 5, 'Netherstorm - Khorium Vein'),
(194411, 12741, 30, 'Netherstorm - Rich Adamantite Deposit'),
(194412, 12742, 10, 'Netherstorm - Fel Iron Deposit'),
(194413, 12742, 0, 'Netherstorm - Adamantite Deposit'),
(194414, 12742, 5, 'Netherstorm - Khorium Vein'),
(194415, 12742, 30, 'Netherstorm - Rich Adamantite Deposit'),
(194416, 12743, 10, 'Netherstorm - Fel Iron Deposit'),
(194417, 12743, 0, 'Netherstorm - Adamantite Deposit'),
(194418, 12743, 5, 'Netherstorm - Khorium Vein'),
(194419, 12743, 30, 'Netherstorm - Rich Adamantite Deposit'),
(194420, 12744, 10, 'Netherstorm - Fel Iron Deposit'),
(194421, 12744, 0, 'Netherstorm - Adamantite Deposit'),
(194422, 12744, 5, 'Netherstorm - Khorium Vein'),
(194423, 12744, 30, 'Netherstorm - Rich Adamantite Deposit'),

(194134, 12664, 15, 'Shadowmoon Valley - Fel Iron Deposit'),
(194135, 12664, 0, 'Shadowmoon Valley - Adamantite Deposit'),
(194136, 12664, 5, 'Shadowmoon Valley - Khorium Vein'),
(194137, 12664, 35, 'Shadowmoon Valley - Rich Adamantite Deposit'),
(194138, 12665, 15, 'Shadowmoon Valley - Fel Iron Deposit'),
(194139, 12665, 0, 'Shadowmoon Valley - Adamantite Deposit'),
(194140, 12665, 5, 'Shadowmoon Valley - Khorium Vein'),
(194141, 12665, 35, 'Shadowmoon Valley - Rich Adamantite Deposit'),
(194142, 12666, 15, 'Shadowmoon Valley - Fel Iron Deposit'),
(194143, 12666, 0, 'Shadowmoon Valley - Adamantite Deposit'),
(194144, 12666, 5, 'Shadowmoon Valley - Khorium Vein'),
(194145, 12666, 35, 'Shadowmoon Valley - Rich Adamantite Deposit'),
(194146, 12667, 15, 'Shadowmoon Valley - Fel Iron Deposit'),
(194147, 12667, 0, 'Shadowmoon Valley - Adamantite Deposit'),
(194148, 12667, 5, 'Shadowmoon Valley - Khorium Vein'),
(194149, 12667, 35, 'Shadowmoon Valley - Rich Adamantite Deposit'),
(194324, 12718, 15, 'Shadowmoon Valley - Fel Iron Deposit'),
(194325, 12718, 0, 'Shadowmoon Valley - Adamantite Deposit'),
(194326, 12718, 5, 'Shadowmoon Valley - Khorium Vein'),
(194327, 12718, 35, 'Shadowmoon Valley - Rich Adamantite Deposit'),
(194328, 12719, 15, 'Shadowmoon Valley - Fel Iron Deposit'),
(194329, 12719, 0, 'Shadowmoon Valley - Adamantite Deposit'),
(194330, 12719, 5, 'Shadowmoon Valley - Khorium Vein'),
(194331, 12719, 35, 'Shadowmoon Valley - Rich Adamantite Deposit'),
(194332, 12720, 15, 'Shadowmoon Valley - Fel Iron Deposit'),
(194333, 12720, 0, 'Shadowmoon Valley - Adamantite Deposit'),
(194334, 12720, 5, 'Shadowmoon Valley - Khorium Vein'),
(194335, 12720, 35, 'Shadowmoon Valley - Rich Adamantite Deposit'),
(194336, 12721, 15, 'Shadowmoon Valley - Fel Iron Deposit'),
(194337, 12721, 0, 'Shadowmoon Valley - Adamantite Deposit'),
(194338, 12721, 5, 'Shadowmoon Valley - Khorium Vein'),
(194339, 12721, 35, 'Shadowmoon Valley - Rich Adamantite Deposit'),
(194340, 12722, 15, 'Shadowmoon Valley - Fel Iron Deposit'),
(194341, 12722, 0, 'Shadowmoon Valley - Adamantite Deposit'),
(194342, 12722, 5, 'Shadowmoon Valley - Khorium Vein'),
(194343, 12722, 35, 'Shadowmoon Valley - Rich Adamantite Deposit'),
(194344, 12723, 15, 'Shadowmoon Valley - Fel Iron Deposit'),
(194345, 12723, 0, 'Shadowmoon Valley - Adamantite Deposit'),
(194346, 12723, 5, 'Shadowmoon Valley - Khorium Vein'),
(194347, 12723, 35, 'Shadowmoon Valley - Rich Adamantite Deposit'),
(194348, 12724, 15, 'Shadowmoon Valley - Fel Iron Deposit'),
(194349, 12724, 0, 'Shadowmoon Valley - Adamantite Deposit'),
(194350, 12724, 5, 'Shadowmoon Valley - Khorium Vein'),
(194351, 12724, 35, 'Shadowmoon Valley - Rich Adamantite Deposit'),
(194352, 12725, 15, 'Shadowmoon Valley - Fel Iron Deposit'),
(194353, 12725, 0, 'Shadowmoon Valley - Adamantite Deposit'),
(194354, 12725, 5, 'Shadowmoon Valley - Khorium Vein'),
(194355, 12725, 35, 'Shadowmoon Valley - Rich Adamantite Deposit'),
(194356, 12726, 15, 'Shadowmoon Valley - Fel Iron Deposit'),
(194357, 12726, 0, 'Shadowmoon Valley - Adamantite Deposit'),
(194358, 12726, 5, 'Shadowmoon Valley - Khorium Vein'),
(194359, 12726, 35, 'Shadowmoon Valley - Rich Adamantite Deposit'),
(194360, 12727, 15, 'Shadowmoon Valley - Fel Iron Deposit'),
(194361, 12727, 0, 'Shadowmoon Valley - Adamantite Deposit'),
(194362, 12727, 5, 'Shadowmoon Valley - Khorium Vein'),
(194363, 12727, 35, 'Shadowmoon Valley - Rich Adamantite Deposit'),
(194424, 12745, 15, 'Shadowmoon Valley - Fel Iron Deposit'),
(194425, 12745, 0, 'Shadowmoon Valley - Adamantite Deposit'),
(194426, 12745, 5, 'Shadowmoon Valley - Khorium Vein'),
(194427, 12745, 35, 'Shadowmoon Valley - Rich Adamantite Deposit'),
(194428, 12746, 15, 'Shadowmoon Valley - Fel Iron Deposit'),
(194429, 12746, 0, 'Shadowmoon Valley - Adamantite Deposit'),
(194430, 12746, 5, 'Shadowmoon Valley - Khorium Vein'),
(194431, 12746, 35, 'Shadowmoon Valley - Rich Adamantite Deposit'),
(194432, 12747, 15, 'Shadowmoon Valley - Fel Iron Deposit'),
(194433, 12747, 0, 'Shadowmoon Valley - Adamantite Deposit'),
(194434, 12747, 5, 'Shadowmoon Valley - Khorium Vein'),
(194435, 12747, 35, 'Shadowmoon Valley - Rich Adamantite Deposit'),
(194436, 12748, 15, 'Shadowmoon Valley - Fel Iron Deposit'),
(194437, 12748, 0, 'Shadowmoon Valley - Adamantite Deposit'),
(194438, 12748, 5, 'Shadowmoon Valley - Khorium Vein'),
(194439, 12748, 35, 'Shadowmoon Valley - Rich Adamantite Deposit'),
(194440, 12749, 15, 'Shadowmoon Valley - Fel Iron Deposit'),
(194441, 12749, 0, 'Shadowmoon Valley - Adamantite Deposit'),
(194442, 12749, 5, 'Shadowmoon Valley - Khorium Vein'),
(194443, 12749, 35, 'Shadowmoon Valley - Rich Adamantite Deposit'),
(194444, 12750, 15, 'Shadowmoon Valley - Fel Iron Deposit'),
(194445, 12750, 0, 'Shadowmoon Valley - Adamantite Deposit'),
(194446, 12750, 5, 'Shadowmoon Valley - Khorium Vein'),
(194447, 12750, 35, 'Shadowmoon Valley - Rich Adamantite Deposit'),
(194448, 12751, 15, 'Shadowmoon Valley - Fel Iron Deposit'),
(194449, 12751, 0, 'Shadowmoon Valley - Adamantite Deposit'),
(194450, 12751, 5, 'Shadowmoon Valley - Khorium Vein'),
(194451, 12751, 35, 'Shadowmoon Valley - Rich Adamantite Deposit');

-- 12316 Zuldrak mineral, node 108
-- 12982 Isle of Quel'Danas - Mineral Node #1
DELETE FROM `pool_template` WHERE `entry` BETWEEN 12600 AND 12752;
INSERT INTO `pool_template` (`entry`, `max_limit`, `description`) VALUES
(12600, 1, 'Hellfire Peninsula - Mineral Node'),
(12601, 1, 'Hellfire Peninsula - Mineral Node'),
(12602, 1, 'Hellfire Peninsula - Mineral Node'),
(12603, 1, 'Hellfire Peninsula - Mineral Node'),
(12668, 1, 'Hellfire Peninsula - Mineral Node'),
(12669, 1, 'Hellfire Peninsula - Mineral Node'),
(12670, 1, 'Hellfire Peninsula - Mineral Node'),
(12671, 1, 'Hellfire Peninsula - Mineral Node'),
(12672, 1, 'Hellfire Peninsula - Mineral Node'),
(12728, 1, 'Hellfire Peninsula - Mineral Node'),
(12729, 1, 'Hellfire Peninsula - Mineral Node'),
(12730, 1, 'Hellfire Peninsula - Mineral Node'),

(12604, 1, 'Zangarmarsh - Mineral Node'),
(12605, 1, 'Zangarmarsh - Mineral Node'),
(12606, 1, 'Zangarmarsh - Mineral Node'),
(12607, 1, 'Zangarmarsh - Mineral Node'),
(12608, 1, 'Zangarmarsh - Mineral Node'),
(12609, 1, 'Zangarmarsh - Mineral Node'),
(12610, 1, 'Zangarmarsh - Mineral Node'),
(12611, 1, 'Zangarmarsh - Mineral Node'),
(12673, 1, 'Zangarmarsh - Mineral Node'),
(12674, 1, 'Zangarmarsh - Mineral Node'),
(12675, 1, 'Zangarmarsh - Mineral Node'),
(12676, 1, 'Zangarmarsh - Mineral Node'),

(12612, 1, 'Terokkar Forest - Mineral Node'),
(12613, 1, 'Terokkar Forest - Mineral Node'),
(12614, 1, 'Terokkar Forest - Mineral Node'),
(12615, 1, 'Terokkar Forest - Mineral Node'),
(12616, 1, 'Terokkar Forest - Mineral Node'),
(12617, 1, 'Terokkar Forest - Mineral Node'),
(12618, 1, 'Terokkar Forest - Mineral Node'),
(12619, 1, 'Terokkar Forest - Mineral Node'),
(12620, 1, 'Terokkar Forest - Mineral Node'),
(12621, 1, 'Terokkar Forest - Mineral Node'),
(12677, 1, 'Terokkar Forest - Mineral Node'),
(12678, 1, 'Terokkar Forest - Mineral Node'),
(12679, 1, 'Terokkar Forest - Mineral Node'),
(12680, 1, 'Terokkar Forest - Mineral Node'),
(12731, 1, 'Terokkar Forest - Mineral Node'),

(12681, 1, 'Nagrand - Mineral Node'),
(12682, 1, 'Nagrand - Mineral Node'),
(12683, 1, 'Nagrand - Mineral Node'),
(12684, 1, 'Nagrand - Mineral Node'),
(12685, 1, 'Nagrand - Mineral Node'),
(12732, 1, 'Nagrand - Mineral Node'),
(12733, 1, 'Nagrand - Mineral Node'),
(12734, 1, 'Nagrand - Mineral Node'),
(12735, 1, 'Nagrand - Mineral Node'),

(12622, 1, 'Blades Edge Mountains - Mineral Node'),
(12623, 1, 'Blades Edge Mountains - Mineral Node'),
(12624, 1, 'Blades Edge Mountains - Mineral Node'),
(12625, 1, 'Blades Edge Mountains - Mineral Node'),
(12626, 1, 'Blades Edge Mountains - Mineral Node'),
(12627, 1, 'Blades Edge Mountains - Mineral Node'),
(12628, 1, 'Blades Edge Mountains - Mineral Node'),
(12629, 1, 'Blades Edge Mountains - Mineral Node'),
(12630, 1, 'Blades Edge Mountains - Mineral Node'),
(12631, 1, 'Blades Edge Mountains - Mineral Node'),
(12632, 1, 'Blades Edge Mountains - Mineral Node'),
(12633, 1, 'Blades Edge Mountains - Mineral Node'),
(12634, 1, 'Blades Edge Mountains - Mineral Node'),
(12635, 1, 'Blades Edge Mountains - Mineral Node'),
(12636, 1, 'Blades Edge Mountains - Mineral Node'),
(12637, 1, 'Blades Edge Mountains - Mineral Node'),
(12638, 1, 'Blades Edge Mountains - Mineral Node'),
(12639, 1, 'Blades Edge Mountains - Mineral Node'),
(12640, 1, 'Blades Edge Mountains - Mineral Node'),
(12641, 1, 'Blades Edge Mountains - Mineral Node'),
(12642, 1, 'Blades Edge Mountains - Mineral Node'),
(12643, 1, 'Blades Edge Mountains - Mineral Node'),
(12644, 1, 'Blades Edge Mountains - Mineral Node'),
(12645, 1, 'Blades Edge Mountains - Mineral Node'),
(12646, 1, 'Blades Edge Mountains - Mineral Node'),
(12647, 1, 'Blades Edge Mountains - Mineral Node'),
(12648, 1, 'Blades Edge Mountains - Mineral Node'),
(12649, 1, 'Blades Edge Mountains - Mineral Node'),
(12650, 1, 'Blades Edge Mountains - Mineral Node'),
(12651, 1, 'Blades Edge Mountains - Mineral Node'),
(12652, 1, 'Blades Edge Mountains - Mineral Node'),
(12653, 1, 'Blades Edge Mountains - Mineral Node'),
(12654, 1, 'Blades Edge Mountains - Mineral Node'),
(12655, 1, 'Blades Edge Mountains - Mineral Node'),
(12656, 1, 'Blades Edge Mountains - Mineral Node'),
(12657, 1, 'Blades Edge Mountains - Mineral Node'),
(12658, 1, 'Blades Edge Mountains - Mineral Node'),
(12686, 1, 'Blades Edge Mountains - Mineral Node'),
(12687, 1, 'Blades Edge Mountains - Mineral Node'),
(12688, 1, 'Blades Edge Mountains - Mineral Node'),
(12689, 1, 'Blades Edge Mountains - Mineral Node'),
(12690, 1, 'Blades Edge Mountains - Mineral Node'),
(12691, 1, 'Blades Edge Mountains - Mineral Node'),
(12692, 1, 'Blades Edge Mountains - Mineral Node'),
(12693, 1, 'Blades Edge Mountains - Mineral Node'),
(12694, 1, 'Blades Edge Mountains - Mineral Node'),
(12695, 1, 'Blades Edge Mountains - Mineral Node'),
(12696, 1, 'Blades Edge Mountains - Mineral Node'),
(12697, 1, 'Blades Edge Mountains - Mineral Node'),
(12736, 1, 'Blades Edge Mountains - Mineral Node'),
(12737, 1, 'Blades Edge Mountains - Mineral Node'),
(12752, 1, 'Blades Edge Mountains - Mineral Node'),

(12659, 1, 'Netherstorm - Mineral Node'),
(12660, 1, 'Netherstorm - Mineral Node'),
(12661, 1, 'Netherstorm - Mineral Node'),
(12662, 1, 'Netherstorm - Mineral Node'),
(12663, 1, 'Netherstorm - Mineral Node'),
(12698, 1, 'Netherstorm - Mineral Node'),
(12699, 1, 'Netherstorm - Mineral Node'),
(12700, 1, 'Netherstorm - Mineral Node'),
(12701, 1, 'Netherstorm - Mineral Node'),
(12702, 1, 'Netherstorm - Mineral Node'),
(12703, 1, 'Netherstorm - Mineral Node'),
(12704, 1, 'Netherstorm - Mineral Node'),
(12705, 1, 'Netherstorm - Mineral Node'),
(12706, 1, 'Netherstorm - Mineral Node'),
(12707, 1, 'Netherstorm - Mineral Node'),
(12708, 1, 'Netherstorm - Mineral Node'),
(12709, 1, 'Netherstorm - Mineral Node'),
(12710, 1, 'Netherstorm - Mineral Node'),
(12711, 1, 'Netherstorm - Mineral Node'),
(12712, 1, 'Netherstorm - Mineral Node'),
(12713, 1, 'Netherstorm - Mineral Node'),
(12714, 1, 'Netherstorm - Mineral Node'),
(12715, 1, 'Netherstorm - Mineral Node'),
(12716, 1, 'Netherstorm - Mineral Node'),
(12717, 1, 'Netherstorm - Mineral Node'),
(12738, 1, 'Netherstorm - Mineral Node'),
(12739, 1, 'Netherstorm - Mineral Node'),
(12740, 1, 'Netherstorm - Mineral Node'),
(12741, 1, 'Netherstorm - Mineral Node'),
(12742, 1, 'Netherstorm - Mineral Node'),
(12743, 1, 'Netherstorm - Mineral Node'),
(12744, 1, 'Netherstorm - Mineral Node'),

(12664, 1, 'Shadowmoon Valley - Mineral Node'),
(12665, 1, 'Shadowmoon Valley - Mineral Node'),
(12666, 1, 'Shadowmoon Valley - Mineral Node'),
(12667, 1, 'Shadowmoon Valley - Mineral Node'),
(12718, 1, 'Shadowmoon Valley - Mineral Node'),
(12719, 1, 'Shadowmoon Valley - Mineral Node'),
(12720, 1, 'Shadowmoon Valley - Mineral Node'),
(12721, 1, 'Shadowmoon Valley - Mineral Node'),
(12722, 1, 'Shadowmoon Valley - Mineral Node'),
(12723, 1, 'Shadowmoon Valley - Mineral Node'),
(12724, 1, 'Shadowmoon Valley - Mineral Node'),
(12725, 1, 'Shadowmoon Valley - Mineral Node'),
(12726, 1, 'Shadowmoon Valley - Mineral Node'),
(12727, 1, 'Shadowmoon Valley - Mineral Node'),
(12745, 1, 'Shadowmoon Valley - Mineral Node'),
(12746, 1, 'Shadowmoon Valley - Mineral Node'),
(12747, 1, 'Shadowmoon Valley - Mineral Node'),
(12748, 1, 'Shadowmoon Valley - Mineral Node'),
(12749, 1, 'Shadowmoon Valley - Mineral Node'),
(12750, 1, 'Shadowmoon Valley - Mineral Node'),
(12751, 1, 'Shadowmoon Valley - Mineral Node');

DELETE FROM `pool_pool` WHERE `pool_id` BETWEEN 12600 AND 12752;
INSERT INTO `pool_pool` (`pool_id`, `mother_pool`, `chance`, `description`) VALUES
-- 2062	Master Mineral Pool - Hellfire Peninsula
(12600, 2062, 0, 'Hellfire Peninsula - Mineral Node'),
(12601, 2062, 0, 'Hellfire Peninsula - Mineral Node'),
(12602, 2062, 0, 'Hellfire Peninsula - Mineral Node'),
(12603, 2062, 0, 'Hellfire Peninsula - Mineral Node'),
(12668, 2062, 0, 'Hellfire Peninsula - Mineral Node'),
(12669, 2062, 0, 'Hellfire Peninsula - Mineral Node'),
(12670, 2062, 0, 'Hellfire Peninsula - Mineral Node'),
(12671, 2062, 0, 'Hellfire Peninsula - Mineral Node'),
(12672, 2062, 0, 'Hellfire Peninsula - Mineral Node'),
(12728, 2062, 0, 'Hellfire Peninsula - Mineral Node'),
(12729, 2062, 0, 'Hellfire Peninsula - Mineral Node'),
(12730, 2062, 0, 'Hellfire Peninsula - Mineral Node'),
-- 2063	Master Mineral Pool - Zangarmarsh
(12604, 2063, 0, 'Zangarmarsh - Mineral Node'),
(12605, 2063, 0, 'Zangarmarsh - Mineral Node'),
(12606, 2063, 0, 'Zangarmarsh - Mineral Node'),
(12607, 2063, 0, 'Zangarmarsh - Mineral Node'),
(12608, 2063, 0, 'Zangarmarsh - Mineral Node'),
(12609, 2063, 0, 'Zangarmarsh - Mineral Node'),
(12610, 2063, 0, 'Zangarmarsh - Mineral Node'),
(12611, 2063, 0, 'Zangarmarsh - Mineral Node'),
(12673, 2063, 0, 'Zangarmarsh - Mineral Node'),
(12674, 2063, 0, 'Zangarmarsh - Mineral Node'),
(12675, 2063, 0, 'Zangarmarsh - Mineral Node'),
(12676, 2063, 0, 'Zangarmarsh - Mineral Node'),
-- 2065	Master Mineral Pool - Terokkar Forest
(12612, 2065, 0, 'Terokkar Forest - Mineral Node'),
(12613, 2065, 0, 'Terokkar Forest - Mineral Node'),
(12614, 2065, 0, 'Terokkar Forest - Mineral Node'),
(12615, 2065, 0, 'Terokkar Forest - Mineral Node'),
(12616, 2065, 0, 'Terokkar Forest - Mineral Node'),
(12617, 2065, 0, 'Terokkar Forest - Mineral Node'),
(12618, 2065, 0, 'Terokkar Forest - Mineral Node'),
(12619, 2065, 0, 'Terokkar Forest - Mineral Node'),
(12620, 2065, 0, 'Terokkar Forest - Mineral Node'),
(12621, 2065, 0, 'Terokkar Forest - Mineral Node'),
(12677, 2065, 0, 'Terokkar Forest - Mineral Node'),
(12678, 2065, 0, 'Terokkar Forest - Mineral Node'),
(12679, 2065, 0, 'Terokkar Forest - Mineral Node'),
(12680, 2065, 0, 'Terokkar Forest - Mineral Node'),
(12731, 2065, 0, 'Terokkar Forest - Mineral Node'),
-- 2064	Master Mineral Pool - Nagrand
(12681, 2064, 0, 'Nagrand - Mineral Node'),
(12682, 2064, 0, 'Nagrand - Mineral Node'),
(12683, 2064, 0, 'Nagrand - Mineral Node'),
(12684, 2064, 0, 'Nagrand - Mineral Node'),
(12685, 2064, 0, 'Nagrand - Mineral Node'),
(12732, 2064, 0, 'Nagrand - Mineral Node'),
(12733, 2064, 0, 'Nagrand - Mineral Node'),
(12734, 2064, 0, 'Nagrand - Mineral Node'),
(12735, 2064, 0, 'Nagrand - Mineral Node'),
-- 2067	Master Mineral Pool - Blades Edge Mountains
(12622, 2067, 0, 'Blades Edge Mountains - Mineral Node'),
(12623, 2067, 0, 'Blades Edge Mountains - Mineral Node'),
(12624, 2067, 0, 'Blades Edge Mountains - Mineral Node'),
(12625, 2067, 0, 'Blades Edge Mountains - Mineral Node'),
(12626, 2067, 0, 'Blades Edge Mountains - Mineral Node'),
(12627, 2067, 0, 'Blades Edge Mountains - Mineral Node'),
(12628, 2067, 0, 'Blades Edge Mountains - Mineral Node'),
(12629, 2067, 0, 'Blades Edge Mountains - Mineral Node'),
(12630, 2067, 0, 'Blades Edge Mountains - Mineral Node'),
(12631, 2067, 0, 'Blades Edge Mountains - Mineral Node'),
(12632, 2067, 0, 'Blades Edge Mountains - Mineral Node'),
(12633, 2067, 0, 'Blades Edge Mountains - Mineral Node'),
(12634, 2067, 0, 'Blades Edge Mountains - Mineral Node'),
(12635, 2067, 0, 'Blades Edge Mountains - Mineral Node'),
(12636, 2067, 0, 'Blades Edge Mountains - Mineral Node'),
(12637, 2067, 0, 'Blades Edge Mountains - Mineral Node'),
(12638, 2067, 0, 'Blades Edge Mountains - Mineral Node'),
(12639, 2067, 0, 'Blades Edge Mountains - Mineral Node'),
(12640, 2067, 0, 'Blades Edge Mountains - Mineral Node'),
(12641, 2067, 0, 'Blades Edge Mountains - Mineral Node'),
(12642, 2067, 0, 'Blades Edge Mountains - Mineral Node'),
(12643, 2067, 0, 'Blades Edge Mountains - Mineral Node'),
(12644, 2067, 0, 'Blades Edge Mountains - Mineral Node'),
(12645, 2067, 0, 'Blades Edge Mountains - Mineral Node'),
(12646, 2067, 0, 'Blades Edge Mountains - Mineral Node'),
(12647, 2067, 0, 'Blades Edge Mountains - Mineral Node'),
(12648, 2067, 0, 'Blades Edge Mountains - Mineral Node'),
(12649, 2067, 0, 'Blades Edge Mountains - Mineral Node'),
(12650, 2067, 0, 'Blades Edge Mountains - Mineral Node'),
(12651, 2067, 0, 'Blades Edge Mountains - Mineral Node'),
(12652, 2067, 0, 'Blades Edge Mountains - Mineral Node'),
(12653, 2067, 0, 'Blades Edge Mountains - Mineral Node'),
(12654, 2067, 0, 'Blades Edge Mountains - Mineral Node'),
(12655, 2067, 0, 'Blades Edge Mountains - Mineral Node'),
(12656, 2067, 0, 'Blades Edge Mountains - Mineral Node'),
(12657, 2067, 0, 'Blades Edge Mountains - Mineral Node'),
(12658, 2067, 0, 'Blades Edge Mountains - Mineral Node'),
(12686, 2067, 0, 'Blades Edge Mountains - Mineral Node'),
(12687, 2067, 0, 'Blades Edge Mountains - Mineral Node'),
(12688, 2067, 0, 'Blades Edge Mountains - Mineral Node'),
(12689, 2067, 0, 'Blades Edge Mountains - Mineral Node'),
(12690, 2067, 0, 'Blades Edge Mountains - Mineral Node'),
(12691, 2067, 0, 'Blades Edge Mountains - Mineral Node'),
(12692, 2067, 0, 'Blades Edge Mountains - Mineral Node'),
(12693, 2067, 0, 'Blades Edge Mountains - Mineral Node'),
(12694, 2067, 0, 'Blades Edge Mountains - Mineral Node'),
(12695, 2067, 0, 'Blades Edge Mountains - Mineral Node'),
(12696, 2067, 0, 'Blades Edge Mountains - Mineral Node'),
(12697, 2067, 0, 'Blades Edge Mountains - Mineral Node'),
(12736, 2067, 0, 'Blades Edge Mountains - Mineral Node'),
(12737, 2067, 0, 'Blades Edge Mountains - Mineral Node'),
(12752, 2067, 0, 'Blades Edge Mountains - Mineral Node'),
-- 2066	Master Mineral Pool - Netherstorm
(12659, 2066, 0, 'Netherstorm - Mineral Node'),
(12660, 2066, 0, 'Netherstorm - Mineral Node'),
(12661, 2066, 0, 'Netherstorm - Mineral Node'),
(12662, 2066, 0, 'Netherstorm - Mineral Node'),
(12663, 2066, 0, 'Netherstorm - Mineral Node'),
(12698, 2066, 0, 'Netherstorm - Mineral Node'),
(12699, 2066, 0, 'Netherstorm - Mineral Node'),
(12700, 2066, 0, 'Netherstorm - Mineral Node'),
(12701, 2066, 0, 'Netherstorm - Mineral Node'),
(12702, 2066, 0, 'Netherstorm - Mineral Node'),
(12703, 2066, 0, 'Netherstorm - Mineral Node'),
(12704, 2066, 0, 'Netherstorm - Mineral Node'),
(12705, 2066, 0, 'Netherstorm - Mineral Node'),
(12706, 2066, 0, 'Netherstorm - Mineral Node'),
(12707, 2066, 0, 'Netherstorm - Mineral Node'),
(12708, 2066, 0, 'Netherstorm - Mineral Node'),
(12709, 2066, 0, 'Netherstorm - Mineral Node'),
(12710, 2066, 0, 'Netherstorm - Mineral Node'),
(12711, 2066, 0, 'Netherstorm - Mineral Node'),
(12712, 2066, 0, 'Netherstorm - Mineral Node'),
(12713, 2066, 0, 'Netherstorm - Mineral Node'),
(12714, 2066, 0, 'Netherstorm - Mineral Node'),
(12715, 2066, 0, 'Netherstorm - Mineral Node'),
(12716, 2066, 0, 'Netherstorm - Mineral Node'),
(12717, 2066, 0, 'Netherstorm - Mineral Node'),
(12738, 2066, 0, 'Netherstorm - Mineral Node'),
(12739, 2066, 0, 'Netherstorm - Mineral Node'),
(12740, 2066, 0, 'Netherstorm - Mineral Node'),
(12741, 2066, 0, 'Netherstorm - Mineral Node'),
(12742, 2066, 0, 'Netherstorm - Mineral Node'),
(12743, 2066, 0, 'Netherstorm - Mineral Node'),
(12744, 2066, 0, 'Netherstorm - Mineral Node'),
-- 2068	Master Mineral Pool - Shadowmoon Valley
(12664, 2068, 0, 'Shadowmoon Valley - Mineral Node'),
(12665, 2068, 0, 'Shadowmoon Valley - Mineral Node'),
(12666, 2068, 0, 'Shadowmoon Valley - Mineral Node'),
(12667, 2068, 0, 'Shadowmoon Valley - Mineral Node'),
(12718, 2068, 0, 'Shadowmoon Valley - Mineral Node'),
(12719, 2068, 0, 'Shadowmoon Valley - Mineral Node'),
(12720, 2068, 0, 'Shadowmoon Valley - Mineral Node'),
(12721, 2068, 0, 'Shadowmoon Valley - Mineral Node'),
(12722, 2068, 0, 'Shadowmoon Valley - Mineral Node'),
(12723, 2068, 0, 'Shadowmoon Valley - Mineral Node'),
(12724, 2068, 0, 'Shadowmoon Valley - Mineral Node'),
(12725, 2068, 0, 'Shadowmoon Valley - Mineral Node'),
(12726, 2068, 0, 'Shadowmoon Valley - Mineral Node'),
(12727, 2068, 0, 'Shadowmoon Valley - Mineral Node'),
(12745, 2068, 0, 'Shadowmoon Valley - Mineral Node'),
(12746, 2068, 0, 'Shadowmoon Valley - Mineral Node'),
(12747, 2068, 0, 'Shadowmoon Valley - Mineral Node'),
(12748, 2068, 0, 'Shadowmoon Valley - Mineral Node'),
(12749, 2068, 0, 'Shadowmoon Valley - Mineral Node'),
(12750, 2068, 0, 'Shadowmoon Valley - Mineral Node'),
(12751, 2068, 0, 'Shadowmoon Valley - Mineral Node');

-- Reuse duplicate xyz - diverging Mineral Nodes for Sniff Position ones
-- Hellfire Peninsula
-- Zangarmarsh
UPDATE `gameobject` SET `position_x` = 995.5499267578125, `position_y` = 5723.19384765625, `position_z` = -10.852614402770996, `orientation` = 1.48352813720703125, `rotation2` = 0.675589561462402343, `rotation3` = 0.737277925014495849 WHERE `guid` IN (197409,197410,197411); -- duplicate pool 11049 (guid 197328+)
-- Terokkar Forest
UPDATE `gameobject` SET `position_x` = -3832.243, `position_y` = 5025.41, `position_z` = -28.96708, `orientation` = -2.443461, `rotation2` = 0, `rotation3` = 0 WHERE `guid` IN (196364,196365,196366); -- duplicate pool 11211 (guid 196706+)
UPDATE `gameobject` SET `position_x` = -3221.303, `position_y` = 6048.578, `position_z` = 2.910651, `orientation` = 0.3316126, `rotation2` = 0, `rotation3` = 0 WHERE `guid` IN (196367,196368,196369); -- duplicate pool 11276 (guid 196511+)
UPDATE `gameobject` SET `position_x` = -2975.858642578125, `position_y` = 5724.72412109375, `position_z` = 4.786355972290039062, `orientation` = -1.4311680793762207, `rotation2` = -0.65605831146240234, `rotation3` = 0.754710197448730468 WHERE `guid` IN (196529,196530,196531); -- duplicate pool 11287 (guid 196478+)
UPDATE `gameobject` SET `position_x` = -3214.23193359375, `position_y` = 4049.092041015625, `position_z` = 10.98171234130859375, `orientation` = -1.9198615550994873, `rotation2` = -0.81915187835693359, `rotation3` = 0.573576688766479492 WHERE `guid` IN (196493,196494,196495); -- duplicate pool 12223 (guid 193530+)
UPDATE `gameobject` SET `position_x` = -2714.5751953125, `position_y` = 5510.91845703125, `position_z` = 31.16727066040039062, `orientation` = -0.29670521616935729, `rotation2` = -0.14780902862548828, `rotation3` = 0.989015936851501464 WHERE `guid` IN (196460,196461,196462); -- duplicate pool 11333 (guid 196340+)
UPDATE `gameobject` SET `position_x` = -2839.93994140625, `position_y` = 5601.234375, `position_z` = 9.604909896850585937, `orientation` = -0.43633157014846801, `rotation2` = -0.21643924713134765, `rotation3` = 0.976296067237854003 WHERE `guid` IN (196466,196467,196468); -- duplicate pool 12225 (guid 193524+)
UPDATE `gameobject` SET `position_x` = -3936.8173828125, `position_y` = 4927.77197265625, `position_z` = -72.5946731567382812, `orientation` = 0.331610709428787231, `rotation2` = 0.16504669189453125, `rotation3` = 0.986285746097564697 WHERE `guid` IN (196526,196527,196528); -- duplicate pool 11292 (guid 196463+)
-- Nagrand
UPDATE `gameobject` SET `position_x` = -1247.7847900390625, `position_y` = 9302.8193359375, `position_z` = 280.7113037109375, `orientation` = -0.1221729889512062, `rotation2` = -0.06104850769042968, `rotation3` = 0.998134791851043701 WHERE `guid` IN (196752,196753,196754,196755); -- duplicate pool 11199 (guid 196980+)
UPDATE `gameobject` SET `position_x` = -1972.161, `position_y` = 9171.174, `position_z` = 74.57827, `orientation` = 1.466077, `rotation2` = 0, `rotation3` = 0 WHERE `guid` IN (196812,196813,196814,196815); -- duplicate pool 11174 (guid 196852+)
UPDATE `gameobject` SET `position_x` = -2201.4306640625, `position_y` = 6012.3349609375, `position_z` = 67.6978759765625, `orientation` = 2.391098260879516601, `rotation2` = 0.930417060852050781, `rotation3` = 0.366502493619918823 WHERE `guid` IN (196784,196785,196786,196787); -- duplicate pool 11094 (guid 197172+)
UPDATE `gameobject` SET `position_x` = -2011.5114, `position_y` = 7082.07, `position_z` = 5.76163, `orientation` = 2.042035, `rotation2` = 0.85264015, `rotation3` = 0.5224986 WHERE `guid` IN (196788,196789,196790,196791); -- duplicate pool 11097 (guid 197160+)
UPDATE `gameobject` SET `position_x` = -2057.5283, `position_y` = 7458.4204, `position_z` = -98.607605, `orientation` = 1.1693686, `rotation2` = 0.55193615, `rotation3` = 0.8338864 WHERE `guid` IN (196972,196973,196974,196975); -- duplicate pool 11196 (guid 196764+)
UPDATE `gameobject` SET `position_x` = -1480.8135986328125, `position_y` = 6259.09228515625, `position_z` = 57.22725296020507812, `orientation` = -0.94247663021087646, `rotation2` = -0.45398998260498046, `rotation3` = 0.891006767749786376 WHERE `guid` IN (196756,196757,196758,196759); -- duplicate pool 11192 (guid 196780+)
UPDATE `gameobject` SET `position_x` = -1137.54541015625, `position_y` = 8123.5947265625, `position_z` = 5.582652091979980468, `orientation` = 1.082102894783020019, `rotation2` = 0.51503753662109375, `rotation3` = 0.857167601585388183 WHERE `guid` IN (196792,196793,196794,196795); -- duplicate pool 11155 (guid 196928+)
UPDATE `gameobject` SET `position_x` = -1039.7742919921875, `position_y` = 8878.2626953125, `position_z` = 129.51617431640625, `orientation` = -2.28637886047363281, `rotation2` = -0.90996074676513671, `rotation3` = 0.414694398641586303 WHERE `guid` IN (196968,196969,196970,196971); -- duplicate pool 11168 (guid 196876+)
UPDATE `gameobject` SET `position_x` = -1094.46875, `position_y` = 7109.095703125, `position_z` = 7.091823101043701171, `orientation` = -1.20427727699279785, `rotation2` = -0.56640625, `rotation3` = 0.824126183986663818 WHERE `guid` IN (197108,197109,197110,197111); -- duplicate pool 12215 (guid 193554+)
UPDATE `gameobject` SET `position_x` = -1015.592529296875, `position_y` = 8540.0927734375, `position_z` = 45.62847137451171875, `orientation` = -0.47123849391937255, `rotation2` = -0.2334451675415039, `rotation3` = 0.972369968891143798 WHERE `guid` IN (196924,196925,196926,196927); -- duplicate pool 12208 (guid 193582+)
UPDATE `gameobject` SET `position_x` = -2671.365966796875, `position_y` = 7898.751953125, `position_z` = -44.9644660949707031, `orientation` = 1.535889506340026855, `rotation2` = 0.694658279418945312, `rotation3` = 0.719339847564697265 WHERE `guid` IN (197056,197057,197058,197059); -- duplicate pool 12209 (guid 193578+)
UPDATE `gameobject` SET `position_x` = -1711.319580078125, `position_y` = 7812.72900390625, `position_z` = -101.043952941894531, `orientation` = -1.41371512413024902, `rotation2` = -0.64944744110107421, `rotation3` = 0.760406434535980224 WHERE `guid` IN (197064,197065,197066,197067); -- duplicate pool 12149 (guid 193818+)
UPDATE `gameobject` SET `position_x` = -2142.5791015625, `position_y` = 7204.61328125, `position_z` = -105.190902709960937, `orientation` = -2.6878066062927246, `rotation2` = -0.97437000274658203, `rotation3` = 0.224951311945915222 WHERE `guid` IN (196988,196989,196990,196991); -- duplicate pool 11160 (guid 196908+)
UPDATE `gameobject` SET `position_x` = -2078.682861328125, `position_y` = 7132.62890625, `position_z` = -6.00827980041503906, `orientation` = -0.08726600557565689, `rotation2` = -0.04361915588378906, `rotation3` = 0.999048233032226562 WHERE `guid` IN (196740,196741,196742,196743); -- duplicate pool 11150 (guid 196948+)
UPDATE `gameobject` SET `position_x` = -1111.681884765625, `position_y` = 8116.76318359375, `position_z` = -86.0108413696289062, `orientation` = 1.902408838272094726, `rotation2` = 0.814115524291992187, `rotation3` = 0.580702960491180419 WHERE `guid` IN (197036,197037,197038,197039); -- duplicate pool 12180 (guid 193694+)
UPDATE `gameobject` SET `position_x` = -561.7386474609375, `position_y` = 8876.5830078125, `position_z` = 212.4084625244140625, `orientation` = -1.32644820213317871, `rotation2` = -0.61566066741943359, `rotation3` = 0.788011372089385986 WHERE `guid` IN (197112,197113,197114,197115); -- duplicate pool 12156 (guid 193790+)
UPDATE `gameobject` SET `position_x` = -485.83782958984375, `position_y` = 8846.3330078125, `position_z` = 227.9381866455078125, `orientation` = 2.897245407104492187, `rotation2` = 0.99254608154296875, `rotation3` = 0.121869951486587524 WHERE `guid` IN (196984,196985,196986,196987); -- duplicate pool 12212 (guid 193566+)
UPDATE `gameobject` SET `position_x` = -852.55523681640625, `position_y` = 8710.0771484375, `position_z` = 177.09552001953125, `orientation` = -1.98967242240905761, `rotation2` = -0.8386697769165039, `rotation3` = 0.544640243053436279 WHERE `guid` IN (197228,197229,197230,197231); -- duplicate pool 12166 (guid 193750+)
-- Blade's Edge
-- Netherstorm
UPDATE `gameobject` SET `position_x` = 3030.25927734375, `position_y` = 4238.81103515625, `position_z` = 160.7783050537109375, `orientation` = 5.305802345275878906, `rotation2` = -0.46947097778320312, `rotation3` = 0.882947921752929687 WHERE `guid` IN (196216,196217,196218,196219); -- duplicate pool 11376 (guid 196172+)
-- SMV
UPDATE `gameobject` SET `position_x` = -3334.774, `position_y` = 1464.317, `position_z` = 67.93521, `orientation` = -2.460914, `rotation2` = 0, `rotation3` = 0 WHERE `guid` IN (195580,195581,195583); -- duplicate pool 12245 (guid 193453+)
REPLACE INTO `gameobject` (`guid`, `id`, `map`, `spawnMask`, `position_x`, `position_y`, `position_z`, `orientation`, `rotation0`, `rotation1`, `rotation2`, `rotation3`, `spawntimesecsmin`, `spawntimesecsmax`, `animprogress`, `state`) VALUES
(195582, 181555, 530, 1, -3334.774, 1464.317, 67.93521, -2.460914, 0, 0, 0, 0, 45, 90, 255, 1); -- removed at some point
REPLACE INTO `pool_gameobject` (`guid`, `pool_entry`, `chance`, `description`) VALUES
(195580, 11549, 35, 'Shadowmoon Valley 181569, node 38'), -- chances were changed from default as netherwing ledge doesnt seem to have chance for 181555
(195581, 11549, 5, 'Shadowmoon Valley 181557, node 38'), -- https://www.wowhead.com/object=181555/fel-iron-deposit
(195582, 11549, 15, 'Shadowmoon Valley 181555, node 38'),
(195583, 11549, 0, 'Shadowmoon Valley 181556, node 38');
UPDATE `gameobject` SET `position_x` = -3538.894775390625, `position_y` = 2746.979736328125, `position_z` = 130.5926513671875, `orientation` = 2.897245407104492187, `rotation2` = 0.99254608154296875, `rotation3` = 0.121869951486587524 WHERE `guid` IN (195552,195553,195554,195555); -- duplicate pool 12257 (guid 193405+)
UPDATE `gameobject` SET `position_x` = -3187.999267578125, `position_y` = 2394.150146484375, `position_z` = 61.72909164428710937, `orientation` = 0.523597896099090576, `rotation2` = 0.258818626403808593, `rotation3` = 0.965925931930541992 WHERE `guid` IN (195728,195729,195730,195731); -- duplicate pool 11530 (guid 195656+)
UPDATE `gameobject` SET `position_x` = -2769.137939453125, `position_y` = 3072.384033203125, `position_z` = 23.74535560607910156, `orientation` = 3.194002151489257812, `rotation2` = -0.99965667724609375, `rotation3` = 0.026201646775007247 WHERE `guid` IN (195540,195541,195542,195543); -- duplicate pool 12252 (guid 193425+) 
UPDATE `gameobject` SET `position_x` = -3061.854248046875, `position_y` = 1720.3365478515625, `position_z` = 76.28078460693359375, `orientation` = 1.134462952613830566, `rotation2` = 0.537299156188964843, `rotation3` = 0.843391716480255126 WHERE `guid` IN (195576,195577,195578,195579); -- duplicate pool 11599 (guid 195380+) 

-- Move Mineral Nodes to Sniff Position
UPDATE `gameobject` SET `position_x` = 634.0344, `position_y` = 5499.4834, `position_z` = -4.449785, `orientation` = 5.8817606, `rotation2` = -0.19936752, `rotation3` = 0.9799248 WHERE `guid` IN (197394,197395,197396);
UPDATE `gameobject` SET `position_x` = 949.82153, `position_y` = 7152.8813, `position_z` = 18.952927, `orientation` = 1.7976887, `rotation2` = 0.78260803, `rotation3` = 0.6225148 WHERE `guid` IN (197421,197422,197423);
UPDATE `gameobject` SET `position_x` = -36.880207, `position_y` = 5284.5, `position_z` = 24.428804, `orientation` = 2.2689254, `rotation2` = 0.9063072, `rotation3` = 0.4226195 WHERE `guid` IN (197406,197407,197408);
UPDATE `gameobject` SET `position_x` = -2072.049560546875, `position_y` = 7236.38916015625, `position_z` = -44.0557746887207031, `orientation` = -3.03683781623840332, `rotation2` = -0.99862861633300781, `rotation3` = 0.052353221923112869 WHERE `guid` IN (196964,196965,196966,196967);
UPDATE `gameobject` SET `position_x` = -1713.3450927734375, `position_y` = 7018.1484375, `position_z` = -2.42797493934631347, `orientation` = 0.418878614902496337, `rotation2` = 0.207911491394042968, `rotation3` = 0.978147625923156738 WHERE `guid` IN (196960,196961,196962,196963);
UPDATE `gameobject` SET `position_x` = -2252.02490234375, `position_y` = 7921.29931640625, `position_z` = -20.418649673461914, `orientation` = -1.9547656774520874, `rotation2` = -0.82903671264648437, `rotation3` = 0.559194147586822509 WHERE `guid` IN (196944,196945,196946,196947);
UPDATE `gameobject` SET `position_x` = -1561.911865234375, `position_y` = 4782.00634765625, `position_z` = 15.02542495727539062, `orientation` = 0.785396814346313476, `rotation2` = 0.38268280029296875, `rotation3` = 0.923879802227020263 WHERE `guid` IN (196577,196578,196579);
UPDATE `gameobject` SET `position_x` = -3288.593505859375, `position_y` = 2773.927001953125, `position_z` = 137.00067138671875, `orientation` = -1.86750221252441406, `rotation2` = -0.80385684967041015, `rotation3` = 0.594822824001312255 WHERE `guid` IN (195668,195669,195670,195671);
UPDATE `gameobject` SET `position_x` = 3558.162841796875, `position_y` = 4977.23291015625, `position_z` = 273.25457763671875, `orientation` = -0.87266391515731811, `rotation2` = -0.42261791229248046, `rotation3` = 0.906307935714721679 WHERE `guid` IN (195867,195868,195869);
UPDATE `gameobject` SET `position_x` = -1849.0172119140625, `position_y` = 7613.67626953125, `position_z` = -49.7109947204589843, `orientation` = -0.19198516011238098, `rotation2` = -0.09584522247314453, `rotation3` = 0.995396256446838378 WHERE `guid` IN (197000,197001,197002,197003);
UPDATE `gameobject` SET `position_x` = -1305.43017578125, `position_y` = 7976.2421875, `position_z` = -93.3057937622070312, `orientation` = 0, `rotation2` = 0, `rotation3` = 1 WHERE `guid` IN (197004,197005,197006,197007);
UPDATE `gameobject` SET `position_x` = -2061.635009765625, `position_y` = 3570.146484375, `position_z` = -72.5021743774414062, `orientation` = -1.37880921363830566, `rotation2` = -0.636077880859375, `rotation3` = 0.771624863147735595 WHERE `guid` IN (196541,196542,196543);
UPDATE `gameobject` SET `position_x` = -1604.7930908203125, `position_y` = 8549.66015625, `position_z` = -11.4141616821289062, `orientation` = -1.76278245449066162, `rotation2` = -0.77162456512451171, `rotation3` = 0.636078238487243652 WHERE `guid` IN (196908,196909,196910,196911);
UPDATE `gameobject` SET `position_x` = -1958.4039306640625, `position_y` = 7827.29345703125, `position_z` = -36.966522216796875, `orientation` = 2.495818138122558593, `rotation2` = 0.948323249816894531, `rotation3` = 0.317305892705917358 WHERE `guid` IN (197048,197049,197050,197051);
UPDATE `gameobject` SET `position_x` = -2762.292724609375, `position_y` = 4582.49658203125, `position_z` = -0.22145700454711914, `orientation` = 3.036838293075561523, `rotation2` = 0.998628616333007812, `rotation3` = 0.052353221923112869 WHERE `guid` IN (196562,196563,196564);
UPDATE `gameobject` SET `position_x` = -1390.879638671875, `position_y` = 5592.7919921875, `position_z` = 186.2445068359375, `orientation` = 1.029743075370788574, `rotation2` = 0.492423057556152343, `rotation3` = 0.870355963706970214 WHERE `guid` IN (196463,196464,196465);
UPDATE `gameobject` SET `position_x` = -1997.82861328125, `position_y` = 7546.1328125, `position_z` = -85.6890029907226562, `orientation` = 5.323255538940429687, `rotation2` = -0.46174812316894531, `rotation3` = 0.887011110782623291 WHERE `guid` IN (196920,196921,196922,196923);
UPDATE `gameobject` SET `position_x` = 3753.1640625, `position_y` = 6634.00439453125, `position_z` = 152.267242431640625, `orientation` = 0.942476630210876464, `rotation2` = 0.453989982604980468, `rotation3` = 0.891006767749786376 WHERE `guid` IN (195909,195910,195911);
UPDATE `gameobject` SET `position_x` = 3961.51611328125, `position_y` = 5024.61767578125, `position_z` = 272.594635009765625, `orientation` = 3.769911527633666992, `rotation2` = -0.95105648040771484, `rotation3` = 0.309017121791839599 WHERE `guid` IN (195963,195964,195965);
UPDATE `gameobject` SET `position_x` = 3677.643310546875, `position_y` = 4921.28076171875, `position_z` = 260.941253662109375, `orientation` = 5.724681377410888671, `rotation2` = -0.27563667297363281, `rotation3` = 0.961261868476867675 WHERE `guid` IN (195882,195883,195884);
UPDATE `gameobject` SET `position_x` = 3356.120361328125, `position_y` = 3466.252197265625, `position_z` = 139.6914520263671875, `orientation` = 0.558503925800323486, `rotation2` = 0.275636672973632812, `rotation3` = 0.961261868476867675 WHERE `guid` IN (196200,196201,196202,196203);
UPDATE `gameobject` SET `position_x` = 4683.1640625, `position_y` = 2518.2158203125, `position_z` = 239.1622772216796875, `orientation` = 6.021387100219726562, `rotation2` = -0.13052558898925781, `rotation3` = 0.991444945335388183 WHERE `guid` IN (196160,196161,196162,196163);
UPDATE `gameobject` SET `position_x` = 4646.158203125, `position_y` = 3289.08544921875, `position_z` = 168.406036376953125, `orientation` = 2.007128477096557617, `rotation2` = 0.84339141845703125, `rotation3` = 0.537299633026123046 WHERE `guid` IN (196224,196225,196226,196227);
UPDATE `gameobject` SET `position_x` = -947.3875732421875, `position_y` = 3717.69091796875, `position_z` = 97.12259674072265625, `orientation` = 0.610863447189331054, `rotation2` = 0.3007049560546875, `rotation3` = 0.953717231750488281 WHERE `guid` IN (197781,197782);
UPDATE `gameobject` SET `position_x` = 12744.30859375, `position_y` = -6833.587890625, `position_z` = 9.051113128662109375, `orientation` = 0.226892471313476562, `rotation2` = 0.113203048706054687, `rotation3` = 0.993571877479553222 WHERE `guid` IN (5300104,5300105,5300106);
UPDATE `gameobject` SET `position_x` = -3901.47998046875, `position_y` = 1565.72119140625, `position_z` = 79.56835174560546875, `orientation` = 0.680676698684692382, `rotation2` = 0.333806037902832031, `rotation3` = 0.942641794681549072 WHERE `guid` IN (195504,195505,195506,195507);
UPDATE `gameobject` SET `position_x` = 2924.703125, `position_y` = 2476.323486328125, `position_z` = 127.6136093139648437, `orientation` = 3.52557229995727539, `rotation2` = -0.98162651062011718, `rotation3` = 0.190812408924102783 WHERE `guid` IN (196172,196173,196174,196175);

