-- removal of spawns applies also to wotlk
DELETE FROM gameobject WHERE Id IN(181556,181557,181569) AND map = 530 AND position_x BETWEEN 11400 AND 13100;
INSERT INTO gameobject(guid, id, map, spawnMask, position_x, position_y, position_z, orientation, rotation0, rotation1, rotation2, rotation3, spawntimesecsmin, spawntimesecsmax) VALUES
('5300068', '0', '530', '1', 12527.3486328125, -6938.9599609375, 19.90598106384277343, 0.087266460061073303, 0, 0, 0.043619386851787567, 0.999048233032226562, '180', '180'),
('5300069', '0', '530', '1', 11666.0751953125, -7135.5947265625, 16.21556854248046875, -2.46091413497924804, 0, 0, 0.942641496658325195, -0.33380687236785888, '180', '180'),
('5300070', '0', '530', '1', 12155.21875, -7274.7001953125, 4.089982032775878906, 0.226892814040184021, 0, 0, 0.113203212618827819, 0.993571877479553222, '180', '180'),
('5300071', '0', '530', '1', 12794.228515625, -6484.4775390625, 2.825134992599487304, -1.90240883827209472, 0, 0, 0.814115524291992187, -0.58070296049118041, '180', '180'),
('5300072', '0', '530', '1', 12668.818359375, -7320.171875, 4.672122001647949218, -0.80285149812698364, 0, 0, 0.39073115587234497, -0.92050486803054809, '180', '180'),
('5300073', '0', '530', '1', 12784.265625, -6611.37158203125, 4.48670196533203125, 0.488691210746765136, 0, 0, 0.241921424865722656, 0.970295846462249755, '180', '180');

DELETE FROM gameobject WHERE Id IN(181280,181281) AND map = 530 AND position_x BETWEEN 11400 AND 13100;
INSERT INTO gameobject(guid, id, map, spawnMask, position_x, position_y, position_z, orientation, rotation0, rotation1, rotation2, rotation3, spawntimesecsmin, spawntimesecsmax) VALUES
('5300122', '181280', '530', '1', 11623.345703125, -7059.333984375, 1.23776400089263916, 5.724681377410888671, 0, 0, -0.27563667297363281, 0.961261868476867675, '180', '180'),
('5300123', '181281', '530', '1', 12588.943359375, -6621.16455078125, 12.24101066589355468, 0.314158439636230468, 0, 0, 0.156434059143066406, 0.987688362598419189, '180', '180'),
('5300124', '181281', '530', '1', 12599.080078125, -6930.93115234375, 5.018065929412841796, 2.111847877502441406, 0, 0, 0.870355606079101562, 0.492423713207244873, '180', '180'),
('5300125', '181281', '530', '1', 11743.5751953125, -7218.64794921875, 9.227257728576660156, 0.907570242881774902, 0, 0, 0.438370704650878906, 0.898794233798980712, '180', '180'),
('5300126', '181281', '530', '1', 12330.3828125, -7352.54150390625, 2.832942008972167968, 5.305802345275878906, 0, 0, -0.46947097778320312, 0.882947921752929687, '180', '180'),
('5300127', '181281', '530', '1', 12669.46484375, -7421.5478515625, 2.858735084533691406, 0.645771682262420654, 0, 0, 0.317304611206054687, 0.948323667049407958, '180', '180'),
('5300128', '181281', '530', '1', 12695.681640625, -7066.04443359375, 19.29464530944824218, 2.635444164276123046, 0, 0, 0.96814727783203125, 0.250381410121917724, '180', '180');

SET @SGGUID := 21100;
DELETE FROM spawn_group WHERE Id BETWEEN @SGGUID+173 AND @SGGUID+185;
INSERT INTO `spawn_group` (`Id`, `Name`, `Type`, `MaxCount`, `WorldState`, `Flags`) VALUES
(@SGGUID+173, 'IoQD - Adamantite - 01', 1, 1, 0, 0),
(@SGGUID+174, 'IoQD - Adamantite - 02', 1, 1, 0, 0),
(@SGGUID+175, 'IoQD - Adamantite - 03', 1, 1, 0, 0),
(@SGGUID+176, 'IoQD - Adamantite - 04', 1, 1, 0, 0),
(@SGGUID+177, 'IoQD - Adamantite - 05', 1, 1, 0, 0),
(@SGGUID+178, 'IoQD - Adamantite - 06', 1, 1, 0, 0),
(@SGGUID+179, 'IoQD - Nightmare Vein - 01', 1, 1, 0, 0),
(@SGGUID+180, 'IoQD - Mana Thistle - 01', 1, 1, 0, 0),
(@SGGUID+181, 'IoQD - Mana Thistle - 02', 1, 1, 0, 0),
(@SGGUID+182, 'IoQD - Mana Thistle - 03', 1, 1, 0, 0),
(@SGGUID+183, 'IoQD - Mana Thistle - 04', 1, 1, 0, 0),
(@SGGUID+184, 'IoQD - Mana Thistle - 05', 1, 1, 0, 0),
(@SGGUID+185, 'IoQD - Mana Thistle - 06', 1, 1, 0, 0);

DELETE FROM spawn_group_spawn WHERE Id BETWEEN @SGGUID+173 AND @SGGUID+185;
INSERT INTO `spawn_group_spawn` (`Id`, `Guid`, `SlotId`) VALUES
(@SGGUID+173, @GGUID+5300068, -1),
(@SGGUID+174, @GGUID+5300069, -1),
(@SGGUID+175, @GGUID+5300070, -1),
(@SGGUID+176, @GGUID+5300071, -1),
(@SGGUID+177, @GGUID+5300072, -1),
(@SGGUID+178, @GGUID+5300073, -1),
(@SGGUID+179, @GGUID+5300122, -1),
(@SGGUID+180, @GGUID+5300123, -1),
(@SGGUID+181, @GGUID+5300124, -1),
(@SGGUID+182, @GGUID+5300125, -1),
(@SGGUID+183, @GGUID+5300126, -1),
(@SGGUID+184, @GGUID+5300127, -1),
(@SGGUID+185, @GGUID+5300128, -1);

-- adamantite can spawn as rich or khorium
DELETE FROM spawn_group_entry WHERE Id BETWEEN @SGGUID+173 AND @SGGUID+178;
INSERT INTO spawn_group_entry(Id,Entry,Chance) VALUES
(@SGGUID+173,181556,0),
(@SGGUID+173,181557,40),
(@SGGUID+173,181569,10),
(@SGGUID+174,181556,0),
(@SGGUID+174,181557,40),
(@SGGUID+174,181569,10),
(@SGGUID+175,181556,0),
(@SGGUID+175,181557,40),
(@SGGUID+175,181569,10),
(@SGGUID+176,181556,0),
(@SGGUID+176,181557,40),
(@SGGUID+176,181569,10),
(@SGGUID+177,181556,0),
(@SGGUID+177,181557,40),
(@SGGUID+177,181569,10),
(@SGGUID+178,181556,0),
(@SGGUID+178,181557,40),
(@SGGUID+178,181569,10);


