-- As these are seemingly present in classic tbc, lets add them to tbcmangos

-- wotlkmangos
REPLACE INTO `quest_template` (`entry`, `Method`, `ZoneOrSort`, `MinLevel`, `MaxLevel`, `QuestLevel`, `Type`, `RequiredClasses`, `RequiredRaces`, `RequiredSkill`, `RequiredSkillValue`, `RequiredCondition`, `RepObjectiveFaction`, `RepObjectiveValue`, `RequiredMinRepFaction`, `RequiredMinRepValue`, `RequiredMaxRepFaction`, `RequiredMaxRepValue`, `SuggestedPlayers`, `LimitTime`, `QuestFlags`, `SpecialFlags`, `CharTitleId`, `PrevQuestId`, `NextQuestId`, `ExclusiveGroup`, `BreadcrumbForQuestId`, `NextQuestInChain`, `SrcItemId`, `SrcItemCount`, `SrcSpell`, `Title`, `Details`, `Objectives`, `OfferRewardText`, `RequestItemsText`, `EndText`, `ObjectiveText1`, `ObjectiveText2`, `ObjectiveText3`, `ObjectiveText4`, `ReqItemId1`, `ReqItemId2`, `ReqItemId3`, `ReqItemId4`, `ReqItemCount1`, `ReqItemCount2`, `ReqItemCount3`, `ReqItemCount4`, `ReqSourceId1`, `ReqSourceId2`, `ReqSourceId3`, `ReqSourceId4`, `ReqSourceCount1`, `ReqSourceCount2`, `ReqSourceCount3`, `ReqSourceCount4`, `ReqCreatureOrGOId1`, `ReqCreatureOrGOId2`, `ReqCreatureOrGOId3`, `ReqCreatureOrGOId4`, `ReqCreatureOrGOCount1`, `ReqCreatureOrGOCount2`, `ReqCreatureOrGOCount3`, `ReqCreatureOrGOCount4`, `ReqSpellCast1`, `ReqSpellCast2`, `ReqSpellCast3`, `ReqSpellCast4`, `RewChoiceItemId1`, `RewChoiceItemId2`, `RewChoiceItemId3`, `RewChoiceItemId4`, `RewChoiceItemId5`, `RewChoiceItemId6`, `RewChoiceItemCount1`, `RewChoiceItemCount2`, `RewChoiceItemCount3`, `RewChoiceItemCount4`, `RewChoiceItemCount5`, `RewChoiceItemCount6`, `RewItemId1`, `RewItemId2`, `RewItemId3`, `RewItemId4`, `RewItemCount1`, `RewItemCount2`, `RewItemCount3`, `RewItemCount4`, `RewRepFaction1`, `RewRepFaction2`, `RewRepFaction3`, `RewRepFaction4`, `RewRepFaction5`, `RewRepValue1`, `RewRepValue2`, `RewRepValue3`, `RewRepValue4`, `RewRepValue5`, `RewMaxRepValue1`, `RewMaxRepValue2`, `RewMaxRepValue3`, `RewMaxRepValue4`, `RewMaxRepValue5`, `RewOrReqMoney`, `RewMoneyMaxLevel`, `RewSpell`, `RewSpellCast`, `RewMailTemplateId`, `RewMailDelaySecs`, `PointMapId`, `PointX`, `PointY`, `PointOpt`, `DetailsEmote1`, `DetailsEmote2`, `DetailsEmote3`, `DetailsEmote4`, `DetailsEmoteDelay1`, `DetailsEmoteDelay2`, `DetailsEmoteDelay3`, `DetailsEmoteDelay4`, `IncompleteEmote`, `IncompleteEmoteDelay`, `CompleteEmote`, `CompleteEmoteDelay`, `OfferRewardEmote1`, `OfferRewardEmote2`, `OfferRewardEmote3`, `OfferRewardEmote4`, `OfferRewardEmoteDelay1`, `OfferRewardEmoteDelay2`, `OfferRewardEmoteDelay3`, `OfferRewardEmoteDelay4`, `StartScript`, `CompleteScript`) VALUES
(12286, 0, -22, 1, 255, -1, 0, 0, 0, 0, 0, 0, 0, 0, 0, 0, 0, 0, 0, 0, 0, 0, 0, 0, 0, 0, 0, 0, 0, 0, 0, 'Candy Bucket', '', '', NULL, NULL, '', '', '', '', '', 0, 0, 0, 0, 0, 0, 0, 0, 0, 0, 0, 0, 0, 0, 0, 0, 0, 0, 0, 0, 0, 0, 0, 0, 0, 0, 0, 0, 0, 0, 0, 0, 0, 0, 0, 0, 0, 0, 0, 0, 37586, 0, 0, 0, 1, 0, 0, 0, 0, 0, 0, 0, 0, 0, 0, 0, 0, 0, 42999, 42999, 42999, 42999, 42999, 0, 510, 0, 0, 0, 0, 0, 0, 0, 0, 0, 0, 0, 0, 0, 0, 0, 0, 0, 0, 0, 0, 0, 0, 0, 0, 0, 0, 0, 0, 0, 0),
(12331, 0, -22, 1, 255, -1, 0, 0, 0, 0, 0, 0, 0, 0, 0, 0, 0, 0, 0, 0, 0, 0, 0, 0, 0, 0, 0, 0, 0, 0, 0, 'Candy Bucket', '', '', NULL, NULL, '', '', '', '', '', 0, 0, 0, 0, 0, 0, 0, 0, 0, 0, 0, 0, 0, 0, 0, 0, 0, 0, 0, 0, 0, 0, 0, 0, 0, 0, 0, 0, 0, 0, 0, 0, 0, 0, 0, 0, 0, 0, 0, 0, 37586, 0, 0, 0, 1, 0, 0, 0, 0, 0, 0, 0, 0, 0, 0, 0, 0, 0, 42999, 42999, 42999, 42999, 42999, 0, 510, 0, 0, 0, 0, 0, 0, 0, 0, 0, 0, 0, 0, 0, 0, 0, 0, 0, 0, 0, 0, 0, 0, 0, 0, 0, 0, 0, 0, 0, 0),
(12332, 0, -22, 1, 255, -1, 0, 0, 0, 0, 0, 0, 0, 0, 0, 0, 0, 0, 0, 0, 0, 0, 0, 0, 0, 0, 0, 0, 0, 0, 0, 'Candy Bucket', '', '', NULL, NULL, '', '', '', '', '', 0, 0, 0, 0, 0, 0, 0, 0, 0, 0, 0, 0, 0, 0, 0, 0, 0, 0, 0, 0, 0, 0, 0, 0, 0, 0, 0, 0, 0, 0, 0, 0, 0, 0, 0, 0, 0, 0, 0, 0, 37586, 0, 0, 0, 1, 0, 0, 0, 0, 0, 0, 0, 0, 0, 0, 0, 0, 0, 42999, 42999, 42999, 42999, 42999, 0, 510, 0, 0, 0, 0, 0, 0, 0, 0, 0, 0, 0, 0, 0, 0, 0, 0, 0, 0, 0, 0, 0, 0, 0, 0, 0, 0, 0, 0, 0, 0),
(12333, 0, -22, 1, 255, -1, 0, 0, 0, 0, 0, 0, 0, 0, 0, 0, 0, 0, 0, 0, 0, 0, 0, 0, 0, 0, 0, 0, 0, 0, 0, 'Candy Bucket', '', '', NULL, NULL, '', '', '', '', '', 0, 0, 0, 0, 0, 0, 0, 0, 0, 0, 0, 0, 0, 0, 0, 0, 0, 0, 0, 0, 0, 0, 0, 0, 0, 0, 0, 0, 0, 0, 0, 0, 0, 0, 0, 0, 0, 0, 0, 0, 37586, 0, 0, 0, 1, 0, 0, 0, 0, 0, 0, 0, 0, 0, 0, 0, 0, 0, 42999, 42999, 42999, 42999, 42999, 0, 510, 0, 0, 0, 0, 0, 0, 0, 0, 0, 0, 0, 0, 0, 0, 0, 0, 0, 0, 0, 0, 0, 0, 0, 0, 0, 0, 0, 0, 0, 0),
(12334, 0, -22, 1, 255, -1, 0, 0, 0, 0, 0, 0, 0, 0, 0, 0, 0, 0, 0, 0, 0, 0, 0, 0, 0, 0, 0, 0, 0, 0, 0, 'Candy Bucket', '', '', NULL, NULL, '', '', '', '', '', 0, 0, 0, 0, 0, 0, 0, 0, 0, 0, 0, 0, 0, 0, 0, 0, 0, 0, 0, 0, 0, 0, 0, 0, 0, 0, 0, 0, 0, 0, 0, 0, 0, 0, 0, 0, 0, 0, 0, 0, 37586, 0, 0, 0, 1, 0, 0, 0, 0, 0, 0, 0, 0, 0, 0, 0, 0, 0, 42999, 42999, 42999, 42999, 42999, 0, 510, 0, 0, 0, 0, 0, 0, 0, 0, 0, 0, 0, 0, 0, 0, 0, 0, 0, 0, 0, 0, 0, 0, 0, 0, 0, 0, 0, 0, 0, 0),
(12335, 0, -22, 1, 255, -1, 0, 0, 0, 0, 0, 0, 0, 0, 0, 0, 0, 0, 0, 0, 0, 0, 0, 0, 0, 0, 0, 0, 0, 0, 0, 'Candy Bucket', '', '', NULL, NULL, '', '', '', '', '', 0, 0, 0, 0, 0, 0, 0, 0, 0, 0, 0, 0, 0, 0, 0, 0, 0, 0, 0, 0, 0, 0, 0, 0, 0, 0, 0, 0, 0, 0, 0, 0, 0, 0, 0, 0, 0, 0, 0, 0, 37586, 0, 0, 0, 1, 0, 0, 0, 0, 0, 0, 0, 0, 0, 0, 0, 0, 0, 42999, 42999, 42999, 42999, 42999, 0, 510, 0, 0, 0, 0, 0, 0, 0, 0, 0, 0, 0, 0, 0, 0, 0, 0, 0, 0, 0, 0, 0, 0, 0, 0, 0, 0, 0, 0, 0, 0),
(12336, 0, -22, 1, 255, -1, 0, 0, 0, 0, 0, 0, 0, 0, 0, 0, 0, 0, 0, 0, 0, 0, 0, 0, 0, 0, 0, 0, 0, 0, 0, 'Candy Bucket', '', '', NULL, NULL, '', '', '', '', '', 0, 0, 0, 0, 0, 0, 0, 0, 0, 0, 0, 0, 0, 0, 0, 0, 0, 0, 0, 0, 0, 0, 0, 0, 0, 0, 0, 0, 0, 0, 0, 0, 0, 0, 0, 0, 0, 0, 0, 0, 37586, 0, 0, 0, 1, 0, 0, 0, 0, 0, 0, 0, 0, 0, 0, 0, 0, 0, 42999, 42999, 42999, 42999, 42999, 0, 510, 0, 0, 0, 0, 0, 0, 0, 0, 0, 0, 0, 0, 0, 0, 0, 0, 0, 0, 0, 0, 0, 0, 0, 0, 0, 0, 0, 0, 0, 0),
(12337, 0, -22, 1, 255, -1, 0, 0, 0, 0, 0, 0, 0, 0, 0, 0, 0, 0, 0, 0, 0, 0, 0, 0, 0, 0, 0, 0, 0, 0, 0, 'Candy Bucket', '', '', NULL, NULL, '', '', '', '', '', 0, 0, 0, 0, 0, 0, 0, 0, 0, 0, 0, 0, 0, 0, 0, 0, 0, 0, 0, 0, 0, 0, 0, 0, 0, 0, 0, 0, 0, 0, 0, 0, 0, 0, 0, 0, 0, 0, 0, 0, 37586, 0, 0, 0, 1, 0, 0, 0, 0, 0, 0, 0, 0, 0, 0, 0, 0, 0, 42999, 42999, 42999, 42999, 42999, 0, 510, 0, 0, 0, 0, 0, 0, 0, 0, 0, 0, 0, 0, 0, 0, 0, 0, 0, 0, 0, 0, 0, 0, 0, 0, 0, 0, 0, 0, 0, 0),
(12338, 0, -22, 1, 255, -1, 0, 0, 0, 0, 0, 0, 0, 0, 0, 0, 0, 0, 0, 0, 0, 0, 0, 0, 0, 0, 0, 0, 0, 0, 0, 'Candy Bucket', '', '', NULL, NULL, '', '', '', '', '', 0, 0, 0, 0, 0, 0, 0, 0, 0, 0, 0, 0, 0, 0, 0, 0, 0, 0, 0, 0, 0, 0, 0, 0, 0, 0, 0, 0, 0, 0, 0, 0, 0, 0, 0, 0, 0, 0, 0, 0, 37586, 0, 0, 0, 1, 0, 0, 0, 0, 0, 0, 0, 0, 0, 0, 0, 0, 0, 42999, 42999, 42999, 42999, 42999, 0, 510, 0, 0, 0, 0, 0, 0, 0, 0, 0, 0, 0, 0, 0, 0, 0, 0, 0, 0, 0, 0, 0, 0, 0, 0, 0, 0, 0, 0, 0, 0),
(12339, 0, -22, 1, 255, -1, 0, 0, 0, 0, 0, 0, 0, 0, 0, 0, 0, 0, 0, 0, 0, 0, 0, 0, 0, 0, 0, 0, 0, 0, 0, 'Candy Bucket', '', '', NULL, NULL, '', '', '', '', '', 0, 0, 0, 0, 0, 0, 0, 0, 0, 0, 0, 0, 0, 0, 0, 0, 0, 0, 0, 0, 0, 0, 0, 0, 0, 0, 0, 0, 0, 0, 0, 0, 0, 0, 0, 0, 0, 0, 0, 0, 37586, 0, 0, 0, 1, 0, 0, 0, 0, 0, 0, 0, 0, 0, 0, 0, 0, 0, 42999, 42999, 42999, 42999, 42999, 0, 510, 0, 0, 0, 0, 0, 0, 0, 0, 0, 0, 0, 0, 0, 0, 0, 0, 0, 0, 0, 0, 0, 0, 0, 0, 0, 0, 0, 0, 0, 0),
(12340, 0, -22, 1, 255, -1, 0, 0, 0, 0, 0, 0, 0, 0, 0, 0, 0, 0, 0, 0, 0, 0, 0, 0, 0, 0, 0, 0, 0, 0, 0, 'Candy Bucket', '', '', NULL, NULL, '', '', '', '', '', 0, 0, 0, 0, 0, 0, 0, 0, 0, 0, 0, 0, 0, 0, 0, 0, 0, 0, 0, 0, 0, 0, 0, 0, 0, 0, 0, 0, 0, 0, 0, 0, 0, 0, 0, 0, 0, 0, 0, 0, 37586, 0, 0, 0, 1, 0, 0, 0, 0, 0, 0, 0, 0, 0, 0, 0, 0, 0, 42999, 42999, 42999, 42999, 42999, 0, 510, 0, 0, 0, 0, 0, 0, 0, 0, 0, 0, 0, 0, 0, 0, 0, 0, 0, 0, 0, 0, 0, 0, 0, 0, 0, 0, 0, 0, 0, 0),
(12341, 0, -22, 1, 255, -1, 0, 0, 0, 0, 0, 0, 0, 0, 0, 0, 0, 0, 0, 0, 0, 0, 0, 0, 0, 0, 0, 0, 0, 0, 0, 'Candy Bucket', '', '', NULL, NULL, '', '', '', '', '', 0, 0, 0, 0, 0, 0, 0, 0, 0, 0, 0, 0, 0, 0, 0, 0, 0, 0, 0, 0, 0, 0, 0, 0, 0, 0, 0, 0, 0, 0, 0, 0, 0, 0, 0, 0, 0, 0, 0, 0, 37586, 0, 0, 0, 1, 0, 0, 0, 0, 0, 0, 0, 0, 0, 0, 0, 0, 0, 42999, 42999, 42999, 42999, 42999, 0, 510, 0, 0, 0, 0, 0, 0, 0, 0, 0, 0, 0, 0, 0, 0, 0, 0, 0, 0, 0, 0, 0, 0, 0, 0, 0, 0, 0, 0, 0, 0),
(12342, 0, -22, 1, 255, -1, 0, 0, 0, 0, 0, 0, 0, 0, 0, 0, 0, 0, 0, 0, 0, 0, 0, 0, 0, 0, 0, 0, 0, 0, 0, 'Candy Bucket', '', '', NULL, NULL, '', '', '', '', '', 0, 0, 0, 0, 0, 0, 0, 0, 0, 0, 0, 0, 0, 0, 0, 0, 0, 0, 0, 0, 0, 0, 0, 0, 0, 0, 0, 0, 0, 0, 0, 0, 0, 0, 0, 0, 0, 0, 0, 0, 37586, 0, 0, 0, 1, 0, 0, 0, 0, 0, 0, 0, 0, 0, 0, 0, 0, 0, 42999, 42999, 42999, 42999, 42999, 0, 510, 0, 0, 0, 0, 0, 0, 0, 0, 0, 0, 0, 0, 0, 0, 0, 0, 0, 0, 0, 0, 0, 0, 0, 0, 0, 0, 0, 0, 0, 0),
(12343, 0, -22, 1, 255, -1, 0, 0, 0, 0, 0, 0, 0, 0, 0, 0, 0, 0, 0, 0, 0, 0, 0, 0, 0, 0, 0, 0, 0, 0, 0, 'Candy Bucket', '', '', NULL, NULL, '', '', '', '', '', 0, 0, 0, 0, 0, 0, 0, 0, 0, 0, 0, 0, 0, 0, 0, 0, 0, 0, 0, 0, 0, 0, 0, 0, 0, 0, 0, 0, 0, 0, 0, 0, 0, 0, 0, 0, 0, 0, 0, 0, 37586, 0, 0, 0, 1, 0, 0, 0, 0, 0, 0, 0, 0, 0, 0, 0, 0, 0, 42999, 42999, 42999, 42999, 42999, 0, 510, 0, 0, 0, 0, 0, 0, 0, 0, 0, 0, 0, 0, 0, 0, 0, 0, 0, 0, 0, 0, 0, 0, 0, 0, 0, 0, 0, 0, 0, 0),
(12344, 0, -22, 1, 255, -1, 0, 0, 0, 0, 0, 0, 0, 0, 0, 0, 0, 0, 0, 0, 0, 0, 0, 0, 0, 0, 0, 0, 0, 0, 0, 'Candy Bucket', '', '', NULL, NULL, '', '', '', '', '', 0, 0, 0, 0, 0, 0, 0, 0, 0, 0, 0, 0, 0, 0, 0, 0, 0, 0, 0, 0, 0, 0, 0, 0, 0, 0, 0, 0, 0, 0, 0, 0, 0, 0, 0, 0, 0, 0, 0, 0, 37586, 0, 0, 0, 1, 0, 0, 0, 0, 0, 0, 0, 0, 0, 0, 0, 0, 0, 42999, 42999, 42999, 42999, 42999, 0, 510, 0, 0, 0, 0, 0, 0, 0, 0, 0, 0, 0, 0, 0, 0, 0, 0, 0, 0, 0, 0, 0, 0, 0, 0, 0, 0, 0, 0, 0, 0),
(12345, 0, -22, 1, 255, -1, 0, 0, 0, 0, 0, 0, 0, 0, 0, 0, 0, 0, 0, 0, 0, 0, 0, 0, 0, 0, 0, 0, 0, 0, 0, 'Candy Bucket', '', '', NULL, NULL, '', '', '', '', '', 0, 0, 0, 0, 0, 0, 0, 0, 0, 0, 0, 0, 0, 0, 0, 0, 0, 0, 0, 0, 0, 0, 0, 0, 0, 0, 0, 0, 0, 0, 0, 0, 0, 0, 0, 0, 0, 0, 0, 0, 37586, 0, 0, 0, 1, 0, 0, 0, 0, 0, 0, 0, 0, 0, 0, 0, 0, 0, 42999, 42999, 42999, 42999, 42999, 0, 510, 0, 0, 0, 0, 0, 0, 0, 0, 0, 0, 0, 0, 0, 0, 0, 0, 0, 0, 0, 0, 0, 0, 0, 0, 0, 0, 0, 0, 0, 0),
(12346, 0, -22, 1, 255, -1, 0, 0, 0, 0, 0, 0, 0, 0, 0, 0, 0, 0, 0, 0, 0, 0, 0, 0, 0, 0, 0, 0, 0, 0, 0, 'Candy Bucket', '', '', NULL, NULL, '', '', '', '', '', 0, 0, 0, 0, 0, 0, 0, 0, 0, 0, 0, 0, 0, 0, 0, 0, 0, 0, 0, 0, 0, 0, 0, 0, 0, 0, 0, 0, 0, 0, 0, 0, 0, 0, 0, 0, 0, 0, 0, 0, 37586, 0, 0, 0, 1, 0, 0, 0, 0, 0, 0, 0, 0, 0, 0, 0, 0, 0, 42999, 42999, 42999, 42999, 42999, 0, 510, 0, 0, 0, 0, 0, 0, 0, 0, 0, 0, 0, 0, 0, 0, 0, 0, 0, 0, 0, 0, 0, 0, 0, 0, 0, 0, 0, 0, 0, 0),
(12347, 0, -22, 1, 255, -1, 0, 0, 0, 0, 0, 0, 0, 0, 0, 0, 0, 0, 0, 0, 0, 0, 0, 0, 0, 0, 0, 0, 0, 0, 0, 'Candy Bucket', '', '', NULL, NULL, '', '', '', '', '', 0, 0, 0, 0, 0, 0, 0, 0, 0, 0, 0, 0, 0, 0, 0, 0, 0, 0, 0, 0, 0, 0, 0, 0, 0, 0, 0, 0, 0, 0, 0, 0, 0, 0, 0, 0, 0, 0, 0, 0, 37586, 0, 0, 0, 1, 0, 0, 0, 0, 0, 0, 0, 0, 0, 0, 0, 0, 0, 42999, 42999, 42999, 42999, 42999, 0, 510, 0, 0, 0, 0, 0, 0, 0, 0, 0, 0, 0, 0, 0, 0, 0, 0, 0, 0, 0, 0, 0, 0, 0, 0, 0, 0, 0, 0, 0, 0),
(12348, 0, -22, 1, 255, -1, 0, 0, 0, 0, 0, 0, 0, 0, 0, 0, 0, 0, 0, 0, 0, 0, 0, 0, 0, 0, 0, 0, 0, 0, 0, 'Candy Bucket', '', '', NULL, NULL, '', '', '', '', '', 0, 0, 0, 0, 0, 0, 0, 0, 0, 0, 0, 0, 0, 0, 0, 0, 0, 0, 0, 0, 0, 0, 0, 0, 0, 0, 0, 0, 0, 0, 0, 0, 0, 0, 0, 0, 0, 0, 0, 0, 37586, 0, 0, 0, 1, 0, 0, 0, 0, 0, 0, 0, 0, 0, 0, 0, 0, 0, 42999, 42999, 42999, 42999, 42999, 0, 510, 0, 0, 0, 0, 0, 0, 0, 0, 0, 0, 0, 0, 0, 0, 0, 0, 0, 0, 0, 0, 0, 0, 0, 0, 0, 0, 0, 0, 0, 0),
(12349, 0, -22, 1, 255, -1, 0, 0, 0, 0, 0, 0, 0, 0, 0, 0, 0, 0, 0, 0, 0, 0, 0, 0, 0, 0, 0, 0, 0, 0, 0, 'Candy Bucket', '', '', NULL, NULL, '', '', '', '', '', 0, 0, 0, 0, 0, 0, 0, 0, 0, 0, 0, 0, 0, 0, 0, 0, 0, 0, 0, 0, 0, 0, 0, 0, 0, 0, 0, 0, 0, 0, 0, 0, 0, 0, 0, 0, 0, 0, 0, 0, 37586, 0, 0, 0, 1, 0, 0, 0, 0, 0, 0, 0, 0, 0, 0, 0, 0, 0, 42999, 42999, 42999, 42999, 42999, 0, 510, 0, 0, 0, 0, 0, 0, 0, 0, 0, 0, 0, 0, 0, 0, 0, 0, 0, 0, 0, 0, 0, 0, 0, 0, 0, 0, 0, 0, 0, 0),
(12350, 0, -22, 1, 255, -1, 0, 0, 0, 0, 0, 0, 0, 0, 0, 0, 0, 0, 0, 0, 0, 0, 0, 0, 0, 0, 0, 0, 0, 0, 0, 'Candy Bucket', '', '', NULL, NULL, '', '', '', '', '', 0, 0, 0, 0, 0, 0, 0, 0, 0, 0, 0, 0, 0, 0, 0, 0, 0, 0, 0, 0, 0, 0, 0, 0, 0, 0, 0, 0, 0, 0, 0, 0, 0, 0, 0, 0, 0, 0, 0, 0, 37586, 0, 0, 0, 1, 0, 0, 0, 0, 0, 0, 0, 0, 0, 0, 0, 0, 0, 42999, 42999, 42999, 42999, 42999, 0, 510, 0, 0, 0, 0, 0, 0, 0, 0, 0, 0, 0, 0, 0, 0, 0, 0, 0, 0, 0, 0, 0, 0, 0, 0, 0, 0, 0, 0, 0, 0),
(12351, 0, -22, 1, 255, -1, 0, 0, 0, 0, 0, 0, 0, 0, 0, 0, 0, 0, 0, 0, 0, 0, 0, 0, 0, 0, 0, 0, 0, 0, 0, 'Candy Bucket', '', '', NULL, NULL, '', '', '', '', '', 0, 0, 0, 0, 0, 0, 0, 0, 0, 0, 0, 0, 0, 0, 0, 0, 0, 0, 0, 0, 0, 0, 0, 0, 0, 0, 0, 0, 0, 0, 0, 0, 0, 0, 0, 0, 0, 0, 0, 0, 37586, 0, 0, 0, 1, 0, 0, 0, 0, 0, 0, 0, 0, 0, 0, 0, 0, 0, 42999, 42999, 42999, 42999, 42999, 0, 510, 0, 0, 0, 0, 0, 0, 0, 0, 0, 0, 0, 0, 0, 0, 0, 0, 0, 0, 0, 0, 0, 0, 0, 0, 0, 0, 0, 0, 0, 0),
(12352, 0, -22, 1, 255, -1, 0, 0, 0, 0, 0, 0, 0, 0, 0, 0, 0, 0, 0, 0, 0, 0, 0, 0, 0, 0, 0, 0, 0, 0, 0, 'Candy Bucket', '', '', NULL, NULL, '', '', '', '', '', 0, 0, 0, 0, 0, 0, 0, 0, 0, 0, 0, 0, 0, 0, 0, 0, 0, 0, 0, 0, 0, 0, 0, 0, 0, 0, 0, 0, 0, 0, 0, 0, 0, 0, 0, 0, 0, 0, 0, 0, 37586, 0, 0, 0, 1, 0, 0, 0, 0, 0, 0, 0, 0, 0, 0, 0, 0, 0, 42999, 42999, 42999, 42999, 42999, 0, 510, 0, 0, 0, 0, 0, 0, 0, 0, 0, 0, 0, 0, 0, 0, 0, 0, 0, 0, 0, 0, 0, 0, 0, 0, 0, 0, 0, 0, 0, 0),
(12353, 0, -22, 1, 255, -1, 0, 0, 0, 0, 0, 0, 0, 0, 0, 0, 0, 0, 0, 0, 0, 0, 0, 0, 0, 0, 0, 0, 0, 0, 0, 'Candy Bucket', '', '', NULL, NULL, '', '', '', '', '', 0, 0, 0, 0, 0, 0, 0, 0, 0, 0, 0, 0, 0, 0, 0, 0, 0, 0, 0, 0, 0, 0, 0, 0, 0, 0, 0, 0, 0, 0, 0, 0, 0, 0, 0, 0, 0, 0, 0, 0, 37586, 0, 0, 0, 1, 0, 0, 0, 0, 0, 0, 0, 0, 0, 0, 0, 0, 0, 42999, 42999, 42999, 42999, 42999, 0, 510, 0, 0, 0, 0, 0, 0, 0, 0, 0, 0, 0, 0, 0, 0, 0, 0, 0, 0, 0, 0, 0, 0, 0, 0, 0, 0, 0, 0, 0, 0),
(12354, 0, -22, 1, 255, -1, 0, 0, 0, 0, 0, 0, 0, 0, 0, 0, 0, 0, 0, 0, 0, 0, 0, 0, 0, 0, 0, 0, 0, 0, 0, 'Candy Bucket', '', '', NULL, NULL, '', '', '', '', '', 0, 0, 0, 0, 0, 0, 0, 0, 0, 0, 0, 0, 0, 0, 0, 0, 0, 0, 0, 0, 0, 0, 0, 0, 0, 0, 0, 0, 0, 0, 0, 0, 0, 0, 0, 0, 0, 0, 0, 0, 37586, 0, 0, 0, 1, 0, 0, 0, 0, 0, 0, 0, 0, 0, 0, 0, 0, 0, 42999, 42999, 42999, 42999, 42999, 0, 510, 0, 0, 0, 0, 0, 0, 0, 0, 0, 0, 0, 0, 0, 0, 0, 0, 0, 0, 0, 0, 0, 0, 0, 0, 0, 0, 0, 0, 0, 0),
(12355, 0, -22, 1, 255, -1, 0, 0, 0, 0, 0, 0, 0, 0, 0, 0, 0, 0, 0, 0, 0, 0, 0, 0, 0, 0, 0, 0, 0, 0, 0, 'Candy Bucket', '', '', NULL, NULL, '', '', '', '', '', 0, 0, 0, 0, 0, 0, 0, 0, 0, 0, 0, 0, 0, 0, 0, 0, 0, 0, 0, 0, 0, 0, 0, 0, 0, 0, 0, 0, 0, 0, 0, 0, 0, 0, 0, 0, 0, 0, 0, 0, 37586, 0, 0, 0, 1, 0, 0, 0, 0, 0, 0, 0, 0, 0, 0, 0, 0, 0, 42999, 42999, 42999, 42999, 42999, 0, 510, 0, 0, 0, 0, 0, 0, 0, 0, 0, 0, 0, 0, 0, 0, 0, 0, 0, 0, 0, 0, 0, 0, 0, 0, 0, 0, 0, 0, 0, 0),
(12356, 0, -22, 1, 255, -1, 0, 0, 0, 0, 0, 0, 0, 0, 0, 0, 0, 0, 0, 0, 0, 0, 0, 0, 0, 0, 0, 0, 0, 0, 0, 'Candy Bucket', '', '', NULL, NULL, '', '', '', '', '', 0, 0, 0, 0, 0, 0, 0, 0, 0, 0, 0, 0, 0, 0, 0, 0, 0, 0, 0, 0, 0, 0, 0, 0, 0, 0, 0, 0, 0, 0, 0, 0, 0, 0, 0, 0, 0, 0, 0, 0, 37586, 0, 0, 0, 1, 0, 0, 0, 0, 0, 0, 0, 0, 0, 0, 0, 0, 0, 42999, 42999, 42999, 42999, 42999, 0, 510, 0, 0, 0, 0, 0, 0, 0, 0, 0, 0, 0, 0, 0, 0, 0, 0, 0, 0, 0, 0, 0, 0, 0, 0, 0, 0, 0, 0, 0, 0),
(12357, 0, -22, 1, 255, -1, 0, 0, 0, 0, 0, 0, 0, 0, 0, 0, 0, 0, 0, 0, 0, 0, 0, 0, 0, 0, 0, 0, 0, 0, 0, 'Candy Bucket', '', '', NULL, NULL, '', '', '', '', '', 0, 0, 0, 0, 0, 0, 0, 0, 0, 0, 0, 0, 0, 0, 0, 0, 0, 0, 0, 0, 0, 0, 0, 0, 0, 0, 0, 0, 0, 0, 0, 0, 0, 0, 0, 0, 0, 0, 0, 0, 37586, 0, 0, 0, 1, 0, 0, 0, 0, 0, 0, 0, 0, 0, 0, 0, 0, 0, 42999, 42999, 42999, 42999, 42999, 0, 510, 0, 0, 0, 0, 0, 0, 0, 0, 0, 0, 0, 0, 0, 0, 0, 0, 0, 0, 0, 0, 0, 0, 0, 0, 0, 0, 0, 0, 0, 0),
(12358, 0, -22, 1, 255, -1, 0, 0, 0, 0, 0, 0, 0, 0, 0, 0, 0, 0, 0, 0, 0, 0, 0, 0, 0, 0, 0, 0, 0, 0, 0, 'Candy Bucket', '', '', NULL, NULL, '', '', '', '', '', 0, 0, 0, 0, 0, 0, 0, 0, 0, 0, 0, 0, 0, 0, 0, 0, 0, 0, 0, 0, 0, 0, 0, 0, 0, 0, 0, 0, 0, 0, 0, 0, 0, 0, 0, 0, 0, 0, 0, 0, 37586, 0, 0, 0, 1, 0, 0, 0, 0, 0, 0, 0, 0, 0, 0, 0, 0, 0, 42999, 42999, 42999, 42999, 42999, 0, 510, 0, 0, 0, 0, 0, 0, 0, 0, 0, 0, 0, 0, 0, 0, 0, 0, 0, 0, 0, 0, 0, 0, 0, 0, 0, 0, 0, 0, 0, 0),
(12359, 0, -22, 1, 255, -1, 0, 0, 0, 0, 0, 0, 0, 0, 0, 0, 0, 0, 0, 0, 0, 0, 0, 0, 0, 0, 0, 0, 0, 0, 0, 'Candy Bucket', '', '', NULL, NULL, '', '', '', '', '', 0, 0, 0, 0, 0, 0, 0, 0, 0, 0, 0, 0, 0, 0, 0, 0, 0, 0, 0, 0, 0, 0, 0, 0, 0, 0, 0, 0, 0, 0, 0, 0, 0, 0, 0, 0, 0, 0, 0, 0, 37586, 0, 0, 0, 1, 0, 0, 0, 0, 0, 0, 0, 0, 0, 0, 0, 0, 0, 42999, 42999, 42999, 42999, 42999, 0, 510, 0, 0, 0, 0, 0, 0, 0, 0, 0, 0, 0, 0, 0, 0, 0, 0, 0, 0, 0, 0, 0, 0, 0, 0, 0, 0, 0, 0, 0, 0),
(12360, 0, -22, 1, 255, -1, 0, 0, 0, 0, 0, 0, 0, 0, 0, 0, 0, 0, 0, 0, 0, 0, 0, 0, 0, 0, 0, 0, 0, 0, 0, 'Candy Bucket', '', '', NULL, NULL, '', '', '', '', '', 0, 0, 0, 0, 0, 0, 0, 0, 0, 0, 0, 0, 0, 0, 0, 0, 0, 0, 0, 0, 0, 0, 0, 0, 0, 0, 0, 0, 0, 0, 0, 0, 0, 0, 0, 0, 0, 0, 0, 0, 37586, 0, 0, 0, 1, 0, 0, 0, 0, 0, 0, 0, 0, 0, 0, 0, 0, 0, 42999, 42999, 42999, 42999, 42999, 0, 510, 0, 0, 0, 0, 0, 0, 0, 0, 0, 0, 0, 0, 0, 0, 0, 0, 0, 0, 0, 0, 0, 0, 0, 0, 0, 0, 0, 0, 0, 0),
(12361, 0, -22, 1, 255, -1, 0, 0, 0, 0, 0, 0, 0, 0, 0, 0, 0, 0, 0, 0, 0, 0, 0, 0, 0, 0, 0, 0, 0, 0, 0, 'Candy Bucket', '', '', NULL, NULL, '', '', '', '', '', 0, 0, 0, 0, 0, 0, 0, 0, 0, 0, 0, 0, 0, 0, 0, 0, 0, 0, 0, 0, 0, 0, 0, 0, 0, 0, 0, 0, 0, 0, 0, 0, 0, 0, 0, 0, 0, 0, 0, 0, 37586, 0, 0, 0, 1, 0, 0, 0, 0, 0, 0, 0, 0, 0, 0, 0, 0, 0, 42999, 42999, 42999, 42999, 42999, 0, 510, 0, 0, 0, 0, 0, 0, 0, 0, 0, 0, 0, 0, 0, 0, 0, 0, 0, 0, 0, 0, 0, 0, 0, 0, 0, 0, 0, 0, 0, 0),
(12362, 0, -22, 1, 255, -1, 0, 0, 0, 0, 0, 0, 0, 0, 0, 0, 0, 0, 0, 0, 0, 0, 0, 0, 0, 0, 0, 0, 0, 0, 0, 'Candy Bucket', '', '', NULL, NULL, '', '', '', '', '', 0, 0, 0, 0, 0, 0, 0, 0, 0, 0, 0, 0, 0, 0, 0, 0, 0, 0, 0, 0, 0, 0, 0, 0, 0, 0, 0, 0, 0, 0, 0, 0, 0, 0, 0, 0, 0, 0, 0, 0, 37586, 0, 0, 0, 1, 0, 0, 0, 0, 0, 0, 0, 0, 0, 0, 0, 0, 0, 42999, 42999, 42999, 42999, 42999, 0, 510, 0, 0, 0, 0, 0, 0, 0, 0, 0, 0, 0, 0, 0, 0, 0, 0, 0, 0, 0, 0, 0, 0, 0, 0, 0, 0, 0, 0, 0, 0),
(12363, 0, -22, 1, 255, -1, 0, 0, 0, 0, 0, 0, 0, 0, 0, 0, 0, 0, 0, 0, 0, 0, 0, 0, 0, 0, 0, 0, 0, 0, 0, 'Candy Bucket', '', '', NULL, NULL, '', '', '', '', '', 0, 0, 0, 0, 0, 0, 0, 0, 0, 0, 0, 0, 0, 0, 0, 0, 0, 0, 0, 0, 0, 0, 0, 0, 0, 0, 0, 0, 0, 0, 0, 0, 0, 0, 0, 0, 0, 0, 0, 0, 37586, 0, 0, 0, 1, 0, 0, 0, 0, 0, 0, 0, 0, 0, 0, 0, 0, 0, 42999, 42999, 42999, 42999, 42999, 0, 510, 0, 0, 0, 0, 0, 0, 0, 0, 0, 0, 0, 0, 0, 0, 0, 0, 0, 0, 0, 0, 0, 0, 0, 0, 0, 0, 0, 0, 0, 0),
(12364, 0, -22, 1, 255, -1, 0, 0, 0, 0, 0, 0, 0, 0, 0, 0, 0, 0, 0, 0, 0, 0, 0, 0, 0, 0, 0, 0, 0, 0, 0, 'Candy Bucket', '', '', NULL, NULL, '', '', '', '', '', 0, 0, 0, 0, 0, 0, 0, 0, 0, 0, 0, 0, 0, 0, 0, 0, 0, 0, 0, 0, 0, 0, 0, 0, 0, 0, 0, 0, 0, 0, 0, 0, 0, 0, 0, 0, 0, 0, 0, 0, 37586, 0, 0, 0, 1, 0, 0, 0, 0, 0, 0, 0, 0, 0, 0, 0, 0, 0, 42999, 42999, 42999, 42999, 42999, 0, 510, 0, 0, 0, 0, 0, 0, 0, 0, 0, 0, 0, 0, 0, 0, 0, 0, 0, 0, 0, 0, 0, 0, 0, 0, 0, 0, 0, 0, 0, 0),
(12365, 0, -22, 1, 255, -1, 0, 0, 0, 0, 0, 0, 0, 0, 0, 0, 0, 0, 0, 0, 0, 0, 0, 0, 0, 0, 0, 0, 0, 0, 0, 'Candy Bucket', '', '', NULL, NULL, '', '', '', '', '', 0, 0, 0, 0, 0, 0, 0, 0, 0, 0, 0, 0, 0, 0, 0, 0, 0, 0, 0, 0, 0, 0, 0, 0, 0, 0, 0, 0, 0, 0, 0, 0, 0, 0, 0, 0, 0, 0, 0, 0, 37586, 0, 0, 0, 1, 0, 0, 0, 0, 0, 0, 0, 0, 0, 0, 0, 0, 0, 42999, 42999, 42999, 42999, 42999, 0, 510, 0, 0, 0, 0, 0, 0, 0, 0, 0, 0, 0, 0, 0, 0, 0, 0, 0, 0, 0, 0, 0, 0, 0, 0, 0, 0, 0, 0, 0, 0),
(12366, 0, -22, 1, 255, -1, 0, 0, 0, 0, 0, 0, 0, 0, 0, 0, 0, 0, 0, 0, 0, 0, 0, 0, 0, 0, 0, 0, 0, 0, 0, 'Candy Bucket', '', '', NULL, NULL, '', '', '', '', '', 0, 0, 0, 0, 0, 0, 0, 0, 0, 0, 0, 0, 0, 0, 0, 0, 0, 0, 0, 0, 0, 0, 0, 0, 0, 0, 0, 0, 0, 0, 0, 0, 0, 0, 0, 0, 0, 0, 0, 0, 37586, 0, 0, 0, 1, 0, 0, 0, 0, 0, 0, 0, 0, 0, 0, 0, 0, 0, 42999, 42999, 42999, 42999, 42999, 0, 510, 0, 0, 0, 0, 0, 0, 0, 0, 0, 0, 0, 0, 0, 0, 0, 0, 0, 0, 0, 0, 0, 0, 0, 0, 0, 0, 0, 0, 0, 0),
(12367, 0, -22, 1, 255, -1, 0, 0, 0, 0, 0, 0, 0, 0, 0, 0, 0, 0, 0, 0, 0, 0, 0, 0, 0, 0, 0, 0, 0, 0, 0, 'Candy Bucket', '', '', NULL, NULL, '', '', '', '', '', 0, 0, 0, 0, 0, 0, 0, 0, 0, 0, 0, 0, 0, 0, 0, 0, 0, 0, 0, 0, 0, 0, 0, 0, 0, 0, 0, 0, 0, 0, 0, 0, 0, 0, 0, 0, 0, 0, 0, 0, 37586, 0, 0, 0, 1, 0, 0, 0, 0, 0, 0, 0, 0, 0, 0, 0, 0, 0, 42999, 42999, 42999, 42999, 42999, 0, 510, 0, 0, 0, 0, 0, 0, 0, 0, 0, 0, 0, 0, 0, 0, 0, 0, 0, 0, 0, 0, 0, 0, 0, 0, 0, 0, 0, 0, 0, 0),
(12368, 0, -22, 1, 255, -1, 0, 0, 0, 0, 0, 0, 0, 0, 0, 0, 0, 0, 0, 0, 0, 0, 0, 0, 0, 0, 0, 0, 0, 0, 0, 'Candy Bucket', '', '', NULL, NULL, '', '', '', '', '', 0, 0, 0, 0, 0, 0, 0, 0, 0, 0, 0, 0, 0, 0, 0, 0, 0, 0, 0, 0, 0, 0, 0, 0, 0, 0, 0, 0, 0, 0, 0, 0, 0, 0, 0, 0, 0, 0, 0, 0, 37586, 0, 0, 0, 1, 0, 0, 0, 0, 0, 0, 0, 0, 0, 0, 0, 0, 0, 42999, 42999, 42999, 42999, 42999, 0, 510, 0, 0, 0, 0, 0, 0, 0, 0, 0, 0, 0, 0, 0, 0, 0, 0, 0, 0, 0, 0, 0, 0, 0, 0, 0, 0, 0, 0, 0, 0),
(12369, 0, -22, 1, 255, -1, 0, 0, 0, 0, 0, 0, 0, 0, 0, 0, 0, 0, 0, 0, 0, 0, 0, 0, 0, 0, 0, 0, 0, 0, 0, 'Candy Bucket', '', '', NULL, NULL, '', '', '', '', '', 0, 0, 0, 0, 0, 0, 0, 0, 0, 0, 0, 0, 0, 0, 0, 0, 0, 0, 0, 0, 0, 0, 0, 0, 0, 0, 0, 0, 0, 0, 0, 0, 0, 0, 0, 0, 0, 0, 0, 0, 37586, 0, 0, 0, 1, 0, 0, 0, 0, 0, 0, 0, 0, 0, 0, 0, 0, 0, 42999, 42999, 42999, 42999, 42999, 0, 510, 0, 0, 0, 0, 0, 0, 0, 0, 0, 0, 0, 0, 0, 0, 0, 0, 0, 0, 0, 0, 0, 0, 0, 0, 0, 0, 0, 0, 0, 0),
(12370, 0, -22, 1, 255, -1, 0, 0, 0, 0, 0, 0, 0, 0, 0, 0, 0, 0, 0, 0, 0, 0, 0, 0, 0, 0, 0, 0, 0, 0, 0, 'Candy Bucket', '', '', NULL, NULL, '', '', '', '', '', 0, 0, 0, 0, 0, 0, 0, 0, 0, 0, 0, 0, 0, 0, 0, 0, 0, 0, 0, 0, 0, 0, 0, 0, 0, 0, 0, 0, 0, 0, 0, 0, 0, 0, 0, 0, 0, 0, 0, 0, 37586, 0, 0, 0, 1, 0, 0, 0, 0, 0, 0, 0, 0, 0, 0, 0, 0, 0, 42999, 42999, 42999, 42999, 42999, 0, 510, 0, 0, 0, 0, 0, 0, 0, 0, 0, 0, 0, 0, 0, 0, 0, 0, 0, 0, 0, 0, 0, 0, 0, 0, 0, 0, 0, 0, 0, 0),
(12371, 0, -22, 1, 255, -1, 0, 0, 0, 0, 0, 0, 0, 0, 0, 0, 0, 0, 0, 0, 0, 0, 0, 0, 0, 0, 0, 0, 0, 0, 0, 'Candy Bucket', '', '', NULL, NULL, '', '', '', '', '', 0, 0, 0, 0, 0, 0, 0, 0, 0, 0, 0, 0, 0, 0, 0, 0, 0, 0, 0, 0, 0, 0, 0, 0, 0, 0, 0, 0, 0, 0, 0, 0, 0, 0, 0, 0, 0, 0, 0, 0, 37586, 0, 0, 0, 1, 0, 0, 0, 0, 0, 0, 0, 0, 0, 0, 0, 0, 0, 42999, 42999, 42999, 42999, 42999, 0, 510, 0, 0, 0, 0, 0, 0, 0, 0, 0, 0, 0, 0, 0, 0, 0, 0, 0, 0, 0, 0, 0, 0, 0, 0, 0, 0, 0, 0, 0, 0),
(12373, 0, -22, 1, 255, -1, 0, 0, 0, 0, 0, 0, 0, 0, 0, 0, 0, 0, 0, 0, 0, 0, 0, 0, 0, 0, 0, 0, 0, 0, 0, 'Candy Bucket', '', '', NULL, NULL, '', '', '', '', '', 0, 0, 0, 0, 0, 0, 0, 0, 0, 0, 0, 0, 0, 0, 0, 0, 0, 0, 0, 0, 0, 0, 0, 0, 0, 0, 0, 0, 0, 0, 0, 0, 0, 0, 0, 0, 0, 0, 0, 0, 37586, 0, 0, 0, 1, 0, 0, 0, 0, 0, 0, 0, 0, 0, 0, 0, 0, 0, 42999, 42999, 42999, 42999, 42999, 0, 510, 0, 0, 0, 0, 0, 0, 0, 0, 0, 0, 0, 0, 0, 0, 0, 0, 0, 0, 0, 0, 0, 0, 0, 0, 0, 0, 0, 0, 0, 0),
(12374, 0, -22, 1, 255, -1, 0, 0, 0, 0, 0, 0, 0, 0, 0, 0, 0, 0, 0, 0, 0, 0, 0, 0, 0, 0, 0, 0, 0, 0, 0, 'Candy Bucket', '', '', NULL, NULL, '', '', '', '', '', 0, 0, 0, 0, 0, 0, 0, 0, 0, 0, 0, 0, 0, 0, 0, 0, 0, 0, 0, 0, 0, 0, 0, 0, 0, 0, 0, 0, 0, 0, 0, 0, 0, 0, 0, 0, 0, 0, 0, 0, 37586, 0, 0, 0, 1, 0, 0, 0, 0, 0, 0, 0, 0, 0, 0, 0, 0, 0, 42999, 42999, 42999, 42999, 42999, 0, 510, 0, 0, 0, 0, 0, 0, 0, 0, 0, 0, 0, 0, 0, 0, 0, 0, 0, 0, 0, 0, 0, 0, 0, 0, 0, 0, 0, 0, 0, 0),
(12375, 0, -22, 1, 255, -1, 0, 0, 0, 0, 0, 0, 0, 0, 0, 0, 0, 0, 0, 0, 0, 0, 0, 0, 0, 0, 0, 0, 0, 0, 0, 'Candy Bucket', '', '', NULL, NULL, '', '', '', '', '', 0, 0, 0, 0, 0, 0, 0, 0, 0, 0, 0, 0, 0, 0, 0, 0, 0, 0, 0, 0, 0, 0, 0, 0, 0, 0, 0, 0, 0, 0, 0, 0, 0, 0, 0, 0, 0, 0, 0, 0, 37586, 0, 0, 0, 1, 0, 0, 0, 0, 0, 0, 0, 0, 0, 0, 0, 0, 0, 42999, 42999, 42999, 42999, 42999, 0, 510, 0, 0, 0, 0, 0, 0, 0, 0, 0, 0, 0, 0, 0, 0, 0, 0, 0, 0, 0, 0, 0, 0, 0, 0, 0, 0, 0, 0, 0, 0),
(12376, 0, -22, 1, 255, -1, 0, 0, 0, 0, 0, 0, 0, 0, 0, 0, 0, 0, 0, 0, 0, 0, 0, 0, 0, 0, 0, 0, 0, 0, 0, 'Candy Bucket', '', '', NULL, NULL, '', '', '', '', '', 0, 0, 0, 0, 0, 0, 0, 0, 0, 0, 0, 0, 0, 0, 0, 0, 0, 0, 0, 0, 0, 0, 0, 0, 0, 0, 0, 0, 0, 0, 0, 0, 0, 0, 0, 0, 0, 0, 0, 0, 37586, 0, 0, 0, 1, 0, 0, 0, 0, 0, 0, 0, 0, 0, 0, 0, 0, 0, 42999, 42999, 42999, 42999, 42999, 0, 510, 0, 0, 0, 0, 0, 0, 0, 0, 0, 0, 0, 0, 0, 0, 0, 0, 0, 0, 0, 0, 0, 0, 0, 0, 0, 0, 0, 0, 0, 0),
(12377, 0, -22, 1, 255, -1, 0, 0, 0, 0, 0, 0, 0, 0, 0, 0, 0, 0, 0, 0, 0, 0, 0, 0, 0, 0, 0, 0, 0, 0, 0, 'Candy Bucket', '', '', NULL, NULL, '', '', '', '', '', 0, 0, 0, 0, 0, 0, 0, 0, 0, 0, 0, 0, 0, 0, 0, 0, 0, 0, 0, 0, 0, 0, 0, 0, 0, 0, 0, 0, 0, 0, 0, 0, 0, 0, 0, 0, 0, 0, 0, 0, 37586, 0, 0, 0, 1, 0, 0, 0, 0, 0, 0, 0, 0, 0, 0, 0, 0, 0, 42999, 42999, 42999, 42999, 42999, 0, 510, 0, 0, 0, 0, 0, 0, 0, 0, 0, 0, 0, 0, 0, 0, 0, 0, 0, 0, 0, 0, 0, 0, 0, 0, 0, 0, 0, 0, 0, 0),
(12378, 0, -22, 1, 255, -1, 0, 0, 0, 0, 0, 0, 0, 0, 0, 0, 0, 0, 0, 0, 0, 0, 0, 0, 0, 0, 0, 0, 0, 0, 0, 'Candy Bucket', '', '', NULL, NULL, '', '', '', '', '', 0, 0, 0, 0, 0, 0, 0, 0, 0, 0, 0, 0, 0, 0, 0, 0, 0, 0, 0, 0, 0, 0, 0, 0, 0, 0, 0, 0, 0, 0, 0, 0, 0, 0, 0, 0, 0, 0, 0, 0, 37586, 0, 0, 0, 1, 0, 0, 0, 0, 0, 0, 0, 0, 0, 0, 0, 0, 0, 42999, 42999, 42999, 42999, 42999, 0, 510, 0, 0, 0, 0, 0, 0, 0, 0, 0, 0, 0, 0, 0, 0, 0, 0, 0, 0, 0, 0, 0, 0, 0, 0, 0, 0, 0, 0, 0, 0),
(12379, 0, -22, 1, 255, -1, 0, 0, 0, 0, 0, 0, 0, 0, 0, 0, 0, 0, 0, 0, 0, 0, 0, 0, 0, 0, 0, 0, 0, 0, 0, 'Candy Bucket', '', '', NULL, NULL, '', '', '', '', '', 0, 0, 0, 0, 0, 0, 0, 0, 0, 0, 0, 0, 0, 0, 0, 0, 0, 0, 0, 0, 0, 0, 0, 0, 0, 0, 0, 0, 0, 0, 0, 0, 0, 0, 0, 0, 0, 0, 0, 0, 37586, 0, 0, 0, 1, 0, 0, 0, 0, 0, 0, 0, 0, 0, 0, 0, 0, 0, 42999, 42999, 42999, 42999, 42999, 0, 510, 0, 0, 0, 0, 0, 0, 0, 0, 0, 0, 0, 0, 0, 0, 0, 0, 0, 0, 0, 0, 0, 0, 0, 0, 0, 0, 0, 0, 0, 0),
(12380, 0, -22, 1, 255, -1, 0, 0, 0, 0, 0, 0, 0, 0, 0, 0, 0, 0, 0, 0, 0, 0, 0, 0, 0, 0, 0, 0, 0, 0, 0, 'Candy Bucket', '', '', NULL, NULL, '', '', '', '', '', 0, 0, 0, 0, 0, 0, 0, 0, 0, 0, 0, 0, 0, 0, 0, 0, 0, 0, 0, 0, 0, 0, 0, 0, 0, 0, 0, 0, 0, 0, 0, 0, 0, 0, 0, 0, 0, 0, 0, 0, 37586, 0, 0, 0, 1, 0, 0, 0, 0, 0, 0, 0, 0, 0, 0, 0, 0, 0, 42999, 42999, 42999, 42999, 42999, 0, 510, 0, 0, 0, 0, 0, 0, 0, 0, 0, 0, 0, 0, 0, 0, 0, 0, 0, 0, 0, 0, 0, 0, 0, 0, 0, 0, 0, 0, 0, 0),
(12381, 0, -22, 1, 255, -1, 0, 0, 0, 0, 0, 0, 0, 0, 0, 0, 0, 0, 0, 0, 0, 0, 0, 0, 0, 0, 0, 0, 0, 0, 0, 'Candy Bucket', '', '', NULL, NULL, '', '', '', '', '', 0, 0, 0, 0, 0, 0, 0, 0, 0, 0, 0, 0, 0, 0, 0, 0, 0, 0, 0, 0, 0, 0, 0, 0, 0, 0, 0, 0, 0, 0, 0, 0, 0, 0, 0, 0, 0, 0, 0, 0, 37586, 0, 0, 0, 1, 0, 0, 0, 0, 0, 0, 0, 0, 0, 0, 0, 0, 0, 42999, 42999, 42999, 42999, 42999, 0, 510, 0, 0, 0, 0, 0, 0, 0, 0, 0, 0, 0, 0, 0, 0, 0, 0, 0, 0, 0, 0, 0, 0, 0, 0, 0, 0, 0, 0, 0, 0),
(12382, 0, -22, 1, 255, -1, 0, 0, 0, 0, 0, 0, 0, 0, 0, 0, 0, 0, 0, 0, 0, 0, 0, 0, 0, 0, 0, 0, 0, 0, 0, 'Candy Bucket', '', '', NULL, NULL, '', '', '', '', '', 0, 0, 0, 0, 0, 0, 0, 0, 0, 0, 0, 0, 0, 0, 0, 0, 0, 0, 0, 0, 0, 0, 0, 0, 0, 0, 0, 0, 0, 0, 0, 0, 0, 0, 0, 0, 0, 0, 0, 0, 37586, 0, 0, 0, 1, 0, 0, 0, 0, 0, 0, 0, 0, 0, 0, 0, 0, 0, 42999, 42999, 42999, 42999, 42999, 0, 510, 0, 0, 0, 0, 0, 0, 0, 0, 0, 0, 0, 0, 0, 0, 0, 0, 0, 0, 0, 0, 0, 0, 0, 0, 0, 0, 0, 0, 0, 0),
(12383, 0, -22, 1, 255, -1, 0, 0, 0, 0, 0, 0, 0, 0, 0, 0, 0, 0, 0, 0, 0, 0, 0, 0, 0, 0, 0, 0, 0, 0, 0, 'Candy Bucket', '', '', NULL, NULL, '', '', '', '', '', 0, 0, 0, 0, 0, 0, 0, 0, 0, 0, 0, 0, 0, 0, 0, 0, 0, 0, 0, 0, 0, 0, 0, 0, 0, 0, 0, 0, 0, 0, 0, 0, 0, 0, 0, 0, 0, 0, 0, 0, 37586, 0, 0, 0, 1, 0, 0, 0, 0, 0, 0, 0, 0, 0, 0, 0, 0, 0, 42999, 42999, 42999, 42999, 42999, 0, 510, 0, 0, 0, 0, 0, 0, 0, 0, 0, 0, 0, 0, 0, 0, 0, 0, 0, 0, 0, 0, 0, 0, 0, 0, 0, 0, 0, 0, 0, 0),
(12384, 0, -22, 1, 255, -1, 0, 0, 0, 0, 0, 0, 0, 0, 0, 0, 0, 0, 0, 0, 0, 0, 0, 0, 0, 0, 0, 0, 0, 0, 0, 'Candy Bucket', '', '', NULL, NULL, '', '', '', '', '', 0, 0, 0, 0, 0, 0, 0, 0, 0, 0, 0, 0, 0, 0, 0, 0, 0, 0, 0, 0, 0, 0, 0, 0, 0, 0, 0, 0, 0, 0, 0, 0, 0, 0, 0, 0, 0, 0, 0, 0, 37586, 0, 0, 0, 1, 0, 0, 0, 0, 0, 0, 0, 0, 0, 0, 0, 0, 0, 42999, 42999, 42999, 42999, 42999, 0, 510, 0, 0, 0, 0, 0, 0, 0, 0, 0, 0, 0, 0, 0, 0, 0, 0, 0, 0, 0, 0, 0, 0, 0, 0, 0, 0, 0, 0, 0, 0),
(12385, 0, -22, 1, 255, -1, 0, 0, 0, 0, 0, 0, 0, 0, 0, 0, 0, 0, 0, 0, 0, 0, 0, 0, 0, 0, 0, 0, 0, 0, 0, 'Candy Bucket', '', '', NULL, NULL, '', '', '', '', '', 0, 0, 0, 0, 0, 0, 0, 0, 0, 0, 0, 0, 0, 0, 0, 0, 0, 0, 0, 0, 0, 0, 0, 0, 0, 0, 0, 0, 0, 0, 0, 0, 0, 0, 0, 0, 0, 0, 0, 0, 37586, 0, 0, 0, 1, 0, 0, 0, 0, 0, 0, 0, 0, 0, 0, 0, 0, 0, 42999, 42999, 42999, 42999, 42999, 0, 510, 0, 0, 0, 0, 0, 0, 0, 0, 0, 0, 0, 0, 0, 0, 0, 0, 0, 0, 0, 0, 0, 0, 0, 0, 0, 0, 0, 0, 0, 0),
(12386, 0, -22, 1, 255, -1, 0, 0, 0, 0, 0, 0, 0, 0, 0, 0, 0, 0, 0, 0, 0, 0, 0, 0, 0, 0, 0, 0, 0, 0, 0, 'Candy Bucket', '', '', NULL, NULL, '', '', '', '', '', 0, 0, 0, 0, 0, 0, 0, 0, 0, 0, 0, 0, 0, 0, 0, 0, 0, 0, 0, 0, 0, 0, 0, 0, 0, 0, 0, 0, 0, 0, 0, 0, 0, 0, 0, 0, 0, 0, 0, 0, 37586, 0, 0, 0, 1, 0, 0, 0, 0, 0, 0, 0, 0, 0, 0, 0, 0, 0, 42999, 42999, 42999, 42999, 42999, 0, 510, 0, 0, 0, 0, 0, 0, 0, 0, 0, 0, 0, 0, 0, 0, 0, 0, 0, 0, 0, 0, 0, 0, 0, 0, 0, 0, 0, 0, 0, 0),
(12387, 0, -22, 1, 255, -1, 0, 0, 0, 0, 0, 0, 0, 0, 0, 0, 0, 0, 0, 0, 0, 0, 0, 0, 0, 0, 0, 0, 0, 0, 0, 'Candy Bucket', '', '', NULL, NULL, '', '', '', '', '', 0, 0, 0, 0, 0, 0, 0, 0, 0, 0, 0, 0, 0, 0, 0, 0, 0, 0, 0, 0, 0, 0, 0, 0, 0, 0, 0, 0, 0, 0, 0, 0, 0, 0, 0, 0, 0, 0, 0, 0, 37586, 0, 0, 0, 1, 0, 0, 0, 0, 0, 0, 0, 0, 0, 0, 0, 0, 0, 42999, 42999, 42999, 42999, 42999, 0, 510, 0, 0, 0, 0, 0, 0, 0, 0, 0, 0, 0, 0, 0, 0, 0, 0, 0, 0, 0, 0, 0, 0, 0, 0, 0, 0, 0, 0, 0, 0),
(12388, 0, -22, 1, 255, -1, 0, 0, 0, 0, 0, 0, 0, 0, 0, 0, 0, 0, 0, 0, 0, 0, 0, 0, 0, 0, 0, 0, 0, 0, 0, 'Candy Bucket', '', '', NULL, NULL, '', '', '', '', '', 0, 0, 0, 0, 0, 0, 0, 0, 0, 0, 0, 0, 0, 0, 0, 0, 0, 0, 0, 0, 0, 0, 0, 0, 0, 0, 0, 0, 0, 0, 0, 0, 0, 0, 0, 0, 0, 0, 0, 0, 37586, 0, 0, 0, 1, 0, 0, 0, 0, 0, 0, 0, 0, 0, 0, 0, 0, 0, 42999, 42999, 42999, 42999, 42999, 0, 510, 0, 0, 0, 0, 0, 0, 0, 0, 0, 0, 0, 0, 0, 0, 0, 0, 0, 0, 0, 0, 0, 0, 0, 0, 0, 0, 0, 0, 0, 0),
(12389, 0, -22, 1, 255, -1, 0, 0, 0, 0, 0, 0, 0, 0, 0, 0, 0, 0, 0, 0, 0, 0, 0, 0, 0, 0, 0, 0, 0, 0, 0, 'Candy Bucket', '', '', NULL, NULL, '', '', '', '', '', 0, 0, 0, 0, 0, 0, 0, 0, 0, 0, 0, 0, 0, 0, 0, 0, 0, 0, 0, 0, 0, 0, 0, 0, 0, 0, 0, 0, 0, 0, 0, 0, 0, 0, 0, 0, 0, 0, 0, 0, 37586, 0, 0, 0, 1, 0, 0, 0, 0, 0, 0, 0, 0, 0, 0, 0, 0, 0, 42999, 42999, 42999, 42999, 42999, 0, 510, 0, 0, 0, 0, 0, 0, 0, 0, 0, 0, 0, 0, 0, 0, 0, 0, 0, 0, 0, 0, 0, 0, 0, 0, 0, 0, 0, 0, 0, 0),
(12390, 0, -22, 1, 255, -1, 0, 0, 0, 0, 0, 0, 0, 0, 0, 0, 0, 0, 0, 0, 0, 0, 0, 0, 0, 0, 0, 0, 0, 0, 0, 'Candy Bucket', '', '', NULL, NULL, '', '', '', '', '', 0, 0, 0, 0, 0, 0, 0, 0, 0, 0, 0, 0, 0, 0, 0, 0, 0, 0, 0, 0, 0, 0, 0, 0, 0, 0, 0, 0, 0, 0, 0, 0, 0, 0, 0, 0, 0, 0, 0, 0, 37586, 0, 0, 0, 1, 0, 0, 0, 0, 0, 0, 0, 0, 0, 0, 0, 0, 0, 42999, 42999, 42999, 42999, 42999, 0, 510, 0, 0, 0, 0, 0, 0, 0, 0, 0, 0, 0, 0, 0, 0, 0, 0, 0, 0, 0, 0, 0, 0, 0, 0, 0, 0, 0, 0, 0, 0),
(12391, 0, -22, 1, 255, -1, 0, 0, 0, 0, 0, 0, 0, 0, 0, 0, 0, 0, 0, 0, 0, 0, 0, 0, 0, 0, 0, 0, 0, 0, 0, 'Candy Bucket', '', '', NULL, NULL, '', '', '', '', '', 0, 0, 0, 0, 0, 0, 0, 0, 0, 0, 0, 0, 0, 0, 0, 0, 0, 0, 0, 0, 0, 0, 0, 0, 0, 0, 0, 0, 0, 0, 0, 0, 0, 0, 0, 0, 0, 0, 0, 0, 37586, 0, 0, 0, 1, 0, 0, 0, 0, 0, 0, 0, 0, 0, 0, 0, 0, 0, 42999, 42999, 42999, 42999, 42999, 0, 510, 0, 0, 0, 0, 0, 0, 0, 0, 0, 0, 0, 0, 0, 0, 0, 0, 0, 0, 0, 0, 0, 0, 0, 0, 0, 0, 0, 0, 0, 0),
(12392, 0, -22, 1, 255, -1, 0, 0, 0, 0, 0, 0, 0, 0, 0, 0, 0, 0, 0, 0, 0, 0, 0, 0, 0, 0, 0, 0, 0, 0, 0, 'Candy Bucket', '', '', NULL, NULL, '', '', '', '', '', 0, 0, 0, 0, 0, 0, 0, 0, 0, 0, 0, 0, 0, 0, 0, 0, 0, 0, 0, 0, 0, 0, 0, 0, 0, 0, 0, 0, 0, 0, 0, 0, 0, 0, 0, 0, 0, 0, 0, 0, 37586, 0, 0, 0, 1, 0, 0, 0, 0, 0, 0, 0, 0, 0, 0, 0, 0, 0, 42999, 42999, 42999, 42999, 42999, 0, 510, 0, 0, 0, 0, 0, 0, 0, 0, 0, 0, 0, 0, 0, 0, 0, 0, 0, 0, 0, 0, 0, 0, 0, 0, 0, 0, 0, 0, 0, 0),
(12393, 0, -22, 1, 255, -1, 0, 0, 0, 0, 0, 0, 0, 0, 0, 0, 0, 0, 0, 0, 0, 0, 0, 0, 0, 0, 0, 0, 0, 0, 0, 'Candy Bucket', '', '', NULL, NULL, '', '', '', '', '', 0, 0, 0, 0, 0, 0, 0, 0, 0, 0, 0, 0, 0, 0, 0, 0, 0, 0, 0, 0, 0, 0, 0, 0, 0, 0, 0, 0, 0, 0, 0, 0, 0, 0, 0, 0, 0, 0, 0, 0, 37586, 0, 0, 0, 1, 0, 0, 0, 0, 0, 0, 0, 0, 0, 0, 0, 0, 0, 42999, 42999, 42999, 42999, 42999, 0, 510, 0, 0, 0, 0, 0, 0, 0, 0, 0, 0, 0, 0, 0, 0, 0, 0, 0, 0, 0, 0, 0, 0, 0, 0, 0, 0, 0, 0, 0, 0),
(12394, 0, -22, 1, 255, -1, 0, 0, 0, 0, 0, 0, 0, 0, 0, 0, 0, 0, 0, 0, 0, 0, 0, 0, 0, 0, 0, 0, 0, 0, 0, 'Candy Bucket', '', '', NULL, NULL, '', '', '', '', '', 0, 0, 0, 0, 0, 0, 0, 0, 0, 0, 0, 0, 0, 0, 0, 0, 0, 0, 0, 0, 0, 0, 0, 0, 0, 0, 0, 0, 0, 0, 0, 0, 0, 0, 0, 0, 0, 0, 0, 0, 37586, 0, 0, 0, 1, 0, 0, 0, 0, 0, 0, 0, 0, 0, 0, 0, 0, 0, 42999, 42999, 42999, 42999, 42999, 0, 510, 0, 0, 0, 0, 0, 0, 0, 0, 0, 0, 0, 0, 0, 0, 0, 0, 0, 0, 0, 0, 0, 0, 0, 0, 0, 0, 0, 0, 0, 0),
(12395, 0, -22, 1, 255, -1, 0, 0, 0, 0, 0, 0, 0, 0, 0, 0, 0, 0, 0, 0, 0, 0, 0, 0, 0, 0, 0, 0, 0, 0, 0, 'Candy Bucket', '', '', NULL, NULL, '', '', '', '', '', 0, 0, 0, 0, 0, 0, 0, 0, 0, 0, 0, 0, 0, 0, 0, 0, 0, 0, 0, 0, 0, 0, 0, 0, 0, 0, 0, 0, 0, 0, 0, 0, 0, 0, 0, 0, 0, 0, 0, 0, 37586, 0, 0, 0, 1, 0, 0, 0, 0, 0, 0, 0, 0, 0, 0, 0, 0, 0, 42999, 42999, 42999, 42999, 42999, 0, 510, 0, 0, 0, 0, 0, 0, 0, 0, 0, 0, 0, 0, 0, 0, 0, 0, 0, 0, 0, 0, 0, 0, 0, 0, 0, 0, 0, 0, 0, 0),
(12396, 0, -22, 1, 255, -1, 0, 0, 0, 0, 0, 0, 0, 0, 0, 0, 0, 0, 0, 0, 0, 0, 0, 0, 0, 0, 0, 0, 0, 0, 0, 'Candy Bucket', '', '', NULL, NULL, '', '', '', '', '', 0, 0, 0, 0, 0, 0, 0, 0, 0, 0, 0, 0, 0, 0, 0, 0, 0, 0, 0, 0, 0, 0, 0, 0, 0, 0, 0, 0, 0, 0, 0, 0, 0, 0, 0, 0, 0, 0, 0, 0, 37586, 0, 0, 0, 1, 0, 0, 0, 0, 0, 0, 0, 0, 0, 0, 0, 0, 0, 42999, 42999, 42999, 42999, 42999, 0, 510, 0, 0, 0, 0, 0, 0, 0, 0, 0, 0, 0, 0, 0, 0, 0, 0, 0, 0, 0, 0, 0, 0, 0, 0, 0, 0, 0, 0, 0, 0),
(12397, 0, -22, 1, 255, -1, 0, 0, 0, 0, 0, 0, 0, 0, 0, 0, 0, 0, 0, 0, 0, 0, 0, 0, 0, 0, 0, 0, 0, 0, 0, 'Candy Bucket', '', '', NULL, NULL, '', '', '', '', '', 0, 0, 0, 0, 0, 0, 0, 0, 0, 0, 0, 0, 0, 0, 0, 0, 0, 0, 0, 0, 0, 0, 0, 0, 0, 0, 0, 0, 0, 0, 0, 0, 0, 0, 0, 0, 0, 0, 0, 0, 37586, 0, 0, 0, 1, 0, 0, 0, 0, 0, 0, 0, 0, 0, 0, 0, 0, 0, 42999, 42999, 42999, 42999, 42999, 0, 510, 0, 0, 0, 0, 0, 0, 0, 0, 0, 0, 0, 0, 0, 0, 0, 0, 0, 0, 0, 0, 0, 0, 0, 0, 0, 0, 0, 0, 0, 0),
(12398, 0, -22, 1, 255, -1, 0, 0, 0, 0, 0, 0, 0, 0, 0, 0, 0, 0, 0, 0, 0, 0, 0, 0, 0, 0, 0, 0, 0, 0, 0, 'Candy Bucket', '', '', NULL, NULL, '', '', '', '', '', 0, 0, 0, 0, 0, 0, 0, 0, 0, 0, 0, 0, 0, 0, 0, 0, 0, 0, 0, 0, 0, 0, 0, 0, 0, 0, 0, 0, 0, 0, 0, 0, 0, 0, 0, 0, 0, 0, 0, 0, 37586, 0, 0, 0, 1, 0, 0, 0, 0, 0, 0, 0, 0, 0, 0, 0, 0, 0, 42999, 42999, 42999, 42999, 42999, 0, 510, 0, 0, 0, 0, 0, 0, 0, 0, 0, 0, 0, 0, 0, 0, 0, 0, 0, 0, 0, 0, 0, 0, 0, 0, 0, 0, 0, 0, 0, 0),
(12399, 0, -22, 1, 255, -1, 0, 0, 0, 0, 0, 0, 0, 0, 0, 0, 0, 0, 0, 0, 0, 0, 0, 0, 0, 0, 0, 0, 0, 0, 0, 'Candy Bucket', '', '', NULL, NULL, '', '', '', '', '', 0, 0, 0, 0, 0, 0, 0, 0, 0, 0, 0, 0, 0, 0, 0, 0, 0, 0, 0, 0, 0, 0, 0, 0, 0, 0, 0, 0, 0, 0, 0, 0, 0, 0, 0, 0, 0, 0, 0, 0, 37586, 0, 0, 0, 1, 0, 0, 0, 0, 0, 0, 0, 0, 0, 0, 0, 0, 0, 42999, 42999, 42999, 42999, 42999, 0, 510, 0, 0, 0, 0, 0, 0, 0, 0, 0, 0, 0, 0, 0, 0, 0, 0, 0, 0, 0, 0, 0, 0, 0, 0, 0, 0, 0, 0, 0, 0),
(12400, 0, -22, 1, 255, -1, 0, 0, 0, 0, 0, 0, 0, 0, 0, 0, 0, 0, 0, 0, 0, 0, 0, 0, 0, 0, 0, 0, 0, 0, 0, 'Candy Bucket', '', '', NULL, NULL, '', '', '', '', '', 0, 0, 0, 0, 0, 0, 0, 0, 0, 0, 0, 0, 0, 0, 0, 0, 0, 0, 0, 0, 0, 0, 0, 0, 0, 0, 0, 0, 0, 0, 0, 0, 0, 0, 0, 0, 0, 0, 0, 0, 37586, 0, 0, 0, 1, 0, 0, 0, 0, 0, 0, 0, 0, 0, 0, 0, 0, 0, 42999, 42999, 42999, 42999, 42999, 0, 510, 0, 0, 0, 0, 0, 0, 0, 0, 0, 0, 0, 0, 0, 0, 0, 0, 0, 0, 0, 0, 0, 0, 0, 0, 0, 0, 0, 0, 0, 0),
(12401, 0, -22, 1, 255, -1, 0, 0, 0, 0, 0, 0, 0, 0, 0, 0, 0, 0, 0, 0, 0, 0, 0, 0, 0, 0, 0, 0, 0, 0, 0, 'Candy Bucket', '', '', NULL, NULL, '', '', '', '', '', 0, 0, 0, 0, 0, 0, 0, 0, 0, 0, 0, 0, 0, 0, 0, 0, 0, 0, 0, 0, 0, 0, 0, 0, 0, 0, 0, 0, 0, 0, 0, 0, 0, 0, 0, 0, 0, 0, 0, 0, 37586, 0, 0, 0, 1, 0, 0, 0, 0, 0, 0, 0, 0, 0, 0, 0, 0, 0, 42999, 42999, 42999, 42999, 42999, 0, 510, 0, 0, 0, 0, 0, 0, 0, 0, 0, 0, 0, 0, 0, 0, 0, 0, 0, 0, 0, 0, 0, 0, 0, 0, 0, 0, 0, 0, 0, 0),
(12402, 0, -22, 1, 255, -1, 0, 0, 0, 0, 0, 0, 0, 0, 0, 0, 0, 0, 0, 0, 0, 0, 0, 0, 0, 0, 0, 0, 0, 0, 0, 'Candy Bucket', '', '', NULL, NULL, '', '', '', '', '', 0, 0, 0, 0, 0, 0, 0, 0, 0, 0, 0, 0, 0, 0, 0, 0, 0, 0, 0, 0, 0, 0, 0, 0, 0, 0, 0, 0, 0, 0, 0, 0, 0, 0, 0, 0, 0, 0, 0, 0, 37586, 0, 0, 0, 1, 0, 0, 0, 0, 0, 0, 0, 0, 0, 0, 0, 0, 0, 42999, 42999, 42999, 42999, 42999, 0, 510, 0, 0, 0, 0, 0, 0, 0, 0, 0, 0, 0, 0, 0, 0, 0, 0, 0, 0, 0, 0, 0, 0, 0, 0, 0, 0, 0, 0, 0, 0),
(12403, 0, -22, 1, 255, -1, 0, 0, 0, 0, 0, 0, 0, 0, 0, 0, 0, 0, 0, 0, 0, 0, 0, 0, 0, 0, 0, 0, 0, 0, 0, 'Candy Bucket', '', '', NULL, NULL, '', '', '', '', '', 0, 0, 0, 0, 0, 0, 0, 0, 0, 0, 0, 0, 0, 0, 0, 0, 0, 0, 0, 0, 0, 0, 0, 0, 0, 0, 0, 0, 0, 0, 0, 0, 0, 0, 0, 0, 0, 0, 0, 0, 37586, 0, 0, 0, 1, 0, 0, 0, 0, 0, 0, 0, 0, 0, 0, 0, 0, 0, 42999, 42999, 42999, 42999, 42999, 0, 510, 0, 0, 0, 0, 0, 0, 0, 0, 0, 0, 0, 0, 0, 0, 0, 0, 0, 0, 0, 0, 0, 0, 0, 0, 0, 0, 0, 0, 0, 0),
(12404, 0, -22, 1, 255, -1, 0, 0, 0, 0, 0, 0, 0, 0, 0, 0, 0, 0, 0, 0, 0, 0, 0, 0, 0, 0, 0, 0, 0, 0, 0, 'Candy Bucket', '', '', NULL, NULL, '', '', '', '', '', 0, 0, 0, 0, 0, 0, 0, 0, 0, 0, 0, 0, 0, 0, 0, 0, 0, 0, 0, 0, 0, 0, 0, 0, 0, 0, 0, 0, 0, 0, 0, 0, 0, 0, 0, 0, 0, 0, 0, 0, 37586, 0, 0, 0, 1, 0, 0, 0, 0, 0, 0, 0, 0, 0, 0, 0, 0, 0, 42999, 42999, 42999, 42999, 42999, 0, 510, 0, 0, 0, 0, 0, 0, 0, 0, 0, 0, 0, 0, 0, 0, 0, 0, 0, 0, 0, 0, 0, 0, 0, 0, 0, 0, 0, 0, 0, 0),
(12405, 0, -22, 1, 255, -1, 0, 0, 0, 0, 0, 0, 0, 0, 0, 0, 0, 0, 0, 0, 0, 0, 0, 0, 0, 0, 0, 0, 0, 0, 0, 'Candy Bucket', '', '', NULL, NULL, '', '', '', '', '', 0, 0, 0, 0, 0, 0, 0, 0, 0, 0, 0, 0, 0, 0, 0, 0, 0, 0, 0, 0, 0, 0, 0, 0, 0, 0, 0, 0, 0, 0, 0, 0, 0, 0, 0, 0, 0, 0, 0, 0, 37586, 0, 0, 0, 1, 0, 0, 0, 0, 0, 0, 0, 0, 0, 0, 0, 0, 0, 42999, 42999, 42999, 42999, 42999, 0, 510, 0, 0, 0, 0, 0, 0, 0, 0, 0, 0, 0, 0, 0, 0, 0, 0, 0, 0, 0, 0, 0, 0, 0, 0, 0, 0, 0, 0, 0, 0),
(12406, 0, -22, 1, 255, -1, 0, 0, 0, 0, 0, 0, 0, 0, 0, 0, 0, 0, 0, 0, 0, 0, 0, 0, 0, 0, 0, 0, 0, 0, 0, 'Candy Bucket', '', '', NULL, NULL, '', '', '', '', '', 0, 0, 0, 0, 0, 0, 0, 0, 0, 0, 0, 0, 0, 0, 0, 0, 0, 0, 0, 0, 0, 0, 0, 0, 0, 0, 0, 0, 0, 0, 0, 0, 0, 0, 0, 0, 0, 0, 0, 0, 37586, 0, 0, 0, 1, 0, 0, 0, 0, 0, 0, 0, 0, 0, 0, 0, 0, 0, 42999, 42999, 42999, 42999, 42999, 0, 510, 0, 0, 0, 0, 0, 0, 0, 0, 0, 0, 0, 0, 0, 0, 0, 0, 0, 0, 0, 0, 0, 0, 0, 0, 0, 0, 0, 0, 0, 0),
(12407, 0, -22, 1, 255, -1, 0, 0, 0, 0, 0, 0, 0, 0, 0, 0, 0, 0, 0, 0, 0, 0, 0, 0, 0, 0, 0, 0, 0, 0, 0, 'Candy Bucket', '', '', NULL, NULL, '', '', '', '', '', 0, 0, 0, 0, 0, 0, 0, 0, 0, 0, 0, 0, 0, 0, 0, 0, 0, 0, 0, 0, 0, 0, 0, 0, 0, 0, 0, 0, 0, 0, 0, 0, 0, 0, 0, 0, 0, 0, 0, 0, 37586, 0, 0, 0, 1, 0, 0, 0, 0, 0, 0, 0, 0, 0, 0, 0, 0, 0, 42999, 42999, 42999, 42999, 42999, 0, 510, 0, 0, 0, 0, 0, 0, 0, 0, 0, 0, 0, 0, 0, 0, 0, 0, 0, 0, 0, 0, 0, 0, 0, 0, 0, 0, 0, 0, 0, 0),
(12408, 0, -22, 1, 255, -1, 0, 0, 0, 0, 0, 0, 0, 0, 0, 0, 0, 0, 0, 0, 0, 0, 0, 0, 0, 0, 0, 0, 0, 0, 0, 'Candy Bucket', '', '', NULL, NULL, '', '', '', '', '', 0, 0, 0, 0, 0, 0, 0, 0, 0, 0, 0, 0, 0, 0, 0, 0, 0, 0, 0, 0, 0, 0, 0, 0, 0, 0, 0, 0, 0, 0, 0, 0, 0, 0, 0, 0, 0, 0, 0, 0, 37586, 0, 0, 0, 1, 0, 0, 0, 0, 0, 0, 0, 0, 0, 0, 0, 0, 0, 42999, 42999, 42999, 42999, 42999, 0, 510, 0, 0, 0, 0, 0, 0, 0, 0, 0, 0, 0, 0, 0, 0, 0, 0, 0, 0, 0, 0, 0, 0, 0, 0, 0, 0, 0, 0, 0, 0),
(12409, 0, -22, 1, 255, -1, 0, 0, 0, 0, 0, 0, 0, 0, 0, 0, 0, 0, 0, 0, 0, 0, 0, 0, 0, 0, 0, 0, 0, 0, 0, 'Candy Bucket', '', '', NULL, NULL, '', '', '', '', '', 0, 0, 0, 0, 0, 0, 0, 0, 0, 0, 0, 0, 0, 0, 0, 0, 0, 0, 0, 0, 0, 0, 0, 0, 0, 0, 0, 0, 0, 0, 0, 0, 0, 0, 0, 0, 0, 0, 0, 0, 37586, 0, 0, 0, 1, 0, 0, 0, 0, 0, 0, 0, 0, 0, 0, 0, 0, 0, 42999, 42999, 42999, 42999, 42999, 0, 510, 0, 0, 0, 0, 0, 0, 0, 0, 0, 0, 0, 0, 0, 0, 0, 0, 0, 0, 0, 0, 0, 0, 0, 0, 0, 0, 0, 0, 0, 0),
(12410, 0, -22, 1, 255, -1, 0, 0, 0, 0, 0, 0, 0, 0, 0, 0, 0, 0, 0, 0, 0, 0, 0, 0, 0, 0, 0, 0, 0, 0, 0, 'Candy Bucket', '', '', NULL, NULL, '', '', '', '', '', 0, 0, 0, 0, 0, 0, 0, 0, 0, 0, 0, 0, 0, 0, 0, 0, 0, 0, 0, 0, 0, 0, 0, 0, 0, 0, 0, 0, 0, 0, 0, 0, 0, 0, 0, 0, 0, 0, 0, 0, 37586, 0, 0, 0, 1, 0, 0, 0, 0, 0, 0, 0, 0, 0, 0, 0, 0, 0, 42999, 42999, 42999, 42999, 42999, 0, 510, 0, 0, 0, 0, 0, 0, 0, 0, 0, 0, 0, 0, 0, 0, 0, 0, 0, 0, 0, 0, 0, 0, 0, 0, 0, 0, 0, 0, 0, 0);

-- wotlkmangos
REPLACE INTO `item_template` (`entry`, `class`, `subclass`, `unk0`, `name`, `displayid`, `Quality`, `Flags`, `BuyCount`, `BuyPrice`, `SellPrice`, `InventoryType`, `AllowableClass`, `AllowableRace`, `ItemLevel`, `RequiredLevel`, `RequiredSkill`, `RequiredSkillRank`, `requiredspell`, `requiredhonorrank`, `RequiredCityRank`, `RequiredReputationFaction`, `RequiredReputationRank`, `maxcount`, `stackable`, `ContainerSlots`, `stat_type1`, `stat_value1`, `stat_type2`, `stat_value2`, `stat_type3`, `stat_value3`, `stat_type4`, `stat_value4`, `stat_type5`, `stat_value5`, `stat_type6`, `stat_value6`, `stat_type7`, `stat_value7`, `stat_type8`, `stat_value8`, `stat_type9`, `stat_value9`, `stat_type10`, `stat_value10`, `dmg_min1`, `dmg_max1`, `dmg_type1`, `dmg_min2`, `dmg_max2`, `dmg_type2`, `armor`, `holy_res`, `fire_res`, `nature_res`, `frost_res`, `shadow_res`, `arcane_res`, `delay`, `ammo_type`, `RangedModRange`, `spellid_1`, `spelltrigger_1`, `spellcharges_1`, `spellppmRate_1`, `spellcooldown_1`, `spellcategory_1`, `spellcategorycooldown_1`, `spellid_2`, `spelltrigger_2`, `spellcharges_2`, `spellppmRate_2`, `spellcooldown_2`, `spellcategory_2`, `spellcategorycooldown_2`, `spellid_3`, `spelltrigger_3`, `spellcharges_3`, `spellppmRate_3`, `spellcooldown_3`, `spellcategory_3`, `spellcategorycooldown_3`, `spellid_4`, `spelltrigger_4`, `spellcharges_4`, `spellppmRate_4`, `spellcooldown_4`, `spellcategory_4`, `spellcategorycooldown_4`, `spellid_5`, `spelltrigger_5`, `spellcharges_5`, `spellppmRate_5`, `spellcooldown_5`, `spellcategory_5`, `spellcategorycooldown_5`, `bonding`, `description`, `PageText`, `LanguageID`, `PageMaterial`, `startquest`, `lockid`, `Material`, `sheath`, `RandomProperty`, `RandomSuffix`, `block`, `itemset`, `MaxDurability`, `area`, `Map`, `BagFamily`, `TotemCategory`, `socketColor_1`, `socketContent_1`, `socketColor_2`, `socketContent_2`, `socketColor_3`, `socketContent_3`, `socketBonus`, `GemProperties`, `RequiredDisenchantSkill`, `ArmorDamageModifier`, `ScriptName`, `DisenchantID`, `FoodType`, `minMoneyLoot`, `maxMoneyLoot`, `Duration`, `ExtraFlags`) VALUES
(37586, 15, 0, -1, 'Handful of Candy', 49839, 1, 131078, 1, 0, 0, 0, -1, -1, 1, 0, 0, 0, 0, 0, 0, 0, 0, 1, 1, 0, 0, 0, 0, 0, 0, 0, 0, 0, 0, 0, 0, 0, 0, 0, 0, 0, 0, 0, 0, 0, 0, 0, 0, 0, 0, 0, 0, 0, 0, 0, 0, 0, 0, 0, 0, 0, 0, 0, 0, 0, -1, 0, -1, 0, 0, 0, 0, -1, 0, -1, 0, 0, 0, 0, -1, 0, -1, 0, 0, 0, 0, -1, 0, -1, 0, 0, 0, 0, -1, 0, -1, 1, '', 0, 0, 0, 0, 0, 8, 0, 0, 0, 0, 0, 0, 0, 0, 0, 0, 0, 0, 0, 0, 0, 0, 0, 0, -1, 0, '', 0, 0, 0, 0, 0, 0),
(37582, 0, 0, 0, 'Pyroblast Cinnamon Ball', 29722, 1, 196608, 1, 0, 0, 0, -1, -1, 1, 0, 0, 0, 0, 0, 0, 0, 0, 0, 200, 0, 0, 0, 0, 0, 0, 0, 0, 0, 0, 0, 0, 0, 0, 0, 0, 0, 0, 0, 0, 0, 0, 0, 0, 0, 0, 0, 0, 0, 0, 0, 0, 0, 0, 0, 0, 0, 48889, 0, -1, 0, 1500, 0, -1, 0, 0, 0, 0, -1, 0, -1, 0, 0, 0, 0, -1, 0, -1, 0, 0, 0, 0, -1, 0, -1, 0, 0, 0, 0, -1, 0, -1, 0, '', 0, 0, 0, 0, 0, 4, 0, 0, 0, 0, 0, 0, 0, 0, 0, 0, 0, 0, 0, 0, 0, 0, 0, 0, -1, 0, '', 0, 0, 0, 0, 1209600, 0),
(37583, 0, 0, 0, 'G.N.E.R.D.S.', 50455, 1, 196608, 1, 0, 0, 0, -1, -1, 1, 0, 0, 0, 0, 0, 0, 0, 0, 0, 200, 0, 0, 0, 0, 0, 0, 0, 0, 0, 0, 0, 0, 0, 0, 0, 0, 0, 0, 0, 0, 0, 0, 0, 0, 0, 0, 0, 0, 0, 0, 0, 0, 0, 0, 0, 0, 0, 48890, 0, -1, 0, 1500, 0, -1, 0, 0, 0, 0, -1, 0, -1, 0, 0, 0, 0, -1, 0, -1, 0, 0, 0, 0, -1, 0, -1, 0, 0, 0, 0, -1, 0, -1, 0, 'Gnomish Nutritional Effervescent Remarkably Delicious Sweets', 0, 0, 0, 0, 0, 4, 0, 0, 0, 0, 0, 0, 0, 0, 0, 0, 0, 0, 0, 0, 0, 0, 0, 0, -1, 0, '', 0, 0, 0, 0, 1209600, 0),
(37584, 0, 0, 0, 'Soothing Spearmint Candy', 37659, 1, 196608, 1, 0, 0, 0, -1, -1, 1, 0, 0, 0, 0, 0, 0, 0, 0, 0, 200, 0, 0, 0, 0, 0, 0, 0, 0, 0, 0, 0, 0, 0, 0, 0, 0, 0, 0, 0, 0, 0, 0, 0, 0, 0, 0, 0, 0, 0, 0, 0, 0, 0, 0, 0, 0, 0, 48891, 0, -1, 0, 1500, 0, -1, 0, 0, 0, 0, -1, 0, -1, 0, 0, 0, 0, -1, 0, -1, 0, 0, 0, 0, -1, 0, -1, 0, 0, 0, 0, -1, 0, -1, 0, '', 0, 0, 0, 0, 0, 4, 0, 0, 0, 0, 0, 0, 0, 0, 0, 0, 0, 0, 0, 0, 0, 0, 0, 0, -1, 0, '', 0, 0, 0, 0, 1209600, 0),
(37585, 0, 0, 0, 'Chewy Fel Taffy', 13715, 1, 196608, 1, 0, 0, 0, -1, -1, 1, 0, 0, 0, 0, 0, 0, 0, 0, 0, 200, 0, 0, 0, 0, 0, 0, 0, 0, 0, 0, 0, 0, 0, 0, 0, 0, 0, 0, 0, 0, 0, 0, 0, 0, 0, 0, 0, 0, 0, 0, 0, 0, 0, 0, 0, 0, 0, 48892, 0, -1, 0, 1500, 0, -1, 0, 0, 0, 0, -1, 0, -1, 0, 0, 0, 0, -1, 0, -1, 0, 0, 0, 0, -1, 0, -1, 0, 0, 0, 0, -1, 0, -1, 0, 'Note: Contains no actual demonic energy.', 0, 0, 0, 0, 0, 4, 0, 0, 0, 0, 0, 0, 0, 0, 0, 0, 0, 0, 0, 0, 0, 0, 0, 0, -1, 0, '', 0, 0, 0, 0, 1209600, 0);

SET @TBCGUID := 190865;
-- SET @WOTLKGUID := ???;
DELETE FROM `gameobject` WHERE `id` IN (189303,190034,190035,190036,190037,190038,190039,190040,190041,190042,190043,190044,190045,190046,190047,190048,190049,190050,190051,190052,190053,190054,190055,190056,190057,190058,190059,190060,190061,190062,190063,190064,190065,190066,190067,190068,190069,190070,190071,190072,190073,190074,190075,190076,190077,190078,190079,190080,190081,190082,190083,190084,190085,190086,190087,190088,190089,190090,190091,190096,190097,190098,190099,190100,190101,190102,190103,190104,190105,190106,190107,190108,190109,190110,190111,190112,190113,190114,190115,190116);
INSERT INTO `gameobject` (`guid`, `id`, `map`, `POSITION_x`, `POSITION_y`, `POSITION_z`, `orientation`, `rotation2`, `rotation3`, `spawntimesecsmin`, `spawntimesecsmax`, `animprogress`, `state`) VALUES
(@TBCGUID := @TBCGUID + 0, 189303, 0, -9464.76, 17.4055, 56.9626, -0.890117, -0.430511, 0.902586, 180, 180, 255, 1),
(@TBCGUID := @TBCGUID + 1, 190036, 0, -5581.46, -527.551, 400.763, 2.49551, 0.948274, 0.317452, 180, 180, 255, 1),
(@TBCGUID := @TBCGUID + 1, 190039, 0, -4838.04, -858.582, 502.782, -0.453785, -0.224951, 0.97437, 180, 180, 255, 1),
(@TBCGUID := @TBCGUID + 1, 190040, 0, -8868.47, 671.55, 97.9031, 1.36136, 0.629322, 0.777145, 180, 180, 255, 1),
(@TBCGUID := @TBCGUID + 1, 190043, 0, -5379.71, -2973.99, 323.169, 2.91469, 0.993571, 0.113208, 180, 180, 255, 1),
(@TBCGUID := @TBCGUID + 1, 190044, 0, -3828.87, -837.229, 11.2518, 2.28638, 0.909961, 0.414694, 180, 180, 255, 1),
(@TBCGUID := @TBCGUID + 1, 190046, 0, -9225.34, -2158.93, 63.7112, -2.23402, -0.898794, 0.438372, 180, 180, 255, 1),
(@TBCGUID := @TBCGUID + 1, 190047, 0, -10653.9, 1164.76, 34.4738, 1.50098, 0.681997, 0.731355, 180, 180, 255, 1),
(@TBCGUID := @TBCGUID + 1, 190048, 0, -10513.2, -1159.21, 28.0995, -0.418879, -0.207912, 0.978148, 180, 180, 255, 1),
(@TBCGUID := @TBCGUID + 1, 190049, 0, -859.345, -569.782, 11.0422, 2.53072, 0.953716, 0.300709, 180, 180, 255, 1),
(@TBCGUID := @TBCGUID + 1, 190054, 0, 396.77, -2123.59, 131.564, 1.19237, 0.56149, 0.827484, 180, 180, 255, 1),
(@TBCGUID := @TBCGUID + 1, 190066, 0, 2266.64, 244.856, 34.2569, 0.645772, 0.317305, 0.948324, 180, 180, 255, 1),
(@TBCGUID := @TBCGUID + 1, 190071, 0, 1638.49, 223.114, -43.1032, -1.22173, -0.573576, 0.819152, 180, 180, 255, 1),
(@TBCGUID := @TBCGUID + 1, 190074, 0, 513.174, 1639.47, 125.944, 2.65403, 0.970432, 0.241374, 180, 180, 255, 1),
(@TBCGUID := @TBCGUID + 1, 190078, 0, -4.40115, -945.557, 57.165, -2.86234, -0.990268, 0.139173, 180, 180, 255, 1),
(@TBCGUID := @TBCGUID + 1, 190082, 0, -913.192, -3526.9, 72.6024, -2.26893, -0.906308, 0.422617, 180, 180, 255, 1),
(@TBCGUID := @TBCGUID + 1, 190084, 0, -12430, 212.389, 2.36617, 1.52091, 0.689251, 0.724522, 180, 180, 255, 1),
(@TBCGUID := @TBCGUID + 1, 190086, 0, -10487.7, -3256.98, 21.0293, 1.27409, 0.594823, 0.803857, 180, 180, 255, 1),
(@TBCGUID := @TBCGUID + 1, 190087, 0, -6652.56, -2148.98, 245.351, 0.15708, 0.0784593, 0.996917, 180, 180, 255, 1),
(@TBCGUID := @TBCGUID + 1, 190089, 0, -623.071, -4587.56, 11.6874, 0.235773, 0.117614, 0.993059, 180, 180, 255, 1),
(@TBCGUID := @TBCGUID + 1, 190103, 0, -14456.4, 494.096, 15.1261, -1.36136, -0.629322, 0.777145, 180, 180, 255, 1),
(@TBCGUID := @TBCGUID + 1, 190108, 0, 2300.31, -5347.74, 90.8799, -3.00195, -0.997563, 0.0697646, 180, 180, 255, 1),
(@TBCGUID := @TBCGUID + 1, 190034, 1, 9800.08, 982.901, 1313.88, 0.610864, 0.300705, 0.953717, 180, 180, 255, 1),
(@TBCGUID := @TBCGUID + 1, 190035, 1, 2779.4, -434.263, 116.582, -2.70526, -0.976296, 0.21644, 180, 180, 255, 1),
(@TBCGUID := @TBCGUID + 1, 190038, 1, 10125, 2224.56, 1328.38, -3.12412, -0.999962, 0.00873622, 180, 180, 255, 1),
(@TBCGUID := @TBCGUID + 1, 190042, 1, 6410.36, 515.78, 9.9353, 2.77507, 0.983255, 0.182237, 180, 180, 255, 1),
(@TBCGUID := @TBCGUID + 1, 190050, 1, 2707.08, 1510.02, 236.82, 5.14746, 0.537831, -0.843052, 180, 180, 255, 1),
(@TBCGUID := @TBCGUID + 1, 190051, 1, 254.62, 1251.26, 193.434, -1.74533, -0.766045, 0.642787, 180, 180, 255, 1),
(@TBCGUID := @TBCGUID + 1, 190052, 1, -3617.99, -4471.41, 14.2453, -2.68781, -0.97437, 0.22495, 180, 180, 255, 1),
(@TBCGUID := @TBCGUID + 1, 190053, 1, -4379.91, 3292, 14.836, 0.855211, 0.414693, 0.909961, 180, 180, 255, 1),
(@TBCGUID := @TBCGUID + 1, 190064, 1, 342.447, -4687.63, 16.4578, -1.11701, -0.529919, 0.848048, 180, 180, 255, 1),
(@TBCGUID := @TBCGUID + 1, 190065, 1, -2363.67, -345.607, -8.95699, 0.558505, 0.275637, 0.961262, 180, 180, 255, 1),
(@TBCGUID := @TBCGUID + 1, 190069, 1, 1631.84, -4444.22, 15.4065, 2.93215, 0.994522, 0.10453, 180, 180, 255, 1),
(@TBCGUID := @TBCGUID + 1, 190070, 1, -1301.73, 40.5221, 129.209, 1.65806, 0.737276, 0.675591, 180, 180, 255, 1),
(@TBCGUID := @TBCGUID + 1, 190076, 1, -408.149, -2642.81, 96.223, -0.663225, -0.325568, 0.945519, 180, 180, 255, 1),
(@TBCGUID := @TBCGUID + 1, 190077, 1, -2378.77, -1994.53, 96.7048, 2.07694, 0.861629, 0.507539, 180, 180, 255, 1),
(@TBCGUID := @TBCGUID + 1, 190079, 1, 2343.53, -2565.08, 102.773, -1.8675, -0.803856, 0.594824, 180, 180, 255, 1),
(@TBCGUID := @TBCGUID + 1, 190080, 1, 895.011, 929.801, 106.258, 0.331613, 0.165048, 0.986286, 180, 180, 255, 1),
(@TBCGUID := @TBCGUID + 1, 190081, 1, -5476.96, -2462.54, 89.2837, 2.40855, 0.93358, 0.35837, 180, 180, 255, 1),
(@TBCGUID := @TBCGUID + 1, 190083, 1, -1595.17, 3150.9, 46.4944, 0.017453, 0.00872639, 0.999962, 180, 180, 255, 1),
(@TBCGUID := @TBCGUID + 1, 190085, 1, -3165.05, -2904.25, 35.4624, 5.85629, 0.211831, -0.977306, 180, 180, 255, 1),
(@TBCGUID := @TBCGUID + 1, 190088, 1, -4458.09, 241.424, 39.1079, 1.09623, 0.521079, 0.853508, 180, 180, 255, 1),
(@TBCGUID := @TBCGUID + 1, 190102, 1, -1050.04, -3667.06, 23.8903, 1.88495, 0.809015, 0.587788, 180, 180, 255, 1),
(@TBCGUID := @TBCGUID + 1, 190104, 1, -4626.44, -3172.87, 41.2522, 0.925024, 0.446198, 0.894934, 180, 180, 255, 1),
(@TBCGUID := @TBCGUID + 1, 190105, 1, -7157.03, -3838.02, 8.63536, -2.68781, -0.97437, 0.22495, 180, 180, 255, 1),
(@TBCGUID := @TBCGUID + 1, 190106, 1, 6693.95, -4671.05, 721.573, 1.78024, 0.777147, 0.629319, 180, 180, 255, 1),
(@TBCGUID := @TBCGUID + 1, 190107, 1, -6868.5, 732.159, 45.6621, 1.44862, 0.662619, 0.748957, 180, 180, 255, 1),
(@TBCGUID := @TBCGUID + 1, 190037, 530, -4125.09, -12473.8, 44.5691, -1.74533, -0.766045, 0.642787, 180, 180, 255, 1), -- keep together as these are not for classicmangos
(@TBCGUID := @TBCGUID + 1, 190041, 530, -3739.82, -11692.4, -105.786, -1.88495, -0.809015, 0.587788, 180, 180, 255, 1),
(@TBCGUID := @TBCGUID + 1, 190045, 530, -2062.63, -11892, 46.1438, 1.15192, 0.54464, 0.83867, 180, 180, 255, 1),
(@TBCGUID := @TBCGUID + 1, 190055, 530, -711.659, 2737.82, 95.8952, -0.104719, -0.0523356, 0.99863, 180, 180, 255, 1),
(@TBCGUID := @TBCGUID + 1, 190056, 530, 228.606, 4330.16, 119.241, -1.51844, -0.688356, 0.725373, 180, 180, 255, 1),
(@TBCGUID := @TBCGUID + 1, 190057, 530, 294.863, 6098.85, 132.057, 0.733038, 0.358368, 0.93358, 180, 180, 255, 1),
(@TBCGUID := @TBCGUID + 1, 190058, 530, 1058.27, 7368.56, 39.5833, -0.558505, -0.275637, 0.961262, 180, 180, 255, 1),
(@TBCGUID := @TBCGUID + 1, 190059, 530, -2916.02, 4027.2, 0.407846, 2.11185, 0.870356, 0.492423, 180, 180, 255, 1),
(@TBCGUID := @TBCGUID + 1, 190060, 530, -2753.11, 7301.62, 43.4717, 2.51327, 0.951056, 0.309019, 180, 180, 255, 1),
(@TBCGUID := @TBCGUID + 1, 190061, 530, 2103.43, 6901.82, 183.23, -1.81514, -0.78801, 0.615662, 180, 180, 255, 1),
(@TBCGUID := @TBCGUID + 1, 190062, 530, 1946.05, 5533.66, 266.482, -3.07177, -0.999391, 0.0349043, 180, 180, 255, 1),
(@TBCGUID := @TBCGUID + 1, 190063, 530, -4085.19, 2189.32, 107.502, 0.994837, 0.477158, 0.878817, 180, 180, 255, 1),
(@TBCGUID := @TBCGUID + 1, 190067, 530, 9469.68, -6861.26, 17.4359, 2.67035, 0.972369, 0.233447, 180, 180, 255, 1),
(@TBCGUID := @TBCGUID + 1, 190068, 530, 8709.6, -6637.39, 72.7446, 4.13877, 0.878258, -0.478187, 180, 180, 255, 1),
(@TBCGUID := @TBCGUID + 1, 190072, 530, 9688.54, -7362.99, 11.9295, -0.349066, -0.173648, 0.984808, 180, 180, 255, 1),
(@TBCGUID := @TBCGUID + 1, 190073, 530, 9565.64, -7219.54, 16.2122, -1.18682, -0.559191, 0.829039, 180, 180, 255, 1),
(@TBCGUID := @TBCGUID + 1, 190075, 530, 7552.82, -6888.99, 96.027, 2.33628, 0.920023, 0.391864, 180, 180, 255, 1),
(@TBCGUID := @TBCGUID + 1, 190090, 530, 191.673, 2605.61, 87.2835, -2.28638, -0.909961, 0.414694, 180, 180, 255, 1),
(@TBCGUID := @TBCGUID + 1, 190091, 530, -566.872, 4150.64, 68.0928, -1.15192, -0.54464, 0.83867, 180, 180, 255, 1),
(@TBCGUID := @TBCGUID + 1, 190096, 530, 230.295, 7935.66, 25.0778, 0.680678, 0.333807, 0.942642, 180, 180, 255, 1),
(@TBCGUID := @TBCGUID + 1, 190097, 530, -2626.18, 4451.71, 36.0935, 0.314159, 0.156434, 0.987688, 180, 180, 255, 1),
(@TBCGUID := @TBCGUID + 1, 190098, 530, -1228.37, 7164.28, 57.2651, -2.51327, -0.951056, 0.309019, 180, 180, 255, 1),
(@TBCGUID := @TBCGUID + 1, 190099, 530, 2397.13, 5944.2, 152.071, 1.06132, 0.506103, 0.862473, 180, 180, 255, 1),
(@TBCGUID := @TBCGUID + 1, 190100, 530, 2224.21, 4710.98, 161.946, -2.79252, -0.984807, 0.173652, 180, 180, 255, 1),
(@TBCGUID := @TBCGUID + 1, 190101, 530, -2963.83, 2559.04, 78.1715, -1.69297, -0.748956, 0.66262, 180, 180, 255, 1),
(@TBCGUID := @TBCGUID + 1, 190109, 530, -169.249, 5518.45, 29.4082, 2.93428, 0.994632, 0.103471, 180, 180, 255, 1),
(@TBCGUID := @TBCGUID + 1, 190110, 530, -1901.48, 5766.43, 131.212, 1.79769, 0.782608, 0.622514, 180, 180, 255, 1),
(@TBCGUID := @TBCGUID + 1, 190111, 530, -2187.64, 5399.79, 51.8825, 2.63545, 0.968148, 0.250379, 180, 180, 255, 1),
(@TBCGUID := @TBCGUID + 1, 190112, 530, 3022.12, 5433.25, 146.617, -2.72271, -0.978147, 0.207914, 180, 180, 255, 1),
(@TBCGUID := @TBCGUID + 1, 190113, 530, 3061.03, 3698.17, 142.33, -0.122173, -0.0610485, 0.998135, 180, 180, 255, 1),
(@TBCGUID := @TBCGUID + 1, 190114, 530, 4114.65, 3068.59, 339.465, 0.645772, 0.317305, 0.948324, 180, 180, 255, 1),
(@TBCGUID := @TBCGUID + 1, 190115, 530, -2980.84, 870.225, -7.47893, 0.069813, 0.0348994, 0.999391, 180, 180, 255, 1),
(@TBCGUID := @TBCGUID + 1, 190116, 530, -4141.28, 1124.8, 44.5249, 1.50098, 0.681997, 0.731355, 180, 180, 255, 1);
-- wotlkmangos - https://github.com/cmangos/wotlk-db/commit/b8482fa811a0d5b083ba2df3a05209faf0f44398#diff-827c233c48a2afacb013ea2a4b702129e0ebd7e35a0632dfc1b850eb49ed31aeR5
-- (@WOTLKGUID := WOTLKGUID + 0, 191878, 571, 5764.23, -3562.13, 387.181, 0.429754, 0.213227, 0.977003, 180, 180, 255, 1),
-- (@WOTLKGUID := WOTLKGUID + 1, 191879, 571, 5470.01, -2638.2, 307.051, 4.98113, 0.606004, -0.795461, 180, 180, 255, 1),
-- (@WOTLKGUID := WOTLKGUID + 1, 191880, 571, 3252, -2208.6, 117.374, 3.20612, 0.99948, -0.0322581, 180, 180, 255, 1),
-- (@WOTLKGUID := WOTLKGUID + 1, 191881, 571, 3871.49, -4542.2, 209.266, 1.94398, 0.826009, 0.563657, 180, 180, 255, 1),
-- (@WOTLKGUID := WOTLKGUID + 1, 191882, 571, 3409.12, -2789.01, 201.52, 4.57114, 0.755242, -0.655446, 180, 180, 255, 1),
-- (@WOTLKGUID := WOTLKGUID + 1, 191883, 571, 4592.64, -4240.23, 178.728, 0.0527409, 0.0263674, 0.999652, 180, 180, 255, 1),
-- (@WOTLKGUID := WOTLKGUID + 1, 192018, 571, 5568.46, 5770.29, -75.2011, 3.42663, 0.989861, -0.142037, 180, 180, 255, 1),
-- (@WOTLKGUID := WOTLKGUID + 1, 194056, 571, 585.526, -4923.32, 18.6751, 4.31614, 0.832454, -0.554094, 180, 180, 255, 1),
-- (@WOTLKGUID := WOTLKGUID + 1, 194057, 571, 1446.16, -3261.3, 167.303, 0.546185, 0.269711, 0.962941, 180, 180, 255, 1),
-- (@WOTLKGUID := WOTLKGUID + 1, 194058, 571, 2475.8, -5054.51, 284.391, 3.84818, 0.938238, -0.34599, 180, 180, 255, 1),
-- (@WOTLKGUID := WOTLKGUID + 1, 194059, 571, 2289.64, 5197.55, 11.703, 5.64376, 0.314294, -0.949326, 180, 180, 255, 1),
-- (@WOTLKGUID := WOTLKGUID + 1, 194060, 571, 4174.85, 5278.33, 26.6931, 5.60564, 0.33233, -0.943163, 180, 180, 255, 1),
-- (@WOTLKGUID := WOTLKGUID + 1, 194061, 571, 3474.77, 2002.38, 64.8625, 4.93995, 0.622253, -0.782816, 180, 180, 255, 1),
-- (@WOTLKGUID := WOTLKGUID + 1, 194062, 571, 3648.29, -720.879, 215.033, 5.78524, 0.246408, -0.969166, 180, 180, 255, 1),
-- (@WOTLKGUID := WOTLKGUID + 1, 194063, 571, 6674.62, -205.505, 950.089, 1.27084, 0.593516, 0.804823, 180, 180, 255, 1),
-- (@WOTLKGUID := WOTLKGUID + 1, 194065, 571, 703.564, -2939.04, -3.06821, 2.58839, 0.961989, 0.273088, 180, 180, 255, 1),
-- (@WOTLKGUID := WOTLKGUID + 1, 194066, 571, 3573.57, 254.726, 47.288, 0.748473, 0.365562, 0.930787, 180, 180, 255, 1),
-- (@WOTLKGUID := WOTLKGUID + 1, 194067, 571, 2781.92, 930.436, 22.5388, 2.82408, 0.987425, 0.15809, 180, 180, 255, 1),
-- (@WOTLKGUID := WOTLKGUID + 1, 194068, 571, 3008.25, 4048.31, 26.6159, 0.0222444, 0.011122, 0.999938, 180, 180, 255, 1),
-- (@WOTLKGUID := WOTLKGUID + 1, 194069, 571, 6127.09, -1078.27, 403.96, 1.45541, 0.665158, 0.746703, 180, 180, 255, 1),
-- (@WOTLKGUID := WOTLKGUID + 1, 194070, 571, 8435.04, -359.272, 906.402, 0.391197, 0.194354, 0.980932, 180, 180, 255, 1),
-- (@WOTLKGUID := WOTLKGUID + 1, 194073, 571, 2683.51, -4386.89, 284.43, 1.61764, 0.723473, 0.690353, 180, 180, 255, 1),
-- (@WOTLKGUID := WOTLKGUID + 1, 194074, 571, 451.108, -4547.86, 244.869, 1.18394, 0.557997, 0.829843, 180, 180, 255, 1),
-- (@WOTLKGUID := WOTLKGUID + 1, 194075, 571, 1877.37, -6221.42, 13.0987, 0.530647, 0.262221, 0.965008, 180, 180, 255, 1),
-- (@WOTLKGUID := WOTLKGUID + 1, 194076, 571, 3471.5, 4175.09, 17.193, 5.69911, 0.287904, -0.957659, 180, 180, 255, 1),
-- (@WOTLKGUID := WOTLKGUID + 1, 194077, 571, 2814.43, 6156.97, 85.3594, 1.80361, 0.784448, 0.620195, 180, 180, 255, 1),
-- (@WOTLKGUID := WOTLKGUID + 1, 194078, 571, 3837.51, 1505.4, 92.0613, 6.19914, 0.0420103, -0.999117, 180, 180, 255, 1),
-- (@WOTLKGUID := WOTLKGUID + 1, 194079, 571, 3217.49, -680.655, 167.536, 1.82428, 0.790815, 0.612055, 180, 180, 255, 1),
-- (@WOTLKGUID := WOTLKGUID + 1, 194080, 571, 7799.18, -2970.92, 1259, 0.118661, 0.0592957, 0.99824, 180, 180, 255, 1),
-- (@WOTLKGUID := WOTLKGUID + 1, 194081, 571, 5902.78, 497.684, 641.57, -1.3439, -0.622513, 0.782609, 180, 180, 255, 1),
-- (@WOTLKGUID := WOTLKGUID + 1, 194084, 571, 4514.37, 5703.07, 81.5672, 3.71755, -0.958819, 0.284016, 180, 180, 255, 1),
-- (@WOTLKGUID := WOTLKGUID + 1, 194119, 571, 7849.99, -796.047, 1184.33, 5.04076, 0.582022, -0.813173, 180, 180, 255, 1);
-- unused ones
-- 13463
-- 13472
-- 13473

-- Add to Hallow's End
REPLACE INTO `game_event_gameobject` (`guid`, `event`) SELECT `guid`, 12 FROM `gameobject` WHERE `id` IN (189303,190034,190035,190036,190037,190038,190039,190040,190041,190042,190043,190044,190045,190046,190047,190048,190049,190050,190051,190052,190053,190054,190055,190056,190057,190058,190059,190060,190061,190062,190063,190064,190065,190066,190067,190068,190069,190070,190071,190072,190073,190074,190075,190076,190077,190078,190079,190080,190081,190082,190083,190084,190085,190086,190087,190088,190089,190090,190091,190096,190097,190098,190099,190100,190101,190102,190103,190104,190105,190106,190107,190108,190109,190110,190111,190112,190113,190114,190115,190116);

-- Source: TrinityCore
REPLACE INTO `gameobject_questrelation` (`id`, `quest`) VALUES
(189303, 12286),(190034, 12331),(190035, 12345),(190036, 12332),(190037, 12333),
(190038, 12334),(190039, 12335),(190040, 12336),(190041, 12337),(190042, 12338),
(190043, 12339),(190044, 12343),(190045, 12341),(190046, 12342),(190047, 12340),
(190048, 12344),(190049, 12346),(190050, 12347),(190051, 12348),(190052, 12349),
(190053, 12350),(190054, 12351),(190055, 12352),(190056, 12353),(190057, 12354),
(190058, 12355),(190059, 12356),(190060, 12357),(190061, 12358),(190062, 12359),
(190063, 12360),(190064, 12361),(190065, 12362),(190066, 12363),(190067, 12364),
(190068, 12365),(190069, 12366),(190070, 12367),(190071, 12368),(190072, 12369),
(190073, 12370),(190074, 12371),(190075, 12373),(190076, 12374),(190077, 12375),
(190078, 12376),(190079, 12377),(190080, 12378),(190081, 12379),(190082, 12380),
(190083, 12381),(190084, 12382),(190085, 12383),(190086, 12384),(190087, 12385),
(190088, 12386),(190089, 12387),(190090, 12388),(190091, 12389),(190096, 12390),
(190097, 12391),(190098, 12392),(190099, 12393),(190100, 12394),(190101, 12395),
(190102, 12396),(190103, 12397),(190104, 12398),(190105, 12399),(190106, 12400),
(190107, 12401),(190108, 12402),(190109, 12403),(190110, 12404),(190111, 12404),
(190112, 12406),(190113, 12407),(190114, 12408),(190115, 12409),(190116, 12409); -- wotlk+ missing

-- Source: TrinityCore
REPLACE INTO `gameobject_involvedrelation` (`id`, `quest`) VALUES
(189303, 12286),(190034, 12331),(190035, 12345),(190036, 12332),(190037, 12333),
(190038, 12334),(190039, 12335),(190040, 12336),(190041, 12337),(190042, 12338),
(190043, 12339),(190044, 12343),(190045, 12341),(190046, 12342),(190047, 12340),
(190048, 12344),(190049, 12346),(190050, 12347),(190051, 12348),(190052, 12349),
(190053, 12350),(190054, 12351),(190055, 12352),(190056, 12353),(190057, 12354),
(190058, 12355),(190059, 12356),(190060, 12357),(190061, 12358),(190062, 12359),
(190063, 12360),(190064, 12361),(190065, 12362),(190066, 12363),(190067, 12364),
(190068, 12365),(190069, 12366),(190070, 12367),(190071, 12368),(190072, 12369),
(190073, 12370),(190074, 12371),(190075, 12373),(190076, 12374),(190077, 12375),
(190078, 12376),(190079, 12377),(190080, 12378),(190081, 12379),(190082, 12380),
(190083, 12381),(190084, 12382),(190085, 12383),(190086, 12384),(190087, 12385),
(190088, 12386),(190089, 12387),(190090, 12388),(190091, 12389),(190096, 12390),
(190097, 12391),(190098, 12392),(190099, 12393),(190100, 12394),(190101, 12395),
(190102, 12396),(190103, 12397),(190104, 12398),(190105, 12399),(190106, 12400),
(190107, 12401),(190108, 12402),(190109, 12403),(190110, 12404),(190111, 12404),
(190112, 12406),(190113, 12407),(190114, 12408),(190115, 12409),(190116, 12409); -- wotlk+ missing

-- https://github.com/cmangos/wotlk-db/pull/443/files#diff-a5f2d9e376230c6355977705d88f9077ab8042be591478a178d04967fff88ec5R137
UPDATE `quest_template` SET `OfferRewardText` = 'Candy buckets like this are located in inns throughout the realms. Go ahead... take some!',
`SpecialFlags` = 5 -- Starts 18.10 goes till 01.11, reset the quest so it can be done again next year
 WHERE `entry` IN (
12286,12331,12332,12333,12334,12335,12336,12337,12338,12339,12340,12341,12342,12343,12344,12345,12346,12347,12348,12349,12350,12351,12352,12353,12354,12355,12356,12357,12358,12359,12360,12361,12362,12363,12364,12365,12366,12367,12368,12369,12370,12371,12373,12374,12375,12376,12377,12378,12379,12380,12381,12382,12383,12384,12385,12386,12387,12388,12389,12390,12391,12392,12393,12394,12395,12396,12397,12398,12399,12400,12401,12402,12403,12404,12405,12406,12407,12408,12409,12410
);

-- Source: TrinityCore
UPDATE `quest_template` SET `RequiredRaces` = 0 WHERE `entry` = 12396; -- 190102 Ratchet
UPDATE `quest_template` SET `RequiredRaces` = 0 WHERE `entry` = 12397; -- 190103 Booty Bay
UPDATE `quest_template` SET `RequiredRaces` = 0 WHERE `entry` = 12398; -- 190104 Mudsprocket
UPDATE `quest_template` SET `RequiredRaces` = 0 WHERE `entry` = 12399; -- 190105 Gadgetzan
UPDATE `quest_template` SET `RequiredRaces` = 0 WHERE `entry` = 12400; -- 190106 Everlook
UPDATE `quest_template` SET `RequiredRaces` = 0 WHERE `entry` = 12401; -- 190107 Cenarion Hold
UPDATE `quest_template` SET `RequiredRaces` = 0 WHERE `entry` = 12402; -- 190108 Light's Hope Chapel
UPDATE `quest_template` SET `RequiredRaces` = 0 WHERE `entry` = 12403; -- 190109 Cenarion Refugee
UPDATE `quest_template` SET `RequiredRaces` = 0 WHERE `entry` = 12404; -- 190110/190111 Shattrath (gameobject_template faction handles interaction)
UPDATE `quest_template` SET `RequiredRaces` = 0 WHERE `entry` = 12405; -- unused maybe shouldve been used in shattrath too
UPDATE `quest_template` SET `RequiredRaces` = 0 WHERE `entry` = 12406; -- 190112 Evergrove
UPDATE `quest_template` SET `RequiredRaces` = 0 WHERE `entry` = 12407; -- 190113 Area52
UPDATE `quest_template` SET `RequiredRaces` = 0 WHERE `entry` = 12408; -- 190114 The Stormspire
UPDATE `quest_template` SET `RequiredRaces` = 0 WHERE `entry` = 12409; -- 190115/190116 Altar of Sha'tar / Sanctum of Stars (gameobject_template faction handles interaction)
UPDATE `quest_template` SET `RequiredRaces` = 0 WHERE `entry` = 12410; -- unused
UPDATE `quest_template` SET `RequiredRaces` = 690 WHERE `entry` = 12361; -- 190064 Razor Hill
UPDATE `quest_template` SET `RequiredRaces` = 690 WHERE `entry` = 12362; -- 190065 Bloodhoof Village
UPDATE `quest_template` SET `RequiredRaces` = 690 WHERE `entry` = 12363; -- 190066 Brill
UPDATE `quest_template` SET `RequiredRaces` = 690 WHERE `entry` = 12364; -- 190067 Falconwing Square
UPDATE `quest_template` SET `RequiredRaces` = 690 WHERE `entry` = 12365; -- 190068 Fairbreeze Village
UPDATE `quest_template` SET `RequiredRaces` = 690 WHERE `entry` = 12366; -- 190069 Orgrimmar
UPDATE `quest_template` SET `RequiredRaces` = 690 WHERE `entry` = 12367; -- 190070 TB
UPDATE `quest_template` SET `RequiredRaces` = 690 WHERE `entry` = 12368; -- 190071 UC
UPDATE `quest_template` SET `RequiredRaces` = 690 WHERE `entry` = 12369; -- 190072 Silvermoon
UPDATE `quest_template` SET `RequiredRaces` = 690 WHERE `entry` = 12370; -- 190073 Silvermoon
UPDATE `quest_template` SET `RequiredRaces` = 690 WHERE `entry` = 12371; -- 190074 Silverpine Forest
UPDATE `quest_template` SET `RequiredRaces` = 690 WHERE `entry` = 12373; -- 190075 Ghostlands
UPDATE `quest_template` SET `RequiredRaces` = 690 WHERE `entry` = 12374; -- 190076 Crossroads
UPDATE `quest_template` SET `RequiredRaces` = 690 WHERE `entry` = 12375; -- 190077 Camp Taurajo
UPDATE `quest_template` SET `RequiredRaces` = 690 WHERE `entry` = 12376; -- 190078 Tarren Mill
UPDATE `quest_template` SET `RequiredRaces` = 690 WHERE `entry` = 12377; -- 190079 Splintertree Post
UPDATE `quest_template` SET `RequiredRaces` = 690 WHERE `entry` = 12378; -- 190080 Sun Rock Retreat
UPDATE `quest_template` SET `RequiredRaces` = 690 WHERE `entry` = 12379; -- 190081 Freewind Post
UPDATE `quest_template` SET `RequiredRaces` = 690 WHERE `entry` = 12380; -- 190082 Hammerfall
UPDATE `quest_template` SET `RequiredRaces` = 690 WHERE `entry` = 12381; -- 190083 Shadowprey Village
UPDATE `quest_template` SET `RequiredRaces` = 690 WHERE `entry` = 12382; -- 190084 Gromgol
UPDATE `quest_template` SET `RequiredRaces` = 690 WHERE `entry` = 12383; -- 190085 Brackenwall
UPDATE `quest_template` SET `RequiredRaces` = 690 WHERE `entry` = 12384; -- 190086 Stonard
UPDATE `quest_template` SET `RequiredRaces` = 690 WHERE `entry` = 12385; -- 190087 Kargath
UPDATE `quest_template` SET `RequiredRaces` = 690 WHERE `entry` = 12386; -- 190088 Mojache
UPDATE `quest_template` SET `RequiredRaces` = 690 WHERE `entry` = 12387; -- 190089 Raventusk
UPDATE `quest_template` SET `RequiredRaces` = 690 WHERE `entry` = 12388; -- 190090 Thrallmar
UPDATE `quest_template` SET `RequiredRaces` = 690 WHERE `entry` = 12389; -- 190091 Falcon Watch
UPDATE `quest_template` SET `RequiredRaces` = 690 WHERE `entry` = 12390; -- 190096 Zabra jin
UPDATE `quest_template` SET `RequiredRaces` = 690 WHERE `entry` = 12391; -- 190097 Stonebreakerhold
UPDATE `quest_template` SET `RequiredRaces` = 690 WHERE `entry` = 12392; -- 190098 Garadar
UPDATE `quest_template` SET `RequiredRaces` = 690 WHERE `entry` = 12393; -- 190099 Thunderlord
UPDATE `quest_template` SET `RequiredRaces` = 690 WHERE `entry` = 12394; -- 190100 moknathal
UPDATE `quest_template` SET `RequiredRaces` = 690 WHERE `entry` = 12395; -- 190101 Shadowmoon Village
UPDATE `quest_template` SET `RequiredRaces` = 1101 WHERE `entry` = 12286; -- 189303 Goldshire
UPDATE `quest_template` SET `RequiredRaces` = 1101 WHERE `entry` = 12331; -- 190034 Dolanaar
UPDATE `quest_template` SET `RequiredRaces` = 1101 WHERE `entry` = 12332; -- 190036 Kharanos
UPDATE `quest_template` SET `RequiredRaces` = 1101 WHERE `entry` = 12333; -- 190037 Azure Watch
UPDATE `quest_template` SET `RequiredRaces` = 1101 WHERE `entry` = 12334; -- 190038 Darnassus
UPDATE `quest_template` SET `RequiredRaces` = 1101 WHERE `entry` = 12335; -- 190039 IF
UPDATE `quest_template` SET `RequiredRaces` = 1101 WHERE `entry` = 12336; -- 190040 SW
UPDATE `quest_template` SET `RequiredRaces` = 1101 WHERE `entry` = 12337; -- 190041 Exodar
UPDATE `quest_template` SET `RequiredRaces` = 1101 WHERE `entry` = 12338; -- 190042 Auberdine
UPDATE `quest_template` SET `RequiredRaces` = 1101 WHERE `entry` = 12339; -- 190043 Loch Modan
UPDATE `quest_template` SET `RequiredRaces` = 1101 WHERE `entry` = 12340; -- 190047 Westfall
UPDATE `quest_template` SET `RequiredRaces` = 1101 WHERE `entry` = 12341; -- 190045 Bloodmyst Isle
UPDATE `quest_template` SET `RequiredRaces` = 1101 WHERE `entry` = 12342; -- 190046 Redrige
UPDATE `quest_template` SET `RequiredRaces` = 1101 WHERE `entry` = 12343; -- 190044 Menthil
UPDATE `quest_template` SET `RequiredRaces` = 1101 WHERE `entry` = 12344; -- 190048 Darkshire
UPDATE `quest_template` SET `RequiredRaces` = 1101 WHERE `entry` = 12345; -- 190035 Astranaar
UPDATE `quest_template` SET `RequiredRaces` = 1101 WHERE `entry` = 12346; -- 190049 Southshore
UPDATE `quest_template` SET `RequiredRaces` = 1101 WHERE `entry` = 12347; -- 190050 Stonetalon Peak
UPDATE `quest_template` SET `RequiredRaces` = 1101 WHERE `entry` = 12348; -- 190051 Nijil point
UPDATE `quest_template` SET `RequiredRaces` = 1101 WHERE `entry` = 12349; -- 190052 Theramore
UPDATE `quest_template` SET `RequiredRaces` = 1101 WHERE `entry` = 12350; -- 190053 Feathermoon
UPDATE `quest_template` SET `RequiredRaces` = 1101 WHERE `entry` = 12351; -- 190054 Wildhammer
UPDATE `quest_template` SET `RequiredRaces` = 1101 WHERE `entry` = 12352; -- 190055 Honor Hold
UPDATE `quest_template` SET `RequiredRaces` = 1101 WHERE `entry` = 12353; -- 190056 Telhamat
UPDATE `quest_template` SET `RequiredRaces` = 1101 WHERE `entry` = 12354; -- 190057 Telredor
UPDATE `quest_template` SET `RequiredRaces` = 1101 WHERE `entry` = 12355; -- 190058 Orebor
UPDATE `quest_template` SET `RequiredRaces` = 1101 WHERE `entry` = 12356; -- 190059 Allerian
UPDATE `quest_template` SET `RequiredRaces` = 1101 WHERE `entry` = 12357; -- 190060 Telaar
UPDATE `quest_template` SET `RequiredRaces` = 1101 WHERE `entry` = 12358; -- 190061 Sylvanaar
UPDATE `quest_template` SET `RequiredRaces` = 1101 WHERE `entry` = 12359; -- 190062 Toshley
UPDATE `quest_template` SET `RequiredRaces` = 1101 WHERE `entry` = 12360; -- 190063 Wildhammer Stronghold

-- 1743 	The Aldor from other buckets
-- 1744 	The Scryers
UPDATE `gameobject_template` SET `Faction` = 1744 WHERE `entry` = 190111; -- Scryer Shattrath

UPDATE `item_template` SET `ExtraFlags` = `ExtraFlags`|1 WHERE `entry` IN (37582,37583,37584,37585); -- should expire in real time

-- Improve Loot Template
-- https://tbc.wowhead.com/item=37586/handful-of-candy#contains
-- https://wowwiki-archive.fandom.com/wiki/Handful_of_Candy
-- https://web.archive.org/web/20100130100706/http://wow.allakhazam.com/db/item.html?witem=37586#Contains_Items
REPLACE INTO `item_loot_template` (`entry`, `item`, `ChanceOrQuestChance`, `groupid`, `mincountOrRef`, `maxcount`, `condition_id`, `comments`) VALUES
(37586, 37582, 67, 0, 1, 2, 0, 'Pyroblast Cinnamon Ball'),
(37586, 37583, 100, 0, 1, 2, 0, 'G.N.E.R.D.S.'),
(37586, 37584, 67, 0, 1, 2, 0, 'Soothing Spearmint Candy'),
(37586, 37585, 67, 0, 1, 2, 0, 'Chewy Fel Taffy');

