SET @CGUID := 5305016;
DELETE FROM `creature` WHERE `id` IN (21736,21417,21419,21749); -- use wotlk data as it deletes one duplicate (guid = 74975)
INSERT INTO `creature` (`guid`, `id`, `map`, `spawnMask`, `position_x`, `position_y`, `position_z`, `orientation`, `spawntimesecsmin`, `spawntimesecsmax`, `spawndist`, `MovementType`) VALUES
(@CGUID := @CGUID + 0, 21417, 530, 1, -4016.12011718750000000000, 1982.23999023437500000000, 110.20400238037110000000, 1.86749994754791260000, 300, 300, 0, 0),
(@CGUID := @CGUID + 1, 21417, 530, 1, -3984.52001953125000000000, 1981.60998535156250000000, 111.90399932861328000000, 1.62316000461578370000, 300, 300, 0, 0),
(@CGUID := @CGUID + 1, 21417, 530, 1, -3983.96997070312500000000, 1948.16003417968750000000, 113.76899719238281000000, 4.52040004730224600000, 300, 300, 0, 0),
(@CGUID := @CGUID + 1, 21417, 530, 1, -3952.90991210937500000000, 1949.04003906250000000000, 113.08599853515625000000, 0.01745299994945526000, 300, 300, 0, 0),
(@CGUID := @CGUID + 1, 21417, 530, 1, -3950.11010742187500000000, 1916.85998535156250000000, 117.40200042724610000000, 1.25663995742797850000, 300, 300, 0, 0),
(@CGUID := @CGUID + 1, 21417, 530, 1, -3915.96997070312500000000, 1915.48999023437500000000, 111.92199707031250000000, 6.17846012115478500000, 300, 300, 0, 0),
(@CGUID := @CGUID + 1, 21417, 530, 1, -3915.83007812500000000000, 1947.93994140625000000000, 112.65299987792969000000, 1.27409005165100100000, 300, 300, 0, 0),
(@CGUID := @CGUID + 1, 21417, 530, 1, -3883.07006835937500000000, 1981.75000000000000000000, 118.85500335693360000000, 3.01941990852355960000, 300, 300, 0, 0),
(@CGUID := @CGUID + 1, 21417, 530, 1, -3882.72998046875000000000, 2016.66003417968750000000, 117.68199920654297000000, 0.17453299462795258000, 300, 300, 0, 0),
(@CGUID := @CGUID + 1, 21417, 530, 1, -3882.65991210937500000000, 1948.71997070312500000000, 118.71099853515625000000, 0.00000000000000000000, 300, 300, 0, 0),
(@CGUID := @CGUID + 1, 21417, 530, 1, -3849.94995117187500000000, 2118.27001953125000000000, 118.28700256347656000000, 5.67231988906860350000, 300, 300, 0, 0),
(@CGUID := @CGUID + 1, 21417, 530, 1, -3849.16992187500000000000, 2016.98999023437500000000, 112.81500244140625000000, 4.64258003234863300000, 300, 300, 0, 0),
(@CGUID := @CGUID + 1, 21417, 530, 1, -3849.13989257812500000000, 1947.42004394531250000000, 115.07499694824219000000, 3.59538006782531740000, 300, 300, 0, 0),
(@CGUID := @CGUID + 1, 21417, 530, 1, -3848.93994140625000000000, 1982.25000000000000000000, 116.04699707031250000000, 3.57791996002197270000, 300, 300, 0, 0),
(@CGUID := @CGUID + 1, 21417, 530, 1, -3848.72998046875000000000, 2218.54003906250000000000, 115.87300109863281000000, 1.76275002956390380000, 300, 300, 0, 0),
(@CGUID := @CGUID + 1, 21417, 530, 1, -3848.53002929687500000000, 2249.42993164062500000000, 117.76999664306640000000, 1.76275002956390380000, 300, 300, 0, 0),
(@CGUID := @CGUID + 1, 21417, 530, 1, -3847.75000000000000000000, 2182.97998046875000000000, 118.24099731445312000000, 3.15684008598327640000, 300, 300, 0, 0),
(@CGUID := @CGUID + 1, 21417, 530, 1, -3817.25000000000000000000, 2118.10009765625000000000, 111.86199951171875000000, 3.76991009712219240000, 300, 300, 0, 0),
(@CGUID := @CGUID + 1, 21417, 530, 1, -3816.52001953125000000000, 2183.86010742187500000000, 111.58499908447266000000, 1.76275002956390380000, 300, 300, 0, 0),
(@CGUID := @CGUID + 1, 21417, 530, 1, -3816.28002929687500000000, 2217.18994140625000000000, 111.53900146484375000000, 1.76275002956390380000, 300, 300, 0, 0),
(@CGUID := @CGUID + 1, 21417, 530, 1, -3815.90991210937500000000, 2283.84008789062500000000, 114.50499725341797000000, 1.76275002956390380000, 300, 300, 0, 0),
(@CGUID := @CGUID + 1, 21417, 530, 1, -3815.15991210937500000000, 2020.59997558593750000000, 112.41600036621094000000, 3.12414002418518070000, 300, 300, 0, 0),
(@CGUID := @CGUID + 1, 21417, 530, 1, -3814.96997070312500000000, 2048.55004882812500000000, 111.76799774169922000000, 3.85718011856079100000, 300, 300, 0, 0),
(@CGUID := @CGUID + 1, 21417, 530, 1, -3784.33007812500000000000, 2250.31005859375000000000, 108.41100311279297000000, 1.76275002956390380000, 300, 300, 0, 0),
(@CGUID := @CGUID + 1, 21417, 530, 1, -3783.96997070312500000000, 2183.78002929687500000000, 100.27300262451172000000, 1.76275002956390380000, 300, 300, 0, 0),
(@CGUID := @CGUID + 1, 21417, 530, 1, -3783.71997070312500000000, 1943.93005371093750000000, 115.34799957275390000000, 1.56675004959106450000, 300, 300, 0, 0),
(@CGUID := @CGUID + 1, 21417, 530, 1, -3783.12988281250000000000, 1918.50000000000000000000, 118.91999816894531000000, 2.33643007278442400000, 300, 300, 0, 0),
(@CGUID := @CGUID + 1, 21417, 530, 1, -3782.96997070312500000000, 2082.78002929687500000000, 107.03099822998047000000, 1.53891003131866460000, 300, 300, 0, 0),
(@CGUID := @CGUID + 1, 21417, 530, 1, -3782.91992187500000000000, 2216.46997070312500000000, 106.74400329589844000000, 1.76275002956390380000, 300, 300, 0, 0),
(@CGUID := @CGUID + 1, 21417, 530, 1, -3782.79003906250000000000, 2048.16992187500000000000, 109.41899871826172000000, 1.53891003131866460000, 300, 300, 0, 0),
(@CGUID := @CGUID + 1, 21417, 530, 1, -3782.36010742187500000000, 2150.68994140625000000000, 96.66120147705078000000, 3.15684008598327640000, 300, 300, 0, 0),
(@CGUID := @CGUID + 1, 21417, 530, 1, -3782.22998046875000000000, 2284.06005859375000000000, 106.40899658203125000000, 1.76275002956390380000, 300, 300, 0, 0),
(@CGUID := @CGUID + 1, 21417, 530, 1, -3758.72998046875000000000, 1944.65002441406250000000, 115.49500274658203000000, 6.16525983810424800000, 300, 300, 0, 0),
(@CGUID := @CGUID + 1, 21417, 530, 1, -3750.96997070312500000000, 1984.75000000000000000000, 106.21299743652344000000, 3.15321993827819820000, 300, 300, 0, 0),
(@CGUID := @CGUID + 1, 21417, 530, 1, -3717.81005859375000000000, 2081.90991210937500000000, 104.40899658203125000000, 1.53891003131866460000, 300, 300, 0, 0),
(@CGUID := @CGUID + 1, 21417, 530, 1, -3717.34008789062500000000, 2150.09008789062500000000, 102.48300170898438000000, 2.33643007278442400000, 300, 300, 0, 0),
(@CGUID := @CGUID + 1, 21417, 530, 1, -3716.96997070312500000000, 2117.05004882812500000000, 102.13600158691406000000, 2.55679988861084000000, 300, 300, 0, 0),
(@CGUID := @CGUID + 1, 21417, 530, 1, -3716.86010742187500000000, 2184.77001953125000000000, 100.33399963378906000000, 2.33643007278442400000, 300, 300, 0, 0),
(@CGUID := @CGUID + 1, 21417, 530, 1, -3716.38989257812500000000, 1983.23999023437500000000, 103.94000244140625000000, 2.33643007278442400000, 300, 300, 0, 0),
(@CGUID := @CGUID + 1, 21417, 530, 1, -3684.20996093750000000000, 2116.27001953125000000000, 98.72429656982422000000, 2.33643007278442400000, 300, 300, 0, 0),
(@CGUID := @CGUID + 1, 21417, 530, 1, -3684.17993164062500000000, 2183.20996093750000000000, 98.87509918212890000000, 5.35626983642578100000, 300, 300, 0, 0),
(@CGUID := @CGUID + 1, 21417, 530, 1, -3683.91992187500000000000, 2083.78002929687500000000, 100.32800292968750000000, 2.33643007278442400000, 300, 300, 0, 0),
(@CGUID := @CGUID + 1, 21417, 530, 1, -3683.68994140625000000000, 2149.84008789062500000000, 100.58799743652344000000, 2.33643007278442400000, 300, 300, 0, 0),
(@CGUID := @CGUID + 1, 21417, 530, 1, -3650.55004882812500000000, 2117.25000000000000000000, 96.15100097656250000000, 5.35626983642578100000, 300, 300, 0, 0),
(@CGUID := @CGUID + 1, 21417, 530, 1, -3390.93994140625000000000, 1197.32995605468750000000, 64.92479705810547000000, 1.91986000537872310000, 300, 300, 0, 0),
(@CGUID := @CGUID + 1, 21417, 530, 1, -3385.93994140625000000000, 1040.56005859375000000000, 45.42039871215820000000, 5.41052007675170900000, 300, 300, 0, 0),
(@CGUID := @CGUID + 1, 21417, 530, 1, -3377.00000000000000000000, 1003.28002929687500000000, 31.17580032348632800000, 2.12930011749267600000, 300, 300, 0, 0),
(@CGUID := @CGUID + 1, 21417, 530, 1, -3340.83007812500000000000, 986.97601318359380000000, 35.19820022583008000000, 5.65487003326416000000, 300, 300, 0, 0),
(@CGUID := @CGUID + 1, 21417, 530, 1, -3326.36010742187500000000, 913.63201904296880000000, 33.26919937133789000000, 1.46607995033264160000, 300, 300, 0, 0),
(@CGUID := @CGUID + 1, 21417, 530, 1, -3312.28002929687500000000, 1216.76000976562500000000, 73.88169860839844000000, 3.43829989433288570000, 300, 300, 0, 0),
(@CGUID := @CGUID + 1, 21417, 530, 1, -3310.37988281250000000000, 1151.28002929687500000000, 63.22620010375976600000, 1.23917996883392330000, 300, 300, 0, 0),
(@CGUID := @CGUID + 1, 21417, 530, 1, -3303.54003906250000000000, 1075.67004394531250000000, 57.47760009765625000000, 3.07177996635437000000, 300, 300, 0, 0),
(@CGUID := @CGUID + 1, 21417, 530, 1, -3284.25000000000000000000, 2416.12011718750000000000, 74.99050140380860000000, 4.78219985961914100000, 300, 300, 0, 0),
(@CGUID := @CGUID + 1, 21417, 530, 1, -3283.88989257812500000000, 2448.51000976562500000000, 84.68890380859375000000, 0.50614500045776370000, 300, 300, 0, 0),
(@CGUID := @CGUID + 1, 21417, 530, 1, -3253.81005859375000000000, 2382.82006835937500000000, 77.23850250244140000000, 4.18878984451293950000, 300, 300, 0, 0),
(@CGUID := @CGUID + 1, 21417, 530, 1, -3253.00000000000000000000, 2617.00000000000000000000, 78.00000000000000000000, 0.00000000000000000000, 300, 300, 0, 0),
(@CGUID := @CGUID + 1, 21417, 530, 1, -3251.47998046875000000000, 2550.39990234375000000000, 82.99749755859375000000, 4.85201978683471700000, 300, 300, 0, 0),
(@CGUID := @CGUID + 1, 21417, 530, 1, -3251.34008789062500000000, 2350.90991210937500000000, 78.39029693603516000000, 4.99164009094238300000, 300, 300, 0, 0),
(@CGUID := @CGUID + 1, 21417, 530, 1, -3251.09008789062500000000, 2649.25000000000000000000, 78.57800292968750000000, 3.85718011856079100000, 300, 300, 0, 0),
(@CGUID := @CGUID + 1, 21417, 530, 1, -3251.07006835937500000000, 2517.37988281250000000000, 80.41829681396484000000, 2.87979006767272950000, 300, 300, 0, 0),
(@CGUID := @CGUID + 1, 21417, 530, 1, -3250.82006835937500000000, 2318.45996093750000000000, 79.66619873046875000000, 0.20943999290466309000, 300, 300, 0, 0),
(@CGUID := @CGUID + 1, 21417, 530, 1, -3250.00000000000000000000, 2582.00000000000000000000, 84.00000000000000000000, 3.00000000000000000000, 300, 300, 0, 0),
(@CGUID := @CGUID + 1, 21417, 530, 1, -3240.56005859375000000000, 969.09100341796880000000, 54.30440139770508000000, 2.30382990837097170000, 300, 300, 0, 0),
(@CGUID := @CGUID + 1, 21417, 530, 1, -3217.86010742187500000000, 2316.55004882812500000000, 79.93560028076172000000, 0.62831902503967290000, 300, 300, 0, 0),
(@CGUID := @CGUID + 1, 21417, 530, 1, -3217.39990234375000000000, 2482.45996093750000000000, 80.76969909667969000000, 1.09956002235412600000, 300, 300, 0, 0),
(@CGUID := @CGUID + 1, 21417, 530, 1, -3217.37988281250000000000, 2617.26000976562500000000, 76.04429626464844000000, 5.49778985977172850000, 300, 300, 0, 0),
(@CGUID := @CGUID + 1, 21417, 530, 1, -3217.12011718750000000000, 2584.05004882812500000000, 83.54730224609375000000, 5.67231988906860350000, 300, 300, 0, 0),
(@CGUID := @CGUID + 1, 21417, 530, 1, -3217.00000000000000000000, 2415.00000000000000000000, 76.00000000000000000000, 3.00000000000000000000, 300, 300, 0, 0),
(@CGUID := @CGUID + 1, 21417, 530, 1, -3217.00000000000000000000, 2649.00000000000000000000, 82.00000000000000000000, 3.00000000000000000000, 300, 300, 0, 0),
(@CGUID := @CGUID + 1, 21417, 530, 1, -3216.79003906250000000000, 2516.98999023437500000000, 79.50710296630860000000, 5.72467994689941400000, 300, 300, 0, 0),
(@CGUID := @CGUID + 1, 21417, 530, 1, -3215.85009765625000000000, 2383.44995117187500000000, 76.55780029296875000000, 4.86947011947631800000, 300, 300, 0, 0),
(@CGUID := @CGUID + 1, 21417, 530, 1, -3215.37011718750000000000, 2350.81005859375000000000, 79.94219970703125000000, 5.25343990325927700000, 300, 300, 0, 0),
(@CGUID := @CGUID + 1, 21417, 530, 1, -3215.07006835937500000000, 957.70001220703120000000, 58.19250106811523400000, 5.70723009109497100000, 300, 300, 0, 0),
(@CGUID := @CGUID + 1, 21417, 530, 1, -3214.16992187500000000000, 2549.11010742187500000000, 81.14029693603516000000, 6.10865020751953100000, 300, 300, 0, 0),
(@CGUID := @CGUID + 1, 21417, 530, 1, -3208.08007812500000000000, 1021.69000244140620000000, 69.74369812011719000000, 0.66322499513626100000, 300, 300, 0, 0),
(@CGUID := @CGUID + 1, 21417, 530, 1, -3203.98999023437500000000, 1136.39001464843750000000, 74.68180084228516000000, 1.98968005180358890000, 300, 300, 0, 0),
(@CGUID := @CGUID + 1, 21417, 530, 1, -3185.58007812500000000000, 2545.37011718750000000000, 81.56520080566406000000, 3.54302000999450700000, 300, 300, 0, 0),
(@CGUID := @CGUID + 1, 21417, 530, 1, -3184.90991210937500000000, 2418.13989257812500000000, 77.62439727783203000000, 0.76794499158859250000, 300, 300, 0, 0),
(@CGUID := @CGUID + 1, 21417, 530, 1, -3184.28002929687500000000, 2351.15991210937500000000, 80.70059967041016000000, 2.61799001693725600000, 300, 300, 0, 0),
(@CGUID := @CGUID + 1, 21417, 530, 1, -3184.07006835937500000000, 2484.08007812500000000000, 81.48560333251953000000, 0.38397198915481570000, 300, 300, 0, 0),
(@CGUID := @CGUID + 1, 21417, 530, 1, -3183.90991210937500000000, 2383.07006835937500000000, 74.97650146484375000000, 0.52359902858734130000, 300, 300, 0, 0),
(@CGUID := @CGUID + 1, 21417, 530, 1, -3183.52001953125000000000, 2316.86010742187500000000, 81.50330352783203000000, 5.27089977264404300000, 300, 300, 0, 0),
(@CGUID := @CGUID + 1, 21417, 530, 1, -3182.86010742187500000000, 2515.69995117187500000000, 80.80930328369140000000, 0.55850499868392940000, 300, 300, 0, 0),
(@CGUID := @CGUID + 1, 21417, 530, 1, -3154.01000976562500000000, 2482.31005859375000000000, 81.76609802246094000000, 1.20428001880645750000, 300, 300, 0, 0),
(@CGUID := @CGUID + 1, 21417, 530, 1, -3152.15991210937500000000, 2684.04003906250000000000, 82.59609985351562000000, 3.01941990852355960000, 300, 300, 0, 0),
(@CGUID := @CGUID + 1, 21417, 530, 1, -3152.00000000000000000000, 2515.00000000000000000000, 80.00000000000000000000, 4.00000000000000000000, 300, 300, 0, 0),
(@CGUID := @CGUID + 1, 21417, 530, 1, -3150.00000000000000000000, 2650.00000000000000000000, 79.00000000000000000000, 0.00000000000000000000, 300, 300, 0, 0),
(@CGUID := @CGUID + 1, 21417, 530, 1, -3149.00000000000000000000, 2349.00000000000000000000, 77.00000000000000000000, 1.00000000000000000000, 300, 300, 0, 0),
(@CGUID := @CGUID + 1, 21417, 530, 1, -3132.00000000000000000000, 2618.00000000000000000000, 85.00000000000000000000, 4.00000000000000000000, 300, 300, 0, 0),
(@CGUID := @CGUID + 1, 21417, 530, 1, -3119.00000000000000000000, 2650.00000000000000000000, 80.00000000000000000000, 3.00000000000000000000, 300, 300, 0, 0),
(@CGUID := @CGUID + 1, 21417, 530, 1, -3118.43994140625000000000, 2684.22998046875000000000, 80.99369812011719000000, 3.59538006782531740000, 300, 300, 0, 0),
(@CGUID := @CGUID + 1, 21417, 530, 1, -3116.20996093750000000000, 2718.08007812500000000000, 83.18569946289062000000, 0.00000000000000000000, 300, 300, 0, 0),
(@CGUID := @CGUID + 1, 21417, 530, 1, -3084.25000000000000000000, 2683.91992187500000000000, 84.00229644775390000000, 1.27409005165100100000, 300, 300, 0, 0),
(@CGUID := @CGUID + 1, 21417, 530, 1, -3084.00000000000000000000, 2683.00000000000000000000, 84.00000000000000000000, 1.00000000000000000000, 300, 300, 0, 0),
(@CGUID := @CGUID + 1, 21417, 530, 1, -3051.00000000000000000000, 2684.00000000000000000000, 85.00000000000000000000, 1.00000000000000000000, 300, 300, 0, 0),
(@CGUID := @CGUID + 1, 21417, 530, 1, -3049.00000000000000000000, 2750.00000000000000000000, 93.00000000000000000000, 6.00000000000000000000, 300, 300, 0, 0),
(@CGUID := @CGUID + 1, 21417, 530, 1, -3018.17993164062500000000, 2717.18994140625000000000, 87.26339721679688000000, 4.52040004730224600000, 300, 300, 0, 0),
(@CGUID := @CGUID + 1, 21417, 530, 1, -3017.36010742187500000000, 2685.12988281250000000000, 86.33260345458984000000, 0.01745299994945526000, 300, 300, 0, 0),
(@CGUID := @CGUID + 1, 21417, 530, 1, -3015.00000000000000000000, 2749.00000000000000000000, 90.00000000000000000000, 1.00000000000000000000, 300, 300, 0, 0),
(@CGUID := @CGUID + 1, 21417, 530, 1, -2982.69995117187500000000, 2716.34008789062500000000, 93.03639984130860000000, 1.86749994754791260000, 300, 300, 0, 0),
(@CGUID := @CGUID + 1, 21419, 530, 1, -4013.63989257812500000000, 1983.89001464843750000000, 91.92350006103516000000, 3.00984001159667970000, 30, 60, 5, 1),
(@CGUID := @CGUID + 1, 21419, 530, 1, -3986.19995117187500000000, 1949.36999511718750000000, 94.60880279541016000000, 3.05841994285583500000, 30, 60, 5, 1),
(@CGUID := @CGUID + 1, 21419, 530, 1, -3984.77001953125000000000, 1981.58996582031250000000, 96.77999877929688000000, 1.11000001430511470000, 30, 60, 5, 1),
(@CGUID := @CGUID + 1, 21419, 530, 1, -3949.71997070312500000000, 1916.77001953125000000000, 95.38999938964844000000, 6.13000011444091800000, 30, 60, 5, 1),
(@CGUID := @CGUID + 1, 21419, 530, 1, -3917.07006835937500000000, 1947.73999023437500000000, 93.52999877929688000000, 0.36000001430511475000, 30, 60, 5, 1),
(@CGUID := @CGUID + 1, 21419, 530, 1, -3916.59008789062500000000, 1916.38000488281250000000, 92.23229980468750000000, 3.97535991668701170000, 30, 60, 5, 1),
(@CGUID := @CGUID + 1, 21419, 530, 1, -3886.17993164062500000000, 1984.30004882812500000000, 98.30000305175781000000, 3.03999996185302730000, 30, 60, 5, 1),
(@CGUID := @CGUID + 1, 21419, 530, 1, -3883.71997070312500000000, 1946.14001464843750000000, 98.44989776611328000000, 4.17083978652954100000, 30, 60, 5, 1),
(@CGUID := @CGUID + 1, 21419, 530, 1, -3879.87011718750000000000, 2012.63000488281250000000, 95.33650207519531000000, 5.49428987503051800000, 30, 60, 5, 1),
(@CGUID := @CGUID + 1, 21419, 530, 1, -3850.48999023437500000000, 1982.86999511718750000000, 95.26000213623047000000, 2.32999992370605470000, 30, 60, 5, 1),
(@CGUID := @CGUID + 1, 21419, 530, 1, -3849.34008789062500000000, 2185.77001953125000000000, 95.73449707031250000000, 1.94999003410339360000, 30, 60, 5, 1),
(@CGUID := @CGUID + 1, 21419, 530, 1, -3849.00000000000000000000, 2115.37988281250000000000, 95.17250061035156000000, 2.39329004287719730000, 30, 60, 5, 1),
(@CGUID := @CGUID + 1, 21419, 530, 1, -3848.71997070312500000000, 2300.26000976562500000000, 96.39759826660156000000, 4.24727010726928700000, 30, 60, 5, 1),
(@CGUID := @CGUID + 1, 21419, 530, 1, -3847.88989257812500000000, 1952.48999023437500000000, 94.15889739990234000000, 2.72547006607055660000, 30, 60, 5, 1),
(@CGUID := @CGUID + 1, 21419, 530, 1, -3847.77001953125000000000, 2218.68994140625000000000, 93.88009643554688000000, 4.70279979705810550000, 30, 60, 5, 1),
(@CGUID := @CGUID + 1, 21419, 530, 1, -3846.34008789062500000000, 2019.33996582031250000000, 95.09449768066406000000, 4.72634983062744100000, 30, 60, 5, 1),
(@CGUID := @CGUID + 1, 21419, 530, 1, -3821.12988281250000000000, 2120.73999023437500000000, 92.08489990234375000000, 3.83640003204345700000, 30, 60, 5, 1),
(@CGUID := @CGUID + 1, 21419, 530, 1, -3817.88989257812500000000, 2186.58007812500000000000, 90.42819976806640000000, 4.72243976593017600000, 30, 60, 5, 1),
(@CGUID := @CGUID + 1, 21419, 530, 1, -3817.76000976562500000000, 2219.59008789062500000000, 91.85769653320312000000, 5.30308008193969700000, 30, 60, 5, 1),
(@CGUID := @CGUID + 1, 21419, 530, 1, -3817.67993164062500000000, 2044.13000488281250000000, 94.62270355224610000000, 1.56998002529144290000, 30, 60, 5, 1),
(@CGUID := @CGUID + 1, 21419, 530, 1, -3816.41992187500000000000, 2285.89990234375000000000, 91.40789794921875000000, 0.03754350170493126000, 30, 60, 5, 1),
(@CGUID := @CGUID + 1, 21419, 530, 1, -3815.87988281250000000000, 2023.08996582031250000000, 93.75000000000000000000, 4.78000020980835000000, 30, 60, 5, 1),
(@CGUID := @CGUID + 1, 21419, 530, 1, -3786.37988281250000000000, 2217.81005859375000000000, 86.58589935302734000000, 2.04816007614135740000, 30, 60, 5, 1),
(@CGUID := @CGUID + 1, 21419, 530, 1, -3786.10009765625000000000, 2152.50000000000000000000, 81.87049865722656000000, 2.49189996719360350000, 30, 60, 5, 1),
(@CGUID := @CGUID + 1, 21419, 530, 1, -3785.82006835937500000000, 2083.21997070312500000000, 87.66860198974610000000, 4.80097007751464800000, 30, 60, 5, 1),
(@CGUID := @CGUID + 1, 21419, 530, 1, -3784.81005859375000000000, 2286.65991210937500000000, 83.07830047607422000000, 2.74717998504638670000, 30, 60, 5, 1),
(@CGUID := @CGUID + 1, 21419, 530, 1, -3784.69995117187500000000, 1917.44995117187500000000, 96.78520202636719000000, 1.54940998554229740000, 30, 60, 5, 1),
(@CGUID := @CGUID + 1, 21419, 530, 1, -3784.50000000000000000000, 2184.18994140625000000000, 81.37329864501953000000, 4.78918981552124000000, 30, 60, 5, 1),
(@CGUID := @CGUID + 1, 21419, 530, 1, -3783.79003906250000000000, 1946.69995117187500000000, 93.70580291748047000000, 1.51013994216918950000, 30, 60, 5, 1),
(@CGUID := @CGUID + 1, 21419, 530, 1, -3783.75000000000000000000, 2051.07006835937500000000, 90.80639648437500000000, 1.65152001380920400000, 30, 60, 5, 1),
(@CGUID := @CGUID + 1, 21419, 530, 1, -3783.43994140625000000000, 2249.07006835937500000000, 86.57839965820312000000, 4.04306983947753900000, 30, 60, 5, 1),
(@CGUID := @CGUID + 1, 21419, 530, 1, -3756.43994140625000000000, 1944.63000488281250000000, 95.97840118408203000000, 3.68963003158569340000, 30, 60, 5, 1),
(@CGUID := @CGUID + 1, 21419, 530, 1, -3751.47998046875000000000, 1983.80004882812500000000, 88.71009826660156000000, 2.73536992073059100000, 30, 60, 5, 1),
(@CGUID := @CGUID + 1, 21419, 530, 1, -3719.92993164062500000000, 1983.59997558593750000000, 84.99340057373047000000, 2.87673997879028300000, 30, 60, 5, 1),
(@CGUID := @CGUID + 1, 21419, 530, 1, -3719.68994140625000000000, 2184.11010742187500000000, 77.18360137939453000000, 1.86750996112823490000, 30, 60, 5, 1),
(@CGUID := @CGUID + 1, 21419, 530, 1, -3716.15991210937500000000, 2149.14990234375000000000, 78.68810272216797000000, 1.59262001514434810000, 30, 60, 5, 1),
(@CGUID := @CGUID + 1, 21419, 530, 1, -3716.08007812500000000000, 2119.36010742187500000000, 79.15840148925781000000, 1.53085994720458980000, 30, 60, 5, 1),
(@CGUID := @CGUID + 1, 21419, 530, 1, -3715.18994140625000000000, 2079.72998046875000000000, 79.86740112304688000000, 4.93449020385742200000, 30, 60, 5, 1),
(@CGUID := @CGUID + 1, 21419, 530, 1, -3685.30004882812500000000, 2183.45996093750000000000, 76.29740142822266000000, 0.01789809949696064000, 30, 60, 5, 1),
(@CGUID := @CGUID + 1, 21419, 530, 1, -3685.26000976562500000000, 2114.55004882812500000000, 77.27850341796875000000, 4.52609014511108400000, 30, 60, 5, 1),
(@CGUID := @CGUID + 1, 21419, 530, 1, -3683.27001953125000000000, 2153.67993164062500000000, 77.20809936523438000000, 4.69102001190185550000, 30, 60, 5, 1),
(@CGUID := @CGUID + 1, 21419, 530, 1, -3683.11010742187500000000, 2082.64990234375000000000, 79.05490112304688000000, 4.85595989227294900000, 30, 60, 5, 1),
(@CGUID := @CGUID + 1, 21419, 530, 1, -3652.88989257812500000000, 2118.23999023437500000000, 74.09989929199219000000, 4.19621992111206050000, 30, 60, 5, 1),
(@CGUID := @CGUID + 1, 21419, 530, 1, -3284.70996093750000000000, 2448.12988281250000000000, 64.57640075683594000000, 2.57989001274108900000, 30, 60, 5, 1),
(@CGUID := @CGUID + 1, 21419, 530, 1, -3281.23999023437500000000, 2416.61010742187500000000, 61.03480148315430000000, 1.92473995685577400000, 30, 60, 5, 1),
(@CGUID := @CGUID + 1, 21419, 530, 1, -3254.84008789062500000000, 2618.43994140625000000000, 61.45000076293945000000, 0.20000000298023224000, 30, 60, 5, 1),
(@CGUID := @CGUID + 1, 21419, 530, 1, -3253.86010742187500000000, 2381.15991210937500000000, 62.47000122070312500000, 0.50999999046325680000, 30, 60, 5, 1),
(@CGUID := @CGUID + 1, 21419, 530, 1, -3253.62011718750000000000, 2323.84008789062500000000, 62.23170089721680000000, 5.70664978027343750000, 30, 60, 5, 1),
(@CGUID := @CGUID + 1, 21419, 530, 1, -3250.19995117187500000000, 2583.78002929687500000000, 61.63280105590820000000, 0.96260899305343630000, 30, 60, 5, 1),
(@CGUID := @CGUID + 1, 21419, 530, 1, -3249.13989257812500000000, 2559.46997070312500000000, 64.31950378417969000000, 4.85854005813598600000, 30, 60, 5, 1),
(@CGUID := @CGUID + 1, 21419, 530, 1, -3249.06005859375000000000, 2651.37988281250000000000, 60.85449981689453000000, 5.34021997451782200000, 30, 60, 5, 1),
(@CGUID := @CGUID + 1, 21419, 530, 1, -3247.41992187500000000000, 2515.34008789062500000000, 63.04710006713867000000, 4.55047988891601600000, 30, 60, 5, 1),
(@CGUID := @CGUID + 1, 21419, 530, 1, -3218.48999023437500000000, 2649.43994140625000000000, 63.26530075073242000000, 3.92409992218017600000, 30, 60, 5, 1),
(@CGUID := @CGUID + 1, 21419, 530, 1, -3217.28002929687500000000, 2484.20996093750000000000, 57.88999938964844000000, 0.46999999880790710000, 30, 60, 5, 1),
(@CGUID := @CGUID + 1, 21419, 530, 1, -3216.95996093750000000000, 2616.12011718750000000000, 62.82880020141601600000, 5.39739990234375000000, 30, 60, 5, 1),
(@CGUID := @CGUID + 1, 21419, 530, 1, -3216.87011718750000000000, 2517.23999023437500000000, 63.16579818725586000000, 0.57576298713684080000, 30, 60, 5, 1),
(@CGUID := @CGUID + 1, 21419, 530, 1, -3215.87011718750000000000, 2350.39990234375000000000, 62.34000015258789000000, 6.01999998092651400000, 30, 60, 5, 1),
(@CGUID := @CGUID + 1, 21419, 530, 1, -3215.52001953125000000000, 2582.64990234375000000000, 63.65209960937500000000, 3.36232995986938480000, 30, 60, 5, 1),
(@CGUID := @CGUID + 1, 21419, 530, 1, -3212.23999023437500000000, 2416.83007812500000000000, 62.40660095214844000000, 3.04489994049072270000, 30, 60, 5, 1),
(@CGUID := @CGUID + 1, 21419, 530, 1, -3211.75000000000000000000, 2553.34008789062500000000, 61.72689819335937500000, 5.99206018447876000000, 30, 60, 5, 1),
(@CGUID := @CGUID + 1, 21419, 530, 1, -3186.76000976562500000000, 2548.82006835937500000000, 61.85540008544922000000, 0.89243501424789430000, 30, 60, 5, 1),
(@CGUID := @CGUID + 1, 21419, 530, 1, -3186.60009765625000000000, 2482.21997070312500000000, 62.63479995727539000000, 1.17725002765655520000, 30, 60, 5, 1),
(@CGUID := @CGUID + 1, 21419, 530, 1, -3181.80004882812500000000, 2316.43994140625000000000, 63.31000137329101600000, 6.13000011444091800000, 30, 60, 5, 1),
(@CGUID := @CGUID + 1, 21419, 530, 1, -3149.82006835937500000000, 2514.47998046875000000000, 62.28870010375976600000, 5.54055023193359400000, 30, 60, 5, 1),
(@CGUID := @CGUID + 1, 21419, 530, 1, -3149.35009765625000000000, 2685.69995117187500000000, 61.43349838256836000000, 1.70149004459381100000, 30, 60, 5, 1),
(@CGUID := @CGUID + 1, 21419, 530, 1, -3149.07006835937500000000, 2652.15991210937500000000, 62.35240173339844000000, 1.09791004657745360000, 30, 60, 5, 1),
(@CGUID := @CGUID + 1, 21419, 530, 1, -3146.26000976562500000000, 2350.14990234375000000000, 59.31000137329101600000, 0.81999999284744260000, 30, 60, 5, 1),
(@CGUID := @CGUID + 1, 21419, 530, 1, -3118.95996093750000000000, 2685.16992187500000000000, 60.09479904174805000000, 5.72090005874633800000, 30, 60, 5, 1),
(@CGUID := @CGUID + 1, 21419, 530, 1, -3117.82006835937500000000, 2716.87011718750000000000, 63.04539871215820000000, 0.05096200108528137000, 30, 60, 5, 1),
(@CGUID := @CGUID + 1, 21419, 530, 1, -3056.40991210937500000000, 2687.51000976562500000000, 63.14770126342773400000, 5.80998992919921900000, 30, 60, 5, 1),
(@CGUID := @CGUID + 1, 21419, 530, 1, -3042.09008789062500000000, 2749.98999023437500000000, 69.34860229492188000000, 3.10775995254516600000, 30, 60, 5, 1),
(@CGUID := @CGUID + 1, 21419, 530, 1, -3022.26000976562500000000, 2712.04003906250000000000, 66.44969940185547000000, 3.49486994743347170000, 30, 60, 5, 1),
(@CGUID := @CGUID + 1, 21419, 530, 1, -3019.94995117187500000000, 2692.35009765625000000000, 64.95559692382812000000, 4.77987003326416000000, 30, 60, 5, 1),
(@CGUID := @CGUID + 1, 21419, 530, 1, -3016.61010742187500000000, 2750.28002929687500000000, 70.49330139160156000000, 1.62316000461578370000, 30, 60, 5, 1),
(@CGUID := @CGUID + 1, 21419, 530, 1, -2987.05004882812500000000, 2714.72998046875000000000, 69.33910369873047000000, 3.61301994323730470000, 30, 60, 5, 1),
(@CGUID := @CGUID + 1, 21736, 530, 1, -4017.89990234375000000000, 1984.45996093750000000000, 90.54949951171875000000, 5.02814006805419900000, 300, 300, 1, 1),
(@CGUID := @CGUID + 1, 21736, 530, 1, -4014.38989257812500000000, 1978.42004394531250000000, 90.59169769287110000000, 1.29788994789123540000, 300, 300, 1, 1),
(@CGUID := @CGUID + 1, 21736, 530, 1, -3988.48999023437500000000, 1986.07995605468750000000, 96.05650329589844000000, 5.19739007949829100000, 300, 300, 1, 1),
(@CGUID := @CGUID + 1, 21736, 530, 1, -3986.14990234375000000000, 1953.69995117187500000000, 94.10279846191406000000, 4.13642978668212900000, 300, 300, 1, 1),
(@CGUID := @CGUID + 1, 21736, 530, 1, -3981.79003906250000000000, 1950.26000976562500000000, 94.83039855957031000000, 3.34166002273559570000, 300, 300, 1, 1),
(@CGUID := @CGUID + 1, 21736, 530, 1, -3981.21997070312500000000, 1987.06994628906250000000, 96.05210113525390000000, 4.10175991058349600000, 300, 300, 1, 1),
(@CGUID := @CGUID + 1, 21736, 530, 1, -3946.42993164062500000000, 1913.32995605468750000000, 94.05220031738281000000, 2.38566994667053220000, 300, 300, 1, 1),
(@CGUID := @CGUID + 1, 21736, 530, 1, -3944.93994140625000000000, 1920.79003906250000000000, 94.29340362548828000000, 3.63445997238159200000, 300, 300, 1, 1),
(@CGUID := @CGUID + 1, 21736, 530, 1, -3923.06005859375000000000, 1914.08996582031250000000, 92.26660156250000000000, 0.52427899837493900000, 300, 300, 1, 1),
(@CGUID := @CGUID + 1, 21736, 530, 1, -3922.98999023437500000000, 1949.44995117187500000000, 93.17160034179688000000, 0.00190000003203749660, 300, 300, 1, 1),
(@CGUID := @CGUID + 1, 21736, 530, 1, -3919.63989257812500000000, 1943.72998046875000000000, 93.00260162353516000000, 0.88556098937988280000, 300, 300, 1, 1),
(@CGUID := @CGUID + 1, 21736, 530, 1, -3917.50000000000000000000, 1910.60998535156250000000, 91.65579986572266000000, 1.36073005199432370000, 300, 300, 1, 1),
(@CGUID := @CGUID + 1, 21736, 530, 1, -3888.16992187500000000000, 1982.38000488281250000000, 98.74780273437500000000, 0.00000000000000000000, 300, 300, 1, 1),
(@CGUID := @CGUID + 1, 21736, 530, 1, -3887.31005859375000000000, 2009.19995117187500000000, 95.58450317382812000000, 0.60574501752853390000, 300, 300, 1, 1),
(@CGUID := @CGUID + 1, 21736, 530, 1, -3887.29003906250000000000, 1948.88000488281250000000, 98.33580017089844000000, 3.45666003227233900000, 300, 300, 1, 1),
(@CGUID := @CGUID + 1, 21736, 530, 1, -3884.47998046875000000000, 2010.45996093750000000000, 95.12000274658203000000, 0.21999999880790710000, 300, 300, 1, 1),
(@CGUID := @CGUID + 1, 21736, 530, 1, -3883.62988281250000000000, 1983.26000976562500000000, 98.27790069580078000000, 4.45059013366699200000, 300, 300, 1, 1),
(@CGUID := @CGUID + 1, 21736, 530, 1, -3882.43994140625000000000, 1951.40002441406250000000, 98.63189697265625000000, 4.47484016418457000000, 300, 300, 1, 1),
(@CGUID := @CGUID + 1, 21736, 530, 1, -3880.85009765625000000000, 2007.17004394531250000000, 95.21540069580078000000, 1.99196994304656980000, 300, 300, 1, 1),
(@CGUID := @CGUID + 1, 21736, 530, 1, -3856.46997070312500000000, 1982.79003906250000000000, 95.61150360107422000000, 6.08489990234375000000, 300, 300, 1, 1),
(@CGUID := @CGUID + 1, 21736, 530, 1, -3852.33007812500000000000, 1988.69995117187500000000, 95.35790252685547000000, 5.05211019515991200000, 300, 300, 1, 1),
(@CGUID := @CGUID + 1, 21736, 530, 1, -3852.11010742187500000000, 1954.34997558593750000000, 95.22570037841797000000, 0.99971002340316770000, 300, 300, 1, 1),
(@CGUID := @CGUID + 1, 21736, 530, 1, -3851.14990234375000000000, 2184.88989257812500000000, 95.98780059814453000000, 5.71128988265991200000, 300, 300, 1, 1),
(@CGUID := @CGUID + 1, 21736, 530, 1, -3850.32006835937500000000, 1953.72998046875000000000, 94.86849975585938000000, 0.00000000000000000000, 300, 300, 1, 1),
(@CGUID := @CGUID + 1, 21736, 530, 1, -3849.97998046875000000000, 2219.70996093750000000000, 94.11260223388672000000, 0.05920829996466637000, 300, 300, 1, 1),
(@CGUID := @CGUID + 1, 21736, 530, 1, -3849.52001953125000000000, 2253.86010742187500000000, 96.97039794921875000000, 5.92612981796264650000, 300, 300, 1, 1),
(@CGUID := @CGUID + 1, 21736, 530, 1, -3847.97998046875000000000, 2183.60009765625000000000, 95.67459869384766000000, 3.34960007667541500000, 300, 300, 1, 1),
(@CGUID := @CGUID + 1, 21736, 530, 1, -3847.88989257812500000000, 2111.23999023437500000000, 95.10790252685547000000, 0.00000000000000000000, 300, 300, 1, 1),
(@CGUID := @CGUID + 1, 21736, 530, 1, -3847.09008789062500000000, 2215.72998046875000000000, 93.80059814453125000000, 1.67712998390197750000, 300, 300, 1, 1),
(@CGUID := @CGUID + 1, 21736, 530, 1, -3846.23999023437500000000, 2250.46997070312500000000, 95.53929901123047000000, 4.37575006484985350000, 300, 300, 1, 1),
(@CGUID := @CGUID + 1, 21736, 530, 1, -3845.92993164062500000000, 2217.78002929687500000000, 93.71440124511719000000, 3.24793004989624020000, 300, 300, 1, 1),
(@CGUID := @CGUID + 1, 21736, 530, 1, -3845.63989257812500000000, 2016.54003906250000000000, 95.10900115966797000000, 2.22923994064331050000, 300, 300, 1, 1),
(@CGUID := @CGUID + 1, 21736, 530, 1, -3844.54003906250000000000, 2116.72998046875000000000, 94.95999908447266000000, 3.32999992370605470000, 300, 300, 1, 1),
(@CGUID := @CGUID + 1, 21736, 530, 1, -3844.12011718750000000000, 2020.86999511718750000000, 95.06020355224610000000, 4.32852983474731450000, 300, 300, 1, 1),
(@CGUID := @CGUID + 1, 21736, 530, 1, -3827.18994140625000000000, 2120.64990234375000000000, 93.36039733886719000000, 4.04778003692626950000, 300, 300, 1, 1),
(@CGUID := @CGUID + 1, 21736, 530, 1, -3825.95996093750000000000, 2117.47998046875000000000, 92.31520080566406000000, 3.23292994499206540000, 300, 300, 1, 1),
(@CGUID := @CGUID + 1, 21736, 530, 1, -3821.78002929687500000000, 2020.58996582031250000000, 93.70310211181640000000, 0.39862799644470215000, 300, 300, 1, 1),
(@CGUID := @CGUID + 1, 21736, 530, 1, -3820.66992187500000000000, 2048.14990234375000000000, 94.59559631347656000000, 5.25238990783691400000, 300, 300, 1, 1),
(@CGUID := @CGUID + 1, 21736, 530, 1, -3819.33007812500000000000, 2185.37988281250000000000, 90.84490203857422000000, 2.14007997512817400000, 300, 300, 1, 1),
(@CGUID := @CGUID + 1, 21736, 530, 1, -3818.35009765625000000000, 2217.66992187500000000000, 91.90730285644531000000, 5.92612981796264650000, 300, 300, 1, 1),
(@CGUID := @CGUID + 1, 21736, 530, 1, -3816.40991210937500000000, 2183.84008789062500000000, 90.41989898681640000000, 2.14007997512817400000, 300, 300, 1, 1),
(@CGUID := @CGUID + 1, 21736, 530, 1, -3816.35009765625000000000, 2048.41992187500000000000, 94.72270202636719000000, 4.41296005249023400000, 300, 300, 1, 1),
(@CGUID := @CGUID + 1, 21736, 530, 1, -3816.21997070312500000000, 2288.03002929687500000000, 91.81030273437500000000, 5.43270015716552700000, 300, 300, 1, 1),
(@CGUID := @CGUID + 1, 21736, 530, 1, -3816.10009765625000000000, 2284.47998046875000000000, 91.11920166015625000000, 5.43270015716552700000, 300, 300, 1, 1),
(@CGUID := @CGUID + 1, 21736, 530, 1, -3815.67993164062500000000, 2219.69995117187500000000, 91.35620117187500000000, 1.36925005912780760000, 300, 300, 1, 1),
(@CGUID := @CGUID + 1, 21736, 530, 1, -3814.08007812500000000000, 2017.70996093750000000000, 92.79799652099610000000, 2.02047991752624500000, 300, 300, 1, 1),
(@CGUID := @CGUID + 1, 21736, 530, 1, -3787.40991210937500000000, 2080.85009765625000000000, 87.84790039062500000000, 2.78886008262634280000, 300, 300, 1, 1),
(@CGUID := @CGUID + 1, 21736, 530, 1, -3787.32006835937500000000, 2215.57006835937500000000, 86.44129943847656000000, 0.93256199359893800000, 300, 300, 1, 1),
(@CGUID := @CGUID + 1, 21736, 530, 1, -3787.19995117187500000000, 2085.43994140625000000000, 87.89360046386719000000, 3.06218004226684570000, 300, 300, 1, 1),
(@CGUID := @CGUID + 1, 21736, 530, 1, -3785.89990234375000000000, 2185.35009765625000000000, 81.76930236816406000000, 4.72840976715087900000, 300, 300, 1, 1),
(@CGUID := @CGUID + 1, 21736, 530, 1, -3785.57006835937500000000, 1919.07995605468750000000, 96.22280120849610000000, 5.04797983169555700000, 300, 300, 1, 1),
(@CGUID := @CGUID + 1, 21736, 530, 1, -3785.57006835937500000000, 2248.94995117187500000000, 87.24040222167969000000, 3.77158999443054200000, 300, 300, 1, 1),
(@CGUID := @CGUID + 1, 21736, 530, 1, -3785.54003906250000000000, 1944.53002929687500000000, 93.80770111083984000000, 1.26435005664825440000, 300, 300, 1, 1),
(@CGUID := @CGUID + 1, 21736, 530, 1, -3785.35009765625000000000, 2220.38989257812500000000, 86.66400146484375000000, 3.34433007240295400000, 300, 300, 1, 1),
(@CGUID := @CGUID + 1, 21736, 530, 1, -3785.34008789062500000000, 2150.13989257812500000000, 81.73979949951172000000, 0.86385798454284670000, 300, 300, 1, 1),
(@CGUID := @CGUID + 1, 21736, 530, 1, -3785.08007812500000000000, 1915.10998535156250000000, 97.22709655761719000000, 2.32499003410339360000, 300, 300, 1, 1),
(@CGUID := @CGUID + 1, 21736, 530, 1, -3784.83007812500000000000, 2049.61010742187500000000, 90.94550323486328000000, 1.30875003337860100000, 300, 300, 1, 1),
(@CGUID := @CGUID + 1, 21736, 530, 1, -3784.76000976562500000000, 2154.44995117187500000000, 81.31279754638672000000, 5.41760015487670900000, 300, 300, 1, 1),
(@CGUID := @CGUID + 1, 21736, 530, 1, -3784.75000000000000000000, 1950.28002929687500000000, 92.47570037841797000000, 4.68476009368896500000, 300, 300, 1, 1),
(@CGUID := @CGUID + 1, 21736, 530, 1, -3784.00000000000000000000, 2186.59008789062500000000, 81.29530334472656000000, 4.72840976715087900000, 300, 300, 1, 1),
(@CGUID := @CGUID + 1, 21736, 530, 1, -3783.53002929687500000000, 2082.98999023437500000000, 87.03610229492188000000, 2.78886008262634280000, 300, 300, 1, 1),
(@CGUID := @CGUID + 1, 21736, 530, 1, -3783.46997070312500000000, 2246.62988281250000000000, 86.91040039062500000000, 3.77158999443054200000, 300, 300, 1, 1),
(@CGUID := @CGUID + 1, 21736, 530, 1, -3783.40991210937500000000, 2216.37011718750000000000, 86.09639739990234000000, 3.34433007240295400000, 300, 300, 1, 1),
(@CGUID := @CGUID + 1, 21736, 530, 1, -3783.26000976562500000000, 2281.75000000000000000000, 82.70899963378906000000, 5.43270015716552700000, 300, 300, 1, 1),
(@CGUID := @CGUID + 1, 21736, 530, 1, -3783.07006835937500000000, 2182.53002929687500000000, 81.04329681396484000000, 5.09946012496948200000, 300, 300, 1, 1),
(@CGUID := @CGUID + 1, 21736, 530, 1, -3782.78002929687500000000, 2052.59008789062500000000, 90.64029693603516000000, 4.01680994033813500000, 300, 300, 1, 1),
(@CGUID := @CGUID + 1, 21736, 530, 1, -3782.39990234375000000000, 1916.43994140625000000000, 97.60240173339844000000, 2.96273994445800800000, 300, 300, 1, 1),
(@CGUID := @CGUID + 1, 21736, 530, 1, -3782.35009765625000000000, 2048.84008789062500000000, 90.50800323486328000000, 2.22923994064331050000, 300, 300, 1, 1),
(@CGUID := @CGUID + 1, 21736, 530, 1, -3782.08007812500000000000, 2290.53002929687500000000, 83.55889892578125000000, 5.43270015716552700000, 300, 300, 1, 1),
(@CGUID := @CGUID + 1, 21736, 530, 1, -3781.84008789062500000000, 2286.79003906250000000000, 82.52899932861328000000, 6.07208013534545900000, 300, 300, 1, 1),
(@CGUID := @CGUID + 1, 21736, 530, 1, -3781.35009765625000000000, 1945.67004394531250000000, 94.38790130615234000000, 2.65057992935180660000, 300, 300, 1, 1),
(@CGUID := @CGUID + 1, 21736, 530, 1, -3757.52001953125000000000, 1941.96997070312500000000, 96.40329742431640000000, 1.11591994762420650000, 300, 300, 1, 1),
(@CGUID := @CGUID + 1, 21736, 530, 1, -3754.94995117187500000000, 1948.17004394531250000000, 95.50370025634766000000, 4.29286003112793000000, 300, 300, 1, 1),
(@CGUID := @CGUID + 1, 21736, 530, 1, -3753.28002929687500000000, 1943.43994140625000000000, 96.62930297851562000000, 2.54064011573791500000, 300, 300, 1, 1),
(@CGUID := @CGUID + 1, 21736, 530, 1, -3752.47998046875000000000, 1981.11999511718750000000, 89.24019622802734000000, 1.37038004398345950000, 300, 300, 1, 1),
(@CGUID := @CGUID + 1, 21736, 530, 1, -3750.90991210937500000000, 1987.58996582031250000000, 87.95220184326172000000, 4.08235979080200200000, 300, 300, 1, 1),
(@CGUID := @CGUID + 1, 21736, 530, 1, -3748.91992187500000000000, 1985.23999023437500000000, 88.12329864501953000000, 3.98969006538391100000, 300, 300, 1, 1),
(@CGUID := @CGUID + 1, 21736, 530, 1, -3719.07006835937500000000, 2179.89990234375000000000, 76.86070251464844000000, 1.75764000415802000000, 300, 300, 1, 1),
(@CGUID := @CGUID + 1, 21736, 530, 1, -3718.56005859375000000000, 2187.25000000000000000000, 77.30020141601562000000, 4.16247987747192400000, 300, 300, 1, 1),
(@CGUID := @CGUID + 1, 21736, 530, 1, -3718.37011718750000000000, 1979.31994628906250000000, 85.03019714355469000000, 2.82923007011413570000, 300, 300, 1, 1),
(@CGUID := @CGUID + 1, 21736, 530, 1, -3717.98999023437500000000, 2148.65991210937500000000, 78.93270111083984000000, 1.50865995883941650000, 300, 300, 1, 1),
(@CGUID := @CGUID + 1, 21736, 530, 1, -3717.92993164062500000000, 2119.37988281250000000000, 79.15080261230469000000, 4.62275981903076200000, 300, 300, 1, 1),
(@CGUID := @CGUID + 1, 21736, 530, 1, -3717.91992187500000000000, 2153.12988281250000000000, 78.95230102539062000000, 4.54971981048584000000, 300, 300, 1, 1),
(@CGUID := @CGUID + 1, 21736, 530, 1, -3717.79003906250000000000, 2080.87988281250000000000, 79.70529937744140000000, 6.01993989944458000000, 300, 300, 1, 1),
(@CGUID := @CGUID + 1, 21736, 530, 1, -3717.32006835937500000000, 2144.40991210937500000000, 78.49810028076172000000, 1.52987003326416020000, 300, 300, 1, 1),
(@CGUID := @CGUID + 1, 21736, 530, 1, -3717.26000976562500000000, 2183.46997070312500000000, 77.21510314941406000000, 2.35139989852905270000, 300, 300, 1, 1),
(@CGUID := @CGUID + 1, 21736, 530, 1, -3717.05004882812500000000, 2077.62988281250000000000, 80.18959808349610000000, 0.61090397834777830000, 300, 300, 1, 1),
(@CGUID := @CGUID + 1, 21736, 530, 1, -3716.56005859375000000000, 1983.13000488281250000000, 84.48940277099610000000, 4.03323984146118200000, 300, 300, 1, 1),
(@CGUID := @CGUID + 1, 21736, 530, 1, -3715.63989257812500000000, 1986.16003417968750000000, 84.50070190429688000000, 3.64211010932922360000, 300, 300, 1, 1),
(@CGUID := @CGUID + 1, 21736, 530, 1, -3714.86010742187500000000, 2115.62988281250000000000, 78.92659759521484000000, 2.27442002296447750000, 300, 300, 1, 1),
(@CGUID := @CGUID + 1, 21736, 530, 1, -3713.20996093750000000000, 2081.54003906250000000000, 79.79709625244140000000, 3.69124007225036600000, 300, 300, 1, 1),
(@CGUID := @CGUID + 1, 21736, 530, 1, -3685.40991210937500000000, 2155.23999023437500000000, 77.30629730224610000000, 3.56121993064880370000, 300, 300, 1, 1),
(@CGUID := @CGUID + 1, 21736, 530, 1, -3685.19995117187500000000, 2181.82006835937500000000, 76.48480224609375000000, 1.99906003475189200000, 300, 300, 1, 1),
(@CGUID := @CGUID + 1, 21736, 530, 1, -3684.92993164062500000000, 2117.37988281250000000000, 77.25969696044922000000, 4.22488021850585900000, 300, 300, 1, 1),
(@CGUID := @CGUID + 1, 21736, 530, 1, -3684.83007812500000000000, 2151.28002929687500000000, 77.45130157470703000000, 5.38961982727050800000, 300, 300, 1, 1),
(@CGUID := @CGUID + 1, 21736, 530, 1, -3684.71997070312500000000, 2080.19995117187500000000, 79.29000091552734000000, 3.09626007080078120000, 300, 300, 1, 1),
(@CGUID := @CGUID + 1, 21736, 530, 1, -3684.58007812500000000000, 2084.19995117187500000000, 79.03489685058594000000, 3.09626007080078120000, 300, 300, 1, 1),
(@CGUID := @CGUID + 1, 21736, 530, 1, -3683.68994140625000000000, 2114.37011718750000000000, 76.95490264892578000000, 1.99906003475189200000, 300, 300, 1, 1),
(@CGUID := @CGUID + 1, 21736, 530, 1, -3682.80004882812500000000, 2184.62988281250000000000, 76.12650299072266000000, 3.87223005294799800000, 300, 300, 1, 1),
(@CGUID := @CGUID + 1, 21736, 530, 1, -3682.77001953125000000000, 2080.10009765625000000000, 79.36479949951172000000, 3.09626007080078120000, 300, 300, 1, 1),
(@CGUID := @CGUID + 1, 21736, 530, 1, -3681.63989257812500000000, 2150.36010742187500000000, 77.06330108642578000000, 3.38843011856079100000, 300, 300, 1, 1),
(@CGUID := @CGUID + 1, 21736, 530, 1, -3654.43994140625000000000, 2119.73999023437500000000, 74.34570312500000000000, 5.57655000686645500000, 300, 300, 1, 1),
(@CGUID := @CGUID + 1, 21736, 530, 1, -3652.88989257812500000000, 2115.45996093750000000000, 73.79340362548828000000, 5.57655000686645500000, 300, 300, 1, 1),
(@CGUID := @CGUID + 1, 21736, 530, 1, -3650.81005859375000000000, 2117.12988281250000000000, 73.89189910888672000000, 3.56121993064880370000, 300, 300, 1, 1),
(@CGUID := @CGUID + 1, 21749, 530, 1, -3289.41992187500000000000, 2447.12011718750000000000, 63.61000061035156000000, 0.15000000596046448000, 300, 300, 1, 1),
(@CGUID := @CGUID + 1, 21749, 530, 1, -3287.61010742187500000000, 2451.77001953125000000000, 64.31999969482422000000, 5.42999982833862300000, 300, 300, 1, 1),
(@CGUID := @CGUID + 1, 21749, 530, 1, -3285.91992187500000000000, 2418.16992187500000000000, 61.27000045776367000000, 5.75000000000000000000, 300, 300, 1, 1),
(@CGUID := @CGUID + 1, 21749, 530, 1, -3281.22998046875000000000, 2421.36010742187500000000, 61.75000000000000000000, 4.69000005722045900000, 300, 300, 1, 1),
(@CGUID := @CGUID + 1, 21749, 530, 1, -3253.29003906250000000000, 2621.78002929687500000000, 61.25220108032226600000, 2.63294005393981930000, 300, 300, 1, 1),
(@CGUID := @CGUID + 1, 21749, 530, 1, -3252.17993164062500000000, 2616.12988281250000000000, 61.72930145263672000000, 3.08923006057739260000, 300, 300, 1, 1),
(@CGUID := @CGUID + 1, 21749, 530, 1, -3252.10009765625000000000, 2384.09008789062500000000, 62.56359863281250000000, 3.59538006782531740000, 300, 300, 1, 1),
(@CGUID := @CGUID + 1, 21749, 530, 1, -3251.73999023437500000000, 2514.68994140625000000000, 63.54710006713867000000, 3.43829989433288570000, 300, 300, 1, 1),
(@CGUID := @CGUID + 1, 21749, 530, 1, -3250.89990234375000000000, 2380.63989257812500000000, 62.54040145874023400000, 5.02654981613159200000, 300, 300, 1, 1),
(@CGUID := @CGUID + 1, 21749, 530, 1, -3250.64990234375000000000, 2620.54003906250000000000, 61.57550048828125000000, 2.77506995201110840000, 300, 300, 1, 1),
(@CGUID := @CGUID + 1, 21749, 530, 1, -3249.92993164062500000000, 2588.33007812500000000000, 62.02470016479492000000, 2.82743000984191900000, 300, 300, 1, 1),
(@CGUID := @CGUID + 1, 21749, 530, 1, -3249.86010742187500000000, 2321.38989257812500000000, 62.56700134277344000000, 2.56505990028381350000, 300, 300, 1, 1),
(@CGUID := @CGUID + 1, 21749, 530, 1, -3249.65991210937500000000, 2580.03002929687500000000, 61.93230056762695000000, 3.82226991653442400000, 300, 300, 1, 1),
(@CGUID := @CGUID + 1, 21749, 530, 1, -3249.31005859375000000000, 2519.34008789062500000000, 63.88299942016601600000, 5.15310001373291000000, 300, 300, 1, 1),
(@CGUID := @CGUID + 1, 21749, 530, 1, -3249.21997070312500000000, 2556.40991210937500000000, 64.19619750976562000000, 2.06188988685607900000, 300, 300, 1, 1),
(@CGUID := @CGUID + 1, 21749, 530, 1, -3248.92993164062500000000, 2647.46997070312500000000, 60.36999893188476600000, 1.87000000476837160000, 300, 300, 1, 1),
(@CGUID := @CGUID + 1, 21749, 530, 1, -3248.59008789062500000000, 2324.38989257812500000000, 62.22999954223633000000, 2.99000000953674300000, 300, 300, 1, 1),
(@CGUID := @CGUID + 1, 21749, 530, 1, -3248.05004882812500000000, 2555.14990234375000000000, 64.03150177001953000000, 1.81761002540588380000, 300, 300, 1, 1),
(@CGUID := @CGUID + 1, 21749, 530, 1, -3245.71997070312500000000, 2650.52001953125000000000, 60.81999969482422000000, 2.69000005722045900000, 300, 300, 1, 1),
(@CGUID := @CGUID + 1, 21749, 530, 1, -3219.89990234375000000000, 2583.37988281250000000000, 63.38740158081055000000, 3.33419990539550800000, 300, 300, 1, 1),
(@CGUID := @CGUID + 1, 21749, 530, 1, -3219.88989257812500000000, 2581.66992187500000000000, 63.31100082397461000000, 3.71755003929138200000, 300, 300, 1, 1),
(@CGUID := @CGUID + 1, 21749, 530, 1, -3219.07006835937500000000, 2521.12011718750000000000, 63.77529907226562500000, 5.22821998596191400000, 300, 300, 1, 1),
(@CGUID := @CGUID + 1, 21749, 530, 1, -3216.70996093750000000000, 2417.26000976562500000000, 62.46390151977539000000, 5.82542991638183600000, 300, 300, 1, 1),
(@CGUID := @CGUID + 1, 21749, 530, 1, -3216.68994140625000000000, 2518.67993164062500000000, 63.39440155029297000000, 3.24630999565124500000, 300, 300, 1, 1),
(@CGUID := @CGUID + 1, 21749, 530, 1, -3215.58007812500000000000, 2414.04003906250000000000, 62.52000045776367000000, 0.51999998092651370000, 300, 300, 1, 1),
(@CGUID := @CGUID + 1, 21749, 530, 1, -3215.33007812500000000000, 2487.88989257812500000000, 58.34249877929687500000, 2.39808011054992680000, 300, 300, 1, 1),
(@CGUID := @CGUID + 1, 21749, 530, 1, -3214.73999023437500000000, 2612.52001953125000000000, 63.09000015258789000000, 2.27999997138977050000, 300, 300, 1, 1),
(@CGUID := @CGUID + 1, 21749, 530, 1, -3214.12988281250000000000, 2646.37988281250000000000, 63.62089920043945000000, 0.71558499336242680000, 300, 300, 1, 1),
(@CGUID := @CGUID + 1, 21749, 530, 1, -3213.65991210937500000000, 2648.70996093750000000000, 63.79999923706055000000, 5.80955982208251950000, 300, 300, 1, 1),
(@CGUID := @CGUID + 1, 21749, 530, 1, -3213.56005859375000000000, 2485.39990234375000000000, 58.04999923706055000000, 3.49000000953674300000, 300, 300, 1, 1),
(@CGUID := @CGUID + 1, 21749, 530, 1, -3213.20996093750000000000, 2583.26000976562500000000, 63.86169815063476600000, 4.38078022003173800000, 300, 300, 1, 1),
(@CGUID := @CGUID + 1, 21749, 530, 1, -3212.97998046875000000000, 2615.21997070312500000000, 63.24000167846680000000, 2.71000003814697270000, 300, 300, 1, 1),
(@CGUID := @CGUID + 1, 21749, 530, 1, -3211.55004882812500000000, 2353.21997070312500000000, 62.46760177612305000000, 3.50089001655578600000, 300, 300, 1, 1),
(@CGUID := @CGUID + 1, 21749, 530, 1, -3210.85009765625000000000, 2349.48999023437500000000, 62.47129821777344000000, 3.00216007232666000000, 300, 300, 1, 1),
(@CGUID := @CGUID + 1, 21749, 530, 1, -3208.09008789062500000000, 2550.57006835937500000000, 61.77280044555664000000, 0.27260500192642210000, 300, 300, 1, 1),
(@CGUID := @CGUID + 1, 21749, 530, 1, -3206.09008789062500000000, 2547.93994140625000000000, 61.72689819335937500000, 5.38971996307373050000, 300, 300, 1, 1),
(@CGUID := @CGUID + 1, 21749, 530, 1, -3191.18994140625000000000, 2549.57006835937500000000, 62.13159942626953000000, 6.11558008193969700000, 300, 300, 1, 1),
(@CGUID := @CGUID + 1, 21749, 530, 1, -3190.79003906250000000000, 2546.84008789062500000000, 61.98040008544922000000, 4.88160991668701200000, 300, 300, 1, 1),
(@CGUID := @CGUID + 1, 21749, 530, 1, -3188.43994140625000000000, 2486.29003906250000000000, 63.04999923706055000000, 5.07000017166137700000, 300, 300, 1, 1),
(@CGUID := @CGUID + 1, 21749, 530, 1, -3184.87011718750000000000, 2486.37011718750000000000, 62.63479995727539000000, 3.15904998779296880000, 300, 300, 1, 1),
(@CGUID := @CGUID + 1, 21749, 530, 1, -3178.88989257812500000000, 2318.96997070312500000000, 62.85839843750000000000, 3.51816010475158700000, 300, 300, 1, 1),
(@CGUID := @CGUID + 1, 21749, 530, 1, -3178.32006835937500000000, 2314.68994140625000000000, 62.86009979248047000000, 2.96288990974426270000, 300, 300, 1, 1),
(@CGUID := @CGUID + 1, 21749, 530, 1, -3152.14990234375000000000, 2648.88989257812500000000, 62.62229919433594000000, 0.81449502706527710000, 300, 300, 1, 1),
(@CGUID := @CGUID + 1, 21749, 530, 1, -3149.65991210937500000000, 2512.52001953125000000000, 62.22610092163086000000, 3.99679994583129900000, 300, 300, 1, 1),
(@CGUID := @CGUID + 1, 21749, 530, 1, -3149.14990234375000000000, 2518.92993164062500000000, 62.35409927368164000000, 4.56357002258300800000, 300, 300, 1, 1),
(@CGUID := @CGUID + 1, 21749, 530, 1, -3148.60009765625000000000, 2683.63989257812500000000, 61.06090164184570000000, 2.51326990127563480000, 300, 300, 1, 1),
(@CGUID := @CGUID + 1, 21749, 530, 1, -3147.54003906250000000000, 2648.18994140625000000000, 62.78329849243164000000, 1.88496005535125730000, 300, 300, 1, 1),
(@CGUID := @CGUID + 1, 21749, 530, 1, -3146.87011718750000000000, 2687.92993164062500000000, 60.99430084228515600000, 1.29154002666473390000, 300, 300, 1, 1),
(@CGUID := @CGUID + 1, 21749, 530, 1, -3146.13989257812500000000, 2354.61010742187500000000, 58.59999847412109400000, 4.48999977111816400000, 300, 300, 1, 1),
(@CGUID := @CGUID + 1, 21749, 530, 1, -3142.13989257812500000000, 2351.56005859375000000000, 59.61999893188476600000, 3.52999997138977050000, 300, 300, 1, 1),
(@CGUID := @CGUID + 1, 21749, 530, 1, -3115.78002929687500000000, 2682.54003906250000000000, 60.88999938964844000000, 2.41000008583068850000, 300, 300, 1, 1),
(@CGUID := @CGUID + 1, 21749, 530, 1, -3115.22998046875000000000, 2716.68994140625000000000, 62.41870117187500000000, 2.02081990242004400000, 300, 300, 1, 1),
(@CGUID := @CGUID + 1, 21749, 530, 1, -3114.66992187500000000000, 2686.68994140625000000000, 60.47000122070312500000, 3.31999993324279800000, 300, 300, 1, 1),
(@CGUID := @CGUID + 1, 21749, 530, 1, -3114.36010742187500000000, 2719.73999023437500000000, 63.22719955444336000000, 3.83414006233215330000, 300, 300, 1, 1),
(@CGUID := @CGUID + 1, 21749, 530, 1, -3055.08007812500000000000, 2683.21997070312500000000, 63.32310104370117000000, 1.86985003948211670000, 300, 300, 1, 1),
(@CGUID := @CGUID + 1, 21749, 530, 1, -3052.41992187500000000000, 2685.46997070312500000000, 63.54150009155273400000, 3.10894989967346200000, 300, 300, 1, 1),
(@CGUID := @CGUID + 1, 21749, 530, 1, -3046.56005859375000000000, 2750.50000000000000000000, 69.30570220947266000000, 6.16981983184814450000, 300, 300, 1, 1),
(@CGUID := @CGUID + 1, 21749, 530, 1, -3045.58007812500000000000, 2752.61010742187500000000, 70.15830230712890000000, 5.63865995407104500000, 300, 300, 1, 1),
(@CGUID := @CGUID + 1, 21749, 530, 1, -3021.62011718750000000000, 2690.37011718750000000000, 64.59200286865234000000, 5.38044023513793950000, 300, 300, 1, 1),
(@CGUID := @CGUID + 1, 21749, 530, 1, -3019.98999023437500000000, 2754.51000976562500000000, 71.98000335693360000000, 5.21999979019165000000, 300, 300, 1, 1),
(@CGUID := @CGUID + 1, 21749, 530, 1, -3018.56005859375000000000, 2717.03002929687500000000, 67.37220001220703000000, 2.21656990051269530000, 300, 300, 1, 1),
(@CGUID := @CGUID + 1, 21749, 530, 1, -3017.81005859375000000000, 2688.39990234375000000000, 65.01270294189453000000, 2.06576991081237800000, 300, 300, 1, 1),
(@CGUID := @CGUID + 1, 21749, 530, 1, -3017.05004882812500000000, 2711.18994140625000000000, 67.18000030517578000000, 3.18000006675720200000, 300, 300, 1, 1),
(@CGUID := @CGUID + 1, 21749, 530, 1, -3016.28002929687500000000, 2755.64990234375000000000, 72.30000305175781000000, 4.73000001907348600000, 300, 300, 1, 1),
(@CGUID := @CGUID + 1, 21749, 530, 1, -2985.58007812500000000000, 2717.22998046875000000000, 69.79720306396484000000, 2.44345998764038100000, 300, 300, 1, 1),
(@CGUID := @CGUID + 1, 21749, 530, 1, -2983.66992187500000000000, 2717.65991210937500000000, 69.97830200195312000000, 3.85664010047912600000, 300, 300, 1, 1),
(@CGUID := @CGUID + 1, 21749, 530, 1, -2982.57006835937500000000, 2713.40991210937500000000, 69.82240295410156000000, 3.22885990142822270000, 300, 300, 1, 1);

SET @CGUID := 140410; -- need to  move spawns to new range to make space
SET @SGUID := 451;

-- area 4,72,1439,2517
-- 2007-10-10 14-15-37_MUUGI.sqlite
-- 2008-01-03-15-19_7561_MIHASYA.sqlite
-- 2008-02-28 07-20-11_MIHASYA.sqlite
-- 2008-02-28-15-20_7799_MIHASYA.sqlite
-- 2008-04-09-23-49_8125_MIHASYA.sqlite
-- 2009-01-04-20-32_9183_SHURA117.sqlite
-- 2009-01-05-06-10_9183_SHURA117.sqlite
-- 2009-02-13-14-07_9551_MIHASYA.sqlite
-- 2009-02-14-16-43_9551_MIHASYA.sqlite
-- 2009-02-15-17-45_9551_MIHASYA.sqlite
-- 2009-02-16-01-05_9551_SHURA117.sqlite
-- 2009-06-01-03-51_9901_MIHASYA.sqlite
-- 2009-06-01-20-50_9901_MIHASYA.sqlite
DELETE FROM `creature` WHERE `id` IN (5985, 5991, 5993, 8675); -- 29
REPLACE INTO `creature` (`guid`, `id`, `map`, `spawnMask`, `position_x`, `position_y`, `position_z`, `orientation`, `spawntimesecsmin`, `spawntimesecsmax`, `spawndist`, `MovementType`) VALUES
(@CGUID + 00, 0, 0, 1, -11815.6552734375, -2952.1240234375, 7.614311695098876953, 5.580813884735107421, 300, 300, 45, 1), -- Blasted Lands - (1) Wandering 000
(@CGUID + 01, 0, 0, 1, -11782.9423828125, -2983.3896484375, 11.46751689910888671, 2.194051265716552734, 300, 300, 45, 1), -- Blasted Lands - (1) Wandering 001
(@CGUID + 02, 0, 0, 1, -11846.501953125, -2984.885498046875, 12.35251331329345703, 4.052437782287597656, 300, 300, 45, 1), -- Blasted Lands - (1) Wandering 002
(@CGUID + 03, 0, 0, 1, -11752.861328125, -2949.29736328125, 7.974759578704833984, 2.121683597564697265, 300, 300, 45, 1), -- Blasted Lands - (1) Wandering 003
(@CGUID + 04, 0, 0, 1, -11716.2236328125, -2783.46875, 8.30498504638671875, 0.0, 300, 300, 45, 1), -- Blasted Lands - (1) Wandering 004
(@CGUID + 05, 0, 0, 1, -11650.056640625, -2782.9228515625, 6.174731254577636718, 3.348564863204956054, 300, 300, 45, 1), -- Blasted Lands - (1) Wandering 005
(@CGUID + 06, 0, 0, 1, -11684.650390625, -2815.63671875, 4.874619483947753906, 5.454936504364013671, 300, 300, 45, 1), -- Blasted Lands - (1) Wandering 006
(@CGUID + 07, 0, 0, 1, -11483.455078125, -2782.6796875, -0.97948068380355834, 5.222332477569580078, 300, 300, 45, 1), -- Blasted Lands - (1) Wandering 007
(@CGUID + 08, 0, 0, 1, -11415.1103515625, -2784.333251953125, 1.574178338050842285, 4.627970695495605468, 300, 300, 45, 1), -- Blasted Lands - (1) Wandering 008
(@CGUID + 09, 0, 0, 1, -11381.96875, -2750.50146484375, 5.938653469085693359, 6.091254711151123046, 300, 300, 45, 1), -- Blasted Lands - (1) Wandering 009
(@CGUID + 10, 0, 0, 1, -11349.9892578125, -2784.985595703125, 7.015732288360595703, 2.34022688865661621, 300, 300, 45, 1), -- Blasted Lands - (1) Wandering 010
(@CGUID + 11, 0, 0, 1, -11318.4189453125, -2746.01416015625, 9.214662551879882812, 0.984575152397155761, 300, 300, 45, 1), -- Blasted Lands - (1) Wandering 011
(@CGUID + 12, 0, 0, 1, -11350.189453125, -2849.298095703125, 7.740593433380126953, 3.501278400421142578, 300, 300, 45, 1), -- Blasted Lands - (1) Wandering 012
(@CGUID + 13, 0, 0, 1, -11384.625, -2817.575439453125, -2.24922084808349609, 1.492516994476318359, 300, 300, 45, 1), -- Blasted Lands - (1) Wandering 013
(@CGUID + 14, 0, 0, 1, -11417.4638671875, -2851.703125, 0.802566289901733398, 3.894521236419677734, 300, 300, 45, 1), -- Blasted Lands - (1) Wandering 014
(@CGUID + 15, 0, 0, 1, -11382.6279296875, -2883.592041015625, 1.466396331787109375, 5.65961456298828125, 300, 300, 45, 1), -- Blasted Lands - (1) Wandering 015
(@CGUID + 16, 0, 0, 1, -11418.9970703125, -2981.241455078125, 0.687047302722930908, 4.45518350601196289, 300, 300, 45, 1), -- Blasted Lands - (1) Wandering 016
(@CGUID + 17, 0, 0, 1, -11416.23046875, -2915.838623046875, 3.118114233016967773, 1.015328288078308105, 300, 300, 45, 1), -- Blasted Lands - (1) Wandering 017
(@CGUID + 18, 0, 0, 1, -11382.8583984375, -2949.1923828125, 3.194654226303100585, 0.361852496862411499, 300, 300, 45, 1), -- Blasted Lands - (1) Wandering 018
(@CGUID + 19, 0, 0, 1, -11462.0400390625, -2993.319091796875, 6.11200571060180664, 0.6902848482131958, 300, 300, 45, 1), -- Blasted Lands - (1) Wandering 019
(@CGUID + 20, 0, 0, 1, -11447.53125, -2950.210205078125, 6.283046722412109375, 5.174125194549560546, 300, 300, 45, 1), -- Blasted Lands - (1) Wandering 020
(@CGUID + 21, 0, 0, 1, -11418.953125, -3045.7158203125, 0.511967301368713378, 2.359026193618774414, 300, 300, 45, 1), -- Blasted Lands - (1) Wandering 021
(@CGUID + 22, 0, 0, 1, -11383.1845703125, -3016.427490234375, -4.34965944290161132, 4.253063201904296875, 300, 300, 45, 1), -- Blasted Lands - (1) Wandering 022
(@CGUID + 23, 0, 0, 1, -11453.4111328125, -3018.20458984375, 2.821009159088134765, 0.938336431980133056, 300, 300, 45, 1), -- Blasted Lands - (1) Wandering 023
(@CGUID + 24, 0, 0, 1, -11517.455078125, -3084.67919921875, -1.76611268520355224, 2.28461623191833496, 300, 300, 45, 1), -- Blasted Lands - (1) Wandering 024
(@CGUID + 25, 0, 0, 1, -11515.9072265625, -3016.358642578125, 10.97054481506347656, 3.5264739990234375, 300, 300, 45, 1), -- Blasted Lands - (1) Wandering 025
(@CGUID + 26, 0, 0, 1, -11483.0517578125, -3049.45361328125, 1.082958340644836425, 4.284347057342529296, 300, 300, 45, 1); -- Blasted Lands - (1) Wandering 026

REPLACE INTO `spawn_group_entry` (`Id`, `Entry`, `MinCount`, `MaxCount`, `Chance`) VALUES
(@SGUID + 00, 5993, 0, 0, 0), -- Helboar
(@SGUID + 01, 5993, 0, 0, 0), -- Helboar
(@SGUID + 02, 5985, 0, 0, 0), (@SGUID + 02, 5993, 0, 0, 0), (@SGUID + 02, 8675, 0, 0, 0), -- Snickerfang Hyena, Helboar, Felbeast
(@SGUID + 03, 5993, 0, 0, 0), -- Helboar
(@SGUID + 04, 5991, 0, 0, 0), -- Redstone Crystalhide
(@SGUID + 05, 5991, 0, 0, 0), -- Redstone Crystalhide
(@SGUID + 06, 5991, 0, 0, 0), -- Redstone Crystalhide
(@SGUID + 07, 5985, 0, 0, 0), (@SGUID + 07, 5993, 0, 0, 0), -- Snickerfang Hyena, Helboar
(@SGUID + 08, 5985, 0, 0, 0), (@SGUID + 08, 5993, 0, 0, 0), -- Snickerfang Hyena, Helboar
(@SGUID + 09, 8675, 0, 0, 0), -- Felbeast
(@SGUID + 10, 5985, 0, 0, 0), (@SGUID + 10, 8675, 0, 0, 0), -- Snickerfang Hyena, Felbeast
(@SGUID + 11, 5985, 0, 0, 0),  -- Snickerfang Hyena
(@SGUID + 12, 5985, 0, 0, 0), (@SGUID + 12, 5993, 0, 0, 0), -- Snickerfang Hyena, Helboar, Felbeast
(@SGUID + 13, 8675, 0, 0, 0), -- Felbeast
(@SGUID + 14, 5985, 0, 0, 0), (@SGUID + 14, 8675, 0, 0, 0), -- Snickerfang Hyena, Felbeast
(@SGUID + 15, 5985, 0, 0, 0),  -- Snickerfang Hyena
(@SGUID + 16, 5985, 0, 0, 0), (@SGUID + 16, 8675, 0, 0, 0), -- Snickerfang Hyena, Felbeast
(@SGUID + 17, 8675, 0, 0, 0), -- Felbeast
(@SGUID + 18, 5985, 0, 0, 0), (@SGUID + 18, 8675, 0, 0, 0), -- Snickerfang Hyena, Felbeast
(@SGUID + 19, 5985, 0, 0, 0), (@SGUID + 19, 8675, 0, 0, 0), -- Snickerfang Hyena, Felbeast
(@SGUID + 20, 5985, 0, 0, 0),  -- Snickerfang Hyena
(@SGUID + 21, 5985, 0, 0, 0), (@SGUID + 21, 8675, 0, 0, 0), -- Snickerfang Hyena, Felbeast
(@SGUID + 22, 5985, 0, 0, 0), (@SGUID + 22, 8675, 0, 0, 0), -- Snickerfang Hyena, Felbeast
(@SGUID + 23, 5985, 0, 0, 0), (@SGUID + 23, 8675, 0, 0, 0), -- Snickerfang Hyena, Felbeast
(@SGUID + 24, 5985, 0, 0, 0), (@SGUID + 24, 8675, 0, 0, 0), -- Snickerfang Hyena, Felbeast
(@SGUID + 25, 5985, 0, 0, 0), (@SGUID + 25, 8675, 0, 0, 0), -- Snickerfang Hyena, Felbeast
(@SGUID + 26, 5985, 0, 0, 0), (@SGUID + 26, 8675, 0, 0, 0); -- Snickerfang Hyena, Felbeast

REPLACE INTO `creature` (`guid`, `id`, `map`, `spawnMask`, `position_x`, `position_y`, `position_z`, `orientation`, `spawntimesecsmin`, `spawntimesecsmax`, `spawndist`, `MovementType`) VALUES
-- (2644, 8675, 0, 1, -11519.90039062500000000000, -3005.46997070312500000000, 13.36690044403076200000, 5.13933992385864300000, 300, 300, 5, 1), -- @CGUID + 15
-- (2736, 8675, 0, 1, -11555.29980468750000000000, -2963.45996093750000000000, 39.33069992065430000000, 1.97074997425079350000, 300, 300, 5, 1), -- @CGUID + 15
-- (2787, 5993, 0, 1, -11862.00000000000000000000, -2996.29003906250000000000, 16.91510009765625000000, 5.23105001449585000000, 300, 300, 5, 1), -- @CGUID + 02
-- (2788, 5985, 0, 1, -11844.90039062500000000000, -2996.67993164062500000000, 14.04090023040771500000, 0.81278902292251590000, 300, 300, 10, 1), -- @CGUID + 02
(2878, 5991, 0, 1, -11738.70019531250000000000, -3389.12988281250000000000, 14.47589969635009800000, 3.72791004180908200000, 300, 300, 5, 1), -- -11708.80 -3384.80 24.7483 - https://www.wowhead.com/tbc/npc=5991/redstone-crystalhide southeast
-- (3080, 8675, 0, 1, -11414.50000000000000000000, -2915.37988281250000000000, 3.11744999885559100000, 3.96470999717712400000, 300, 300, 10, 1), -- @CGUID + 17
-- (3807, 8675, 0, 1, -11413.09960937500000000000, -3019.28002929687500000000, 0.00285500008612871170, 5.22224998474121100000, 300, 300, 10, 1), -- @CGUID + 21
-- (3826, 8675, 0, 1, -11494.59960937500000000000, -2964.04003906250000000000, 35.60599899291992000000, 0.95894998311996460000, 300, 300, 5, 1), -- @CGUID + 25
-- (3833, 8675, 0, 1, -11414.29980468750000000000, -2816.80004882812500000000, -0.15188899636268616000, 3.20487999916076660000, 300, 300, 10, 1), -- @CGUID + 08
-- (3834, 5991, 0, 1, -11793.79980468750000000000, -2759.38989257812500000000, 9.82907962799072300000, 2.01822996139526370000, 300, 300, 5, 1), -- @CGUID + 4
-- (3835, 8675, 0, 1, -11439.40039062500000000000, -2999.53002929687500000000, 3.67968010902404800000, 1.44546997547149660000, 300, 300, 10, 1), -- @CGUID + 19
-- (3840, 5993, 0, 1, -11754.70019531250000000000, -2966.48999023437500000000, 8.58804035186767600000, 1.89598000049591060000, 300, 300, 10, 1), -- @CGUID + 03
-- (3841, 5993, 0, 1, -11810.79980468750000000000, -2938.38989257812500000000, 14.90590000152587900000, 4.12275981903076200000, 300, 300, 10, 1), -- @CGUID + 00
-- (3842, 5993, 0, 1, -11759.51562500000000000000, -3019.68798800000000000000, 25.53355000000000000000, 6.28040981292724600000, 300, 300, 10, 1), -- @CGUID + 01
-- (3843, 5993, 0, 1, -11750.38183600000000000000, -2905.86645500000000000000, 5.56132300000000000000, 5.37736988067626950000, 300, 300, 10, 1), -- @CGUID + 03
(3844, 5993, 0, 1, -11693.59960937500000000000, -3036.72998046875000000000, 18.24340057373047000000, 3.34396004676818850000, 300, 300, 5, 1),
(3845, 5991, 0, 1, -11669.70019531250000000000, -2818.96997070312500000000, 5.31895017623901400000, 3.06136989593505860000, 300, 300, 5, 1), -- @CGUID + 06 Moved
-- (3846, 5991, 0, 1, -11707.00000000000000000000, -2800.17993164062500000000, 6.92886018753051800000, 3.65945005416870100000, 300, 300, 5, 1), -- @CGUID + 04
-- (3849, 8675, 0, 1, -11373.79980468750000000000, -2739.85009765625000000000, 7.13812017440795900000, 1.47695994377136230000, 300, 300, 10, 1), -- @CGUID + 09
-- (3871, 5985, 0, 1, -11418.00000000000000000000, -3022.54003906250000000000, 1.05831003189086910000, 4.30031013488769500000, 300, 300, 10, 1), -- @CGUID + 21
-- (3874, 8675, 0, 1, -11491.20019531250000000000, -3048.66992187500000000000, 2.53672003746032700000, 3.40218997001647950000, 300, 300, 10, 1), -- @CGUID + 26
-- (3876, 5985, 0, 1, -11433.20019531250000000000, -2970.75000000000000000000, 3.09208989143371600000, 2.87053990364074700000, 300, 300, 10, 1), -- @CGUID + 16
-- (3880, 5985, 0, 1, -11460.09960937500000000000, -2957.48999023437500000000, 10.65569972991943400000, 3.63820004463195800000, 300, 300, 5, 1), -- @CGUID + 20
-- (3914, 5985, 0, 1, -11321.29980468750000000000, -2746.04003906250000000000, 9.27585029602050800000, 3.14941000938415530000, 300, 300, 5, 1), -- @CGUID + 11
-- (3915, 5985, 0, 1, -11352.50000000000000000000, -2786.29003906250000000000, 6.60958003997802700000, 3.62712001800537100000, 300, 300, 10, 1), -- @CGUID + 10
-- (3917, 5985, 0, 1, -11383.20019531250000000000, -2886.37011718750000000000, 1.38576996326446530000, 4.52188014984130900000, 300, 300, 5, 1), -- @CGUID + 15
-- (3919, 5985, 0, 1, -11380.90039062500000000000, -2951.26000976562500000000, 3.42932009696960450000, 5.45912981033325200000, 300, 300, 5, 1), -- @CGUID + 18
(3920, 0, 0, 1, -11317.79980468750000000000, -2985.12011718750000000000, 5.29086017608642600000, 1.29388999938964840000, 300, 300, 10, 1); -- 8675 - own node seemingly
-- (3931, 5985, 0, 1, -11517.40039062500000000000, -3079.20996093750000000000, 0.87578797340393070000, 1.56103003025054930000, 300, 300, 10, 1); -- @CGUID + 24

-- https://www.wowhead.com/tbc/npc=5991/redstone-crystalhide#map and sniff
UPDATE `creature` SET `position_x` = -11708.80, `position_y` = -3384.80, `position_z` = 24.7483 WHERE `id` = 5991 AND `guid` = 2878; -- 64.0 51.6
UPDATE `creature` SET `position_x` = -11658.90, `position_y` = -2887.72, `position_z` = 4.8535 WHERE `id` = 5991 AND `guid` = 3845; -- 49.6 49.2

REPLACE INTO `creature_spawn_entry` (`guid`, `entry`) VALUES
(3920, 5985), (3920, 8675);

REPLACE INTO `spawn_group` (`Id`, `Name`, `Type`, `MaxCount`, `WorldState`, `Flags`, `StringId`) VALUES
(@SGUID + 00, 'Blasted Lands - (1) Wandering 000 TBC+', 0, 0, 0, 0, 0),
(@SGUID + 01, 'Blasted Lands - (1) Wandering 001 TBC+', 0, 0, 0, 0, 0),
(@SGUID + 02, 'Blasted Lands - (1) Wandering 002 TBC+', 0, 0, 0, 0, 0),
(@SGUID + 03, 'Blasted Lands - (1) Wandering 003 TBC+', 0, 0, 0, 0, 0),
(@SGUID + 04, 'Blasted Lands - (1) Wandering 004 TBC+', 0, 0, 0, 0, 0),
(@SGUID + 05, 'Blasted Lands - (1) Wandering 005 TBC+', 0, 0, 0, 0, 0),
(@SGUID + 06, 'Blasted Lands - (1) Wandering 006 TBC+', 0, 0, 0, 0, 0),
(@SGUID + 07, 'Blasted Lands - (1) Wandering 007 TBC+', 0, 0, 0, 0, 0),
(@SGUID + 08, 'Blasted Lands - (1) Wandering 008 TBC+', 0, 0, 0, 0, 0),
(@SGUID + 09, 'Blasted Lands - (1) Wandering 009 TBC+', 0, 0, 0, 0, 0),
(@SGUID + 10, 'Blasted Lands - (1) Wandering 010 TBC+', 0, 0, 0, 0, 0),
(@SGUID + 11, 'Blasted Lands - (1) Wandering 011 TBC+', 0, 0, 0, 0, 0),
(@SGUID + 12, 'Blasted Lands - (1) Wandering 012 TBC+', 0, 0, 0, 0, 0),
(@SGUID + 13, 'Blasted Lands - (1) Wandering 013 TBC+', 0, 0, 0, 0, 0),
(@SGUID + 14, 'Blasted Lands - (1) Wandering 014 TBC+', 0, 0, 0, 0, 0),
(@SGUID + 15, 'Blasted Lands - (1) Wandering 015 TBC+', 0, 0, 0, 0, 0),
(@SGUID + 16, 'Blasted Lands - (1) Wandering 016 TBC+', 0, 0, 0, 0, 0),
(@SGUID + 17, 'Blasted Lands - (1) Wandering 017 TBC+', 0, 0, 0, 0, 0),
(@SGUID + 18, 'Blasted Lands - (1) Wandering 018 TBC+', 0, 0, 0, 0, 0),
(@SGUID + 19, 'Blasted Lands - (1) Wandering 019 TBC+', 0, 0, 0, 0, 0),
(@SGUID + 20, 'Blasted Lands - (1) Wandering 020 TBC+', 0, 0, 0, 0, 0),
(@SGUID + 21, 'Blasted Lands - (1) Wandering 021 TBC+', 0, 0, 0, 0, 0),
(@SGUID + 22, 'Blasted Lands - (1) Wandering 022 TBC+', 0, 0, 0, 0, 0),
(@SGUID + 23, 'Blasted Lands - (1) Wandering 023 TBC+', 0, 0, 0, 0, 0),
(@SGUID + 24, 'Blasted Lands - (1) Wandering 024 TBC+', 0, 0, 0, 0, 0),
(@SGUID + 25, 'Blasted Lands - (1) Wandering 025 TBC+', 0, 0, 0, 0, 0),
(@SGUID + 26, 'Blasted Lands - (1) Wandering 026 TBC+', 0, 0, 0, 0, 0);

REPLACE INTO `spawn_group_spawn` (`Id`, `Guid`, `SlotId`, `Chance`) VALUES
(@SGUID + 00, @CGUID + 00, 0, 0),
(@SGUID + 01, @CGUID + 01, 0, 0),
(@SGUID + 02, @CGUID + 02, 0, 0),
(@SGUID + 03, @CGUID + 03, 0, 0),
(@SGUID + 04, @CGUID + 04, 0, 0),
(@SGUID + 05, @CGUID + 05, 0, 0),
(@SGUID + 06, @CGUID + 06, 0, 0),
(@SGUID + 07, @CGUID + 07, 0, 0),
(@SGUID + 08, @CGUID + 08, 0, 0),
(@SGUID + 09, @CGUID + 09, 0, 0),
(@SGUID + 10, @CGUID + 10, 0, 0),
(@SGUID + 11, @CGUID + 11, 0, 0),
(@SGUID + 12, @CGUID + 12, 0, 0),
(@SGUID + 13, @CGUID + 13, 0, 0),
(@SGUID + 14, @CGUID + 14, 0, 0),
(@SGUID + 15, @CGUID + 15, 0, 0),
(@SGUID + 16, @CGUID + 16, 0, 0),
(@SGUID + 17, @CGUID + 17, 0, 0),
(@SGUID + 18, @CGUID + 18, 0, 0),
(@SGUID + 19, @CGUID + 19, 0, 0),
(@SGUID + 20, @CGUID + 20, 0, 0),
(@SGUID + 21, @CGUID + 21, 0, 0),
(@SGUID + 22, @CGUID + 22, 0, 0),
(@SGUID + 23, @CGUID + 23, 0, 0),
(@SGUID + 24, @CGUID + 24, 0, 0),
(@SGUID + 25, @CGUID + 25, 0, 0),
(@SGUID + 26, @CGUID + 26, 0, 0);

-- 249 - 258
-- 140290,140291,140292,140293,140294,140295,140296,140297,140298,140299
DELETE FROM `spawn_group_entry` WHERE `Id` = 249 AND `entry` = 8675; -- no Felbeast
UPDATE `spawn_group` SET `Name` = 'Blasted Lands - Redstone Crystalhide | Helboar (1) Wandering (TBC+)' WHERE `Id` = 249;
DELETE FROM `spawn_group_entry` WHERE `Id` = 250 AND `entry` = 8675; -- no Felbeast
UPDATE `spawn_group` SET `Name` = 'Blasted Lands - Redstone Crystalhide | Helboar (1) Wandering (TBC+)' WHERE `Id` = 250;
DELETE FROM `spawn_group_entry` WHERE `Id` = 251 AND `entry` = 8675; -- no Felbeast
UPDATE `spawn_group` SET `Name` = 'Blasted Lands - Redstone Crystalhide | Helboar (1) Wandering (TBC+)' WHERE `Id` = 251;
DELETE FROM `spawn_group_entry` WHERE `Id` = 252 AND `entry` = 8675; -- no Felbeast
UPDATE `spawn_group` SET `Name` = 'Blasted Lands - Redstone Crystalhide | Helboar (1) Wandering (TBC+)' WHERE `Id` = 252;
DELETE FROM `spawn_group_entry` WHERE `Id` = 253 AND `entry` = 8675; -- no Felbeast
UPDATE `spawn_group` SET `Name` = 'Blasted Lands - Redstone Crystalhide | Helboar (1) Wandering (TBC+)' WHERE `Id` = 253;
DELETE FROM `spawn_group_entry` WHERE `Id` = 254 AND `entry` = 8675; -- no Felbeast
UPDATE `spawn_group` SET `Name` = 'Blasted Lands - Redstone Crystalhide | Helboar (1) Wandering (TBC+)' WHERE `Id` = 254;
DELETE FROM `spawn_group_entry` WHERE `Id` = 255 AND `entry` = 8675; -- no Felbeast
UPDATE `spawn_group` SET `Name` = 'Blasted Lands - Redstone Crystalhide | Helboar (1) Wandering (TBC+)' WHERE `Id` = 255;
DELETE FROM `spawn_group_entry` WHERE `Id` = 256 AND `entry` = 8675; -- no Felbeast
UPDATE `spawn_group` SET `Name` = 'Blasted Lands - Redstone Crystalhide | Helboar (1) Wandering (TBC+)' WHERE `Id` = 256;
UPDATE `spawn_group_entry` SET `Entry` = 5991 WHERE `Id` = 256 AND `Entry` = 5990;
UPDATE `spawn_group_entry` SET `Entry` = 5993 WHERE `Id` = 256 AND `Entry` = 5992;
DELETE FROM `spawn_group_entry` WHERE `Id` = 257 AND `entry` = 8675; -- no Felbeast
UPDATE `spawn_group` SET `Name` = 'Blasted Lands - Redstone Crystalhide | Helboar (1) Wandering (TBC+)' WHERE `Id` = 257;
UPDATE `spawn_group_entry` SET `Entry` = 5991 WHERE `Id` = 257 AND `Entry` = 5990;
UPDATE `spawn_group_entry` SET `Entry` = 5993 WHERE `Id` = 257 AND `Entry` = 5992;
DELETE FROM `spawn_group_entry` WHERE `Id` = 258 AND `entry` = 8675; -- no Felbeast
UPDATE `spawn_group` SET `Name` = 'Blasted Lands - Redstone Crystalhide | Helboar (1) Wandering (TBC+)' WHERE `Id` = 258;

