-- ----------------
-- Netherstorm 
-- Sout East Island with Area 52 
-- ---------------


-- Bridge from Blade's Edge to netherstorm
-- Spawns
-- Also reguid them into tbc range
SET @CGUID := 5306100; -- creatures
SET @SGGUID := 5306000; -- spawn_groups
 
 
DELETE FROM creature WHERE guid IN (67423, 67424, 67425, 67426, 67427, 67428, 67429, 67430, 67431, 67432, 67434, 67435, 67436, 67437, 67438,  67439, 67440, 67441, 67442, 67443, 67444, 67445, 67446, 67447, 67516, 67517, 67518, 67519, 67520, 67521, 67522, 67523, 67524, 
67525, 67526, 67527, 67528, 67529, 67530, 67531, 67532, 67533, 67534, 67535, 67536, 67537, 67538, 67539, 67540, 67541, 67542, 67543, 67544, 67545, 67546, 67547, 67548, 67549, 67550, 67551, 67552, 67553, 67554, 67555, 67556, 67557, 67608, 67609, 67610, 67611, 67612, 67613, 67614, 67615, 67616, 67617, 
67618, 67619, 67620, 67621, 67622, 67623, 67624, 67625, 67626, 67627, 67628, 67629, 67630, 67631, 67632, 67633, 67634, 67635, 67636, 67674, 67675, 67676, 67677, 67678, 67679, 67680, 67681, 67684, 67685, 67686, 67687, 67688, 67689, 67694, 67695, 67696, 67697, 67732, 
70008, 71807, 71808, 71809, 71810, 71811, 71812, 71813, 71814, 71815, 71816, 71817, 71818, 71819, 71839, 71840, 71841, 71842, 71843, 71844, 71845, 71846, 71847, 71848, 71849, 71850, 71853, 71854, 71855,  71856, 71857, 71858, 71859, 71860, 71861, 71862, 71863, 71864, 71865, 71866, 71867, 71868, 71869, 
71870, 71871, 71872, 71886, 71890, 72537, 73962, 73963, 73964, 73965, 1002671, 1002675, 1002679, 1002703); 
-- Delete all Farahlon Giant, Farahlon Crumbler (only spawn on Giant death) spanws
-- Old guids: 67834, 67833, 67835, 67836, 75856, 75559, 67832
-- Delete all Artifact Seeker (12 spawns)
-- Delete all Fellade Doomguard spawns
-- Delete Pentatharon spawn
DELETE FROM creature WHERE id IN (18885, 19852,  19853, 20215, 21077);
DELETE FROM creature WHERE guid BETWEEN @CGUID+1 AND @CGUID+223;
INSERT INTO `creature` (`guid`, `id`, `map`, `spawnMask`, `position_x`, `position_y`, `position_z`, `orientation`, `spawntimesecsmin`, `spawntimesecsmax`, `spawndist`, `MovementType`) VALUES
-- Nether Technician
(@CGUID+1, 20203, 530, 1, 3380.88, 4359.49, 123.702, 4.67748, 300, 300, 0, 0),
(@CGUID+2, 20203, 530, 1, 3383.22, 4353.67, 123.277, 1.85005, 300, 300, 0, 0),
(@CGUID+3, 20203, 530, 1, 3383.93, 4348.7, 133.665, 2.89725, 300, 300, 0, 2),
(@CGUID+4, 20203, 530, 1, 3363.62, 4343.92, 122.813, 3.31613, 300, 300, 0, 0),
(@CGUID+5, 20203, 530, 1, 3388.96, 4334.67, 124.382, 4.46804, 300, 300, 0, 0),
(@CGUID+6, 20203, 530, 1, 3387.59, 4333.83, 122.722, 0.174533, 300, 300, 0, 0), 
(@CGUID+7, 20203, 530, 1, 3388.68, 4331.53, 122.722, 1.97222, 300, 300, 0, 0),
(@CGUID+8, 20203, 530, 1, 3353.89, 4297.43, 117.417, 2.70526, 300, 300, 0, 0),
(@CGUID+9, 20203, 530, 1, 3390.92, 4297.69, 120.882, 3.76991, 300, 300, 0, 0),
(@CGUID+10, 20203, 530, 1, 3390.34, 4292.85, 121.165, 4.90438, 300, 300, 0, 0),
(@CGUID+11, 20203, 530, 1, 3388.11, 4291.83, 121.164, 6.07375, 300, 300, 0, 0),
(@CGUID+12, 20203, 530, 1, 3394.32, 4265.35, 122.722, 0.785398, 300, 300, 0, 0),
(@CGUID+13, 20203, 530, 1, 3370.1, 4302.87, 120.501, 4.81114, 300, 300, 0, 2),
-- Netherologist Coppernickels
(@CGUID+14, 19569, 530, 1, 3392.6218, 4267.4937, 122.6924, 0.122173, 300, 300, 0, 2),
-- Open world enemy npcs left side of path
-- Phase Hunter - seem to have a low respawn time respawned 2min 14 after killed
(@CGUID+15, 18879, 530, 1, 3529.37, 4165.15, 141.412, 3.71755, 120, 180, 0, 2), -- Phase Hunter - completly missing before
(@CGUID+16, 18879, 530, 1, 3581.34, 4084.98, 130.074, 3.19108, 120, 180, 0, 2), -- Phase Hunter - completly missing before
-- Nether Ray - respawned ~6min- 7min after death
(@CGUID+17, 18880, 530, 1, 3487.384, 4125.5537, 121.080055, 1.88166, 360, 420, 0, 4), -- Nether Ray guid before 1002671
-- Nether snapper - respawned ~ 6-7 min after kill
(@CGUID+18, 18883, 530, 1, 3644.69, 3899.27, 116.956, 2.1839, 360, 420, 0, 2), -- Nether Snapper guid before 67732 
-- Group of 4 Phase Hunter
(@CGUID+19, 18879, 530, 1, 3587.87, 4031.33, 136.231, 4.14899, 120, 180, 0, 2), -- Phase Hunter guid before 67617 
(@CGUID+20, 18879, 530, 1, 3607.71, 3995.12, 130.408, 3.47911, 120, 180, 0, 2), -- Phase Hunter guid before 67615
(@CGUID+21, 18879, 530, 1, 3631.33, 3935.32, 127.352, 2.88447, 120, 180, 0, 2), -- Phase Hunter guid before 67616
(@CGUID+22, 18879, 530, 1, 3618.72, 3899.89, 132.288, 2.86844, 120, 180, 0, 2), -- Phase Hunter guid before 67621
(@CGUID+23, 20210, 530, 1, 3505.5713, 3949.069, 143.30916, 3.9720, 360, 420, 4, 1), -- Shaleskin Flayer guid before 71839

(@CGUID+24, 18879, 530, 1, 3595.61, 3869.35, 144.047, 2.91399, 120, 180, 0, 2), -- Phase Hunter guid before 67618 
(@CGUID+25, 18879, 530, 1, 3613.19, 3865.74, 114.725, 3.40495, 120, 180, 0, 2), -- Phase Hunter guid before 67619
(@CGUID+26, 18879, 530, 1, 3593.16, 3818.53, 143.281, 3.15956, 120, 180, 0, 2), -- Phase Hunter guid before 67620
(@CGUID+27, 18879, 530, 1, 3599.61, 3783.02, 138.517, 3.13026, 120, 180, 0, 2), -- Phase Hunter missing before

(@CGUID+28, 20210, 530, 1, 3442.37, 3823.31, 144.337, 0.528262, 360, 420, 4, 1), -- Shaleskin Flayer guid before 71840
(@CGUID+29, 20210, 530, 1, 3413.2, 3839.94, 144.353, 0.462774, 360, 420, 4, 1), -- Shaleskin Flayer guid before 71846

(@CGUID+30, 18880, 530, 1, 3406.61, 3850.77, 143.933, 3.35194, 360, 420, 0, 4), -- Nether Ray guid before 67675

(@CGUID+31, 18879, 530, 1, 3631.96, 3734.44, 125.934, 3.4896, 120, 180, 0, 2), -- Phase Hunter guid before 67622
(@CGUID+32, 18879, 530, 1, 3648.49, 3649.79, 133.037, 3.9255, 120, 180, 0, 2), -- Phase Hunter
(@CGUID+33, 18879, 530, 1, 3677.29, 3607.51, 121.56, 3.83834, 120, 180, 0, 2), -- Phase Hunter
(@CGUID+34, 18879, 530, 1, 3679.76, 3536.49, 129.898, 2.94111, 120, 180, 0, 2), -- Phase Hunter old guid 67624
(@CGUID+35, 18879, 530, 1, 3673.79, 3491.65, 113.862, 2.36891, 120, 180, 0, 2), -- Phase Hunter old guid 67623
-- Outside spawns Ruins of Enkaat
(@CGUID+36, 18873, 530, 1, 3384.72, 3747.28, 144.302, 5.26916, 360, 420, 8, 1), -- Disembodied Protector old guid 67557
(@CGUID+37, 0, 530, 1, 3417.31, 3753.94, 141.003, 0.458323, 300, 360, 8, 1),  -- spawn_group_entry old guid 67538
(@CGUID+38, 18872, 530, 1, 3449.51, 3752.43, 145.462, 2.19665, 300, 360, 8, 1),  -- Disembodied Vindicator old guid 67516
(@CGUID+39, 18873, 530, 1, 3481.87, 3746.61, 144.578, 4.36756, 360, 420, 8, 1), -- Disembodied Protector old guid 67539

(@CGUID+40, 18873, 530, 1, 3500.7, 3717.46, 139.185, 1.67722, 360, 420, 8, 1), -- Disembodied Protector old guid 67540
(@CGUID+41, 0, 530, 1, 3482.38, 3683.87, 144.08, 1.43149, 360, 420, 8, 1), -- spawn_group_entry old guid 67519

(@CGUID+42, 18872, 530, 1, 3532.45, 3666.03, 140.064, 4.8436, 300, 360, 8, 1),  -- Disembodied Vindicator old guid 67520
(@CGUID+43, 0, 530, 1, 3573.5, 3647.71, 131.662, 0.799555, 300, 360, 8, 1),  -- spawn_group_entry old guid 67518

(@CGUID+44, 18872, 530, 1, 3584.14, 3595.16, 130.009, 5.36131, 300, 360, 8, 1),  -- Disembodied Vindicator old guid 67524
(@CGUID+45, 18872, 530, 1, 3575.31, 3548.73, 127.209, 5.58143, 300, 360, 8, 1),  -- Disembodied Vindicator old guid 67525
(@CGUID+46, 18873, 530, 1, 3551.81, 3525.41, 124.929, 0.497076, 360, 420, 8, 1), -- Disembodied Protector old guid 67544
(@CGUID+47, 18873, 530, 1, 3527.85, 3549.21, 137.595, 5.68976, 360, 420, 8, 1), -- Disembodied Protector old guid 67543
(@CGUID+48, 0, 530, 1, 3516.86, 3525.74, 131.554, 4.6102, 360, 420, 8, 1), -- spawn_group_entry old guid 67546
-- Ruins of Enkaat entrance 
(@CGUID+49, 21058, 530, 1, 3374.26, 3712.78, 142.87, 5.6495, 300, 360, 0, 4), -- Disembodied Exarch old guid 73962
(@CGUID+50, 0, 530, 1, 3410.26, 3684.18, 147.597, 4.67748, 360, 420, 0, 0), -- spawn_group_entry old guid 67556
(@CGUID+51, 18872, 530, 1, 3409.75, 3673.84, 148.697, 1.46608, 300, 360, 0, 0), -- Disembodied Vindicator old guid 67536
(@CGUID+52, 18872, 530, 1, 3463.16, 3715.29, 145.986, 0.804, 300, 360, 0, 4), -- Disembodied Vindicator old guid 67517
(@CGUID+53, 0, 530, 1, 3449.43, 3702.6, 147.646, 3.78736, 300, 360, 0, 0), -- spawn_group_entry old guid 67541
(@CGUID+54, 18872, 530, 1, 3424.25, 3661.14, 153.203, 4.46804, 300, 360, 0, 0), -- Disembodied Vindicator old guid 67537--  
(@CGUID+55, 18873, 530, 1, 3369.44, 3661.99, 143.635, 4.01426, 300, 360, 0, 0), -- Disembodied Protector old guid 67554
(@CGUID+56, 18872, 530, 1, 3455.16, 3675.74, 150.064, 0.39114, 300, 360, 14, 1), -- Disembodied Vindicator old guid 67521
(@CGUID+57, 21058, 530, 1, 3493.2, 3717.37, 139.938, 5.39578, 300, 360, 0, 4), -- Disembodied Exarch old guid 73964
(@CGUID+58, 18872, 530, 1, 3468.76, 3646.23, 154.458, 5.42845, 300, 360, 0, 2), -- Disembodied Vindicator old guid 67522
(@CGUID+59, 18872, 530, 1, 3458.56, 3627.43, 140.747, 1.7571, 300, 360, 15, 1), -- Disembodied Vindicator old guid 67523
(@CGUID+60, 0, 530, 1, 3432.5, 3591.81, 144.274, 2.11479, 300, 360, 10, 1), -- spawn_group_entry old guid 67549
(@CGUID+61, 18872, 530, 1, 3412.48, 3609.1, 140.999, 0.785398, 300, 360, 0, 0), -- Disembodied Vindicator old guid 67535
(@CGUID+62, 18873, 530, 1, 3343.02, 3682.69, 135.465, 4.66549, 300, 360, 8, 1), -- Disembodied Protector old guid 67555
(@CGUID+63, 18872, 530, 1, 3349.59, 3647.52, 142.912, 3.58056, 300, 360, 10, 1), -- Disembodied Vindicator old guid 67534
(@CGUID+64, 18873, 530, 1, 3382.97, 3646.03, 144.754, 4.86133, 300, 360, 0, 0), -- Disembodied Protector old guid 67552
(@CGUID+65, 0, 530, 1, 3383.35, 3626.05, 144.221, 0.645405, 300, 360, 0, 0), -- spawn_group_entry old guid 67553
(@CGUID+66, 0, 530, 1, 3515.79, 3615.27, 149.689, 1.50098, 300, 360, 10, 1), -- spawn_group_entry old guid 67542
(@CGUID+67, 21058, 530, 1, 3534.86, 3615.88, 138.851, 3.64526, 300, 360, 0, 4), -- Disembodied Exarch old guid 73964
(@CGUID+68, 18873, 530, 1, 3490.27, 3573.4, 158.703, 1.69297, 300, 360, 0, 0), -- Disembodied Protector old guid 67547
(@CGUID+69, 18872, 530, 1, 3490.1, 3578.72, 158.708, 4.60767, 300, 360, 0, 0), -- Disembodied Vindicator old guid 67526
(@CGUID+70, 0, 530, 1, 3472.1, 3574.68, 167.441, 2.0944, 300, 360, 0, 0), -- spawn_group_entry old guid 67527
(@CGUID+71, 18873, 530, 1, 3465.8, 3521.91, 146.192, 2.72271, 300, 360, 0, 0), -- Disembodied Protector old guid 67545
(@CGUID+72, 0, 530, 1, 3464.84, 3483.73, 146.39, 3.735, 300, 360, 0, 0), -- spawn_group_entry old guid 67528
(@CGUID+73, 18873, 530, 1, 3459.95, 3480.61, 146.466, 0.558505, 300, 360, 0, 0), -- Disembodied Protector old guid 67548
(@CGUID+74, 18872, 530, 1, 3421.09, 3462.32, 146.243, 1.27409, 300, 360, 0, 0), -- Disembodied Vindicator old guid 67529
(@CGUID+75, 18872, 530, 1, 3392.22, 3446.12, 140.322, 5.28835, 300, 360, 0, 0), -- Disembodied Vindicator old guid 67530
(@CGUID+76, 18872, 530, 1, 3368.88, 3446.43, 140.362, 3.59538, 300, 360, 0, 0), -- Disembodied Vindicator old guid 67533
(@CGUID+77, 18873, 530, 1, 3364.2, 3459.43, 140.362, 2.9147, 300, 360, 0, 0), -- Disembodied Protector old guid 67550
(@CGUID+78, 18873, 530, 1, 3354.6, 3490.36, 132.846, 0.0174533, 300, 360, 10, 1), -- Disembodied Protector old guid 67551
(@CGUID+79, 18873, 530, 1, 3381.25, 3483.58, 140.005, 1.53769, 300, 360, 10, 1), -- spawn_group_entry old guid 67531
(@CGUID+80, 18872, 530, 1, 3386.88, 3515.86, 147.421, 5.10096, 300, 360, 6, 1), -- Disembodied Vindicator old guid 67532
(@CGUID+81, 21058, 530, 1, 3364.54, 3471.53, 140.913, 4.92918, 300, 360, 0, 4), -- Disembodied Exarch old guid 73965
-- Area between area 52 and ruins of enkaat
(@CGUID+82, 18864, 530, 1, 3322.75, 3755.08, 138.872, 1.06576, 300, 360, 8, 1), -- Mana Wraith old guid 67445
(@CGUID+83, 18864, 530, 1, 3303.67, 3726.11, 134.625, 0.142876, 300, 360, 8, 1), -- Mana Wraith was missing before
(@CGUID+84, 18864, 530, 1, 3267.05, 3710.46, 131.285, 2.29114, 300, 360, 8, 1), -- Mana Wraith was missing before
(@CGUID+85, 18864, 530, 1, 3231.12, 3719.54, 126.922, 5.39083, 300, 360, 8, 1), -- Mana Wraith was missing before
(@CGUID+86, 18864, 530, 1, 3260.9, 3668.11, 129.142, 1.52983, 300, 360, 8, 1), -- Mana Wraith was missing before
(@CGUID+87, 18864, 530, 1, 3302.19, 3675.14, 129.599, 6.17297, 300, 360, 8, 1), -- Mana Wraith old guid 67444
(@CGUID+88, 18864, 530, 1, 3276.35, 3619.61, 127.51, 1.76854, 300, 360, 8, 1), -- Mana Wraith old guid 67442
(@CGUID+89, 18864, 530, 1, 3274.64, 3583.8, 124.161, 5.79517, 300, 360, 8, 1), -- Mana Wraith old guid 67440

(@CGUID+90, 20210, 530, 1, 3226.75, 3666.44, 129.027, 4.28765, 360, 420, 4, 1), -- Shaleskin Flayer guid before 71849
(@CGUID+91, 20210, 530, 1, 3230.48, 3588.29, 126.652, 2.15864, 360, 420, 4, 1), -- Shaleskin Flayer guid before 71844

(@CGUID+92, 20210, 530, 1, 3205.75, 3620.4, 129.272, 3.49648, 360, 420, 4, 1), -- Shaleskin Flayer guid before 71845
(@CGUID+93, 20210, 530, 1, 3164.51, 3599.93, 136.499, 4.2228, 360, 420, 4, 1), -- Shaleskin Flayer guid before 71850
(@CGUID+94, 20210, 530, 1, 3199.6, 3566.91, 129.094, 5.72752, 360, 420, 4, 1), -- Shaleskin Flayer missing before
(@CGUID+95, 20210, 530, 1, 3187.85, 3660.27, 130.398, 5.44326, 360, 420, 0, 4), -- Shaleskin Flayer guid before 1002679

(@CGUID+96, 18881, 530, 1, 3272.25, 3654.49, 124.501, 3.23666, 360, 420, 0, 4), -- Sundered Rumbler old guid 1002675

(@CGUID+97, 18864, 530, 1, 3322.77, 3631.72, 134.414, 3.4427, 300, 360, 8, 1), -- Mana Wraith old guid 67443
(@CGUID+98, 18864, 530, 1, 3317.41, 3581.29, 128.356, 5.38212, 300, 360, 8, 1), -- Mana Wraith old guid 67441
(@CGUID+99, 18864, 530, 1, 3298.91, 3553.04, 125.914, 3.22219, 300, 360, 8, 1), -- Mana Wraith old guid 67426
(@CGUID+100, 18864, 530, 1, 3315.25, 3517.83, 127.386, 2.82702, 300, 360, 8, 1), -- Mana Wraith old guid 67425
(@CGUID+101, 18864, 530, 1, 3282.33, 3506.47, 118.291, 1.96594, 300, 360, 8, 1), -- Mana Wraith old guid 67427
(@CGUID+102, 18864, 530, 1, 3311.5, 3468.26, 111.279, 4.86737, 300, 360, 8, 1), -- Mana Wraith old guid 67428
(@CGUID+103, 18864, 530, 1, 3272.35, 3462.17, 105.557, 2.79875, 300, 360, 8, 1), -- Mana Wraith old guid 67434

(@CGUID+104, 18864, 530, 1, 3295.72, 3432.22, 113.106, 1.16937, 300, 360, 8, 1), -- Mana Wraith old guid 67423
(@CGUID+105, 18864, 530, 1, 3322.87, 3413.19, 122.092, 2.68319, 300, 360, 8, 1), -- Mana Wraith old guid 67424
(@CGUID+106, 18864, 530, 1, 3298.68, 3387.1, 110.713, 2.83196, 300, 360, 8, 1), -- Mana Wraith old guid 67430
(@CGUID+107, 18864, 530, 1, 3244.78, 3400.87, 111.161, 5.37253, 300, 360, 8, 1), -- Mana Wraith old guid 67431
(@CGUID+108, 18864, 530, 1, 3250.12, 3360.03, 107.441, 0.577386, 300, 360, 8, 1), -- Mana Wraith was missing before
(@CGUID+109, 18864, 530, 1, 3225.62, 3450.04, 105.194, 2.50593, 300, 360, 8, 1), -- Mana Wraith guid before 67432
(@CGUID+110, 18864, 530, 1, 3241.51, 3486.2, 113.31, 1.36751, 300, 360, 8, 1), -- Mana Wraith missing before
(@CGUID+111, 18864, 530, 1, 3202.55, 3501.94, 115.849, 4.5468, 300, 360, 8, 1), -- Mana Wraith guid before 67439
(@CGUID+112, 18864, 530, 1, 3185.27, 3483.81, 102.327, 6.04828, 300, 360, 8, 1), -- Mana Wraith guid before 67438
(@CGUID+113, 18864, 530, 1, 3148.27, 3434.73, 105.913, 0.883123, 300, 360, 8, 1), -- Mana Wraith guid before 67437
(@CGUID+114, 18864, 530, 1, 3217.05, 3420.99, 107.369, 0.699482, 300, 360, 8, 1), -- Mana Wraith guid before 67429
(@CGUID+115, 18864, 530, 1, 3182.29, 3382.11, 103.4, 5.27984, 300, 360, 8, 1), -- Mana Wraith guid before 67435
(@CGUID+116, 18864, 530, 1, 3217.41, 3348.21, 105.933, 4.85202, 300, 360, 8, 1), -- Mana Wraith guid before 67436

(@CGUID+117, 20210, 530, 1, 3110.8, 3298.94, 111.062, 1.61305, 360, 420, 4, 1), -- Shaleskin Flayer guid before 71842
(@CGUID+118, 20210, 530, 1, 3156.72, 3337.23, 108.569, 2.82583, 360, 420, 4, 1), -- Shaleskin Flayer guid before 71841
(@CGUID+119, 20210, 530, 1, 3115.49, 3539.53, 143.816, 1.46608, 360, 420, 4, 1), -- Shaleskin Flayer missing before
(@CGUID+120, 20210, 530, 1, 3073.82, 3535.77, 143.236, 4.02199, 360, 420, 4, 1), -- Shaleskin Flayer missing before
-- This missing Phase Hunter has a rly bad spawn position but its confirmed from sniffs that it spawns all the way down and moves up to the island
(@CGUID+121, 18879, 530, 1, 3445.5469, 3377.9636, -186.69614, 2.6809666, 120, 180, 0, 2), -- Phase Hunter missing before
(@CGUID+122, 18879, 530, 1, 3240.69, 3255.38, 124.595, 2.68195, 120, 180, 0, 2), -- Phase Hunter guid before 67625 
(@CGUID+123, 18879, 530, 1, 3197.14, 3215.58, 113.461, 2.50369, 120, 180, 0, 2), -- Phase Hunter guid before 67626 
 
(@CGUID+124, 18881, 530, 1, 3302.44, 3478.42, 108.005, 3.00104, 360, 420, 0, 4), -- Sundered Rumbler old guid 67694
(@CGUID+125, 18881, 530, 1, 3321.98, 3382.2, 95.5065, 0.3876, 360, 420, 0, 4), -- Sundered Rumbler old guid 67697
(@CGUID+126, 18881, 530, 1, 3235.5491, 3350.212, 93.408, 4.890, 360, 420, 0, 4), -- Sundered Rumbler old guid 67696
(@CGUID+127, 18881, 530, 1, 3164.351, 3385.3452, 100.7853, 1.1868, 360, 420, 0, 4), -- Sundered Rumbler old guid 67695

(@CGUID+128, 18880, 530, 1, 3112.22, 3550.12, 140.615, 0.281358, 360, 420, 0, 4), -- Nether Ray guid before 67677
(@CGUID+129, 18880, 530, 1, 3188.54, 3356.01, 103.683, 4.15397, 360, 420, 0, 2), -- Nether Ray guid before 67676

(@CGUID+130, 20210, 530, 1, 3004.71, 3369.09, 104.646, 5.28046, 360, 420, 4, 1), -- Shaleskin Flayer guid before 71890
(@CGUID+131, 20210, 530, 1, 2990.35, 3426.19, 106.054, 2.67338, 360, 420, 4, 1), -- Shaleskin Flayer missing before
(@CGUID+132, 20210, 530, 1, 2924.86, 3396.3, 105.731, 1.75946, 360, 420, 4, 1), -- Shaleskin Flayer missing before
(@CGUID+133, 20210, 530, 1, 3055.42, 3240.19, 118.1, 4.38068, 360, 420, 4, 1), -- Shaleskin Flayer guid before 71843

-- Farahlon Giants having a fast respawn timer
(@CGUID+134, 18885, 530, 1, 3020.59, 3193.82, 120.721, 4.94689, 120, 300, 6, 1), -- Farahlon Giant
(@CGUID+135, 18885, 530, 1, 2988.63, 3311.06, 143.871, 6.10842, 120, 300, 6, 1), -- Farahlon Giant
(@CGUID+136, 18885, 530, 1, 2951.19, 3303.02, 154.342, 1.59422, 120, 300, 6, 1), -- Farahlon Giant
(@CGUID+137, 18885, 530, 1, 2956.06, 3217.67, 146.699, 5.26936, 120, 300, 6, 1), -- Farahlon Giant
(@CGUID+138, 18885, 530, 1, 2882.91, 3204.03, 173.905, 1.23877, 120, 300, 6, 1), -- Farahlon Giant
(@CGUID+139, 18885, 530, 1, 2964.57, 3130.3, 126.159, 5.24058, 120, 300, 6, 1), -- Farahlon Giant
-- Artifact Seeker
(@CGUID+140, 19852, 530, 1, 2804.11, 3347.12, 146.058, 4.0177, 300, 420, 5, 1), -- Artifact Seeker old guid 70977
(@CGUID+141, 19852, 530, 1, 2807.05, 3292.72, 148.29, 0.10472, 300, 420, 5, 1), -- Artifact Seeker missing before
(@CGUID+142, 19852, 530, 1, 2753.63, 3284.51, 134.762, 0.471291, 300, 420, 5, 1), -- Artifact Seeker old guid 70978
(@CGUID+143, 19852, 530, 1, 2808.95, 3220.54, 146.282, 5.94395, 300, 420, 5, 1), -- Artifact Seeker old guid 70988
(@CGUID+144, 19852, 530, 1, 2747.15, 3248.75, 148.674, 2.7317, 300, 420, 5, 1), -- Artifact Seeker old guid 70985
(@CGUID+145, 19852, 530, 1, 2697.51, 3225.41, 147.612, 0.492836, 300, 420, 0, 2), -- Artifact Seeker old guid 70979
(@CGUID+146, 19852, 530, 1, 2699.68, 3183.12, 148.722, 1.18508, 300, 420, 5, 1), -- Artifact Seeker old guid 70980
(@CGUID+147, 19852, 530, 1, 2783.62, 3152.21, 149.823, 6.00323, 300, 420, 5, 1), -- Artifact Seeker old guid 70984
(@CGUID+148, 19852, 530, 1, 2785.1, 3129, 154.393, 6.27341, 300, 420, 5, 1), -- Artifact Seeker old guid 70987
(@CGUID+149, 19852, 530, 1, 2749.16, 3151.68, 148.895, 2.4461, 300, 420, 5, 1), -- Artifact Seeker old guid 70982
(@CGUID+150, 19852, 530, 1, 2735.35, 3132.77, 151.443, 4.24385, 300, 420, 5, 1), -- Artifact Seeker old guid 70983
(@CGUID+151, 19852, 530, 1, 2683.56, 3116.09, 131.576, 2.16225, 300, 420, 5, 1), -- Artifact Seeker old guid 70981
(@CGUID+152, 19852, 530, 1, 2738.3, 3194.74, 148.599, 2.0668, 300, 420, 5, 1), -- Artifact Seeker old guid 70986
(@CGUID+153, 19852, 530, 1, 2784.88, 3195.01, 147.697, 0.513361, 300, 420, 5, 1), -- Artifact Seeker missing before
-- Fellade Doomguard
(@CGUID+154, 19853, 530, 1, 2844.86, 3279.39, 136.701, 0.383972, 360, 420, 0, 4), -- Fellade Doomguard old guid 70989
(@CGUID+155, 19853, 530, 1, 2805.83, 3374.91, 142.815, 1.56005, 360, 420, 0, 4), -- Fellade Doomguard old guid 70993
(@CGUID+156, 19853, 530, 1, 2774.34, 3293.61, 134.902, 0.925873, 360, 420, 0, 4), -- Fellade Doomguard old guid 70990
(@CGUID+157, 19853, 530, 1, 2767.29, 3120.06, 153.685, 2.06185, 360, 420, 0, 4), -- Fellade Doomguard old guid 70992
(@CGUID+158, 19853, 530, 1, 2670.44, 3107.22, 129.567, 0.471239, 360, 420, 0, 4), -- Fellade Doomguard old guid 1002708
(@CGUID+159, 19853, 530, 1, 2667.65, 3128.15, 136.007, 4.13643, 360, 420, 0, 4), -- Fellade Doomguard old guid 70991
(@CGUID+160, 19853, 530, 1, 2788.5, 3058.51, 127.074, 0.672188, 360, 420, 0, 4), -- Fellade Doomguard old guid 70994

(@CGUID+161, 20215, 530, 1,  2752.2, 3116.26, 155.687, 0.994838, 300, 420, 0, 0), -- Pentatharon guid before 71898

(@CGUID+162, 20210, 530, 1,  2687.15, 3339.43, 135.363, 5.38, 360, 420, 4, 1), -- Shaleskin Flayer guid before 71886

(@CGUID+163, 18879, 530, 1, 2930.82, 3003.23, 132.715, 1.88405, 120, 180, 0, 2), -- Phase Hunter guid before 67636
(@CGUID+164, 18879, 530, 1, 2896.78, 2969.91, 131.094, 2.87416, 120, 180, 0, 2), -- Phase Hunter guid before 67635
(@CGUID+165, 18879, 530, 1, 2882.31, 2919.06, 113.968, 3.1953, 120, 180, 0, 2), -- Phase Hunter missing before
(@CGUID+166, 18879, 530, 1, 2872.51, 2880.38, 106.509, 3.08049, 120, 180, 0, 2), -- Phase Hunter missing before
(@CGUID+167, 18879, 530, 1, 2820.3, 2794.57, 83.2327, 1.72294, 120, 180, 0, 2), -- Phase Hunter missing before
(@CGUID+168, 18879, 530, 1, 2756.97, 2829.56, 97.8828, 0.72591, 120, 180, 0, 2), -- Phase Hunter guid before 67633
(@CGUID+169, 18879, 530, 1, 2725.24, 2857.4, 118.093, 0.828344, 120, 180, 0, 2), -- Phase Hunter missing before
(@CGUID+170, 18879, 530, 1, 2657.38, 2926.52, 112.107, 6.1009, 120, 180, 0, 2), -- Phase Hunter guid before 67634
(@CGUID+171, 18879, 530, 1, 2666.63, 2975.45, 128.767, 0.118416, 120, 180, 0, 2), -- Phase Hunter guid before 67632
(@CGUID+172, 18879, 530, 1, 2644.96, 2990.58, 126.522, 0.629447, 120, 180, 0, 2), -- Phase Hunter guid before 67631

(@CGUID+173, 18880, 530, 1, 2791.07, 2869.06, 96.1818, 3.05697, 360, 420, 0, 4), -- Nether Ray guid before 67684
(@CGUID+174, 18880, 530, 1, 2893.23, 3046.63, 120.373, 0.719749, 360, 420, 0, 4), -- Nether Ray guid before
(@CGUID+175, 18880, 530, 1, 2864.18, 3100.29, 136.17, 3.04468, 360, 420, 0, 4), -- Nether Ray guid before
(@CGUID+176, 18880, 530, 1, 2825.26, 3048.39, 129.472, 5.59516, 360, 420, 0, 4), -- Nether Ray guid before
(@CGUID+177, 18880, 530, 1, 2829.98, 3008.65, 122.736, 4.90478, 360, 420, 0, 4), -- Nether Ray guid before
(@CGUID+178, 18880, 530, 1, 2778.39, 2967.84, 118.918, 3.63057, 360, 420, 0, 4), -- Nether Ray guid before
(@CGUID+179, 18880, 530, 1, 2761.63, 2922.39, 117.805, 4.58564, 360, 420, 0, 4), -- Nether Ray guid before

(@CGUID+180, 18879, 530, 1, 3318.74, 4149.87, 150.944, 5.45978, 120, 180, 0, 2), -- Phase Hunter guid before 67614
(@CGUID+181, 18879, 530, 1, 3284.29, 4113.5, 156.866, 5.53663, 120, 180, 0, 2), -- Phase Hunter missing before
(@CGUID+182, 18879, 530, 1, 3267.33, 4105.89, 154.553, 5.01321, 120, 180, 0, 2), -- Phase Hunter guid before 67627

(@CGUID+183, 20210, 530, 1, 3335.08, 4048.89, 159.755, 0.448308, 360, 420, 4, 1), -- Shaleskin Flayer missing before 
(@CGUID+184, 20210, 530, 1, 3379.28, 4013.76, 175.003, 2.1437, 360, 420, 4, 1), -- Shaleskin Flayer guid before 71870
(@CGUID+185, 20210, 530, 1, 3289.48, 4006.78, 157.532, 4.35319, 360, 420, 4, 1), -- Shaleskin Flayer missing before 
(@CGUID+186, 20210, 530, 1, 3353.23, 3975.37, 182.481, 0.832374, 360, 420, 4, 1), -- Shaleskin Flayer guid before 71868
(@CGUID+187, 20210, 530, 1, 3380.56, 3962.93, 198.072, 3.43847, 360, 420, 4, 1), -- Shaleskin Flayer guid before 71869
(@CGUID+188, 20210, 530, 1, 3314.34, 3915.16, 191.238, 4.43253, 360, 420, 4, 1), -- Shaleskin Flayer guid before 71866
(@CGUID+189, 20210, 530, 1, 3282.46, 3962.93, 167.705, 1.92397, 360, 420, 4, 1), -- Shaleskin Flayer guid before 71865/71867 double spawned
(@CGUID+190, 20210, 530, 1, 3347.32, 4069.23, 150.748, 5.40025, 360, 420, 0, 2), -- Shaleskin Flayer guid before 71872
(@CGUID+191, 20210, 530, 1, 3263.07, 3894.47, 195.445, 1.11266, 360, 420, 4, 1), -- Shaleskin Flayer guid before 71864
(@CGUID+192, 20210, 530, 1, 3225.34, 3945.78, 169.325, 1.92507, 360, 420, 4, 1), -- Shaleskin Flayer guid before 71861
(@CGUID+193, 20210, 530, 1, 3178.6, 3924.68, 180.576, 3.83615, 360, 420, 4, 1), -- Shaleskin Flayer guid before 71859
(@CGUID+194, 20210, 530, 1, 3203.37, 4001.57, 148.354, 0.944047, 360, 420, 4, 1), -- Shaleskin Flayer guid before 71863
(@CGUID+195, 20210, 530, 1, 3213.92, 3893.81, 195.734, 1.26839, 360, 420, 4, 1), -- Shaleskin Flayer guid before 71862

(@CGUID+196, 18880, 530, 1, 3362.04, 4183.53, 132.559, 3.26377, 360, 420, 0, 4), -- Nether Ray guid before 67674
(@CGUID+197, 18880, 530, 1, 3378.86, 4069.8, 162.616, 2.53073, 360, 420, 0, 4), -- Nether Ray guid before 67681
(@CGUID+198, 18880, 530, 1, 3354.37, 3934.01, 195.275, 3.0479, 360, 420, 0, 4), -- Nether Ray guid before 67680
(@CGUID+199, 18880, 530, 1, 3243.52, 3979.22, 157.322, 2.11185, 360, 420, 0, 4), -- Nether Ray guid before 67679

(@CGUID+200, 20210, 530, 1, 3162.1, 3976.6, 159.669, 2.56585, 360, 420, 4, 1), -- Shaleskin Flayer guid before 71858
(@CGUID+201, 20210, 530, 1, 3119.2, 3926.98, 180.011, 0.279253, 360, 420, 4, 1), -- Shaleskin Flayer guid before 71855
(@CGUID+202, 20210, 530, 1, 3121.29, 3980.04, 163.534, 0.462223, 360, 420, 4, 1), -- Shaleskin Flayer guid before 71857
(@CGUID+203, 20210, 530, 1, 3120.58, 4029.82, 147.495, 4.7146, 360, 420, 4, 1), -- Shaleskin Flayer guid before 71860
(@CGUID+204, 20210, 530, 1, 3162.22, 4029.77, 140.541, 2.73407, 360, 420, 0, 2), -- Shaleskin Flayer guid before 71856

(@CGUID+205, 18864, 530, 1, 3279.02, 3843.3, 144.354, 5.7963, 300, 360, 3, 1), -- Mana Wraith old guid 67446
(@CGUID+206, 18864, 530, 1, 3240.56, 3843.44, 145.35, 1.81514, 300, 360, 3, 1), -- Mana Wraith old guid 67447

(@CGUID+207, 20210, 530, 1, 3185.83, 3815.21, 140.523, 1.5708, 360, 420, 4, 1), -- Shaleskin Flayer guid before 71847
(@CGUID+208, 20210, 530, 1, 3152.69, 3762.36, 139.145, 3.46642, 360, 420, 4, 1), -- Shaleskin Flayer guid before 71848
(@CGUID+209, 20210, 530, 1, 3121.52, 3808.13, 142.692, 2.85377, 360, 420, 4, 1), -- Shaleskin Flayer guid before 71853
(@CGUID+210, 20210, 530, 1, 3114.58, 3864, 143.553, 0.906061, 360, 420, 4, 1), -- Shaleskin Flayer guid before 71854

(@CGUID+211, 18880, 530, 1, 3141.94, 3858.66, 144.528, 1.05362, 360, 420, 0, 2), -- Nether Ray guid before 67678
(@CGUID+212, 18880, 530, 1, 3155.52, 4090.61, 129.675, 5.74205, 360, 420, 0, 4), -- Nether Ray missing before 

(@CGUID+213, 18879, 530, 1, 3199.03, 4101.16, 137.205, 4.40895, 120, 180, 0, 2), -- Phase Hunter missing before 
(@CGUID+214, 18879, 530, 1, 3166.19, 4123.23, 139.705, 4.38616, 120, 180, 0, 2), -- Phase Hunter guid before 67628
(@CGUID+215, 18879, 530, 1, 3122.17, 4151.59, 143.194, 4.52294, 120, 180, 0, 2), -- Phase Hunter guid before 67629
(@CGUID+216, 18879, 530, 1, 3112.81, 4179.87, 139.792, 3.90903, 120, 180, 0, 2), -- Phase Hunter guid before 67630
(@CGUID+217, 18879, 530, 1, 3117.33, 4218.62, 144.121, 3.18767, 120, 180, 0, 2), -- Phase Hunter missing before
(@CGUID+218, 18879, 530, 1, 3130.51, 4281.24, 144.828, 3.1043, 120, 180, 0, 2), -- Phase Hunter guid before 67613
(@CGUID+219, 18879, 530, 1, 3099.62, 4348.18, 140.869, 3.71079, 120, 180, 0, 2), -- Phase Hunter guid before 67612

(@CGUID+220, 18879, 530, 1, 3075.08, 4408.19, 121.747, 3.85511, 120, 180, 0, 2), -- Phase Hunter guid before 67610
(@CGUID+221, 18879, 530, 1, 3018.82, 4426.31, 139.441, 4.68864, 120, 180, 0, 2), -- Phase Hunter guid before 67611

(@CGUID+222, 18879, 530, 1, 2958.25, 4469.85, 125.933, 4.58997, 120, 180, 0, 2), -- Phase Hunter guid before 67609
(@CGUID+223, 18879, 530, 1, 2915.91, 4496.36, 128.121, 4.72475, 120, 180, 0, 2), -- Phase Hunter guid before 67608

(@CGUID+224, 20210, 530, 1, 3335.08, 4048.89, 159.755, 0.448308, 360, 420, 4, 1); -- Shaleskin Flayer guid before 71871

DELETE FROM creature_addon WHERE guid IN (67527, 67530, 67533, 67537, 67540, 67545, 67550, 67541, 70008, 71807, 71808, 71809, 71810, 71811, 71812, 71813, 71814, 71815, 71816, 71817, 71818, 71819, 75856);
 
DELETE FROM creature_addon WHERE guid IN (@CGUID+75, @CGUID+76, @CGUID+77);
INSERT INTO `creature_addon` (`guid`, `mount`, `stand_state`, `sheath_state`, `emote`, `moveflags`, `auras`) VALUES
(@CGUID+75, 0, 8, 0, 0, 0, NULL), -- Disembodied Vindicator
(@CGUID+76, 0, 8, 0, 0, 0, NULL), -- Disembodied Vindicator
(@CGUID+77, 0, 8, 0, 0, 0, NULL); -- Disembodied Protector

-- Waypoints
DELETE FROM creature_movement WHERE id IN (67522, 67674, 67675, 67676, 67677, 67678, 67679, 67680, 67681, 67684, 67685, 67686, 67687, 67688, 67689, 67694, 67695, 67696, 67697, 70990, 70991, 70992, 70993, 70994, 70989, 71811, 71814, 71856, 71872, 72537, 73962, 73963, 73964, 73965, 75856, 1002671, 1002675, 1002679, 1002703, 1002708);
DELETE FROM creature_movement WHERE Id BETWEEN @CGUID+1 AND @CGUID+223;
INSERT INTO `creature_movement` (`id`, `point`, `PositionX`, `PositionY`, `PositionZ`, `orientation`, `waittime`, `ScriptId`) VALUES
-- Nether Technician, changing orientation only
(@CGUID+3, 1, 3383.929,4348.6997,133.66545,0.20943951, 12000, 0), -- waittime between 12 and 15 seconds
(@CGUID+3, 2, 3383.929,4348.6997,133.66545,2.897246, 15000, 0), 
-- Nether Technician patroling around on the bridge
(@CGUID+13, 1, 3371.5881,4290.548,120.58921, 100, 0, 0),
(@CGUID+13, 2, 3373.5818,4276.3594,122.68557, 100, 0, 0),
(@CGUID+13, 3, 3373.6116,4270.8057,122.73723, 100, 0, 0),
(@CGUID+13, 4, 3369.5999,4266.858,122.79001, 100, 0, 0),
(@CGUID+13, 5, 3363.5034,4267.4834,122.84963, 100, 0, 0),
(@CGUID+13, 6, 3359.7283,4271.4673,122.12153, 100, 0, 0),
(@CGUID+13, 7, 3358.567,4282.396,117.349205, 100, 0, 0),
(@CGUID+13, 8, 3356.5632,4296.718,117.34626, 100, 0, 0),
(@CGUID+13, 9, 3354.714,4312.0186,117.46164, 100, 0, 0),
(@CGUID+13, 10, 3353.747,4318.691,120.94837, 100, 0, 0),
(@CGUID+13, 11, 3355.1335,4323.807,122.80288, 100, 0, 0),
(@CGUID+13, 12, 3360.5435,4328.6865,122.635445, 100, 0, 0),
(@CGUID+13, 13, 3364.6023,4328.815,122.63519, 100, 0, 0),
(@CGUID+13, 14, 3367.982,4324.245,122.63186, 100, 0, 0),
(@CGUID+13, 15, 3370.1672,4302.1895,120.468414, 100, 0, 0),
-- Phase Hunter waypoints before random movement
(@CGUID+15, 1, 3529.37, 4165.15, 141.412, 100, 0, 0),
(@CGUID+15, 2, 3491.5762,4133.8774,118.41899, 100, 1000, 1887901),
(@CGUID+16, 1, 3581.34, 4084.98, 130.074, 100, 0, 0),
(@CGUID+16, 2, 3518.2432,4082.706,118.56583, 100, 1000, 1887901),
-- Nether Ray Waypoints
(@CGUID+17, 1, 3485.1523,4132.5054,120.17229, 100, 0, 0),
(@CGUID+17, 2, 3504.4766,4105.242,116.0426, 100, 0, 0),
(@CGUID+17, 3, 3528.8682,4068.1975,116.90172, 100, 0, 0),
(@CGUID+17, 4, 3543.3215,4036.7717,109.05035, 100, 0, 0),
(@CGUID+17, 5, 3550,3999.5872,111.995636, 100, 0, 0),
(@CGUID+17, 6, 3557.836,3972.274,118.87111, 100, 0, 0),
(@CGUID+17, 7, 3558.2031,3940.3784,123.80483, 100, 0, 0),
(@CGUID+17, 8, 3549.8433,3903.5474,118.64901, 100, 0, 0),
(@CGUID+17, 9, 3522.6362,3871.1633,125.48549, 100, 0, 0),
(@CGUID+17, 10, 3509.0469,3823.2761,128.74696, 100, 0, 0),
(@CGUID+17, 11, 3488.0254,3783.1077,145.1278, 100, 1000, 0),
-- Nether Snapper 
(@CGUID+18, 1, 3644.69, 3899.27, 116.956, 100, 0, 0),
(@CGUID+18, 2, 3519.6345,4087.2786,117.839806, 100, 1000, 1888301),
-- Phase Hunter
(@CGUID+19, 1, 3587.87, 4031.33, 136.231, 100, 0, 0),
(@CGUID+19, 2, 3569.9146,4002.834,104.12896, 100, 1000, 1887902),
(@CGUID+20, 1, 3607.71, 3995.12, 130.408, 100, 0, 0),
(@CGUID+20, 2, 3559.6833,3976.872,119.42622, 100, 1000, 1887903),
(@CGUID+21, 1, 3631.33, 3935.32, 127.352, 100, 0, 0),
(@CGUID+21, 2, 3577.4712,3934.9949,112.2348, 100, 1000, 1887903),
(@CGUID+22, 1, 3618.72, 3899.89, 132.288, 100, 0, 0),
(@CGUID+22, 2, 3532.0256,3934.9521,134.21286, 100, 1000, 1887903),
(@CGUID+24, 1, 3595.61, 3869.35, 144.047, 100, 0, 0),
(@CGUID+24, 2, 3516.4365,3882.628,132.1037, 100, 1000, 1887903),
(@CGUID+25, 1, 3613.19, 3865.74, 114.725, 100, 0, 0),
(@CGUID+25, 2, 551.9695,3845.3052,102.633385, 100, 1000, 1887902),
(@CGUID+26, 1, 3593.16, 3818.53, 143.281, 100, 0, 0),
(@CGUID+26, 2, 3534.2126,3799.4238,129.92645, 100, 1000, 1887903),
(@CGUID+27, 1, 3599.61, 3783.02, 138.517, 100, 0, 0),
(@CGUID+27, 2, 3546.8633,3784.7363,126.8745, 100, 1000, 1887903),
-- Nether Ray
(@CGUID+30, 1, 3400.9585,3849.5618,144.04135, 100, 0, 0),
(@CGUID+30, 2, 3436.838,3871.0503,145.80588, 100, 0, 0),
(@CGUID+30, 3, 3478.928,3860.7336,137.4881, 100, 0, 0),
(@CGUID+30, 4, 3494.5208,3825.9475,138.57288, 100, 0, 0),
(@CGUID+30, 5, 3522.7512,3787.881,134.50453, 100, 0, 0),
(@CGUID+30, 6, 3549.2742,3716.644,128.63124, 100, 0, 0),
(@CGUID+30, 7, 3581.9758,3684.394,125.7394, 100, 0, 0),
(@CGUID+30, 8, 3604.4844,3652.5547,121.99176, 100, 0, 0),
(@CGUID+30, 9, 3614.7227,3618.1426,122.75685, 100, 0, 0),
(@CGUID+30, 10, 3643.934,3580.0828,108.255196, 100, 0, 0),
(@CGUID+30, 11, 3654.9553,3560.409,102.22706, 100, 0, 0),
(@CGUID+30, 12, 3630.1902,3531.3286,109.37891, 100, 0, 0),
-- Phase Hunter
(@CGUID+31, 1, 3631.96, 3734.44, 125.934, 100, 0, 0),
(@CGUID+31, 2, 3586.0146,3708.2422,116.58495, 100, 1000, 1887903),
(@CGUID+32, 1, 3648.49, 3649.79, 133.037, 100, 0, 0),
(@CGUID+32, 2, 3615.79,3617.19,123.3196, 100, 1000, 1887902),
(@CGUID+33, 1, 3677.29, 3607.51, 121.56, 100, 0, 0),
(@CGUID+33, 2, 3647.81,3582.84,107.6362, 100, 1000, 1887902),
(@CGUID+34, 1, 3679.76, 3536.49, 129.898, 100, 0, 0),
(@CGUID+34, 2, 3614.87,3549.68,117.42401, 100, 1000, 1887903),
(@CGUID+35, 1, 3673.79, 3491.65, 113.862, 100, 0, 0),
(@CGUID+35, 2, 3638.458,3522.8564,105.14537, 100, 1000, 1887902),
-- Disembodied Exarch
(@CGUID+49, 1, 3375.8706,3711.5972,143.06467, 100, 0, 0),
(@CGUID+49, 2, 3393.8508,3699.708,144.82408, 100, 0, 0),
(@CGUID+49, 3, 3419.7908,3691.4236,146.60385, 100, 0, 0),
(@CGUID+49, 4, 3444.3796,3716.2292,145.02869, 100, 0, 0),
(@CGUID+49, 5, 3422.1394,3690.8667,146.77238, 100, 0, 0),
(@CGUID+49, 6, 3426.9023,3687.7004,147.44237, 100, 0, 0),
(@CGUID+49, 7, 3426.924,3668.7673,152.69373, 100, 0, 0),
(@CGUID+49, 8, 3427.7356,3688.8196,147.39194, 100, 0, 0),
(@CGUID+49, 9, 3450.3057,3679.048,149.7282, 100, 0, 0),
(@CGUID+49, 10, 3469.7615,3651.3213,152.81497, 100, 0, 0),
(@CGUID+49, 11, 3481.7473,3622.8403,157.51076, 100, 0, 0),
-- Disembodied Vindicator
(@CGUID+52, 1, 3463.7102,3715.859,145.79274, 100, 0, 0),
(@CGUID+52, 2, 3436.1484,3720.4075,144.56082, 100, 0, 0),
(@CGUID+52, 3, 3420.9387,3707.8264,144.34853, 100, 0, 0),
(@CGUID+52, 4, 3400.7231,3687.0269,146.54576, 100, 0, 0),
(@CGUID+52, 5, 3380.9153,3679.7935,146.69604, 100, 0, 0),
(@CGUID+52, 6, 3370.248,3677.1074,144.13956, 100, 0, 0),
-- Disembodied Exarch
(@CGUID+57, 1, 3493.958,3716.4414,139.53107, 100, 0, 0),
(@CGUID+57, 2, 3495.994,3701.5735,139.54182, 100, 0, 0),
(@CGUID+57, 3, 3483.015,3686.7092,142.72887, 100, 0, 0),
(@CGUID+57, 4, 3485.6553,3643.8025,137.56613, 100, 0, 0),
(@CGUID+57, 5, 3454.519,3622.8042,140.66364, 100, 0, 0),
(@CGUID+57, 6, 3433.5852,3592.717,144.06717, 100, 0, 0),
(@CGUID+57, 7, 3435.0735,3556.5322,144.45111, 100, 0, 0),
(@CGUID+57, 8, 3433.6025,3514.8782,144.60332, 100, 0, 0),
(@CGUID+57, 9, 3437.3684,3489.0266,145.83838, 100, 0, 0),
-- Disembodied Vindicator on bridge
(@CGUID+58, 1, 3469.388,3645.5144,154.4403, 100, 0, 0),
(@CGUID+58, 2, 3473.2312,3646.1418,153.62642, 100, 0, 0),
(@CGUID+58, 3, 3480.86,3627.4504,156.86302, 100, 0, 0),
(@CGUID+58, 4, 3477.1685,3625.7092,158.05197, 100, 0, 0),
-- Disembodied Exarch
(@CGUID+67, 1, 3532.3967,3614.5186,140.08948, 100, 0, 0),
(@CGUID+67, 2, 3513.4856,3605.4392,149.56723, 100, 0, 0),
(@CGUID+67, 3, 3492.6084,3607.7363,156.45358, 100, 0, 0),
(@CGUID+67, 4, 3491.432,3592.4023,157.28288, 100, 0, 0),
(@CGUID+67, 5, 3480.4915,3594.6575,162.34209, 100, 0, 0),
(@CGUID+67, 6, 3463.0295,3572.0576,170.55417, 100, 0, 0),
(@CGUID+67, 7, 3463.9622,3573.2646,170.04808, 100, 0, 0),
(@CGUID+67, 8, 3493.3945,3594.261,156.62303, 100, 0, 0),
(@CGUID+67, 9, 3493.9067,3605.5696,156.06696, 100, 0, 0),
(@CGUID+67, 10, 3482.2083,3619.503,158.71947, 100, 0, 0),
(@CGUID+67, 11, 3468.7668,3653.0166,152.68875, 100, 0, 0),
-- Disembodied Exarch
(@CGUID+81, 1, 3364.846,3470.1685,140.50317, 100, 0, 0),
(@CGUID+81, 2, 3370.1323,3458.129,140.28578, 100, 0, 0),
(@CGUID+81, 3, 3375.5469,3450.7,140.77701, 100, 0, 0),
(@CGUID+81, 4, 3388.3582,3448.126,140.23923, 100, 0, 0),
(@CGUID+81, 5, 3390.319,3471.8264,140.57706, 100, 0, 0),
(@CGUID+81, 6, 3396.0598,3491.3762,140.49342, 100, 0, 0),
(@CGUID+81, 7, 3415.8794,3496.6216,144.56982, 100, 0, 0),
(@CGUID+81, 8, 3429.3564,3484.8892,144.77328, 100, 0, 0),
(@CGUID+81, 9, 3438.356,3473.669,145.9627, 100, 0, 0),
(@CGUID+81, 10, 3442.5938,3464.301,147.04121, 100, 0, 0),
(@CGUID+81, 11, 3454.726,3480.3142,146.34033, 100, 0, 0),
(@CGUID+81, 12, 3464.3894,3505.2083,145.1815, 100, 0, 0),
(@CGUID+81, 13, 3451.4087,3501.1284,144.69342, 100, 0, 0),
(@CGUID+81, 14, 3440.5193,3517.2292,144.61507, 100, 0, 0),
(@CGUID+81, 15, 3446.6438,3536.021,144.67932, 100, 0, 0),
(@CGUID+81, 16, 3438.059,3555.1382,144.4512, 100, 0, 0),
-- Shaleskin Flayer
(@CGUID+95, 1, 3188.374, 3659.6875, 130.29568, 100, 0, 0),
(@CGUID+95, 2, 3213.531,3632.52,126.01806, 100, 0, 0),
(@CGUID+95, 3, 3225.9272,3599.5134,127.172226, 100, 0, 0),
(@CGUID+95, 4, 3187.7322,3607.3452,132.15582, 100, 0, 0),
(@CGUID+95, 5, 3158.182,3574.298,137.13586, 100, 0, 0),
(@CGUID+95, 6, 3127.683,3566.6233,141.18019, 100, 0, 0),
(@CGUID+95, 7, 3100.1775,3562.4036,141.40752, 100, 0, 0),
(@CGUID+95, 8, 3066.7998,3565.6572,140.49834, 100, 0, 0),
(@CGUID+95, 9, 3078.0825,3533.6243,143.38405, 100, 0, 0),
(@CGUID+95, 10, 3067.1672,3514.7957,147.18686, 100, 0, 0),
(@CGUID+95, 11, 3079.9373,3504.22,154.11162, 100, 0, 0),
(@CGUID+95, 12, 3096.259,3512.2366,152.48154, 100, 0, 0),
(@CGUID+95, 13, 3110.9783,3500.069,156.52367, 100, 0, 0),
(@CGUID+95, 14, 3119.9497,3505.6868,156.65771, 100, 0, 0),
(@CGUID+95, 15, 3130.2236,3529.3425,145.29799, 100, 0, 0),
(@CGUID+95, 16, 3150.659,3554.8845,139.93411, 100, 0, 0),
(@CGUID+95, 17, 3164.6555,3541.3066,140.5421, 100, 0, 0),
(@CGUID+95, 18, 3194.9302,3558.4214,129.52531, 100, 0, 0),
(@CGUID+95, 19, 3216.4192,3531.4685,123.5365, 100, 0, 0),
(@CGUID+95, 20, 3226.379,3558.6243,125.02173, 100, 0, 0),
-- Sundered Rumbler
(@CGUID+96, 1, 3271.1594,3654.384,124.491554, 100, 0, 0),
(@CGUID+96, 2, 3285.1685,3666.9348,122.31402, 100, 0, 0),
(@CGUID+96, 3, 3285.2664,3699.6223,122.56398, 100, 0, 0),
(@CGUID+96, 4, 3276.7998,3732.5596,120.21663, 100, 0, 0),
(@CGUID+96, 5, 3238.595,3748.5776,121.779724, 100, 0, 0),
(@CGUID+96, 6, 3237.8372,3780.7805,124.0307, 100, 0, 0),
-- Phase Hunter
(@CGUID+121, 1, 3445.5469, 3377.9636, -186.69614, 100, 0, 0),
(@CGUID+121, 2, 3414.6042, 3416.7668, 88.08593, 100, 1000, 1887902),
(@CGUID+122, 1, 3240.69, 3255.38, 124.595, 100, 0, 0),
(@CGUID+122, 2, 3191.7534, 3265.9128, 92.39592, 100, 1000, 1887903),
(@CGUID+123, 1, 3197.14, 3215.58, 113.461, 100, 0, 0),
(@CGUID+123, 2, 3151.5234,3251.7734,102.315445, 100, 1000, 1887903),
-- Sundered Rumbler
(@CGUID+124, 1, 3301.8057,3478.514,107.92141, 100, 0, 0),
(@CGUID+124, 2, 3300.63,3524.8142,119.34818, 100, 0, 0),
(@CGUID+124, 3, 3314.2056,3535.8074,122.163635, 100, 0, 0),
(@CGUID+124, 4, 3314.6672,3565.3228,121.83387, 100, 0, 0),
(@CGUID+124, 5, 3295.182,3584.966,121.75817, 100, 0, 0),
(@CGUID+124, 6, 3296.0686,3616.9387,124.74009, 100, 0, 0),
(@CGUID+124, 7, 3317.6453,3642.4731,123.518684, 100, 0, 0),
(@CGUID+124, 8, 3281.766,3673.7588,122.465675, 100, 0, 0),
-- Sundered Rumbler
(@CGUID+125, 1, 3324.7766,3383.345,95.92897, 100, 0, 0),
(@CGUID+125, 2, 3305.17,3406.754,93.34117, 100, 0, 0),
(@CGUID+125, 3, 3281.2415,3419.1807,93.30725, 100, 0, 0),
(@CGUID+125, 4, 3234.8591,3432.4285,93.35765, 100, 0, 0),
(@CGUID+125, 5, 3193.7512,3437.1816,93.65101, 100, 0, 0),
(@CGUID+125, 6, 3175.196,3422.1602,94.11429, 100, 0, 0),
(@CGUID+125, 7, 3147.3193,3422.5964,100.76846, 100, 0, 0),
-- Sundered Rumbler
(@CGUID+126, 1, 3236.8716,3342.8503,93.190125, 100, 0, 0),
(@CGUID+126, 2, 3228.08,3366.1892,93.515335, 100, 0, 0),
(@CGUID+126, 3, 3233.2378,3377.5786,93.56496, 100, 0, 0),
(@CGUID+126, 4, 3226.5872,3388.9055,94.55947, 100, 0, 0),
(@CGUID+126, 5, 3226.9902,3399.9854,94.536736, 100, 0, 0),
(@CGUID+126, 6, 3242.6619,3428.5103,93.3094, 100, 0, 0),
(@CGUID+126, 7, 3254.799,3462.6143,99.541275, 100, 0, 0),
(@CGUID+126, 8, 3260.2695,3469.9111,99.628494, 100, 0, 0),
(@CGUID+126, 9, 3260.7092,3483.8174,100.68884, 100, 0, 0),
-- Sundered Rumbler
(@CGUID+127, 1, 3165.3816,3385.6506,99.935135, 100, 0, 0),
(@CGUID+127, 2, 3175.1338,3400.337,95.636444, 100, 0, 0),
(@CGUID+127, 3, 3175.3635,3421.0696,94.11429, 100, 0, 0),
(@CGUID+127, 4, 3193.5847,3438.2817,93.65382, 100, 0, 0),
(@CGUID+127, 5, 3191.958,3480.1646,99.2711, 100, 0, 0),
(@CGUID+127, 6, 3209.4875,3493.788,105.44676, 100, 0, 0),
(@CGUID+127, 7, 3257.8816,3501.5203,109.8304, 100, 0, 0),
(@CGUID+127, 8, 3283.0522,3531.8293,117.078, 100, 0, 0),
(@CGUID+127, 9, 3281.3787,3566.4753,118.67311, 100, 0, 0),
(@CGUID+127, 10, 3291.4287,3581.389,121.767944, 100, 0, 0),
-- Nether Ray
(@CGUID+128, 1, 3115.4097,3551.0442,140.67986, 100, 0, 0),
(@CGUID+128, 2, 3138.7083,3561.236,141.55426, 100, 0, 0),
(@CGUID+128, 3, 3172.9683,3580.5981,135.06161, 100, 0, 0),
(@CGUID+128, 4, 3205.6467,3602.592,129.2431, 100, 0, 0),
(@CGUID+128, 5, 3223.2488,3624.7148,126.893974, 100, 0, 0),
(@CGUID+128, 6, 3235.0657,3659.3547,127.730934, 100, 0, 0),
(@CGUID+128, 7, 3216.7004,3678.948,130.46481, 100, 0, 0),
(@CGUID+128, 8, 3189.7402,3684.1267,130.98631, 100, 0, 0),
(@CGUID+128, 9, 3170.8252,3663.5764,132.49463, 100, 0, 0),
(@CGUID+128, 10, 3178.6458,3639.5737,130.32205, 100, 0, 0),
(@CGUID+128, 11, 3190.81,3613.542,130.4043, 100, 0, 0),
(@CGUID+128, 12, 3192.8608,3576.9521,131.11758, 100, 0, 0),
(@CGUID+128, 13, 3174.97,3545.8223,139.41519, 100, 0, 0),
(@CGUID+128, 14, 3168.137,3528.296,144.18552, 100, 0, 0),
-- Nether Ray
(@CGUID+129, 1, 3187.8442,3354.885,103.64935, 100, 0, 0),
(@CGUID+129, 2, 3193.2952,3334.8625,105.42078, 100, 0, 0),
(@CGUID+129, 3, 3176.5715,3326.64,106.59683, 100, 0, 0),
(@CGUID+129, 4, 3151.2117,3291.3782,101.90715, 100, 0, 0),
(@CGUID+129, 5, 3118.588,3271.1497,109.09988, 100, 0, 0),
(@CGUID+129, 6, 3109.4246,3297.0637,110.86792, 100, 0, 0),
(@CGUID+129, 7, 3112.8772,3326.4487,108.587585, 100, 0, 0),
(@CGUID+129, 8, 3116.6143,3352.0747,106.848785, 100, 0, 0),
(@CGUID+129, 9, 3141.5247,3368.5256,104.70891, 100, 0, 0),
(@CGUID+129, 10, 3162.961,3373.5598,103.82034, 100, 0, 0),
(@CGUID+129, 11, 3186.1711,3369.1282,103.10805, 100, 0, 0),
-- Artifact Seeker
(@CGUID+145, 1, 2698.4497,3224.8994,147.55943, 100, 0, 0),
(@CGUID+145, 2, 2697.9292,3211.497,147.57936, 100, 0, 0),
(@CGUID+145, 3, 2707.0864,3201.8103,147.62085, 100, 0, 0),
(@CGUID+145, 4, 2696.9895,3202.796,147.5972, 100, 0, 0),
(@CGUID+145, 5, 2687.2942,3199.399,147.59097, 100, 0, 0),
(@CGUID+145, 6, 2685.0544,3188.2004,147.23376, 100, 0, 0),
(@CGUID+145, 7, 2685.4407,3178.1416,147.62683, 100, 0, 0),
(@CGUID+145, 8, 2696.7942,3167.2158,146.7985, 100, 0, 0),
(@CGUID+145, 9, 2686.5095,3177.7258,147.5972, 100, 0, 0),
(@CGUID+145, 10, 2687.0552,3200.1245,147.5209, 100, 0, 0),
(@CGUID+145, 11, 2695.0852,3219.716,147.27919, 100, 0, 0),
(@CGUID+145, 12, 2708.8052,3231.4753,147.51425, 100, 0, 0),
-- Felblade Doomguard
(@CGUID+154, 1, 2844.5195,3274.3853,136.31494, 100, 0, 0),
(@CGUID+154, 2, 2847.4883,3293.0107,136.28421, 100, 0, 0),
(@CGUID+154, 3, 2846.5283,3329.9229,136.35144, 100, 0, 0),
(@CGUID+154, 4, 2844.6692,3361.5015,138.32826, 100, 0, 0),
(@CGUID+154, 5, 2834.5315,3372.9739,140.7338, 100, 0, 0),
(@CGUID+154, 6, 2790.9768,3386.5505,143.25522, 100, 0, 0),
(@CGUID+154, 7, 2763.7817,3391.451,147.0207, 100, 0, 0),
-- Felblade Doomguard
(@CGUID+155, 1, 2805.8696,3378.8674,142.26472, 100, 0, 0),
(@CGUID+155, 2, 2805.9705,3363.8762,144.40855, 100, 0, 0),
(@CGUID+155, 3, 2803.093,3341.802,146.30472, 100, 0, 0),
(@CGUID+155, 4, 2797.7375,3316.09,147.74304, 100, 0, 0),
(@CGUID+155, 5, 2791.8276,3285.3303,147.58328, 100, 0, 0),
(@CGUID+155, 6, 2798.7834,3266.615,147.5972, 100, 0, 0),
(@CGUID+155, 7, 2799.445,3234.606,147.5972, 100, 0, 0),
(@CGUID+155, 8, 2786.3882,3199.4001,147.24849, 100, 0, 0),
(@CGUID+155, 9, 2773.5442,3167.466,148.01701, 100, 0, 0),
-- Felblade Doomguard
(@CGUID+156, 1, 2776.6716,3296.7078,134.88904, 100, 0, 0),
(@CGUID+156, 2, 2741.708,3283.103,134.79964, 100, 0, 0),
(@CGUID+156, 3, 2723.7053,3264.6707,135.10432, 100, 0, 0),
(@CGUID+156, 4, 2701.3796,3251.3655,133.81161, 100, 0, 0),
(@CGUID+156, 5, 2671.7886,3241.817,136.13454, 100, 0, 0),
-- Felblade Doomguard
(@CGUID+157, 1, 2767.3296,3119.978,153.61285, 100, 0, 0),
(@CGUID+157, 2, 2760.3508,3133.0457,151.73926, 100, 0, 0),
(@CGUID+157, 3, 2751.2417,3166.751,147.8679, 100, 0, 0),
(@CGUID+157, 4, 2737.5063,3197.8433,148.38454, 100, 0, 0),
(@CGUID+157, 5, 2729.6033,3240.7727,147.5972, 100, 0, 0),
-- Felblade Doomguard
(@CGUID+158, 1, 2676.2434,3108.4949,129.68224, 100, 0, 0),
(@CGUID+158, 2, 2695.884,3152.218,142.57837, 100, 0, 0),
(@CGUID+158, 3, 2733.9094,3176.8804,147.73102, 100, 0, 0),
(@CGUID+158, 4, 2767.524,3183.0664,149.01059, 100, 0, 0),
(@CGUID+158, 5, 2783.0461,3200.549,148.76402, 100, 0, 0),
(@CGUID+158, 6, 2795.1108,3234.7832,147.5972, 100, 0, 0),
-- Felblade Doomguard
(@CGUID+159, 1, 2666.155,3128.539,136.19554, 100, 0, 0),
(@CGUID+159, 2, 2681.547,3107.0217,129.7392, 100, 0, 0),
(@CGUID+159, 3, 2714.7917,3083.177,125.97599, 100, 0, 0),
(@CGUID+159, 4, 2742.4736,3066.7026,126.90543, 100, 0, 0),
(@CGUID+159, 5, 2771.3164,3055.7148,125.33494, 100, 0, 0),
-- Felblade Doomguard
(@CGUID+160, 1, 2789.9812,3059.688,127.22473, 100, 0, 0),
(@CGUID+160, 2, 2808.2354,3051.4807,129.19807, 100, 0, 0),
(@CGUID+160, 3, 2828.0496,3064.0322,130.24457, 100, 0, 0),
(@CGUID+160, 4, 2825.4067,3085.0708,131.07745, 100, 0, 0),
(@CGUID+160, 5, 2828.7065,3113.5422,132.90123, 100, 0, 0),
(@CGUID+160, 6, 2834.658,3132.8125,135.12311, 100, 0, 0),
(@CGUID+160, 7, 2820.653,3168.3298,138.29019, 100, 0, 0),
-- Phase Hunter
(@CGUID+163, 1, 2930.82, 3003.23, 132.715, 100, 0, 0),
(@CGUID+163, 2, 2891.3323,3061.6091,122.360115, 100, 1000, 1887903),
-- Phase Hunter
(@CGUID+164, 1, 2896.78, 2969.91, 131.094, 100, 0, 0),
(@CGUID+164, 2, 2853.805,2980.5447,115.80218, 100, 1000, 1887903),
-- Phase Hunter
(@CGUID+165, 1, 2882.31, 2919.06, 113.968, 100, 0, 0),
(@CGUID+165, 2, 2850.9858, 2915.7764, 103.02588, 100, 1000, 1887903),
-- Phase Hunter
(@CGUID+166, 1, 2872.51, 2880.38, 106.509, 100, 0, 0),
(@CGUID+166, 2, 2811.9316,2878.247,98.02391, 100, 1000, 1887901),
-- Phase Hunter
(@CGUID+167, 1, 2820.3, 2794.57, 83.2327, 100, 0, 0),
(@CGUID+167, 2, 2806.19,2816.1062,68.63162, 100, 1000, 1887902),
-- Phase Hunter
(@CGUID+168, 1, 2756.97, 2829.56, 97.8828, 100, 0, 0),
(@CGUID+168, 2, 2820.3, 2794.57, 83.2327, 100, 1000, 1887903),
-- Phase Hunter
(@CGUID+169, 1, 2725.24, 2857.4, 118.093, 100, 0, 0),
(@CGUID+169, 2, 2746.8564,2891.9375,108.675674, 100, 1000, 1887903),
-- Phase Hunter
(@CGUID+170, 1, 2657.38, 2926.52, 112.107, 100, 0, 0),
(@CGUID+170, 2, 2712.0974,2917.463,102.34863, 100, 1000, 1887903),
-- Phase Hunter
(@CGUID+171, 1, 2666.63, 2975.45, 128.767, 100, 0, 0),
(@CGUID+171, 2, 2709.7305,2972.9805,114.28846, 100, 1000, 1887903),
-- Phase Hunter
(@CGUID+172, 1, 2644.96, 2990.58, 126.522, 100, 0, 0),
(@CGUID+172, 2, 2683.8032,3016.3352,113.83579, 100, 1000, 1887903),
-- Nether Ray
(@CGUID+173, 1, 2786.0464,2869.4778,96.072754, 100, 0, 0),
(@CGUID+173, 2, 2799.0547,2895.908,107.18539, 100, 0, 0),
(@CGUID+173, 3, 2817.9883,2927.705,116.774, 100, 0, 0),
(@CGUID+173, 4, 2822.727,2965.4255,115.05098, 100, 0, 0),
(@CGUID+173, 5, 2834.5608,3001.4707,120.77321, 100, 0, 0),
(@CGUID+173, 6, 2840.711,3031.622,124.32088, 100, 0, 0),
(@CGUID+173, 7, 2857.4001,3067.843,129.22284, 100, 0, 0),
(@CGUID+173, 8, 2899.2007,3080.4536,126.08596, 100, 0, 0),
-- Nether Ray
(@CGUID+174, 1, 2906.8477,3058.587,121.953476, 100, 0, 0),
(@CGUID+174, 2, 2875.8308,3039.1636,124.86011, 100, 0, 0),
(@CGUID+174, 3, 2855.7458,3001.8254,113.455986, 100, 0, 0),
(@CGUID+174, 4, 2842.7417,2966.7551,116.37283, 100, 0, 0),
(@CGUID+174, 5, 2846.1663,2934.3604,101.41328, 100, 0, 0),
(@CGUID+174, 6, 2833.5637,2902.5715,102.29902, 100, 0, 0),
(@CGUID+174, 7, 2832.2021,2868.6045,95.06509, 100, 0, 0),
(@CGUID+174, 8, 2814.3704,2843.557,81.037964, 100, 0, 0),
(@CGUID+174, 9, 2784.5571,2853.5176,88.99387, 100, 0, 0),
(@CGUID+174, 10, 2755.287,2889.797,106.88466, 100, 0, 0),
(@CGUID+174, 11, 2725.994,2908.2332,104.642914, 100, 0, 0),
(@CGUID+174, 12, 2717.4314,2942.0881,105.29993, 100, 0, 0),
(@CGUID+174, 13, 2726.0432,2979.8147,118.342224, 100, 0, 0),
(@CGUID+174, 14, 2698.9668,3008.6619,115.70425, 100, 0, 0),
(@CGUID+174, 15, 2667.4175,3020.1921,110.109955, 100, 0, 0),
(@CGUID+174, 16, 2656.264,3041.5986,119.55517, 100, 0, 0),
-- Nether Ray
(@CGUID+175, 1, 2860.7996,3100.6145,136.4275, 100, 0, 0),
(@CGUID+175, 2, 2833.879,3067.322,130.21774, 100, 0, 0),
(@CGUID+175, 3, 2803.0862,3033.0793,128.55972, 100, 0, 0),
(@CGUID+175, 4, 2769.2092,2999.7883,120.53973, 100, 0, 0),
(@CGUID+175, 5, 2752.8748,2967.3013,116.27324, 100, 0, 0),
(@CGUID+175, 6, 2750.5312,2935.3945,114.50632, 100, 0, 0),
(@CGUID+175, 7, 2742.301,2902.0083,109.40503, 100, 0, 0),
-- Nether Ray
(@CGUID+176, 1, 2826.3145,3047.5208,129.28552, 100, 0, 0),
(@CGUID+176, 2, 2827.6619,3066.208,130.48979, 100, 0, 0),
(@CGUID+176, 3, 2848.0747,3093.4436,132.62427, 100, 0, 0),
(@CGUID+176, 4, 2871.1716,3100.596,135.82417, 100, 0, 0),
(@CGUID+176, 5, 2892.2021,3086.4983,130.05669, 100, 0, 0),
(@CGUID+176, 6, 2916.7695,3078.3801,117.69228, 100, 0, 0),
(@CGUID+176, 7, 2931.3677,3085.4097,124.65414, 100, 0, 0),
(@CGUID+176, 8, 2913.3286,3108.0872,136.92761, 100, 0, 0),
(@CGUID+176, 9, 2888.1165,3103.5735,134.77417, 100, 0, 0),
(@CGUID+176, 10, 2874.5837,3076.8647,130.39465, 100, 0, 0),
(@CGUID+176, 11, 2864.6567,3041.682,126.308655, 100, 0, 0),
(@CGUID+176, 12, 2843.429,3035.9646,122.93391, 100, 0, 0),
-- Nether Ray
(@CGUID+177, 1, 2830.5066,3010.0386,122.993576, 100, 0, 0),
(@CGUID+177, 2, 2814.2822,3024.9375,124.871445, 100, 0, 0),
(@CGUID+177, 3, 2815.7803,3023.5742,123.664215, 100, 0, 0),
(@CGUID+177, 4, 2793.697,3003.9438,124.46347, 100, 0, 0),
(@CGUID+177, 5, 2772.3438,2989.0898,119.71761, 100, 0, 0),
(@CGUID+177, 6, 2748.8762,2991.9883,115.870476, 100, 0, 0),
(@CGUID+177, 7, 2748.5864,3009.797,120.41502, 100, 0, 0),
(@CGUID+177, 8, 2767.257,3018.9854,122.827805, 100, 0, 0),
(@CGUID+177, 9, 2801.0518,3000.4434,124.587296, 100, 0, 0),
(@CGUID+177, 10, 2812.8242,2982.8274,116.203354, 100, 0, 0),
(@CGUID+177, 11, 2832.336,2996.5461,120.59824, 100, 0, 0),
-- Nether Ray
(@CGUID+178, 1, 2770.9194,2922.7954,119.628075, 100, 0, 0),
(@CGUID+178, 2, 2783.7737,2906.5742,115.39661, 100, 0, 0),
(@CGUID+178, 3, 2803.7415,2897.0457,105.09941, 100, 0, 0),
(@CGUID+178, 4, 2822.364,2918.7068,112.12544, 100, 0, 0),
(@CGUID+178, 5, 2825.2053,2950.8203,116.82763, 100, 0, 0),
(@CGUID+178, 6, 2837.3584,2982.1287,118.682144, 100, 0, 0),
(@CGUID+178, 7, 2836.9204,3013.6245,122.42209, 100, 0, 0),
(@CGUID+178, 8, 2845.6934,3043.203,125.29798, 100, 0, 0),
(@CGUID+178, 9, 2844.3086,3038.5586,122.69491, 100, 0, 0),
(@CGUID+178, 10, 2802.0742,3034.9495,128.48584, 100, 0, 0),
(@CGUID+178, 11, 2782.4163,3015.4128,124.558876, 100, 0, 0),
(@CGUID+178, 12, 2763.2998,2993.6064,118.66934, 100, 0, 0),
(@CGUID+178, 13, 2758.5195,2957.2532,118.17726, 100, 0, 0),
-- Nether Ray
(@CGUID+179, 1, 2760.5798,2914.2092,115.68042, 100, 0, 0),
(@CGUID+179, 2, 2779.291,2907.1387,115.10535, 100, 0, 0),
(@CGUID+179, 3, 2807.436,2930.3215,120.19253, 100, 0, 0),
(@CGUID+179, 4, 2814.2996,2948.5908,117.09852, 100, 0, 0),
(@CGUID+179, 5, 2831.9346,2931.5574,112.46862, 100, 0, 0),
(@CGUID+179, 6, 2811.0012,2909.626,110.038086, 100, 0, 0),
(@CGUID+179, 7, 2787.9663,2937.5347,118.392395, 100, 0, 0),
(@CGUID+179, 8, 2762.5066,2939.073,117.6239, 100, 0, 0),
-- Phase Hunter
(@CGUID+180, 1, 3318.74, 4149.87, 150.944, 100, 0, 0),
(@CGUID+180, 2, 3367.9067,4108.675,142.98135, 100, 1000, 1887902),
-- Phase Hunter
(@CGUID+181, 1, 3284.29, 4113.5, 156.866, 100, 0, 0),
(@CGUID+181, 2, 3320.834,4116.667,135.91122, 100, 1000, 1887903),
-- Phase Hunter
(@CGUID+182, 1, 3267.33, 4105.89, 154.553, 100, 0, 0),
(@CGUID+182, 2, 3279.864,4044.165,144.27832, 100, 1000, 1887901),
-- Shaleskin Flayer
(@CGUID+190, 1, 3352.0737,4063.4426,154.5035, 100, 0, 0),
(@CGUID+190, 2, 3366.6387,4009.914,176.63858, 100, 0, 0),
(@CGUID+190, 3, 3373.9907,3984.8098,186.45047, 100, 0, 0),
(@CGUID+190, 4, 3365.0266,3955.5742,192.69424, 100, 0, 0),
(@CGUID+190, 5, 3341.767,3935.8884,190.22058, 100, 0, 0),
(@CGUID+190, 6, 3318.1157,3920.9324,189.68118, 100, 0, 0),
(@CGUID+190, 7, 3291.8218,3931.7727,180.50606, 100, 0, 0),
(@CGUID+190, 8, 3257.0005,3943.0938,171.32724, 100, 0, 0),
(@CGUID+190, 9, 3221.0637,3955.7327,165.05435, 100, 0, 0),
(@CGUID+190, 10, 3215.425,3985.1753,154.04956, 100, 0, 0),
(@CGUID+190, 11, 3241.6335,4004.4604,149.8, 100, 0, 0),
(@CGUID+190, 12, 3278.1692,3998.145,157.25594, 100, 0, 0),
(@CGUID+190, 13, 3294.997,3986.058,163.69254, 100, 0, 0),
(@CGUID+190, 14, 3311.8896,3996.2222,166.12366, 100, 0, 0),
(@CGUID+190, 15, 3316.447,4016.001,156.53061, 100, 0, 0),
(@CGUID+190, 16, 3294.071,4054.033,150.45905, 100, 0, 0),
(@CGUID+190, 17, 3317.5977,4073.9949,144.30667, 100, 0, 0),
(@CGUID+190, 18, 3341.3496,4079.1316,142.59535, 100, 0, 0),
-- Nether Ray
(@CGUID+196, 1, 3364.5854,4180.735,134.03732, 100, 0, 0),
(@CGUID+196, 2, 3357.182,4148.589,137.28156, 100, 0, 0),
(@CGUID+196, 3, 3360.5054,4113.1274,140.55113, 100, 0, 0),
(@CGUID+196, 4, 3322.7493,4094.7031,143.66882, 100, 0, 0),
(@CGUID+196, 5, 3284.819,4073.2473,142.5153, 100, 0, 0),
(@CGUID+196, 6, 3260.3372,4054.8281,129.82922, 100, 0, 0),
(@CGUID+196, 7, 3245.3325,4071.3672,112.41702, 100, 0, 0),
(@CGUID+196, 8, 3216.0005,4075.2356,104.2909, 100, 0, 0),
(@CGUID+196, 9, 3201.8315,4063.0396,110.16506, 100, 0, 0),
(@CGUID+196, 10, 3199.2673,4052.302,111.866714, 100, 0, 0),
(@CGUID+196, 11, 3182.443,4063.201,122.7049, 100, 0, 0),
(@CGUID+196, 12, 3158.6301,4088.472,129.34756, 100, 0, 0),
-- Nether Ray
(@CGUID+197, 1, 3378.95,4062.0837,164.3854, 100, 0, 0),
(@CGUID+197, 2, 3365.0564,4031.7466,166.66597, 100, 0, 0),
(@CGUID+197, 3, 3355.438,4002.257,171.74799, 100, 0, 0),
(@CGUID+197, 4, 3330.2747,3988.5078,172.15726, 100, 0, 0),
(@CGUID+197, 5, 3335.216,3953.428,182.61528, 100, 0, 0),
(@CGUID+197, 6, 3343.837,3924.523,194.88562, 100, 0, 0),
-- Nether Ray
(@CGUID+198, 1, 3354.1538,3934.1992,195.04941, 100, 0, 0),
(@CGUID+198, 2, 3326.3374,3936.6555,185.71527, 100, 0, 0),
(@CGUID+198, 3, 3289.1394,3941.342,176.26775, 100, 0, 0),
(@CGUID+198, 4, 3256.5027,3953.552,167.8566, 100, 0, 0),
(@CGUID+198, 5, 3233.9812,3970.7283,159.61554, 100, 0, 0),
(@CGUID+198, 6, 3201.6438,3982.1914,155.15865, 100, 0, 0),
(@CGUID+198, 7, 3157.5156,3996.942,152.60535, 100, 0, 0),
-- Nether Ray
(@CGUID+199, 1, 3250.1792,3988.8147,150.64606, 100, 0, 0),
(@CGUID+199, 2, 3260.8582,4007.0374,144.86824, 100, 0, 0),
(@CGUID+199, 3, 3277.6184,4026.4614,147.14066, 100, 0, 0),
(@CGUID+199, 4, 3307.1963,4042.8833,154.98683, 100, 0, 0),
(@CGUID+199, 5, 3320.5144,4065.9749,147.53615, 100, 0, 0),
(@CGUID+199, 6, 3339.809,4086.7878,141.05301, 100, 0, 0),
-- Shaleskin Flayer
(@CGUID+204, 1, 3155.4385,4032.6985,140.83514, 100, 0, 0),
(@CGUID+204, 2, 3133.105,4053.9011,139.83447, 100, 0, 0),
(@CGUID+204, 3, 3106.4487,4030.9956,141.48468, 100, 0, 0),
(@CGUID+204, 4, 3098.129,3988.5083,158.71921, 100, 0, 0),
(@CGUID+204, 5, 3113.9253,3966.3464,168.81935, 100, 0, 0),
(@CGUID+204, 6, 3111.8704,3944.7153,175.6662, 100, 0, 0),
(@CGUID+204, 7, 3140.9692,3942.4268,174.28009, 100, 0, 0),
(@CGUID+204, 8, 3165.0671,3960.4917,165.84259, 100, 0, 0),
(@CGUID+204, 9, 3186.0073,3929.3577,178.09358, 100, 0, 0),
(@CGUID+204, 10, 3216.195,3906.3918,187.53113, 100, 0, 0),
(@CGUID+204, 11, 3237.8616,3892.524,195.90103, 100, 0, 0),
(@CGUID+204, 12, 3266.1672,3900.3098,192.75308, 100, 0, 0),
(@CGUID+204, 13, 3275.342,3923.2578,179.27887, 100, 0, 0),
(@CGUID+204, 14, 3265.9197,3960.7375,163.16974, 100, 0, 0),
(@CGUID+204, 15, 3225.3425,3952.5117,166.4112, 100, 0, 0),
(@CGUID+204, 16, 3219.7112,3980.8784,155.65144, 100, 0, 0),
(@CGUID+204, 17, 3226.634,4011.058,143.10632, 100, 0, 0),
(@CGUID+204, 18, 3205.6704,4007.6284,146.55847, 100, 0, 0),
(@CGUID+204, 19, 3193.2852,4019.2832,142.78314, 100, 0, 0),
(@CGUID+204, 20, 3178.4739,4034.9363,135.83725, 100, 0, 0),
-- Nether Ray
(@CGUID+211, 1, 3145.38,3864.6987,144.36703, 100, 0, 0),
(@CGUID+211, 2, 3115.6658,3862.9688,143.8135, 100, 0, 0),
(@CGUID+211, 3, 3095.1064,3848.8547,144.08716, 100, 0, 0),
(@CGUID+211, 4, 3083.8242,3822.3628,142.86719, 100, 0, 0),
(@CGUID+211, 5, 3107.3586,3805.0269,143.47441, 100, 0, 0),
(@CGUID+211, 6, 3113.569,3784.48,142.76237, 100, 0, 0),
(@CGUID+211, 7, 3125.9683,3758.1094,141.62193, 100, 0, 0),
(@CGUID+211, 8, 3143.2053,3746.0166,140.29282, 100, 0, 0),
(@CGUID+211, 9, 3166.316,3767.9219,139.15102, 100, 0, 0),
(@CGUID+211, 10, 3157.0234,3792.1953,141.10023, 100, 0, 0),
(@CGUID+211, 11, 3165.993,3808.8945,140.18442, 100, 0, 0),
(@CGUID+211, 12, 3167.997,3844.3064,135.35252, 100, 0, 0),
(@CGUID+211, 13, 3160.8105,3854.2031,135.36601, 100, 0, 0),
(@CGUID+211, 14, 3156.707,3863.0088,137.45654, 100, 0, 0),
-- Nether Ray
(@CGUID+212, 1, 3133.2854,4098.2114,125.35765, 100, 0, 0),
(@CGUID+212, 2, 3163.4258,4085.8684,128.70804, 100, 0, 0),
(@CGUID+212, 3, 3102.2126,4111.7944,134.94405, 100, 0, 0),
(@CGUID+212, 4, 3085.8877,4134.4614,134.3758, 100, 0, 0),
(@CGUID+212, 5, 3062.0383,4148.8223,144.0191, 100, 0, 0),
(@CGUID+212, 6, 3044.9827,4164.5957,148.62073, 100, 0, 0),
(@CGUID+212, 7, 3046.9592,4187.6143,148.91873, 100, 0, 0),
(@CGUID+212, 8, 3072.0383,4215.869,141.69159, 100, 0, 0),
(@CGUID+212, 9, 3082.2197,4243.589,131.97493, 100, 0, 0),
(@CGUID+212, 10, 3086.8994,4278.2666,136.1073, 100, 0, 0),
(@CGUID+212, 11, 3075.3958,4314.94,129.99167, 100, 0, 0),
(@CGUID+212, 12, 3069.2354,4352.42,120.43796, 100, 0, 0),
(@CGUID+212, 13, 3042.72,4375.858,113.87022, 100, 0, 0),
(@CGUID+212, 14, 3019.4785,4393.933,114.793686, 100, 0, 0),
(@CGUID+212, 15, 2989.2297,4413.0547,111.81478, 100, 0, 0),
(@CGUID+212, 16, 2953.0737,4418.923,113.46738, 100, 0, 0),
(@CGUID+212, 17, 2916.4355,4437.8525,113.17462, 100, 0, 0),
(@CGUID+212, 18, 2887.9475,4449.6675,115.852936, 100, 0, 0),
-- Phase Hunter
(@CGUID+213, 1, 3199.03, 4101.16, 137.205, 100, 0, 0),
(@CGUID+213, 2, 3204.3428,4062.6836,107.877464, 100, 1000, 1887902),
-- Phase Hunter
(@CGUID+214, 1, 3166.19, 4123.23, 139.705, 100, 0, 0),
(@CGUID+214, 2, 3133.333,4100,125.649025, 100, 1000, 1887902),
-- Phase Hunter
(@CGUID+215, 1, 3122.17, 4151.59, 143.194, 100, 0, 0),
(@CGUID+215, 2, 3116.667,4114.584,131.07288, 100, 1000, 1887902),
-- Phase Hunter
(@CGUID+216, 1, 3112.81, 4179.87, 139.792, 100, 0, 0),
(@CGUID+216, 2, 3058.448,4139.294,146.73639, 100, 1000, 1887902),
-- Phase Hunter
(@CGUID+217, 1, 3117.33, 4218.62, 144.121, 100, 0, 0),
(@CGUID+217, 2, 3063.9983,4228.3486,144.50699, 100, 1000, 1887902),
-- Phase Hunter
(@CGUID+218, 1, 3130.51, 4281.24, 144.828, 100, 0, 0),
(@CGUID+218, 2, 3081.348,4282.4717,137.86006, 100, 1000, 1887902),
-- Phase Hunter
(@CGUID+219, 1, 3099.62, 4348.18, 140.869, 100, 0, 0),
(@CGUID+219, 2, 3070.354,4335.1816,124.79652, 100, 1000, 1887902),
-- Phase Hunter
(@CGUID+220, 1, 3075.08, 4408.19, 121.747, 100, 0, 0),
(@CGUID+220, 2, 3054.1543,4321.424,130.26884, 100, 1000, 1887902),
-- Phase Hunter
(@CGUID+221, 1, 3018.82, 4426.31, 139.441, 100, 0, 0),
(@CGUID+221, 2, 3034.3025,4331.9907,133.1419, 100, 1000, 1887902),

-- Phase Hunter
(@CGUID+222, 1, 2958.25, 4469.85, 125.933, 100, 0, 0),
(@CGUID+222, 2, 2956.6296,4422.0146,111.4834, 100, 1000, 1887902),
-- Phase Hunter
(@CGUID+223, 1, 2915.91, 4496.36, 128.121, 100, 0, 0),
(@CGUID+223, 2, 2895.1006,4429.939,116.29245, 100, 1000, 1887902);

DELETE FROM `creature_movement_template` WHERE `entry` IN (19569);
INSERT INTO `creature_movement_template` (`entry`, `pathId`, `point`, `PositionX`, `PositionY`, `PositionZ`, `orientation`, `WaitTime`, `ScriptId`) VALUES
-- Netherologist Coppernickels patroling around the bridge
(19569, 0, 1, 3392.6218, 4267.4937, 122.6924, 0.122173, 35000, 1956901), 
(19569, 0, 2, 3387.336,4271.7876,122.673416, 100, 0, 0),
(19569, 0, 3, 3382.5715,4283.9297,120.99102, 100, 0, 0),
(19569, 0, 4, 3385.6653,4291.7524,121.046265, 100, 0, 0),
(19569, 0, 5, 3389.064,4296.103,120.85735,0.680678427219390869, 35000, 1956901),
(19569, 0, 6, 3381.8755,4299.739,120.177086, 100, 0, 0),
(19569, 0, 7, 3379.8218,4311.4155,120.737305, 100, 0, 0),
(19569, 0, 8, 3378.7095,4329.5312,122.634514, 100, 0, 0),
(19569, 0, 9, 3381.7964,4334.7876,122.63777, 100, 0, 0),
(19569, 0, 10, 3385.8474,4336.2344,122.63841,0.087266460061073303, 35000, 1956901),
(19569, 0, 11, 3367.6418,4341.9956,122.694984, 100, 0, 0),
(19569, 0, 12, 3363.7769,4341.0405,122.68952,3.857177734375, 0, 0),
(19569, 0, 13, 3370.378,4350.1274,122.97476, 100, 0, 0),
(19569, 0, 14, 3376.6335,4356.977,123.6317, 100, 0, 0),
(19569, 0, 15, 3379.6829,4358.2637,123.625404,0.104719758033752441, 35000, 1956901),
(19569, 0, 16, 3375.633,4351.1187,123.01252, 100, 0, 0),
(19569, 0, 17, 3376.491,4336.853,122.639595, 100, 0, 0),
(19569, 0, 18, 3378.2063,4322.0347,122.62954, 100, 0, 0),
(19569, 0, 19, 3379.7979,4302.0923,120.30205, 100, 0, 0),
(19569, 0, 20, 3381.026,4289.326,120.66898, 100, 0, 0),
(19569, 0, 21, 3384.844,4272.874,122.67322, 100, 0, 0),
(19569, 0, 22, 3389.8567,4267.7715,122.70082,100, 0, 0);
-- SpawnData
DELETE FROM creature_spawn_data WHERE guid IN (70008, 71807, 71808, 71809, 71810, 71811, 71812, 71813, 71814, 71815, 71816, 71817, 71818, 71819);
DELETE FROM creature_spawn_data WHERE guid BETWEEN @CGUID+1 AND @CGUID+204;
INSERT INTO `creature_spawn_data` (`guid`, `id`) VALUES
(@CGUID+1, 2020302), -- Monster - Tool, Wrench Small
(@CGUID+2, 2020301), -- Monster - Mace, Basic Metal Hammer
(@CGUID+4, 2020302), -- Monster - Tool, Wrench Small
(@CGUID+5, 2020303), -- Monster - Item, Tankard Wooden
(@CGUID+6, 2020302), -- Monster - Tool, Wrench Small
(@CGUID+7, 2020303), -- Monster - Item, Tankard Wooden
(@CGUID+8, 2020301), -- Monster - Mace, Basic Metal Hammer
(@CGUID+9, 2020302), -- Monster - Tool, Wrench Small
(@CGUID+10, 2020302), -- Monster - Tool, Wrench Small
(@CGUID+11, 2020301), -- Monster - Mace, Basic Metal Hammer
(@CGUID+12, 2020301), -- Monster - Mace, Basic Metal Hammer
-- Phase Hunter prob all have a waypoint on spawn before changing to random movement 
-- only give unit stats to reworked ones and remove it when all have correct spanws+waypoints
(@CGUID+15, 1887901),
(@CGUID+16, 1887901),
(@CGUID+19, 1887901),
(@CGUID+20, 1887901),
(@CGUID+21, 1887901),
(@CGUID+22, 1887901),
(@CGUID+24, 1887901),
(@CGUID+25, 1887901),
(@CGUID+26, 1887901),
(@CGUID+27, 1887901),
(@CGUID+31, 1887901),
(@CGUID+32, 1887901),
(@CGUID+33, 1887901),
(@CGUID+34, 1887901),
(@CGUID+35, 1887901),
(@CGUID+121, 1887901),
(@CGUID+122, 1887901),
(@CGUID+123, 1887901),
(@CGUID+163, 1887901),
(@CGUID+164, 1887901),
(@CGUID+165, 1887901),
(@CGUID+166, 1887901),
(@CGUID+167, 1887901),
(@CGUID+168, 1887901),
(@CGUID+169, 1887901),
(@CGUID+170, 1887901),
(@CGUID+171, 1887901),
(@CGUID+172, 1887901),
(@CGUID+180, 1887901),
(@CGUID+181, 1887901),
(@CGUID+182, 1887901),
(@CGUID+213, 1887901),
(@CGUID+214, 1887901),
(@CGUID+215, 1887901),
(@CGUID+216, 1887901),
(@CGUID+217, 1887901),
(@CGUID+218, 1887901),
(@CGUID+219, 1887901),
(@CGUID+220, 1887901),
(@CGUID+221, 1887901),
(@CGUID+222, 1887901),
(@CGUID+223, 1887901),
-- Generic RunOn
(@CGUID+95, 1),
(@CGUID+190, 1),
(@CGUID+204, 1);

DELETE FROM creature_spawn_data_template WHERE Entry IN (1887901);
INSERT INTO creature_spawn_data_template (`Entry`, `UnitFlags`, `Name`) VALUES 
(1887901, 33587968, 'Phase Hunter (18879) - UnitFlags');

-- Gameobjects
-- Etherlithium Matrix Crystal - 183767 objects before rework: 28 spawns
-- Etherlithium Matrix Crystal - 183767 objects after rework: 29 spawns
-- Delete old spawns
DELETE FROM gameobject WHERE id = 183767;

-- Add sniff based spawns
SET @GGUID := 157038;
INSERT INTO gameobject(guid, id, map, spawnMask, position_x, position_y, position_z, orientation, rotation0, rotation1, rotation2, rotation3, spawntimesecsmin, spawntimesecsmax) VALUES
(@GGUID+1, 183767, 530, 1, 3362.163330078125, 3455.52294921875, 140.27886962890625, 2.914689540863037109, 0, 0, 0.993571281433105468, 0.113208353519439697, 600, 600),
(@GGUID+2, 183767, 530, 1, 3364.127197265625, 3689.97607421875, 142.813690185546875, 1.640606880187988281, 0, 0, 0.731352806091308593, 0.6819993257522583, 600, 600),
(@GGUID+3, 183767, 530, 1, 3370.521728515625, 3657.897705078125, 143.7832794189453125, 4.904376029968261718, 0, 0, -0.636077880859375, 0.771624863147735595, 600, 600),
(@GGUID+4, 183767, 530, 1, 3390.829345703125, 3440.257568359375, 140.2382354736328125, 1.343901276588439941, 0, 0, 0.622513771057128906, 0.78260880708694458, 600, 600),
(@GGUID+5, 183767, 530, 1, 3396.216552734375, 3502.354736328125, 140.889251708984375, 1.431168079376220703, 0, 0, 0.656058311462402343, 0.754710197448730468, 600, 600),
(@GGUID+6, 183767, 530, 1, 3399.6630859375, 3705.55517578125, 145.004852294921875, 2.286378860473632812, 0, 0, 0.909960746765136718, 0.414694398641586303, 600, 600),
(@GGUID+7, 183767, 530, 1, 3405.444580078125, 3682.842041015625, 147.3873443603515625, 5.096362113952636718, 0, 0, -0.55919265747070312, 0.829037725925445556, 600, 600),
(@GGUID+8, 183767, 530, 1, 3408.04345703125, 3614.708251953125, 141.6489410400390625, 1.029743075370788574, 0, 0, 0.492423057556152343, 0.870355963706970214, 600, 600),
(@GGUID+9, 183767, 530, 1, 3413.55908203125, 3463.801513671875, 146.28057861328125, 3.90954136848449707, 0, 0, -0.92718315124511718, 0.37460830807685852, 600, 600),
(@GGUID+10, 183767, 530, 1, 3415.485107421875, 3508.389404296875, 144.5985260009765625, 1.204277276992797851, 0, 0, 0.56640625, 0.824126183986663818, 600, 600),
(@GGUID+11, 183767, 530, 1, 3420.248779296875, 3719.692626953125, 139.3045196533203125, 0.226892471313476562, 0, 0, 0.113203048706054687, 0.993571877479553222, 600, 600),
(@GGUID+12, 183767, 530, 1, 3428.646728515625, 3474.485595703125, 144.9396514892578125, 3.857182979583740234, 0, 0, -0.93667125701904296, 0.350209832191467285, 600, 600),
(@GGUID+13, 183767, 530, 1, 3435.990966796875, 3663.29345703125, 152.612701416015625, 5.462882041931152343, 0, 0, -0.39874839782714843, 0.917060375213623046, 600, 600),
(@GGUID+14, 183767, 530, 1, 3440.4814453125, 3554.952392578125, 144.4949188232421875, 1.466075778007507324, 0, 0, 0.669130325317382812, 0.74314504861831665, 600, 600),
(@GGUID+15, 183767, 530, 1, 3449.3359375, 3519.337646484375, 144.6487884521484375, 2.914689540863037109, 0, 0, 0.993571281433105468, 0.113208353519439697, 600, 600),
(@GGUID+16, 183767, 530, 1, 3451.778564453125, 3660.435791015625, 152.6062774658203125, 0.226892471313476562, 0, 0, 0.113203048706054687, 0.993571877479553222, 600, 600),
(@GGUID+17, 183767, 530, 1, 3455.128173828125, 3572.59619140625, 173.2417755126953125, 2.635444164276123046, 0, 0, 0.96814727783203125, 0.250381410121917724, 600, 600),
(@GGUID+18, 183767, 530, 1, 3463.658935546875, 3478.3720703125, 146.8243408203125, 5.218535900115966796, 0, 0, -0.507537841796875, 0.861629426479339599, 600, 600),
(@GGUID+19, 183767, 530, 1, 3466.503662109375, 3519.94140625, 146.0005645751953125, 1.623155713081359863, 0, 0, 0.725374221801757812, 0.688354730606079101, 600, 600),
(@GGUID+20, 183767, 530, 1, 3468.574462890625, 3578.79248046875, 168.312835693359375, 3.769911527633666992, 0, 0, -0.95105648040771484, 0.309017121791839599, 600, 600),
(@GGUID+21, 183767, 530, 1, 3469.46826171875, 3633.1005859375, 140.68878173828125, 3.804818391799926757, 0, 0, -0.94551849365234375, 0.325568377971649169, 600, 600),
(@GGUID+22, 183767, 530, 1, 3472.313232421875, 3710.994873046875, 147.1088409423828125, 4.555310726165771484, 0, 0, -0.76040554046630859, 0.649448513984680175, 600, 600),
(@GGUID+23, 183767, 530, 1, 3489.64013671875, 3576.06396484375, 158.8740234375, 2.617989301681518554, 0, 0, 0.965925216674804687, 0.258821308612823486, 600, 600),
(@GGUID+24, 183767, 530, 1, 3499.712646484375, 3624.470947265625, 154.55645751953125, 2.460912704467773437, 0, 0, 0.942641258239746093, 0.333807557821273803, 600, 600),
(@GGUID+25, 183767, 530, 1, 3510.089111328125, 3579.607666015625, 149.889892578125, 3.036838293075561523, 0, 0, 0.998628616333007812, 0.052353221923112869, 600, 600),
(@GGUID+26, 183767, 530, 1, 3522.244873046875, 3584.623779296875, 144.1865997314453125, 4.345870018005371093, 0, 0, -0.82412624359130859, 0.566406130790710449, 600, 600),
(@GGUID+27, 183767, 530, 1, 3547.472412109375, 3624.41357421875, 126.0068893432617187, 1.413715124130249023, 0, 0, 0.649447441101074218, 0.760406434535980224, 600, 600),
(@GGUID+28, 183767, 530, 1, 3551.5986328125, 3570.1171875, 128.387664794921875, 4.747295856475830078, 0, 0, -0.69465827941894531, 0.719339847564697265, 600, 600),
(@GGUID+29, 183767, 530, 1, 3572.510986328125, 3627.473876953125, 133.7910003662109375, 2.687806606292724609, 0, 0, 0.974370002746582031, 0.224951311945915222, 600, 600);

-- SpawnGroup
-- Currently spawngroup is only used to get npcs into dynguid
DELETE FROM spawn_group WHERE Id BETWEEN @SGGUID AND @SGGUID+27;
INSERT INTO `spawn_group` (`Id`, `Name`, `Type`, `MaxCount`, `WorldState`, `Flags`, `StringId`) VALUES
(@SGGUID+1, 'Netherstorm - Group 001 - Phase Hunter (15)', 0, 0, 0, 0, 0),
(@SGGUID+2, 'Netherstorm - Group 002 - Nether Ray (2)', 0, 0, 0, 0, 0),
(@SGGUID+3, 'Netherstorm - Group 003 - Mana Snapper (1)', 0, 0, 0, 0, 0),
(@SGGUID+4, 'Netherstorm - Group 004 - Shaleskin Flayer', 0, 0, 0, 0, 0),
-- Static Disembodied Protector spawns
(@SGGUID+5, 'Netherstorm - Group 005 - Disembodied Protector (15)', 0, 0, 0, 0, 0),
-- Static Disembodied Vindicator spawns
(@SGGUID+6, 'Netherstorm - Group 006 - Disembodied Vindicator (19)', 0, 0, 0, 0, 0),
-- Disembodied Protector/Disembodied Vindicator rnd spawns
(@SGGUID+7, 'Netherstorm - Group 007 - Disembodied Protector | Disembodied Vindicator (8)', 0, 0, 0, 0, 0),
-- Disembodied Exarch spawns
(@SGGUID+8, 'Netherstorm - Group 008 - Disembodied Exarch (4)', 0, 0, 0, 0, 0),
-- Mana Wraith
(@SGGUID+9, 'Netherstorm - Group 009 - Mana Wraith ()', 0, 0, 0, 0, 0),
-- Sundered Rumbler
(@SGGUID+10, 'Netherstorm - Group 010 - Sundered Rumbler', 0, 0, 0, 0, 0),
-- Farahlon Giant 
(@SGGUID+11, 'Netherstorm - Group 011 - Farahlon Giant (6)', 0, 0, 0, 0, 0),
-- Artifact Seeker
(@SGGUID+12, 'Netherstorm - Group 012 - Artifact Seeker (13)', 0, 0, 0, 0, 0),
-- Felblade Doomguard
(@SGGUID+13, 'Netherstorm - Group 013 - Felblade Doomguard (7)', 0, 0, 0, 0, 0),
-- Pentatharon
(@SGGUID+14, 'Netherstorm - Group 014 - Pentatharon (1)', 0, 1, 0, 0, 0),
-- Grouping for Etherlithium Matrix Crystal - 29 spawns, max spawned 21
(@SGGUID+100, 'Netherstorm - Etherlithium Matrix Crystal', 1, 21, 0, 0, 0);

DELETE FROM spawn_group_entry WHERE Id BETWEEN @SGGUID AND @SGGUID+36;
INSERT INTO `spawn_group_entry` (`Id`, `Entry`, `MinCount`, `MaxCount`, `Chance`) VALUES
(@SGGUID+7, 18872, 0, 0, 0), (@SGGUID+7, 18873, 0, 0, 0); -- Disembodied Vindicator/Disembodied Protector


DELETE FROM spawn_group_spawn WHERE Id BETWEEN @SGGUID AND @SGGUID+100;
INSERT INTO `spawn_group_spawn` (`Id`, `Guid`, `SlotId`, `Chance`) VALUES
(@SGGUID+1, @CGUID+15, -1, 0), -- Phase Hunter
(@SGGUID+1, @CGUID+16, -1, 0), -- Phase Hunter
(@SGGUID+1, @CGUID+19, -1, 0), -- Phase Hunter
(@SGGUID+1, @CGUID+20, -1, 0), -- Phase Hunter
(@SGGUID+1, @CGUID+21, -1, 0), -- Phase Hunter
(@SGGUID+1, @CGUID+22, -1, 0), -- Phase Hunter
(@SGGUID+1, @CGUID+24, -1, 0), -- Phase Hunter
(@SGGUID+1, @CGUID+25, -1, 0), -- Phase Hunter
(@SGGUID+1, @CGUID+26, -1, 0), -- Phase Hunter
(@SGGUID+1, @CGUID+27, -1, 0), -- Phase Hunter
(@SGGUID+1, @CGUID+31, -1, 0), -- Phase Hunter
(@SGGUID+1, @CGUID+32, -1, 0), -- Phase Hunter
(@SGGUID+1, @CGUID+33, -1, 0), -- Phase Hunter
(@SGGUID+1, @CGUID+34, -1, 0), -- Phase Hunter
(@SGGUID+1, @CGUID+35, -1, 0), -- Phase Hunter
(@SGGUID+1, @CGUID+121, -1, 0), -- Phase Hunter
(@SGGUID+1, @CGUID+122, -1, 0), -- Phase Hunter
(@SGGUID+1, @CGUID+123, -1, 0), -- Phase Hunter
(@SGGUID+1, @CGUID+163, -1, 0), -- Phase Hunter
(@SGGUID+1, @CGUID+164, -1, 0), -- Phase Hunter
(@SGGUID+1, @CGUID+165, -1, 0), -- Phase Hunter
(@SGGUID+1, @CGUID+166, -1, 0), -- Phase Hunter
(@SGGUID+1, @CGUID+167, -1, 0), -- Phase Hunter
(@SGGUID+1, @CGUID+168, -1, 0), -- Phase Hunter
(@SGGUID+1, @CGUID+169, -1, 0), -- Phase Hunter
(@SGGUID+1, @CGUID+170, -1, 0), -- Phase Hunter
(@SGGUID+1, @CGUID+171, -1, 0), -- Phase Hunter
(@SGGUID+1, @CGUID+172, -1, 0), -- Phase Hunter
(@SGGUID+1, @CGUID+180, -1, 0), -- Phase Hunter
(@SGGUID+1, @CGUID+181, -1, 0), -- Phase Hunter
(@SGGUID+1, @CGUID+182, -1, 0), -- Phase Hunter
(@SGGUID+1, @CGUID+213, -1, 0), -- Phase Hunter
(@SGGUID+1, @CGUID+214, -1, 0), -- Phase Hunter
(@SGGUID+1, @CGUID+215, -1, 0), -- Phase Hunter
(@SGGUID+1, @CGUID+216, -1, 0), -- Phase Hunter
(@SGGUID+1, @CGUID+217, -1, 0), -- Phase Hunter
(@SGGUID+1, @CGUID+218, -1, 0), -- Phase Hunter
(@SGGUID+1, @CGUID+219, -1, 0), -- Phase Hunter
(@SGGUID+1, @CGUID+220, -1, 0), -- Phase Hunter
(@SGGUID+1, @CGUID+221, -1, 0), -- Phase Hunter
(@SGGUID+1, @CGUID+222, -1, 0), -- Phase Hunter
(@SGGUID+1, @CGUID+223, -1, 0), -- Phase Hunter
-- Nether Ray
(@SGGUID+2, @CGUID+17, -1, 0), -- Nether Ray
(@SGGUID+2, @CGUID+30, -1, 0), -- Nether Ray
(@SGGUID+2, @CGUID+128, -1, 0), -- Nether Ray
(@SGGUID+2, @CGUID+129, -1, 0), -- Nether Ray
(@SGGUID+2, @CGUID+173, -1, 0), -- Nether Ray
(@SGGUID+2, @CGUID+174, -1, 0), -- Nether Ray
(@SGGUID+2, @CGUID+175, -1, 0), -- Nether Ray
(@SGGUID+2, @CGUID+176, -1, 0), -- Nether Ray
(@SGGUID+2, @CGUID+177, -1, 0), -- Nether Ray
(@SGGUID+2, @CGUID+178, -1, 0), -- Nether Ray
(@SGGUID+2, @CGUID+179, -1, 0), -- Nether Ray
(@SGGUID+2, @CGUID+196, -1, 0), -- Nether Ray
(@SGGUID+2, @CGUID+197, -1, 0), -- Nether Ray
(@SGGUID+2, @CGUID+198, -1, 0), -- Nether Ray
(@SGGUID+2, @CGUID+199, -1, 0), -- Nether Ray
(@SGGUID+2, @CGUID+211, -1, 0), -- Nether Ray
(@SGGUID+2, @CGUID+212, -1, 0), -- Nether Ray
-- Mana Snapper
(@SGGUID+3, @CGUID+18, -1, 0), -- Mana Snapper
-- Sgakeskin Flayer
(@SGGUID+4, @CGUID+23, -1, 0), -- Shaleskin Flayer
(@SGGUID+4, @CGUID+28, -1, 0), -- Shaleskin Flayer
(@SGGUID+4, @CGUID+29, -1, 0), -- Shaleskin Flayer
(@SGGUID+4, @CGUID+90, -1, 0), -- Shaleskin Flayer
(@SGGUID+4, @CGUID+91, -1, 0), -- Shaleskin Flayer
(@SGGUID+4, @CGUID+92, -1, 0), -- Shaleskin Flayer
(@SGGUID+4, @CGUID+93, -1, 0), -- Shaleskin Flayer
(@SGGUID+4, @CGUID+94, -1, 0), -- Shaleskin Flayer
(@SGGUID+4, @CGUID+95, -1, 0), -- Shaleskin Flayer
(@SGGUID+4, @CGUID+117, -1, 0), -- Shaleskin Flayer
(@SGGUID+4, @CGUID+118, -1, 0), -- Shaleskin Flayer
(@SGGUID+4, @CGUID+119, -1, 0), -- Shaleskin Flayer
(@SGGUID+4, @CGUID+120, -1, 0), -- Shaleskin Flayer
(@SGGUID+4, @CGUID+130, -1, 0), -- Shaleskin Flayer
(@SGGUID+4, @CGUID+131, -1, 0), -- Shaleskin Flayer
(@SGGUID+4, @CGUID+132, -1, 0), -- Shaleskin Flayer
(@SGGUID+4, @CGUID+133, -1, 0), -- Shaleskin Flayer
(@SGGUID+4, @CGUID+162, -1, 0), -- Shaleskin Flayer
(@SGGUID+4, @CGUID+183, -1, 0), -- Shaleskin Flayer
(@SGGUID+4, @CGUID+184, -1, 0), -- Shaleskin Flayer
(@SGGUID+4, @CGUID+185, -1, 0), -- Shaleskin Flayer
(@SGGUID+4, @CGUID+186, -1, 0), -- Shaleskin Flayer
(@SGGUID+4, @CGUID+187, -1, 0), -- Shaleskin Flayer
(@SGGUID+4, @CGUID+188, -1, 0), -- Shaleskin Flayer
(@SGGUID+4, @CGUID+189, -1, 0), -- Shaleskin Flayer
(@SGGUID+4, @CGUID+190, -1, 0), -- Shaleskin Flayer
(@SGGUID+4, @CGUID+191, -1, 0), -- Shaleskin Flayer
(@SGGUID+4, @CGUID+192, -1, 0), -- Shaleskin Flayer
(@SGGUID+4, @CGUID+193, -1, 0), -- Shaleskin Flayer
(@SGGUID+4, @CGUID+194, -1, 0), -- Shaleskin Flayer
(@SGGUID+4, @CGUID+195, -1, 0), -- Shaleskin Flayer
(@SGGUID+4, @CGUID+200, -1, 0), -- Shaleskin Flayer
(@SGGUID+4, @CGUID+201, -1, 0), -- Shaleskin Flayer
(@SGGUID+4, @CGUID+202, -1, 0), -- Shaleskin Flayer
(@SGGUID+4, @CGUID+203, -1, 0), -- Shaleskin Flayer
(@SGGUID+4, @CGUID+204, -1, 0), -- Shaleskin Flayer
(@SGGUID+4, @CGUID+207, -1, 0), -- Shaleskin Flayer
(@SGGUID+4, @CGUID+208, -1, 0), -- Shaleskin Flayer
(@SGGUID+4, @CGUID+209, -1, 0), -- Shaleskin Flayer
(@SGGUID+4, @CGUID+210, -1, 0), -- Shaleskin Flayer
(@SGGUID+4, @CGUID+224, -1, 0), -- Shaleskin Flayer
-- Static Disembodied Protector spawns
(@SGGUID+5, @CGUID+36, -1, 0), -- Disembodied Protector
(@SGGUID+5, @CGUID+39, -1, 0), -- Disembodied Protector
(@SGGUID+5, @CGUID+40, -1, 0), -- Disembodied Protector
(@SGGUID+5, @CGUID+41, -1, 0), -- Disembodied Protector
(@SGGUID+5, @CGUID+46, -1, 0), -- Disembodied Protector
(@SGGUID+5, @CGUID+47, -1, 0), -- Disembodied Protector
(@SGGUID+5, @CGUID+48, -1, 0), -- Disembodied Protector
(@SGGUID+5, @CGUID+55, -1, 0), -- Disembodied Protector
(@SGGUID+5, @CGUID+62, -1, 0), -- Disembodied Protector
(@SGGUID+5, @CGUID+64, -1, 0), -- Disembodied Protector
(@SGGUID+5, @CGUID+68, -1, 0), -- Disembodied Protector
(@SGGUID+5, @CGUID+71, -1, 0), -- Disembodied Protector
(@SGGUID+5, @CGUID+73, -1, 0), -- Disembodied Protector
(@SGGUID+5, @CGUID+77, -1, 0), -- Disembodied Protector
(@SGGUID+5, @CGUID+78, -1, 0), -- Disembodied Protector
-- Static Disembodied Vindiciator spawns
(@SGGUID+6, @CGUID+37, -1, 0), -- Disembodied Vindicator
(@SGGUID+6, @CGUID+38, -1, 0), -- Disembodied Vindicator
(@SGGUID+6, @CGUID+42, -1, 0), -- Disembodied Vindicator
(@SGGUID+6, @CGUID+43, -1, 0), -- Disembodied Vindicator
(@SGGUID+6, @CGUID+44, -1, 0), -- Disembodied Vindicator
(@SGGUID+6, @CGUID+45, -1, 0), -- Disembodied Vindicator
(@SGGUID+6, @CGUID+51, -1, 0), -- Disembodied Vindicator
(@SGGUID+6, @CGUID+52, -1, 0), -- Disembodied Vindicator
(@SGGUID+6, @CGUID+54, -1, 0), -- Disembodied Vindicator
(@SGGUID+6, @CGUID+56, -1, 0), -- Disembodied Vindicator
(@SGGUID+6, @CGUID+58, -1, 0), -- Disembodied Vindicator
(@SGGUID+6, @CGUID+59, -1, 0), -- Disembodied Vindicator
(@SGGUID+6, @CGUID+61, -1, 0), -- Disembodied Vindicator
(@SGGUID+6, @CGUID+63, -1, 0), -- Disembodied Vindicator
(@SGGUID+6, @CGUID+69, -1, 0), -- Disembodied Vindicator
(@SGGUID+6, @CGUID+74, -1, 0), -- Disembodied Vindicator
(@SGGUID+6, @CGUID+75, -1, 0), -- Disembodied Vindicator
(@SGGUID+6, @CGUID+76, -1, 0), -- Disembodied Vindicator
(@SGGUID+6, @CGUID+80, -1, 0), -- Disembodied Vindicator
-- Disembodied Protector/Disembodied Vindicator rnd spawns
(@SGGUID+7, @CGUID+53, 0, 0), -- spawn_group_entry
(@SGGUID+7, @CGUID+50, 0, 0), -- spawn_group_entry
(@SGGUID+7, @CGUID+60, -1, 0), -- spawn_group_entry
(@SGGUID+7, @CGUID+65, -1, 0), -- spawn_group_entry
(@SGGUID+7, @CGUID+66, -1, 0), -- spawn_group_entry
(@SGGUID+7, @CGUID+70, -1, 0), -- spawn_group_entry
(@SGGUID+7, @CGUID+72, -1, 0), -- spawn_group_entry
(@SGGUID+7, @CGUID+79, -1, 0), -- spawn_group_entry
-- Disembodied Exarch spawns
(@SGGUID+8, @CGUID+49, -1, 0), -- Disembodied Exarch
(@SGGUID+8, @CGUID+57, -1, 0), -- Disembodied Exarch
(@SGGUID+8, @CGUID+67, -1, 0), -- Disembodied Exarch
(@SGGUID+8, @CGUID+81, -1, 0), -- Disembodied Exarch
-- Mana Wraith spawns
(@SGGUID+9, @CGUID+82, -1, 0), -- Mana Wraith
(@SGGUID+9, @CGUID+83, -1, 0), -- Mana Wraith
(@SGGUID+9, @CGUID+84, -1, 0), -- Mana Wraith
(@SGGUID+9, @CGUID+85, -1, 0), -- Mana Wraith
(@SGGUID+9, @CGUID+86, -1, 0), -- Mana Wraith
(@SGGUID+9, @CGUID+87, -1, 0), -- Mana Wraith
(@SGGUID+9, @CGUID+97, -1, 0), -- Mana Wraith
(@SGGUID+9, @CGUID+98, -1, 0), -- Mana Wraith
(@SGGUID+9, @CGUID+99, -1, 0), -- Mana Wraith
(@SGGUID+9, @CGUID+100, -1, 0), -- Mana Wraith
(@SGGUID+9, @CGUID+101, -1, 0), -- Mana Wraith
(@SGGUID+9, @CGUID+102, -1, 0), -- Mana Wraith
(@SGGUID+9, @CGUID+103, -1, 0), -- Mana Wraith
(@SGGUID+9, @CGUID+104, -1, 0), -- Mana Wraith
(@SGGUID+9, @CGUID+105, -1, 0), -- Mana Wraith
(@SGGUID+9, @CGUID+106, -1, 0), -- Mana Wraith
(@SGGUID+9, @CGUID+107, -1, 0), -- Mana Wraith
(@SGGUID+9, @CGUID+108, -1, 0), -- Mana Wraith
(@SGGUID+9, @CGUID+109, -1, 0), -- Mana Wraith
(@SGGUID+9, @CGUID+110, -1, 0), -- Mana Wraith
(@SGGUID+9, @CGUID+111, -1, 0), -- Mana Wraith
(@SGGUID+9, @CGUID+112, -1, 0), -- Mana Wraith
(@SGGUID+9, @CGUID+113, -1, 0), -- Mana Wraith
(@SGGUID+9, @CGUID+114, -1, 0), -- Mana Wraith
(@SGGUID+9, @CGUID+115, -1, 0), -- Mana Wraith
(@SGGUID+9, @CGUID+116, -1, 0), -- Mana Wraith
(@SGGUID+9, @CGUID+205, -1, 0), -- Mana Wraith
(@SGGUID+9, @CGUID+206, -1, 0), -- Mana Wraith
-- Sundered Rumbler
(@SGGUID+10, @CGUID+96, -1, 0), -- Sundered Rumbler
(@SGGUID+10, @CGUID+124, -1, 0), -- Sundered Rumbler
(@SGGUID+10, @CGUID+125, -1, 0), -- Sundered Rumbler
(@SGGUID+10, @CGUID+126, -1, 0), -- Sundered Rumbler
(@SGGUID+10, @CGUID+127, -1, 0), -- Sundered Rumbler
-- Farahlon Giant
(@SGGUID+11, @CGUID+134, -1, 0), -- Farahlon Giant
(@SGGUID+11, @CGUID+135, -1, 0), -- Farahlon Giant
(@SGGUID+11, @CGUID+136, -1, 0), -- Farahlon Giant
(@SGGUID+11, @CGUID+137, -1, 0), -- Farahlon Giant
(@SGGUID+11, @CGUID+138, -1, 0), -- Farahlon Giant
(@SGGUID+11, @CGUID+139, -1, 0), -- Farahlon Giant
-- Artifact Seeker
(@SGGUID+12, @CGUID+140, -1, 0), -- Artifact Seeker
(@SGGUID+12, @CGUID+141, -1, 0), -- Artifact Seeker
(@SGGUID+12, @CGUID+142, -1, 0), -- Artifact Seeker
(@SGGUID+12, @CGUID+143, -1, 0), -- Artifact Seeker
(@SGGUID+12, @CGUID+144, -1, 0), -- Artifact Seeker
(@SGGUID+12, @CGUID+145, -1, 0), -- Artifact Seeker
(@SGGUID+12, @CGUID+146, -1, 0), -- Artifact Seeker
(@SGGUID+12, @CGUID+147, -1, 0), -- Artifact Seeker
(@SGGUID+12, @CGUID+148, -1, 0), -- Artifact Seeker
(@SGGUID+12, @CGUID+149, -1, 0), -- Artifact Seeker
(@SGGUID+12, @CGUID+150, -1, 0), -- Artifact Seeker
(@SGGUID+12, @CGUID+151, -1, 0), -- Artifact Seeker
(@SGGUID+12, @CGUID+152, -1, 0), -- Artifact Seeker
(@SGGUID+12, @CGUID+153, -1, 0), -- Artifact Seeker
-- Felblade Doomguard
(@SGGUID+13, @CGUID+154, -1, 0), -- Felblade Doomguard
(@SGGUID+13, @CGUID+155, -1, 0), -- Felblade Doomguard
(@SGGUID+13, @CGUID+156, -1, 0), -- Felblade Doomguard
(@SGGUID+13, @CGUID+157, -1, 0), -- Felblade Doomguard
(@SGGUID+13, @CGUID+158, -1, 0), -- Felblade Doomguard
(@SGGUID+13, @CGUID+159, -1, 0), -- Felblade Doomguard
(@SGGUID+13, @CGUID+160, -1, 0), -- Felblade Doomguard
-- Pentatharon
(@SGGUID+14, @CGUID+161, -1, 0), -- Pentatharon
-- Etherlithium Matrix Crystal 
(@SGGUID+100, @GGUID+1, -1, 0), -- Etherlithium Matrix Crystal
(@SGGUID+100, @GGUID+2, -1, 0), -- Etherlithium Matrix Crystal
(@SGGUID+100, @GGUID+3, -1, 0), -- Etherlithium Matrix Crystal
(@SGGUID+100, @GGUID+4, -1, 0), -- Etherlithium Matrix Crystal
(@SGGUID+100, @GGUID+5, -1, 0), -- Etherlithium Matrix Crystal
(@SGGUID+100, @GGUID+6, -1, 0), -- Etherlithium Matrix Crystal
(@SGGUID+100, @GGUID+7, -1, 0), -- Etherlithium Matrix Crystal
(@SGGUID+100, @GGUID+8, -1, 0), -- Etherlithium Matrix Crystal
(@SGGUID+100, @GGUID+9, -1, 0), -- Etherlithium Matrix Crystal
(@SGGUID+100, @GGUID+10, -1, 0), -- Etherlithium Matrix Crystal
(@SGGUID+100, @GGUID+11, -1, 0), -- Etherlithium Matrix Crystal
(@SGGUID+100, @GGUID+12, -1, 0), -- Etherlithium Matrix Crystal
(@SGGUID+100, @GGUID+13, -1, 0), -- Etherlithium Matrix Crystal
(@SGGUID+100, @GGUID+14, -1, 0), -- Etherlithium Matrix Crystal
(@SGGUID+100, @GGUID+15, -1, 0), -- Etherlithium Matrix Crystal
(@SGGUID+100, @GGUID+16, -1, 0), -- Etherlithium Matrix Crystal
(@SGGUID+100, @GGUID+17, -1, 0), -- Etherlithium Matrix Crystal
(@SGGUID+100, @GGUID+18, -1, 0), -- Etherlithium Matrix Crystal
(@SGGUID+100, @GGUID+19, -1, 0), -- Etherlithium Matrix Crystal
(@SGGUID+100, @GGUID+20, -1, 0), -- Etherlithium Matrix Crystal
(@SGGUID+100, @GGUID+21, -1, 0), -- Etherlithium Matrix Crystal
(@SGGUID+100, @GGUID+22, -1, 0), -- Etherlithium Matrix Crystal
(@SGGUID+100, @GGUID+23, -1, 0), -- Etherlithium Matrix Crystal
(@SGGUID+100, @GGUID+24, -1, 0), -- Etherlithium Matrix Crystal
(@SGGUID+100, @GGUID+25, -1, 0), -- Etherlithium Matrix Crystal
(@SGGUID+100, @GGUID+26, -1, 0), -- Etherlithium Matrix Crystal
(@SGGUID+100, @GGUID+27, -1, 0), -- Etherlithium Matrix Crystal
(@SGGUID+100, @GGUID+28, -1, 0), -- Etherlithium Matrix Crystal
(@SGGUID+100, @GGUID+29, -1, 0); -- Etherlithium Matrix Crystal

-- Scripts
SET @RELAYID := 18000;
DELETE FROM dbscript_random_templates WHERE id BETWEEN @RELAYID+1 AND @RELAYID+3;
INSERT INTO dbscript_random_templates (id, type, target_id, chance, comments) VALUES
-- Netherologist Coppernickels different text's
(@RELAYID+1, 0, 16949, 0, 'Netherstorm - Nether Technician - Say 1'), 
(@RELAYID+1, 0, 16950, 0, 'Netherstorm - Nether Technician - Say 2'),
(@RELAYID+1, 0, 16951, 0, 'Netherstorm - Nether Technician - Say 3'), 
(@RELAYID+1, 0, 16952, 0, 'Netherstorm - Nether Technician - Say 4'), 
(@RELAYID+1, 0, 16953, 0, 'Netherstorm - Nether Technician - Say 5'),
-- Disembodied Vindicator/Disembodied Protector random emote
(@RELAYID+2, 1, @RELAYID+3, 0, 'Netherstorm - Disembodied Vindicator/Disembodied Protector - Emote OneShotQuestion (6)'), 
(@RELAYID+2, 1, @RELAYID+4, 0, 'Netherstorm - Disembodied Vindicator/Disembodied Protector - Emote OneShoteYes (273)'),
(@RELAYID+2, 1, @RELAYID+5, 0, 'Netherstorm - Disembodied Vindicator/Disembodied Protector - Emote OneShoteNo (274)'), 
(@RELAYID+2, 1, @RELAYID+6, 0, 'Netherstorm - Disembodied Vindicator/Disembodied Protector - Emote OneShoteTalk (396)'),
 -- Disembodied Vindicator/Disembodied Protector random StandState
(@RELAYID+3, 1, @RELAYID+7, 0, 'Netherstorm - Disembodied Vindicator/Disembodied Protector - StandState Stand (0)'), 
(@RELAYID+3, 1, @RELAYID+8, 0, 'Netherstorm - Disembodied Vindicator/Disembodied Protector - StandState Sit (1)'),
(@RELAYID+3, 1, @RELAYID+9, 0, 'Netherstorm - Disembodied Vindicator/Disembodied Protector - StandState Sleep (3)'), 
(@RELAYID+3, 1, @RELAYID+10, 0, 'Netherstorm - Disembodied Vindicator/Disembodied Protector - StandState Kneel (8)');


DELETE FROM dbscripts_on_relay WHERE id BETWEEN @RELAYID+1 AND @RELAYID+11;
INSERT INTO `dbscripts_on_relay` (`id`, `delay`, `priority`, `command`, `datalong`, `datalong2`, `datalong3`, `buddy_entry`, `search_radius`, `data_flags`, `dataint`, `dataint2`, `dataint3`, `dataint4`, `x`, `y`, `z`, `o`, `comments`) VALUES
-- Nether Technician script via ACID - CGUID+4
(@RELAYID+1, 0, 0, 42, 0, 0, 0, 0, 0, 0, 1911, 0, 0, 0, 0, 0, 0, 0, 'Netherstorm - Nether Technician - Set EquipmentSlot'),
(@RELAYID+1, 0, 1, 1, 133, 0, 0, 0, 0, 0, 0, 0, 0, 0, 0, 0, 0, 0, 'Netherstorm - Nether Technician - Emote STATE_USESTANDING_NOSHEATHE'),
(@RELAYID+2, 0, 0, 42, 0, 0, 0, 0, 0, 0, 1903, 0, 0, 0, 0, 0, 0, 0, 'Netherstorm - Nether Technician - Set EquipmentSlot'),
(@RELAYID+2, 0, 1, 1, 233, 0, 0, 0, 0, 0, 0, 0, 0, 0, 0, 0, 0, 0, 'Netherstorm - Nether Technician - Emote STATE_WORK_MINING'),
-- Disembodied Vindicator/Disembodied Protector using random emote OOC
(@RELAYID+3, 0, 0, 1, 6, 0, 0, 0, 0, 0, 0, 0, 0, 0, 0, 0, 0, 0, 'Netherstorm - Disembodied Vindicator/Disembodied Protector - Emote OneShotQuestion (6)'),
(@RELAYID+4, 0, 0, 1, 273, 0, 0, 0, 0, 0, 0, 0, 0, 0, 0, 0, 0, 0, 'Netherstorm - Disembodied Vindicator/Disembodied Protector - Emote OneShoteYes (273)'),
(@RELAYID+5, 0, 0, 1, 274, 0, 0, 0, 0, 0, 0, 0, 0, 0, 0, 0, 0, 0, 'Netherstorm - Disembodied Vindicator/Disembodied Protector - Emote OneShoteNo (274)'),
(@RELAYID+6, 0, 0, 1, 396, 0, 0, 0, 0, 0, 0, 0, 0, 0, 0, 0, 0, 0, 'Netherstorm - Disembodied Vindicator/Disembodied Protector - Emote OneShoteTalk (396)'),-- Disembodied Vindicator/Disembodied Protector using random StandState OOC
-- Disembodied Vindicator/Disembodied Protector randomly changing StandState
(@RELAYID+7, 0, 0, 28, 0, 0, 0, 0, 0, 0, 0, 0, 0, 0, 0, 0, 0, 0, 'Netherstorm - Disembodied Vindicator/Disembodied Protector - StandState Stand (0)'),
(@RELAYID+8, 0, 0, 28, 1, 0, 0, 0, 0, 0, 0, 0, 0, 0, 0, 0, 0, 0, 'Netherstorm - Disembodied Vindicator/Disembodied Protector - StandState Sit (1)'),
(@RELAYID+9, 0, 0, 28, 3, 0, 0, 0, 0, 0, 0, 0, 0, 0, 0, 0, 0, 0, 'Netherstorm - Disembodied Vindicator/Disembodied Protector - StandState Sleep (3)'),
(@RELAYID+10, 0, 0, 28, 8, 0, 0, 0, 0, 0, 0, 0, 0, 0, 0, 0, 0, 0, 'Netherstorm - Disembodied Vindicator/Disembodied Protector - StandState Kneel (8)'),
-- Disembodied Exarch randomly stops waypoint, kneels for 4 seconds and resume path
(@RELAYID+11, 0, 0, 32, 1, 0, 0, 0, 0, 0, 0, 0, 0, 0, 0, 0, 0, 0, 'Netherstorm - Disembodied Exarch - Stop Waypoints'),
(@RELAYID+11, 0, 1, 1, 16, 0, 0, 0, 0, 0, 0, 0, 0, 0, 0, 0, 0, 0, 'Netherstorm - Disembodied Exarch - Emote Kneel'),
(@RELAYID+11, 3000, 0, 32, 0, 0, 0, 0, 0, 0, 0, 0, 0, 0, 0, 0, 0, 0, 'Netherstorm - Disembodied Exarch - Unpause Waypoints');

-- Delete some old unused waypoint scripts
DELETE FROM dbscripts_on_creature_movement WHERE id IN (1887901, 1887902, 1887903, 1888301, 1956901, 1956902, 1956903, 1956904, 2020301);
INSERT INTO `dbscripts_on_creature_movement` (`id`, `delay`, `priority`, `command`, `datalong`, `datalong2`, `datalong3`, `buddy_entry`, `search_radius`, `data_flags`, `dataint`, `dataint2`, `dataint3`, `dataint4`, `x`, `y`, `z`, `o`, `comments`) VALUES
-- Phase Hunter
-- Flags: 33587968
-- They spawn with flags UNIT_FLAG_UNINTERACTIBLE UNIT_FLAG_IMMUNE_TO_NPC UNIT_FLAG_IMMUNE_TO_PLAYER UNIT_FLAG_SWIMMING (33587968)
-- and change it to 32768 UNIT_FLAG_SWIMMING when reaching the ground
(1887901, 0, 0, 48, 33555200, 0, 0, 0, 0, 0, 0, 0, 0, 0, 0, 0, 0, 0, 'Netherstorm - Phase Hunter - Remove UnitFlags'), 
(1887901, 0, 1, 20, 1, 20, 0, 0, 0, 8, 0, 0, 0, 0, 0, 0, 0, 0, 'Netherstorm - Phase Hunter - Set RandomMovement around Point'), 
-- Smaller random movement (5 yards)
(1887902, 0, 0, 48, 33555200, 0, 0, 0, 0, 0, 0, 0, 0, 0, 0, 0, 0, 0, 'Netherstorm - Phase Hunter - Remove UnitFlags'), 
(1887902, 0, 1, 20, 1, 5, 0, 0, 0, 8, 0, 0, 0, 0, 0, 0, 0, 0, 'Netherstorm - Phase Hunter - Set RandomMovement around Point'), 
-- 10 yards radom movement
(1887903, 0, 0, 48, 33555200, 0, 0, 0, 0, 0, 0, 0, 0, 0, 0, 0, 0, 0, 'Netherstorm - Phase Hunter - Remove UnitFlags'), 
(1887903, 0, 1, 20, 1, 10, 0, 0, 0, 8, 0, 0, 0, 0, 0, 0, 0, 0, 'Netherstorm - Phase Hunter - Set RandomMovement around Point'), 
-- Mana Snapper
(1888301, 0, 1, 20, 1, 20, 0, 0, 0, 8, 0, 0, 0, 0, 0, 0, 0, 0, 'Netherstorm - Mana Snapper - Set RandomMovement around Point'), 
-- Netherologist Coppernickels
-- Timer for how long he stays depens on how long he uses emote "STATE_USESTANDING_NOSHEATHE" this can vary between 15 and 30 seconds
-- using hardcoded 25 seconds for now.
(1956901, 5000, 0, 1, 133, 0, 0, 0, 0, 0, 0, 0, 0, 0, 0, 0, 0, 0, 'Netherstorm - Netherologist Coppernickels - Emote UseStanding'), 
(1956901, 30000, 0, 1, 0, 0, 0, 0, 0, 0, 0, 0, 0, 0, 0, 0, 0, 0, 'Netherstorm - Netherologist Coppernickels - Emote None'), 
(1956901, 32000, 0, 1, 5, 0, 0, 0, 0, 0, 0, 0, 0, 0, 0, 0, 0, 0, 'Netherstorm - Netherologist Coppernickels - Emote OneShotExclamation'), 
(1956901, 32000, 1, 0, @RELAYID+1, 0, 0, 0, 0, 0, 0, 0, 0, 0, 0, 0, 0, 0, 'Netherstorm - Netherologist Coppernickels - random text');

DELETE FROM dbscripts_on_spell WHERE id IN (34814);
INSERT INTO `dbscripts_on_spell` (`id`, `delay`, `priority`, `command`, `datalong`, `datalong2`, `datalong3`, `buddy_entry`, `search_radius`, `data_flags`, `dataint`, `dataint2`, `dataint3`, `dataint4`, `x`, `y`, `z`, `o`, `comments`) VALUES
-- Spell get used on a 7-10 minute OOC Timer by Phase Hunter and should despawn creature.
(34814, 1000, 0, 18, 0, 0, 0, 0, 0, 0, 0, 0, 0, 0, 0, 0, 0, 0, 'De-Materializ - Despawn Caster'); 



-- Movement Corrections

-- Disembodied Exarch
-- WalkSpeed: 2.5 
-- RunSpeed: 8
-- Before SpeedWalk 1,125 SpeedRun 1,14286
UPDATE creature_template SET SpeedWalk = 2.5/2.5, SpeedRun = 8/7 WHERE entry = 21058;