-- Update data for General Goods Vendor 26304 (PTR)
UPDATE `creature_template` SET `VendorTemplateId` = 0 WHERE `entry` = 26304; -- https://www.wowhead.com/tbc/npc=26304/general-goods-vendor
DELETE FROM `npc_vendor` WHERE `entry` = 26304;
INSERT INTO `npc_vendor` (`entry`, `item`, `slot`) VALUES
(26304, 22019, 1),
(26304, 22018, 2),
(26304, 20520, 3),
(26304, 21991, 4),
(26304, 29449, 5),
(26304, 32453, 6),
(26304, 22147, 7),
(26304, 17020, 8),
(26304, 17030, 9),
(26304, 17033, 10),
(26304, 17029, 11),
(26304, 22148, 12),
(26304, 21177, 13),
(26304, 5565, 14),
(26304, 5140, 15),
(26304, 22829, 16),
(26304, 22832, 17),
(26304, 29451, 18),
(26304, 29450, 19),
(26304, 17057, 20),
(26304, 17058, 21),
(26304, 17056, 22),
(26304, 28056, 23),
(26304, 28061, 24),
(26304, 31949, 25),
(26304, 32883, 26),
(26304, 32882, 27),
(26304, 34581, 28),
(26304, 34582, 29),
(26304, 31737, 30),
(26304, 31735, 31),
-- alliance mounts were here
(26304, 22794, 38),
(26304, 22452, 39),
(26304, 21884, 40),
(26304, 21886, 41),
(26304, 22457, 42),
(26304, 23571, 43),
(26304, 23572, 44),
(26304, 22456, 45),
(26304, 21885, 46),
(26304, 22451, 47),
(26304, 25844, 48),
(26304, 22463, 49),
(26304, 22450, 50),
(26304, 22449, 51),
(26304, 22448, 52),
(26304, 22446, 53),
(26304, 22445, 54),
(26304, 16204, 55),
(26304, 16203, 56),
(26304, 14344, 57),
(26304, 29434, 58),
(26304, 23824, 59),
(26304, 35581, 60),
(26304, 13511, 61),
(26304, 22851, 62),
(26304, 22853, 63),
(26304, 22866, 64),
(26304, 22861, 65),
(26304, 22854, 66),
(26304, 33208, 67),
(26304, 28104, 68),
(26304, 9224, 69),
(26304, 31679, 70),
(26304, 28103, 71),
(26304, 13454, 72),
(26304, 22825, 73),
(26304, 22831, 74),
(26304, 22834, 75),
(26304, 32062, 76),
(26304, 32063, 77),
(26304, 22848, 78),
(26304, 22840, 79),
(26304, 32067, 80),
(26304, 33052, 81),
(26304, 33872, 82),
(26304, 27658, 83),
(26304, 27655, 84),
(26304, 27657, 85),
(26304, 27666, 86),
(26304, 27664, 87),
(26304, 31676, 88),
(26304, 31677, 89),
(26304, 22849, 90),
(26304, 22837, 91),
(26304, 22838, 92),
(26304, 22839, 93),
(26304, 22836, 94),
(26304, 29529, 95),
(26304, 29532, 96),
(26304, 29531, 97),
(26304, 29530, 98),
(26304, 29528, 99),
(26304, 9088, 100),
(26304, 32846, 101),
(26304, 22841, 102),
(26304, 22842, 103),
(26304, 32847, 104),
(26304, 22847, 105),
(26304, 32844, 106),
(26304, 22844, 107),
(26304, 22846, 108),
(26304, 32845, 109),
-- 185851, -- [110] Greater Drums of Speed
-- 185852, -- [111] Greater Drums of War
-- 185849, -- [112] Greater Drums of Panic
-- 185850, -- [113] Greater Drums of Restoration
(26304, 20749, 114),
(26304, 20748, 115),
(26304, 22522, 116),
(26304, 28421, 117),
(26304, 23529, 118),
(26304, 23827, 119),
(26304, 22788, 120),
(26304, 23576, 121),
(26304, 25521, 122),
(26304, 16023, 123),
(26304, 23826, 124),
(26304, 22797, 125),
(26304, 23737, 126),
(26304, 10646, 127),
-- legacy items, maybe locked behind class restriction, or on other vendors in classic tbc
(26304, 3776, 131),
(26304, 9186, 132),
(26304, 21927, 133),
(26304, 22054, 134),
(26304, 22055, 135),
(26304, 6265, 136),
(26304, 16583, 137),
-- mounts
(26304, 18243, 141),
(26304, 18244, 142),
(26304, 18241, 143),
(26304, 35906, 144),
(26304, 18242, 145),
(26304, 19030, 146),
(26304, 18246, 147),
(26304, 18245, 148),
(26304, 18248, 149),
(26304, 34129, 150),
(26304, 18247, 151),
(26304, 19029, 152);

-- Update data for Enchantments Vendor 26302 (Tournament Test Realm (TTR)) (-65 / +78)
DELETE FROM `npc_vendor` WHERE `entry` = 26302; -- https://www.wowhead.com/tbc/npc=26302/enchantments-vendor
INSERT INTO `npc_vendor` (`entry`, `item`, `slot`) VALUES
(26302, 23766, 1),
(26302, 23765, 2),
(26302, 33185, 3),
(26302, 18283, 4),
-- 187740, -- [5] Enchant Weapon - Mighty Spirit
(26302, 35396, 6),
(26302, 35397, 7),
-- 187783, -- [8] Enchant Shield - Resilience -> one could use 34110 to emulate this
(26302, 35398, 9),
(26302, 35399, 10),
(26302, 35400, 11),
(26302, 35417, 12),
(26302, 35418, 13),
(26302, 35419, 14),
(26302, 35420, 15),
(26302, 35421, 16),
(26302, 35422, 17),
(26302, 35423, 18),
(26302, 35424, 19),
(26302, 35425, 20),
(26302, 35426, 21),
(26302, 35427, 22),
-- 187737, -- [23] Enchant Bracer - Assault
(26302, 35428, 24),
(26302, 35429, 25),
(26302, 35430, 26),
(26302, 35431, 27),
(26302, 35432, 28),
(26302, 35433, 29),
(26302, 35434, 30),
(26302, 35437, 31),
(26302, 35435, 32),
(26302, 35436, 33),
-- 187738, -- [34] Enchant Cloak - Stealth
-- 187800, -- [35] Enchant Cloak - Subtlety
-- 187815, -- [36] Enchant Cloak - Greater Fire Resistance
-- 187807, -- [37] Enchant Cloak - Greater Nature Resistance
(26302, 35438, 38),
(26302, 35439, 39),
(26302, 35440, 40),
(26302, 35441, 41),
(26302, 35442, 42),
(26302, 35443, 43),
-- 187739, -- [44] Enchant Gloves - Superior Agility
-- 187801, -- [45] Enchant Gloves - Threat
(26302, 35444, 46),
(26302, 35445, 47),
(26302, 35446, 48),
(26302, 35447, 49),
(26302, 35448, 50),
(26302, 35449, 51),
(26302, 35450, 52),
(26302, 35451, 53),
-- 187814, -- [54] Enchant Shield - Frost Resistance
(26302, 35452, 55),
(26302, 35453, 56),
(26302, 35454, 57),
(26302, 35455, 58),
(26302, 35456, 59),
(26302, 35457, 60),
(26302, 35458, 61),
(26302, 35459, 62),
(26302, 35460, 63),
(26302, 35461, 64),
(26302, 35462, 65),
(26302, 28886, 66),
(26302, 28887, 67),
(26302, 28888, 68),
(26302, 28889, 69),
(26302, 29186, 70),
(26302, 29189, 71),
(26302, 29190, 72),
(26302, 29191, 73),
(26302, 29192, 74),
(26302, 30846, 75),
(26302, 35728, 76),
(26302, 35729, 77),
(26302, 35730, 78),
(26302, 35731, 79),
(26302, 24274, 80),
(26302, 24276, 81),
(26302, 29535, 82),
(26302, 29536, 83),
(26302, 34207, 84),
(26302, 23549, 85),
(26302, 23548, 86),
(26302, 23547, 87),
(26302, 23545, 88);

-- Update data for Mail Armor Vendor 26306 (Tournament Test Realm (TTR)) (-30 / +84)
DELETE FROM `npc_vendor` WHERE `entry` = 26306; -- https://www.wowhead.com/tbc/npc=26306/mail-armor-vendor
INSERT INTO `npc_vendor` (`entry`, `item`, `slot`) VALUES
-- G'eras can be made free on PTR
-- (26306, 32085, 1),
-- (26306, 32086, 2),
(26306, 30907, 3),
(26306, 30864, 4),
(26306, 30869, 5),
(26306, 30887, 6),
(26306, 30880, 7),
(26306, 30919, 8),
(26306, 32275, 9),
(26306, 32510, 10),
(26306, 32234, 11),
(26306, 32241, 12),
(26306, 32334, 13),
(26306, 30873, 14),
(26306, 30892, 15),
(26306, 32251, 16),
(26306, 32259, 17),
(26306, 32264, 18),
(26306, 32276, 19),
(26306, 30893, 20),
(26306, 32517, 21),
(26306, 30900, 22),
(26306, 32242, 23),
(26306, 32258, 24),
(26306, 30104, 25),
(26306, 29991, 26),
(26306, 29921, 27),
(26306, 30085, 28),
(26306, 29976, 29),
(26306, 29985, 30),
(26306, 30054, 31),
(26306, 29951, 32),
(26306, 30097, 33),
(26306, 30030, 34),
(26306, 30047, 35),
(26306, 30066, 36),
(26306, 30068, 37),
(26306, 30026, 38),
(26306, 30091, 39),
(26306, 32592, 40),
(26306, 32579, 41),
(26306, 32577, 42),
(26306, 32575, 43),
(26306, 32574, 44),
(26306, 28827, 45),
(26306, 30046, 46),
(26306, 30045, 47),
(26306, 29519, 48),
(26306, 29520, 49),
(26306, 29521, 50),
(26306, 28810, 51),
(26306, 28583, 52),
(26306, 28671, 53),
(26306, 28631, 54),
(26306, 28589, 55),
(26306, 28735, 56),
(26306, 28599, 57),
(26306, 28567, 58),
(26306, 28656, 59),
(26306, 30643, 60),
(26306, 30677, 61),
(26306, 28751, 62),
(26306, 28740, 63),
(26306, 28746, 64),
(26306, 30682, 65),
(26306, 28610, 66),
(26306, 28503, 67),
(26306, 28454, 68),
(26306, 30686, 69),
(26306, 28519, 70),
(26306, 28520, 71),
(26306, 28778, 72),
(26306, 30728, 73),
(26306, 30739, 74),
-- legacy items, or on other vendors in classic tbc, preserve for now
(26306, 32785, 75), -- Veteran's Chain Sabatons
(26306, 32797, 76), -- Veteran's Chain Girdle
(26306, 32809, 77), -- Veteran's Chain Bracers

(26306, 32791, 78), -- Veteran's Linked Sabatons
(26306, 32803, 79), -- Veteran's Linked Girdle
(26306, 32816, 80), -- Veteran's Linked Bracers

(26306, 32792, 81), -- Veteran's Mail Sabatons
(26306, 32804, 82), -- Veteran's Mail Girdle
(26306, 32817, 83), -- Veteran's Mail Bracers

(26306, 32999, 84), -- Veteran's Ringmail Sabatons
(26306, 32998, 85), -- Veteran's Ringmail Girdle
(26306, 32997, 86); -- Veteran's Ringmail Bracer

-- Update data for Cloth Armor Vendor 26301 (Tournament Test Realm (TTR)) (-26 / +104)
DELETE FROM `npc_vendor` WHERE `entry` = 26301; -- https://www.wowhead.com/tbc/npc=26301/cloth-armor-vendor
INSERT INTO `npc_vendor` (`entry`, `item`, `slot`) VALUES
-- G'eras can be made free on PTR
-- (26301, 32090, 1),
(26301, 32273, 2),
(26301, 30888, 3),
(26301, 30895, 4),
(26301, 30885, 5),
(26301, 32338, 6),
(26301, 30894, 7),
(26301, 30050, 8),
(26301, 30871, 9),
(26301, 30064, 10),
(26301, 32329, 11),
(26301, 29986, 12),
(26301, 32525, 13),
(26301, 29990, 14),
(26301, 30870, 15),
(26301, 30020, 16),
(26301, 32270, 17),
(26301, 32340, 18),
(26301, 29987, 19),
(26301, 32353, 20),
(26301, 30884, 21),
(26301, 30079, 22),
(26301, 30916, 23),
(26301, 32367, 24),
(26301, 30912, 25),
(26301, 30024, 26),
(26301, 29918, 27),
(26301, 30056, 28),
(26301, 32327, 29),
(26301, 30913, 30),
(26301, 32239, 31),
(26301, 30100, 32),
(26301, 29977, 33),
(26301, 29972, 34),
(26301, 30067, 35),
(26301, 30107, 36),
(26301, 32256, 37),
(26301, 32516, 38),
(26301, 32513, 39),
-- (26301, 28796, 40), -- leather https://www.wowhead.com/tbc/item=28796/malefic-mask-of-the-shadows
(26301, 28654, 41),
-- G'eras can be made free on PTR
-- (26301, 32089, 42),
(26301, 32609, 43),
(26301, 32587, 44),
(26301, 32586, 45),
(26301, 32585, 46),
(26301, 32584, 47),
(26301, 30035, 48),
(26301, 32519, 49),
(26301, 30036, 50),
(26301, 24266, 51),
(26301, 24262, 52),
(26301, 21848, 53),
(26301, 21847, 54),
(26301, 21846, 55),
(26301, 21869, 56),
(26301, 21870, 57),
(26301, 21871, 58),
(26301, 21875, 59),
(26301, 21873, 60),
(26301, 21874, 61),
(26301, 28804, 62),
(26301, 28799, 63),
(26301, 28744, 64),
(26301, 28756, 65),
(26301, 28586, 66),
(26301, 28726, 67),
(26301, 28612, 68),
(26301, 28565, 69),
(26301, 30673, 70),
(26301, 28652, 71),
(26301, 30675, 72),
(26301, 28594, 73),
(26301, 28742, 74),
(26301, 28517, 75),
(26301, 28670, 76),
(26301, 30680, 77),
(26301, 28585, 78),
(26301, 28663, 79),
(26301, 28515, 80),
(26301, 28477, 81),
(26301, 30684, 82),
(26301, 28511, 83),
(26301, 28508, 84),
(26301, 30668, 85),
(26301, 28507, 86),
(26301, 28602, 87),
(26301, 28578, 88),
(26301, 28780, 89),
(26301, 23825, 90),
(26301, 30727, 91),
(26301, 30725, 92),
(26301, 30734, 93),
-- (26301, 31434, 94), -- leather https://www.wowhead.com/tbc/item=31434/ogre-assassins-britches
(26301, 31442, 95),
(26301, 24249, 96),
(26301, 24255, 97),
(26301, 24250, 98),
(26301, 24264, 99),
-- legacy items, or on other vendors in classic tbc, preserve for now
(26301, 32787, 100), -- Veteran's Dreadweave Stalkers
(26301, 32799, 101), -- Veteran's Dreadweave Belt
(26301, 32811, 102), -- Veteran's Dreadweave Cuffs
(26301, 32795, 103), -- Veteran's Silk Footguards
(26301, 32807, 104), -- Veteran's Silk Belt
(26301, 32820, 105), -- Veteran's Silk Cuffs
(26301, 32981, 106), -- Veteran's Mooncloth Slippers
(26301, 32979, 107), -- Veteran's Mooncloth Belt
(26301, 32980, 108); -- Veteran's Mooncloth Cuffs

-- Update data for Plate Armor Vendor 26308 (Tournament Test Realm (TTR)) (-47 / +144)
DELETE FROM `npc_vendor` WHERE `entry` = 26308; -- https://www.wowhead.com/tbc/npc=26308/plate-armor-vendor
INSERT INTO `npc_vendor` (`entry`, `item`, `slot`) VALUES
-- comment itemlevel 115, nobody uses this stuff with the alternatives present here
(26308, 30120, 1),
(26308, 30118, 2),
(26308, 30113, 3),
(26308, 30119, 4),
(26308, 30115, 5),
(26308, 30121, 6),
(26308, 30114, 7),
(26308, 30116, 8),
(26308, 30122, 9),
(26308, 30117, 10),
-- G'eras can be made free on PTR
-- (26308, 32084, 11),
(26308, 30915, 12),
(26308, 30862, 13),
(26308, 30866, 14),
(26308, 30027, 15),
(26308, 32267, 16),
(26308, 30057, 17),
(26308, 30048, 18),
(26308, 32354, 19),
(26308, 32345, 20),
(26308, 32232, 21),
(26308, 32521, 22),
(26308, 29983, 23),
(26308, 30861, 24),
(26308, 32280, 25),
(26308, 30897, 26),
(26308, 32512, 27),
(26308, 32342, 28),
(26308, 32333, 29),
(26308, 30096, 30),
(26308, 32606, 31),
(26308, 29965, 32),
(26308, 30878, 33),
(26308, 30112, 34),
(26308, 30896, 35),
(26308, 30065, 36),
(26308, 29950, 37),
(26308, 32278, 38),
(26308, 32365, 39),
(26308, 30102, 40),
(26308, 32341, 41),
(26308, 30903, 42),
(26308, 30486, 43),
(26308, 30487, 44),
(26308, 30488, 45),
(26308, 30489, 46),
(26308, 30490, 47),
(26308, 32268, 48),
(26308, 30972, 49),
(26308, 30975, 50),
(26308, 30976, 51),
(26308, 30969, 52),
(26308, 30974, 53),
(26308, 30977, 54),
(26308, 30970, 55),
(26308, 30978, 56),
(26308, 30979, 57),
(26308, 30980, 58),
(26308, 32250, 59),
(26308, 30084, 60),
(26308, 30053, 61),
(26308, 32243, 62),
(26308, 32608, 63),
(26308, 32263, 64),
(26308, 29998, 65),
(26308, 30904, 66),
(26308, 32279, 67),
(26308, 32245, 68),
(26308, 33909, 69),
(26308, 33888, 70),
(26308, 33811, 71),
(26308, 33903, 72),
(26308, 33905, 73),
(26308, 33890, 74),
(26308, 33911, 75),
(26308, 33812, 76),
(26308, 33910, 77),
(26308, 33904, 78),
(26308, 33889, 79),
(26308, 33813, 80),
(26308, 33728, 81),
(26308, 33729, 82),
(26308, 33730, 83),
(26308, 33731, 84),
(26308, 33732, 85),
(26308, 30081, 86),
(26308, 32515, 87),
(26308, 32573, 88),
(26308, 32571, 89),
(26308, 32570, 90),
(26308, 32568, 91),
(26308, 28795, 92),
(26308, 28824, 93),
(26308, 28779, 94),
(26308, 30034, 95),
(26308, 30033, 96),
(26308, 30032, 97),
(26308, 30031, 98),
(26308, 24549, 99),
(26308, 24546, 100),
(26308, 24547, 101),
(26308, 24545, 102),
(26308, 24544, 103),
(26308, 29011, 104),
(26308, 29021, 105),
(26308, 29016, 106),
(26308, 29023, 107),
(26308, 29019, 108),
(26308, 29012, 109),
(26308, 29022, 110),
(26308, 29015, 111),
(26308, 29020, 112),
(26308, 29017, 113),
(26308, 28642, 114),
(26308, 28641, 115),
(26308, 28383, 116),
(26308, 28385, 117),
(26308, 32982, 118),
(26308, 28644, 119),
(26308, 32984, 120),
(26308, 28645, 121),
-- (26308, 28381, 122),
-- (26308, 32983, 123),
(26308, 28983, 124),
(26308, 28985, 125),
(26308, 32987, 126),
(26308, 32985, 127),
(26308, 29000, 128),
(26308, 28997, 129),
(26308, 28998, 130),
(26308, 28995, 131),
-- (26308, 28593, 132),
-- (26308, 28743, 133),
-- (26308, 28666, 134),
-- (26308, 28597, 135),
-- (26308, 28662, 136),
-- (26308, 30678, 137),
-- (26308, 28566, 138),
-- (26308, 28733, 139),
-- (26308, 28621, 140),
-- (26308, 28748, 141),
-- (26308, 28747, 142),
-- (26308, 30641, 143),
-- (26308, 28608, 144),
-- (26308, 28569, 145),
-- (26308, 30683, 146),
-- (26308, 30687, 147),
-- (26308, 28512, 148),
-- (26308, 28502, 149),
-- (26308, 28505, 150),
-- (26308, 28518, 151),
(26308, 28775, 152),
(26308, 30741, 153),
(26308, 30740, 154),
(26308, 30731, 155),
-- legacy items, or on other vendors in classic tbc, preserve for now
(26308, 32793, 156), -- Veteran's Plate Greaves
(26308, 32805, 157), -- Veteran's Plate Belt
(26308, 32818, 158), -- Veteran's Plate Bracers

(26308, 32794, 159), -- Veteran's Scaled Greaves
(26308, 32806, 160), -- Veteran's Scaled Belt
(26308, 32819, 161), -- Veteran's Scaled Bracers

(26308, 32789, 162), -- Veteran's Lamellar Greaves
(26308, 32801, 163), -- Veteran's Lamellar Belt
(26308, 32813, 164), -- Veteran's Lamellar Bracers

(26308, 32988, 165), -- Veteran's Ornamented Belt
(26308, 32989, 166), -- Veteran's Ornamented Bracers
(26308, 32990, 167); -- Veteran's Ornamented Greaves

-- Update data for Leather Armor Vendor 26305 (Tournament Test Realm (TTR)) (-39 / +105)
DELETE FROM `npc_vendor` WHERE `entry` = 26305; -- https://www.wowhead.com/tbc/npc=26305/leather-armor-vendor
INSERT INTO `npc_vendor` (`entry`, `item`, `slot`) VALUES
-- comment itemlevel 115, nobody uses this stuff with the alternatives present here
-- G'eras can be made free on PTR
-- (26305, 32088, 1),
-- (26305, 32087, 2),
(26305, 32235, 3),
(26305, 30905, 4),
(26305, 30898, 5),
(26305, 32347, 6),
(26305, 32518, 7),
(26305, 32328, 8),
(26305, 30914, 9),
(26305, 32252, 10),
(26305, 32271, 11),
(26305, 30879, 12),
(26305, 30899, 13),
(26305, 30917, 14),
(26305, 32339, 15),
(26305, 30886, 16),
(26305, 32240, 17),
(26305, 32265, 18),
(26305, 32324, 19),
(26305, 32366, 20),
(26305, 32377, 21),
(26305, 32593, 22),
(26305, 30863, 23),
(26305, 30868, 24),
(26305, 30891, 25),
(26305, 29995, 26),
(26305, 30106, 27),
(26305, 30111, 28),
(26305, 32583, 29),
(26305, 32582, 30),
(26305, 32581, 31),
(26305, 32580, 32),
(26305, 30029, 33),
(26305, 30101, 34),
(26305, 30060, 35),
(26305, 29984, 36),
(26305, 29947, 37),
(26305, 30075, 38),
(26305, 30062, 39),
(26305, 28803, 40),
(26305, 28828, 41),
(26305, 29966, 42),
(26305, 30092, 43),
(26305, 30055, 44),
(26305, 30042, 45),
(26305, 30041, 46),
(26305, 30040, 47),
(26305, 30039, 48),
(26305, 29522, 49),
(26305, 29524, 50),
(26305, 29523, 51),
(26305, 27837, 52),
(26305, 28224, 53),
(26305, 27531, 54),
(26305, 28264, 55),
(26305, 27797, 56),
(26305, 29246, 57),
(26305, 28796, 58),
(26305, 28506, 59),
(26305, 28521, 60),
(26305, 30644, 61),
(26305, 28514, 62),
(26305, 30685, 63),
(26305, 28453, 64),
(26305, 28545, 65),
(26305, 28752, 66),
(26305, 30674, 67),
(26305, 30681, 68),
(26305, 28669, 69),
(26305, 28741, 70),
(26305, 28591, 71),
(26305, 29247, 72),
(26305, 28750, 73),
(26305, 28655, 74),
(26305, 30676, 75),
(26305, 33204, 76),
(26305, 28601, 77),
(26305, 28600, 78),
(26305, 28647, 79),
(26305, 28755, 80),
(26305, 28732, 81),
(26305, 28776, 82),
(26305, 30730, 83),
(26305, 30737, 84),
(26305, 31288, 85),
-- legacy items, or on other vendors in classic tbc, preserve for now
(26305, 30144, 86),
(26305, 30145, 87),
(26305, 30146, 88),
(26305, 30148, 89),
(26305, 30149, 90),
(26305, 31998, 91),
(26305, 31999, 92),
(26305, 32000, 93),
(26305, 32001, 94),
(26305, 32002, 95),
(26305, 32786, 96),
(26305, 32798, 97),
(26305, 32810, 98),
(26305, 32788, 99),
(26305, 32800, 100),
(26305, 32812, 101),
(26305, 32790, 102),
(26305, 32802, 103),
(26305, 32814, 104),
(26305, 32796, 105),
(26305, 32808, 106),
(26305, 32821, 107);

-- Update data for Accessories Vendor 26300 (Tournament Test Realm (TTR)) (-77 / +150)
DELETE FROM `npc_vendor` WHERE `entry` = 26300; -- https://www.wowhead.com/tbc/npc=26300/accessories-vendor
INSERT INTO `npc_vendor` (`entry`, `item`, `slot`) VALUES
-- comment certain low itemlevel items, nobody uses these items with the alternatives present here
(26300, 30059, 1),
(26300, 30018, 2),
(26300, 30008, 3),
(26300, 30022, 4),
(26300, 30017, 5),
(26300, 30015, 6),
(26300, 30061, 7),
(26300, 29922, 8),
(26300, 29997, 9),
(26300, 33058, 10),
(26300, 33055, 11),
(26300, 30110, 12),
(26300, 29920, 13),
(26300, 30109, 14),
(26300, 30052, 15),
(26300, 30098, 16),
(26300, 29992, 17),
(26300, 29989, 18),
(26300, 28288, 19),
(26300, 30619, 20),
(26300, 30626, 21),
-- (26300, 30446, 22), -- below due to other items
(26300, 30620, 23),
(26300, 33054, 24),
(26300, 30627, 25),
(26300, 29994, 26),
-- (26300, 28379, 27),
-- (26300, 28380, 28),
-- (26300, 28247, 29),
-- (26300, 28246, 30),
-- (26300, 28245, 31),
-- (26300, 28244, 32),
-- (26300, 33067, 33),
-- (26300, 33065, 34),
-- (26300, 33068, 35),
-- (26300, 33066, 36),
-- (26300, 33056, 37),
-- (26300, 33064, 38),
-- (26300, 33057, 39),
(26300, 37864, 40), -- 30350
(26300, 37865, 41), -- slot 41
-- G'eras can be made free on PTR
-- (26300, 29381, 41),
-- (26300, 29374, 42),
-- (26300, 29368, 43),
(26300, 28190, 44),
(26300, 29383, 45),
(26300, 28785, 46),
(26300, 29376, 47),
(26300, 29370, 48),
(26300, 27683, 49),
(26300, 28823, 50),
(26300, 28789, 51),
(26300, 27770, 52),
(26300, 27896, 53),
(26300, 28830, 54),
(26300, 28649, 55),
(26300, 30834, 56),
-- G'eras can be made free on PTR
-- (26300, 29379, 57),
-- (26300, 29373, 58),
-- (26300, 29367, 59),
(26300, 28791, 60),
(26300, 29287, 61),
(26300, 29290, 62),
(26300, 29279, 63),
(26300, 30735, 64),
(26300, 28790, 65),
(26300, 28793, 66),
(26300, 29283, 67),
-- (26300, 29369, 68),
(26300, 24259, 69),
(26300, 24258, 70),
(26300, 28660, 71),
(26300, 28672, 72),
(26300, 28777, 73),
-- (26300, 29382, 74),
-- (26300, 29375, 75),
(26300, 28797, 76),
(26300, 28765, 77),
(26300, 28757, 78),
(26300, 28766, 79),
(26300, 24128, 80),
(26300, 28731, 81),
(26300, 28730, 82),
(26300, 28509, 83),
(26300, 28661, 84),
-- (26300, 28555, 85),
-- (26300, 28553, 86),
(26300, 27920, 87),
(26300, 27921, 88),
(26300, 23207, 89),
(26300, 34837, 90),
(26300, 28762, 91),
(26300, 28753, 92),
(26300, 28529, 93),
-- (26300, 28327, 94),
(26300, 25829, 95),
(26300, 24551, 96),
(26300, 28370, 97),
(26300, 23206, 98),
(26300, 29347, 99),
(26300, 28727, 100),
(26300, 21625, 101),
(26300, 30726, 102),
-- (26300, 35511, 103),
(26300, 28822, 104),
(26300, 28516, 105),
(26300, 24114, 106),
(26300, 24121, 107),
-- (26300, 27822, 108),
-- (26300, 28227, 109),
(26300, 30736, 110),
-- (26300, 31919, 111),
-- (26300, 31920, 112),
-- (26300, 31921, 113),
-- (26300, 31923, 114),
-- (26300, 31924, 115),
(26300, 28763, 116),
-- (26300, 29323, 117),
-- (26300, 30365, 118),
-- (26300, 31077, 119),
-- (26300, 31078, 120),
-- (26300, 28407, 121),
(26300, 28223, 122),
(26300, 28121, 123),
(26300, 27529, 124),
(26300, 28528, 125),
(26300, 28590, 126),
(26300, 28579, 127),
-- (26300, 30300, 128),
(26300, 32534, 129),
(26300, 23836, 130),
(26300, 30007, 131),
(26300, 24116, 132),
-- (26300, 38290, 133),
-- (26300, 38289, 134),
-- (26300, 38288, 135),
-- (26300, 38287, 136),
(26300, 32261, 137),
(26300, 32260, 138),
(26300, 32505, 139),
(26300, 32370, 140),
(26300, 32238, 141),
(26300, 32247, 142),
(26300, 32266, 143),
(26300, 32323, 144),
(26300, 32501, 145),
(26300, 32337, 146),
(26300, 32349, 147),
(26300, 32335, 148),
(26300, 32526, 149),
(26300, 32528, 150),
(26300, 32496, 151),
(26300, 32524, 152),
(26300, 32497, 153),
(26300, 32483, 154),
(26300, 33918, 155),
(26300, 33919, 156),
(26300, 33853, 157),
(26300, 34580, 158),
(26300, 34579, 159),
(26300, 34578, 160),
(26300, 34577, 161),
(26300, 34576, 162),
(26300, 33923, 163),
(26300, 33922, 164),
(26300, 33921, 165),
(26300, 33920, 166),
(26300, 32591, 167),
(26300, 32589, 168),
(26300, 34010, 169),
(26300, 32590, 170),
(26300, 32527, 171),
(26300, 29309, 172),
(26300, 29305, 173),
(26300, 29301, 174),
(26300, 29297, 175),
-- (26300, 32485, 176), -- Ashtongue Faction Trinkets, below due to class restriction
(26300, 34012, 177),
(26300, 33122, 178),
(26300, 32331, 179),
-- legacy items, or on other vendors in classic tbc, preserve for now
(26300, 30446, 180), -- Solarian's Sapphire
(26300, 30449, 181), -- Void Star Talisman
(26300, 30450, 182), -- Warp-Spring Coil
(26300, 30663, 183), -- Fathom-Brooch of the Tidewalker
(26300, 30665, 184), -- Earring of Soulful Meditation
(26300, 30720, 185), -- Serpent-Coil Braid
(26300, 32485, 186), -- Ashtongue Faction Trinkets
(26300, 32486, 187),
(26300, 32487, 188),
(26300, 32488, 189),
(26300, 32489, 190),
(26300, 32490, 191),
(26300, 32491, 192),
(26300, 32492, 193),
(26300, 32493, 194);

-- Update data for Gems Vendor 26303 (Tournament Test Realm (TTR)) (-54 / +106)
DELETE FROM `npc_vendor` WHERE `entry` = 26303; -- https://www.wowhead.com/tbc/npc=26303/gems-vendor
INSERT INTO `npc_vendor` (`entry`, `item`, `slot`) VALUES
-- comment certain low itemlevel items, nobody uses these items with the alternatives present here
(26303, 32200, 1),
(26303, 32201, 2),
(26303, 32202, 3),
(26303, 32203, 4),
(26303, 32223, 5),
(26303, 32224, 6),
(26303, 32225, 7),
(26303, 32226, 8),
(26303, 32222, 9),
(26303, 32218, 10),
(26303, 32217, 11),
(26303, 32220, 12),
(26303, 32221, 13),
(26303, 32219, 14),
(26303, 32214, 15),
(26303, 32215, 16),
(26303, 32212, 17),
(26303, 32216, 18),
(26303, 32213, 19),
(26303, 32211, 20),
(26303, 32197, 21),
(26303, 32193, 22),
(26303, 32196, 23),
(26303, 32198, 24),
(26303, 32199, 25),
(26303, 32195, 26),
(26303, 32194, 27),
(26303, 32210, 28),
(26303, 32208, 29),
(26303, 32204, 30),
(26303, 32205, 31),
(26303, 32206, 32),
(26303, 32207, 33),
(26303, 32209, 34),
(26303, 25897, 35),
(26303, 25899, 36),
(26303, 25890, 37),
(26303, 25895, 38),
(26303, 25901, 39),
(26303, 25893, 40),
(26303, 25896, 41),
(26303, 32409, 42),
(26303, 25894, 43),
(26303, 28557, 44),
(26303, 25898, 45),
(26303, 32410, 46),
(26303, 34220, 47),
(26303, 22459, 48),
(26303, 24027, 49),
(26303, 24028, 50),
(26303, 24029, 51),
(26303, 24030, 52),
(26303, 24031, 53),
(26303, 24032, 54),
(26303, 24033, 55),
(26303, 24035, 56),
(26303, 24036, 57),
(26303, 24037, 58),
(26303, 24039, 59),
(26303, 24047, 60),
(26303, 24048, 61),
(26303, 24050, 62),
(26303, 24051, 63),
(26303, 24052, 64),
(26303, 24053, 65),
(26303, 24054, 66),
(26303, 24055, 67),
(26303, 24056, 68),
(26303, 24057, 69),
(26303, 24058, 70),
(26303, 24059, 71),
(26303, 24060, 72),
(26303, 24061, 73),
(26303, 24062, 74),
(26303, 24065, 75),
(26303, 24066, 76),
(26303, 24067, 77),
(26303, 27679, 78),
(26303, 28118, 79),
(26303, 28119, 80),
(26303, 28120, 81),
(26303, 28123, 82),
(26303, 28362, 83),
(26303, 28363, 84),
(26303, 31861, 85),
(26303, 31863, 86),
(26303, 31865, 87),
(26303, 31867, 88),
(26303, 31868, 89),
(26303, 32836, 90),
(26303, 33782, 91),
(26303, 33144, 92),
(26303, 33143, 93),
(26303, 33140, 94),
(26303, 33135, 95),
(26303, 33134, 96),
(26303, 33133, 97),
(26303, 33131, 98),
(26303, 32634, 99),
(26303, 32635, 100),
(26303, 32636, 101),
(26303, 32637, 102),
(26303, 32638, 103),
(26303, 32639, 104),
(26303, 32640, 105),
(26303, 32641, 106);

-- Update data for Weapons Vendor 26309 (Tournament Test Realm (TTR)) (-76 / +150)
DELETE FROM `npc_vendor` WHERE `entry` = 26309; -- https://www.wowhead.com/tbc/npc=26309/weapons-vendor
INSERT INTO `npc_vendor` (`entry`, `item`, `slot`) VALUES
-- comment certain low itemlevel items, nobody uses these items with the alternatives present here
(26309, 30103, 1),
(26309, 29949, 2),
(26309, 29948, 3),
(26309, 29981, 4),
(26309, 32944, 5),
(26309, 29962, 6),
(26309, 29924, 7),
(26309, 29996, 8),
(26309, 29988, 9),
(26309, 29982, 10),
(26309, 29923, 11),
(26309, 30105, 12),
(26309, 30082, 13),
(26309, 30108, 14),
(26309, 30090, 15),
(26309, 30080, 16),
(26309, 30058, 17),
(26309, 30049, 18),
(26309, 30051, 19),
(26309, 30063, 20),
(26309, 29993, 21),
(26309, 32756, 22),
-- Gladiator Items, can just spawn normal vendor removing requirements.
-- (26309, 24550, 23),
-- (26309, 28298, 24),
-- (26309, 28299, 25),
-- (26309, 28300, 26),
-- (26309, 28476, 27),
-- (26309, 28294, 28),
-- (26309, 28295, 29),
-- (26309, 28307, 30),
-- (26309, 28308, 31),
-- (26309, 28309, 32),
-- (26309, 28305, 33),
-- (26309, 28302, 34),
-- (26309, 28313, 35),
-- (26309, 28314, 36),
-- (26309, 28312, 37),
-- (26309, 28310, 38),
-- (26309, 24557, 39),
-- (26309, 28297, 40),
-- (26309, 32450, 41),
-- (26309, 32451, 42),
-- (26309, 28319, 43),
-- (26309, 28358, 44),
-- (26309, 28346, 45),
-- (26309, 32452, 46),
-- (26309, 28320, 47),
(26309, 28794, 48),
(26309, 28782, 49),
(26309, 28783, 50),
(26309, 28774, 51),
(26309, 28773, 52),
(26309, 27886, 53),
(26309, 28802, 54),
(26309, 28826, 55),
(26309, 28800, 56),
(26309, 28573, 57),
(26309, 28587, 58),
-- (26309, 28604, 59),
-- (26309, 28633, 60),
-- (26309, 28522, 61),
(26309, 28771, 62),
(26309, 28767, 63),
(26309, 28770, 64),
(26309, 28657, 65),
(26309, 28572, 66),
(26309, 28524, 67),
(26309, 28749, 68),
(26309, 28768, 69),
(26309, 28729, 70),
(26309, 28584, 71),
(26309, 28658, 72),
-- (26309, 28588, 73),
-- (26309, 28673, 74),
-- (26309, 28504, 75),
(26309, 28611, 76),
(26309, 28606, 77),
-- (26309, 28603, 78),
-- (26309, 28525, 79),
-- (26309, 28728, 80),
-- (26309, 28734, 81),
(26309, 28754, 82),
(26309, 28772, 83),
-- (26309, 28581, 84),
(26309, 29458, 85),
(26309, 31334, 86),
(26309, 30732, 87),
-- (26309, 27890, 88),
-- (26309, 29346, 89),
-- (26309, 28345, 90),
(26309, 28429, 91),
(26309, 28441, 92),
(26309, 28438, 93),
(26309, 30722, 94),
(26309, 30724, 95),
(26309, 30723, 96),
(26309, 30733, 97),
(26309, 28781, 98),
(26309, 28248, 99),
-- (26309, 28659, 100),
(26309, 27815, 101),
(26309, 24413, 102),
-- G'eras can be made free on PTR
-- (26309, 29388, 103),
-- (26309, 29389, 104),
-- (26309, 29390, 105),
-- (26309, 29275, 106),
-- (26309, 29270, 107),
-- (26309, 29273, 108),
-- (26309, 29272, 109),
-- (26309, 29269, 110),
-- (26309, 29271, 111),
-- (26309, 29274, 112),
-- (26309, 29267, 113),
-- (26309, 29268, 114),
(26309, 28825, 115),
-- Merciless Gladiator Items, can just spawn normal vendor removing requirements.
-- (26309, 31965, 116),
-- (26309, 32044, 117),
-- (26309, 32052, 118),
-- (26309, 32026, 119),
-- (26309, 33313, 120),
-- (26309, 33309, 121),
-- (26309, 32045, 122),
(26309, 28442, 123),
-- (26309, 31984, 124),
-- (26309, 32055, 125),
(26309, 28430, 126),
-- (26309, 31959, 127),
-- (26309, 32025, 128),
-- (26309, 31966, 129),
-- (26309, 32014, 130),
-- (26309, 32963, 131),
-- (26309, 32053, 132),
-- (26309, 32964, 133),
-- (26309, 32028, 134),
-- (26309, 31958, 135),
-- (26309, 32046, 136),
-- (26309, 32003, 137),
-- (26309, 31985, 138),
-- (26309, 32027, 139),
-- (26309, 32961, 140),
-- (26309, 31978, 141),
-- (26309, 32054, 142),
-- (26309, 32962, 143),
-- (26309, 31986, 144),
(26309, 30874, 145),
(26309, 30881, 146),
(26309, 32254, 147),
(26309, 30865, 148),
(26309, 32262, 149),
(26309, 32269, 150),
(26309, 32369, 151),
(26309, 30901, 152),
(26309, 32943, 153),
(26309, 32236, 154),
(26309, 30882, 155),
(26309, 34011, 156),
(26309, 30889, 157),
(26309, 32255, 158),
(26309, 32348, 159),
(26309, 30883, 160),
(26309, 32248, 161),
(26309, 32344, 162),
(26309, 32332, 163),
(26309, 30918, 164),
(26309, 32237, 165),
(26309, 32361, 166),
(26309, 30872, 167),
(26309, 32350, 168),
(26309, 32326, 169),
(26309, 32253, 170),
(26309, 32325, 171),
(26309, 32343, 172),
(26309, 32363, 173),
(26309, 32257, 174),
(26309, 32330, 175),
(26309, 32368, 176),
(26309, 33733, 177),
(26309, 33754, 178),
(26309, 33669, 179),
(26309, 33762, 180),
(26309, 33735, 181),
(26309, 33755, 182),
(26309, 33661, 183),
(26309, 34529, 184),
(26309, 33670, 185),
(26309, 33663, 186),
(26309, 34540, 187),
(26309, 33716, 188),
(26309, 33727, 189),
(26309, 33688, 190),
(26309, 33766, 191),
(26309, 33737, 192),
(26309, 33743, 193),
(26309, 33763, 194),
(26309, 33687, 195),
(26309, 33801, 196),
(26309, 33662, 197),
(26309, 33689, 198),
(26309, 33734, 199),
(26309, 34016, 200),
(26309, 33756, 201),
(26309, 34015, 202),
(26309, 33705, 203),
(26309, 33681, 204),
(26309, 33736, 205),
(26309, 34033, 206),
(26309, 33765, 207),
(26309, 34059, 208),
(26309, 34066, 209),
(26309, 33006, 210),
(26309, 34530, 211),
(26309, 33764, 212),
(26309, 32471, 213),
(26309, 30909, 214),
(26309, 32375, 215),
(26309, 32336, 216),
(26309, 30906, 217),
(26309, 30902, 218),
(26309, 32374, 219),
(26309, 30908, 220),
(26309, 32500, 221),
(26309, 30910, 222),
(26309, 30911, 223),
(26309, 34009, 224),
(26309, 32946, 225),
(26309, 32945, 226),
(26309, 22402, 227),
-- (26309, 28065, 228),
(26309, 28296, 229),
(26309, 27484, 230);

-- 26724,26738,26739,26740,26741,26742,26743,26744,26745,26747,26748,26749,26750,26751,26752,26753,26754,26755,26756,26757,26758,26759,26765, 23405,24982
DELETE FROM `creature` WHERE `id` IN (23405,24982,26724,26738,26739,26740,26741,26742,26743,26744,26745,26747,26748,26749,26750,26751,26752,26753,26754,26755,26756,26757,26758,26759,26765) AND `guid` IN (190996,190997,190998,190999);
DELETE FROM `creature` WHERE `id` IN (23405,24982,26724,26738,26739,26740,26741,26742,26743,26744,26745,26747,26748,26749,26750,26751,26752,26753,26754,26755,26756,26757,26758,26759,26765) AND `guid` BETWEEN 5302562 AND 5302585;
INSERT INTO `creature` (`guid`, `id`, `map`, `position_x`, `position_y`, `position_z`, `orientation`, `spawndist`, `MovementType`, `spawntimesecsmin`, `spawntimesecsmax`) VALUES
(190996, 23405, 0, -8839.96, 648.45, 96.3458, 3.476, 0, 0, 0, 0),
(190997, 24982, 0, -8842.65, 651.721, 96.8874, 3.54266, 0, 0, 0, 0),
(190998, 23405, 1, 1613.06, -4442.49, 10.6054, 2.30838, 0, 0, 0, 0),
(190999, 24982, 1, 1617.06, -4439.96, 10.2805, 2.43799, 0, 0, 0, 0),

(5302562, 23405, 530, -1812.72, 5311.09, -12.3448, 2.8371, 0, 0, 0, 0),
(5302563, 24982, 530, -1810.46, 5319.07, -12.3448, 3.01108, 0, 0, 0, 0),
-- shattrath
(5302564, 26724, 530, -1885.38, 5428.12, -12.3449, 3.26033, 0, 0, 0, 0),
(5302565, 26738, 530, -1876.94, 5412.73, -12.3448, 4.30756, 0, 0, 0, 0),
(5302566, 26739, 530, -1855.7, 5410.06, -12.3448, 5.2673, 0, 0, 0, 0),
(5302567, 26740, 530, -1859.95, 5408.83, -12.3448, 5.15695, 0, 0, 0, 0),
(5302568, 26741, 530, -1848.89, 5414.8, -12.3448, 5.93428, 0, 0, 0, 0),
(5302569, 26742, 530, -1884.43, 5423.71, -12.3448, 3.37429, 0, 0, 0, 0),
(5302570, 26743, 530, -1882.39, 5419.37, -12.3448, 3.5808, 0, 0, 0, 0),
(5302571, 26744, 530, -1879.89, 5416.09, -12.3448, 3.51318, 0, 0, 0, 0),
(5302572, 26745, 530, -1873.22, 5410.54, -12.3448, 4.70953, 0, 0, 0, 0),
(5302573, 26747, 530, -1867.6, 5408.88, -12.3448, 5.05095, 0, 0, 0, 0),
(5302574, 26748, 530, -1844.83, 5439.55, -12.3448, 0.518509, 0, 0, 0, 0),
(5302575, 26749, 530, -1851.88, 5411.85, -12.3448, 5.42564, 0, 0, 0, 0),
(5302576, 26751, 530, -1842.02, 5427.67, -12.3448, 0, 0, 0, 0, 0),
(5302577, 26752, 530, -1842.65, 5433.94, -12.3448, 0.280969, 0, 0, 0, 0),
(5302578, 26753, 530, -1848.15, 5444.83, -12.3448, 0.485057, 0, 0, 0, 0),
(5302579, 26754, 530, -1852.31, 5449.11, -12.3448, 0.64518, 0, 0, 0, 0),
(5302580, 26755, 530, -1859.84, 5451.23, -12.3448, 1.05085, 0, 0, 0, 0),
(5302581, 26756, 530, -1868.24, 5450.97, -12.3448, 2.26655, 0, 0, 0, 0),
(5302582, 26757, 530, -1874.08, 5449.19, -12.3448, 2.23072, 0, 0, 0, 0),
(5302583, 26758, 530, -1878.27, 5446.13, -12.3448, 2.75067, 0, 0, 0, 0),
(5302584, 26759, 530, -1883.06, 5440.09, -12.3448, 2.67357, 0, 0, 0, 0),
(5302585, 26765, 530, -1844.4, 5420.01, -12.3448, 5.66332, 0, 0, 0, 0);

-- Arena Tournament (PTR / Tournament Test Realm) 33
DELETE FROM `game_event_creature` WHERE `guid` IN (190996,190997,190998,190999) OR `guid` BETWEEN 5302562 AND 5302585;
INSERT INTO `game_event_creature` (`guid`, `event`) VALUES
(190996, 33),(190997, 33),(190998, 33),(190999, 33),
(5302562, 33),(5302563, 33),
-- shattrath
(5302564, 33),(5302565, 33),(5302566, 33),(5302567, 33),(5302568, 33),(5302569, 33),(5302570, 33),(5302571, 33),
(5302572, 33),(5302573, 33),(5302574, 33),(5302575, 33),(5302576, 33),(5302577, 33),(5302578, 33),(5302579, 33),
(5302580, 33),(5302581, 33),(5302582, 33),(5302583, 33),(5302584, 33),(5302585, 33);

-- 5300996 - 5301204
DELETE FROM `gameobject` WHERE `id` = 188215 AND `guid` BETWEEN 5301157 AND 5301204;
INSERT INTO `gameobject` (`guid`, `id`, `map`, `position_x`, `position_y`, `position_z`, `orientation`, `rotation0`, `rotation1`, `rotation2`, `rotation3`) VALUES
(5301157, 188215, 530, -1812.72, 5311.09, -12.3448, 2.8371, 0, 0, 0.988433, 0.151659),
(5301158, 188215, 530, -1810.46, 5319.07, -12.3448, 3.01108, 0, 0, 0.997871, 0.0652125),
(5301159, 188215, 530, -1844.83, 5439.55, -8.66147, 0.518507, 0, 0, 0.256359, 0.966582),
(5301160, 188215, 530, -1842.02, 5427.67, -12.3448, 0, 0, 0, 0, 1),
(5301161, 188215, 530, -1851.88, 5411.85, -12.3448, 5.42564, 0, 0, -0.415755, 0.909477),
(5301162, 188215, 530, -1852.31, 5449.11, -8.66147, 0.645178, 0, 0, 0.317023, 0.948418),
(5301163, 188215, 530, -1868.24, 5450.97, -8.66147, 2.26655, 0, 0, 0.905804, 0.423698),
(5301164, 188215, 530, -1885.38, 5428.12, -12.3449, 3.26035, 0, 0, -0.998238, 0.0593438),
(5301165, 188215, 530, -1848.15, 5444.83, -8.66147, 0.485055, 0, 0, 0.240157, 0.970734),
(5301166, 188215, 530, -1844.83, 5439.55, -12.3448, 0.518507, 0, 0, 0.256359, 0.966582),
(5301167, 188215, 530, -1855.7, 5410.06, -8.66146, 5.2673, 0, 0, -0.48638, 0.873748),
(5301168, 188215, 530, -1873.22, 5410.54, -8.66147, 4.70954, 0, 0, -0.708115, 0.706097),
(5301169, 188215, 530, -1852.31, 5449.11, -12.3448, 0.645178, 0, 0, 0.317023, 0.948418),
(5301170, 188215, 530, -1868.24, 5450.97, -12.3448, 2.26655, 0, 0, 0.905804, 0.423698),
(5301171, 188215, 530, -1884.43, 5423.71, -8.66147, 3.3743, 0, 0, -0.993238, 0.116092),
(5301172, 188215, 530, -1848.15, 5444.83, -12.3448, 0.485055, 0, 0, 0.240157, 0.970734),
(5301173, 188215, 530, -1855.7, 5410.06, -12.3448, 5.2673, 0, 0, -0.48638, 0.873748),
(5301174, 188215, 530, -1859.95, 5408.83, -8.66147, 5.15695, 0, 0, -0.533826, 0.845594),
(5301175, 188215, 530, -1859.84, 5451.23, -8.66146, 1.05085, 0, 0, 0.501579, 0.865112),
(5301176, 188215, 530, -1873.22, 5410.54, -12.3448, 4.70954, 0, 0, -0.708115, 0.706097),
(5301177, 188215, 530, -1884.43, 5423.71, -12.3448, 3.3743, 0, 0, -0.993238, 0.116092),
(5301178, 188215, 530, -1883.06, 5440.09, -8.66146, 2.67356, 0, 0, 0.972743, 0.231886),
(5301179, 188215, 530, -1842.65, 5433.94, -8.66147, 0.280968, 0, 0, 0.140022, 0.990148),
(5301180, 188215, 530, -1859.95, 5408.83, -12.3448, 5.15695, 0, 0, -0.533826, 0.845594),
(5301181, 188215, 530, -1867.6, 5408.88, -8.66147, 5.05096, 0, 0, -0.577868, 0.81613),
(5301182, 188215, 530, -1882.39, 5419.37, -8.66147, 3.5808, 0, 0, -0.975984, 0.217844),
(5301183, 188215, 530, -1859.84, 5451.23, -12.3448, 1.05085, 0, 0, 0.501579, 0.865112),
(5301184, 188215, 530, -1883.06, 5440.09, -12.3448, 2.67356, 0, 0, 0.972743, 0.231886),
(5301185, 188215, 530, -1842.65, 5433.94, -12.3448, 0.280968, 0, 0, 0.140022, 0.990148),
(5301186, 188215, 530, -1876.94, 5412.73, -8.66147, 4.30756, 0, 0, -0.834823, 0.550519),
(5301187, 188215, 530, -1867.6, 5408.88, -12.3448, 5.05096, 0, 0, -0.577868, 0.81613),
(5301188, 188215, 530, -1878.27, 5446.13, -8.66147, 2.75066, 0, 0, 0.980957, 0.194225),
(5301189, 188215, 530, -1879.89, 5416.09, -8.66147, 3.51319, 0, 0, -0.982789, 0.184731),
(5301190, 188215, 530, -1882.39, 5419.37, -12.3448, 3.5808, 0, 0, -0.975984, 0.217844),
(5301191, 188215, 530, -1885.66, 5432.64, -8.66158, 3.746, 0, 0, -0.954683, 0.297624),
(5301192, 188215, 530, -1876.94, 5412.73, -12.3448, 4.30756, 0, 0, -0.834823, 0.550519),
(5301193, 188215, 530, -1844.4, 5420.01, -8.66146, 5.66332, 0, 0, -0.304996, 0.952354),
(5301194, 188215, 530, -1878.27, 5446.13, -12.3448, 2.75066, 0, 0, 0.980957, 0.194225),
(5301195, 188215, 530, -1874.08, 5449.19, -8.66147, 2.23072, 0, 0, 0.898069, 0.439854),
(5301196, 188215, 530, -1879.89, 5416.09, -12.3448, 3.51319, 0, 0, -0.982789, 0.184731),
(5301197, 188215, 530, -1848.89, 5414.8, -8.66146, 5.93428, 0, 0, -0.173567, 0.984822),
(5301198, 188215, 530, -1885.66, 5432.64, -12.3449, 3.746, 0, 0, -0.954683, 0.297624),
(5301199, 188215, 530, -1844.4, 5420.01, -12.3448, 5.66332, 0, 0, -0.304996, 0.952354),
(5301200, 188215, 530, -1842.02, 5427.67, -8.66147, 0, 0, 0, 0, 1),
(5301201, 188215, 530, -1851.88, 5411.85, -8.66147, 5.42564, 0, 0, -0.415755, 0.909477),
(5301202, 188215, 530, -1874.08, 5449.19, -12.3448, 2.23072, 0, 0, 0.898069, 0.439854),
(5301203, 188215, 530, -1885.38, 5428.12, -8.66153, 3.26035, 0, 0, -0.998238, 0.0593438),
(5301204, 188215, 530, -1848.89, 5414.8, -12.3448, 5.93428, 0, 0, -0.173567, 0.984822);

DELETE FROM `game_event_gameobject` WHERE `guid` BETWEEN 5301157 AND 5301204;
INSERT INTO `game_event_gameobject` (`guid`, `event`) SELECT `guid`, 33 FROM `gameobject` WHERE `guid` BETWEEN 5301157 AND 5301204;

-- 26324,26328,26307,26329,26331,26330,26325,26332,26327,26326,26309,26012,26075,26760 - wotlk might have more
DELETE FROM `creature` WHERE `guid` IN (
95051, -- 26324
95060, -- 26328
95066, -- 26307
95067, -- 26329
95068, -- 26331
95069, -- 26330
95070, -- 26325
95071, -- 26332
95072, -- 26327
95073, -- 26326
95082, -- 26309
95083, -- 26309
95084, -- 26012
95085, -- 26309
95086, -- 26075
95087, -- 26760
95122, -- 26326
95123, -- 26325
95124, -- 26307
95125, -- 26328
95126, -- 26330
95127, -- 26332
95128, -- 26324
95129, -- 26329
95130, -- 26331
95131, -- 26327
95134, -- 26760
95136, -- 26075
95137, -- 26012
95175, -- 26309
95176, -- 26309
95178, -- 26309
95198, -- 26309
95201, -- 26309
95206, -- 26331
95209, -- 26332
95210, -- 26330
95213, -- 26329
95215, -- 26309
95226, -- 26324
95227, -- 26307
95228, -- 26325
95234, -- 26327
95235, -- 26075
95236, -- 26328
95238, -- 26760
95282, -- 26332
95283, -- 26330
95284, -- 26331
95285, -- 26075
95286, -- 26324
95287, -- 26307
95288, -- 26326
95300, -- 26309
95303, -- 26309
95307, -- 26309
95329, -- 26325
95330, -- 26328
95335, -- 26307
95336, -- 26327
95339, -- 26760
95340, -- 26326
95341, -- 26012
95342, -- 26075
95345, -- 26309
95348, -- 26332
95360, -- 26309
95361, -- 26324
95363, -- 26309
95369, -- 26330
95371, -- 26329
95375, -- 26012
95376, -- 26760
95380, -- 26075
95390, -- 26330
95404, -- 26329
95406, -- 26326
95407, -- 26325
95409, -- 26328
95410, -- 26324
95411, -- 26327
95412, -- 26331
95415, -- 26307
95417, -- 26332
95424, -- 26309
95433, -- 26309
95435, -- 26309
95454, -- 26309
95470, -- 26309
95472, -- 26309
95475, -- 26329
95476, -- 26325
95488, -- 26075
95489, -- 26332
95490, -- 26307
95491, -- 26012
95492, -- 26760
95493, -- 26326
95494, -- 26331
95495, -- 26330
95496, -- 26324
95497, -- 26328
95498, -- 26327
95528, -- 26332
95530, -- 26307
95531, -- 26760
95532, -- 26329
95533, -- 26326
95551, -- 26330
95553, -- 26309
95554, -- 26324
95555, -- 26331
95556, -- 26328
95557, -- 26309
95559, -- 26075
95561, -- 26327
95562, -- 26325
95563, -- 26309
95577, -- 26309
95579, -- 26309
95582, -- 26309
95607, -- 26325
95608, -- 26324
95609, -- 26307
95611, -- 26332
95612, -- 26326
95618, -- 26328
95619, -- 26329
95620, -- 26330
95621, -- 26327
95625, -- 26075
95626, -- 26760
95627, -- 26012
95634, -- 26309
95653, -- 26309
95655, -- 26309
95667, -- 26324
95675, -- 26325
95676, -- 26326
95677, -- 26012
95678, -- 26327
95679, -- 26760
95680, -- 26075
95681, -- 26307
95687, -- 26332
95688, -- 26328
95689, -- 26329
95690, -- 26331
95691, -- 26330
95698, -- 26309
95700, -- 26309
95702, -- 26309
95706, -- 26328
95707, -- 26326
95708, -- 26327
95741, -- 26760
95742, -- 26012
95744, -- 26075
95745, -- 26307
95746, -- 26012
95748, -- 26324
95749, -- 26325
95755, -- 26332
95756, -- 26329
95757, -- 26331
95758, -- 26330
95768, -- 26309
95771, -- 26309
95773, -- 26309
95808, -- 26330
95809, -- 26331
95811, -- 26332
95812, -- 26324
95814, -- 26328
95815, -- 26326
95816, -- 26329
95817, -- 26075
95818, -- 26760
95819, -- 26325
95822, -- 26012
95823, -- 26327
95824, -- 26307
95845, -- 26309
95853, -- 26012
95862, -- 26309
95863, -- 26309
95877, -- 26329
95878, -- 26330
95879, -- 26326
95880, -- 26328
95881, -- 26331
95882, -- 26332
95883, -- 26324
95884, -- 26325
95885, -- 26760
95886, -- 26307
95887, -- 26075
95888, -- 26327
95897, -- 26330
95898, -- 26331
95899, -- 26332
95902, -- 26327
95903, -- 26328
95919, -- 26012
95920, -- 26326
95921, -- 26325
95923, -- 26760
95928, -- 26307
95932, -- 26075
95933, -- 26324
95944, -- 26309
95950, -- 26309
95952, -- 26309
95962, -- 26309
95963, -- 26309
95966, -- 26309
95999, -- 26324
96000, -- 26307
96001, -- 26760
96002, -- 26012
96003, -- 26075
96007, -- 26326
96008, -- 26327
96010, -- 26329
96014, -- 26330
96015, -- 26332
96016, -- 26331
96041, -- 26328
96044, -- 26324
96045, -- 26332
96046, -- 26330
96061, -- 26327
96064, -- 26326
96066, -- 26309
96067, -- 26329
96070, -- 26075
96071, -- 26331
96074, -- 26760
96076, -- 26325
96077, -- 26307
96079, -- 26012
96081, -- 26309
96099, -- 26309
96102, -- 26332
96104, -- 26309
96105, -- 26326
96106, -- 26329
96118, -- 26324
96120, -- 26331
96121, -- 26307
96122, -- 26325
96124, -- 26328
96126, -- 26327
96128, -- 26330
96131, -- 26309
96142, -- 26075
96145, -- 26760
96154, -- 26309
96156, -- 26309
96180, -- 26329
96184, -- 26328
96185, -- 26331
96186, -- 26332
96187, -- 26326
96189, -- 26330
96194, -- 26012
96196, -- 26325
96197, -- 26307
96198, -- 26760
96199, -- 26324
96204, -- 26075
96211, -- 26075
96212, -- 26760
96214, -- 26012
96226, -- 26326
96228, -- 26325
96229, -- 26327
96230, -- 26329
96236, -- 26324
96237, -- 26330
96238, -- 26307
96239, -- 26331
96240, -- 26328
96257, -- 26332
96263, -- 26309
96266, -- 26309
96271, -- 26309
96291, -- 26309
96296, -- 26309
96310, -- 26309
96322, -- 26760
96323, -- 26328
96324, -- 26012
96325, -- 26325
96328, -- 26330
96329, -- 26327
96330, -- 26324
96331, -- 26075
96332, -- 26329
96333, -- 26332
96334, -- 26307
96335, -- 26326
96336, -- 26331
96364, -- 26012
96367, -- 26325
96371, -- 26324
96377, -- 26309
96379, -- 26309
96380, -- 26309
96389, -- 26329
96390, -- 26307
96391, -- 26328
96394, -- 26326
96395, -- 26327
96396, -- 26330
96397, -- 26332
96398, -- 26075
96399, -- 26760
96400, -- 26331
96432, -- 26332
96433, -- 26325
96434, -- 26326
96435, -- 26328
96436, -- 26075
96437, -- 26324
96438, -- 26307
96439, -- 26012
96440, -- 26330
96441, -- 26327
96442, -- 26329
96443, -- 26760
96456, -- 26309
96457, -- 26309
96461, -- 26309
96468, -- 26309
96504, -- 26075
96505, -- 26760
96506, -- 26012
96507, -- 26324
96511, -- 26332
96512, -- 26330
96513, -- 26331
96517, -- 26307
96518, -- 26325
96519, -- 26326
96523, -- 26327
96524, -- 26328
96525, -- 26329
96529, -- 26760
96530, -- 26075
96547, -- 26012
96571, -- 26324
96574, -- 26331
96575, -- 26329
96576, -- 26327
96577, -- 26325
96578, -- 26328
96580, -- 26326
96581, -- 26330
96582, -- 26332
96583, -- 26307
96587, -- 26309
96588, -- 26309
96589, -- 26309
95240, -- 26012
95279, -- 26012
95273, -- 26325
95243, -- 26326
95280, -- 26327
95274, -- 26328
95281, -- 26329
95275); -- 26760

UPDATE `creature` SET `id` = 26758, `position_z` = 52.093628 WHERE `guid` = 95370 AND `id` = 26331; -- pedestal missing at this location, prob deleted by mistake
UPDATE `creature` SET `id` = 26756 WHERE `guid` = 95896 AND `id` = 26329; -- pedestal missing at this location, prob deleted by mistake
UPDATE `creature` SET `id` = 26755 WHERE `guid` = 96009 AND `id` = 26328; -- pedestal missing at this location, prob deleted by mistake
UPDATE `creature` SET `id` = 26745 WHERE `guid` = 96164 AND `id` = 26309; -- pedestal missing at this location, prob deleted by mistake
UPDATE `creature` SET `id` = 26754 WHERE `guid` = 96188 AND `id` = 26327; -- pedestal missing at this location, prob deleted by mistake
UPDATE `creature` SET `id` = 26745 WHERE `guid` = 96488 AND `id` = 26309; -- pedestal missing at this location, prob deleted by mistake
-- delete event data for deleted spawns summoned by spells
DELETE FROM `game_event_creature` WHERE `guid` IN (95051,95060,95066,95067,95068,95069,95070,95071,95072,95073,95082,95083,95084,95085,95086,95087,95122,95123,95124,95125,95126,95127,95128,95129,95130,95131,95134,95136,95137,95175,95176,95178,95198,95201,95206,95209,95210,95213,95215,95226,95227,95228,95234,95235,95236,95238,95240,95243,95273,95274,95275,95279,95280,95281,95282,95283,95284,95285,95286,95287,95288,95300,95303,95307,95329,95330,95335,95336,95339,95340,95341,95342,95345,95348,95360,95361,95363,95369,95371,95375,95376,95380,95390,95404,95406,95407,95409,95410,95411,95412,95415,95417,95424,95433,95435,95454,95470,95472,95475,95476,95488,95489,95490,95491,95492,95493,95494,95495,95496,95497,95498,95528,95530,95531,95532,95533,95551,95553,95554,95555,95556,95557,95559,95561,95562,95563,95577,95579,95582,95607,95608,95609,95611,95612,95618,95619,95620,95621,95625,95626,95627,95634,95653,95655,95667,95675,95676,95677,95678,95679,95680,95681,95687,95688,95689,95690,95691,95698,95700,95702,95706,95707,95708,95741,95742,95744,95745,95746,95748,95749,95755,95756,95757,95758,95768,95771,95773,95808,95809,95811,95812,95814,95815,95816,95817,95818,95819,95822,95823,95824,95845,95853,95862,95863,95877,95878,95879,95880,95881,95882,95883,95884,95885,95886,95887,95888,95897,95898,95899,95902,95903,95919,95920,95921,95923,95928,95932,95933,95944,95950,95952,95962,95963,95966,95999,96000,96001,96002,96003,96007,96008,96010,96014,96015,96016,96041,96044,96045,96046,96061,96064,96066,96067,96070,96071,96074,96076,96077,96079,96081,96099,96102,96104,96105,96106,96118,96120,96121,96122,96124,96126,96128,96131,96142,96145,96154,96156,96180,96184,96185,96186,96187,96189,96194,96196,96197,96198,96199,96204,96211,96212,96214,96226,96228,96229,96230,96236,96237,96238,96239,96240,96257,96263,96266,96271,96291,96296,96310,96322,96323,96324,96325,96328,96329,96330,96331,96332,96333,96334,96335,96336,96364,96367,96371,96377,96379,96380,96389,96390,96391,96394,96395,96396,96397,96398,96399,96400,96432,96433,96434,96435,96436,96437,96438,96439,96440,96441,96442,96443,96456,96457,96461,96468,96504,96505,96506,96507,96511,96512,96513,96517,96518,96519,96523,96524,96525,96529,96530,96547,96571,96574,96575,96576,96577,96578,96580,96581,96582,96583,96587,96588,96589);
DELETE FROM `npc_gossip` WHERE `npc_guid` IN (95051,95060,95066,95067,95068,95069,95070,95071,95072,95073,95082,95083,95084,95085,95086,95087,95122,95123,95124,95125,95126,95127,95128,95129,95130,95131,95134,95136,95137,95175,95176,95178,95198,95201,95206,95209,95210,95213,95215,95226,95227,95228,95234,95235,95236,95238,95240,95243,95273,95274,95275,95279,95280,95281,95282,95283,95284,95285,95286,95287,95288,95300,95303,95307,95329,95330,95335,95336,95339,95340,95341,95342,95345,95348,95360,95361,95363,95369,95371,95375,95376,95380,95390,95404,95406,95407,95409,95410,95411,95412,95415,95417,95424,95433,95435,95454,95470,95472,95475,95476,95488,95489,95490,95491,95492,95493,95494,95495,95496,95497,95498,95528,95530,95531,95532,95533,95551,95553,95554,95555,95556,95557,95559,95561,95562,95563,95577,95579,95582,95607,95608,95609,95611,95612,95618,95619,95620,95621,95625,95626,95627,95634,95653,95655,95667,95675,95676,95677,95678,95679,95680,95681,95687,95688,95689,95690,95691,95698,95700,95702,95706,95707,95708,95741,95742,95744,95745,95746,95748,95749,95755,95756,95757,95758,95768,95771,95773,95808,95809,95811,95812,95814,95815,95816,95817,95818,95819,95822,95823,95824,95845,95853,95862,95863,95877,95878,95879,95880,95881,95882,95883,95884,95885,95886,95887,95888,95897,95898,95899,95902,95903,95919,95920,95921,95923,95928,95932,95933,95944,95950,95952,95962,95963,95966,95999,96000,96001,96002,96003,96007,96008,96010,96014,96015,96016,96041,96044,96045,96046,96061,96064,96066,96067,96070,96071,96074,96076,96077,96079,96081,96099,96102,96104,96105,96106,96118,96120,96121,96122,96124,96126,96128,96131,96142,96145,96154,96156,96180,96184,96185,96186,96187,96189,96194,96196,96197,96198,96199,96204,96211,96212,96214,96226,96228,96229,96230,96236,96237,96238,96239,96240,96257,96263,96266,96271,96291,96296,96310,96322,96323,96324,96325,96328,96329,96330,96331,96332,96333,96334,96335,96336,96364,96367,96371,96377,96379,96380,96389,96390,96391,96394,96395,96396,96397,96398,96399,96400,96432,96433,96434,96435,96436,96437,96438,96439,96440,96441,96442,96443,96456,96457,96461,96468,96504,96505,96506,96507,96511,96512,96513,96517,96518,96519,96523,96524,96525,96529,96530,96547,96571,96574,96575,96576,96577,96578,96580,96581,96582,96583,96587,96588,96589);

-- set FLOATING = 1 || is_hovering = 1
UPDATE `creature_template` SET `StaticFlags1` = `StaticFlags1`|0x20000000, `InhabitType` = 7 WHERE `entry` IN (26304,26306,26308,26324,26328,26307,26329,26331,26330,26325,26332,26327,26326,26309,26012,26075,26760);

