-- q.9544 'The Prophecy of Akida'
-- reconstructed
UPDATE gameobject_template SET data2 = 0 WHERE entry = 181714; -- sniff
-- Bristlelimb Cage (181714,181720,181721,181722,181723,181724,181725,181726,181727,181728,181729,181730,181731,181732,181733)
DELETE FROM gameobject WHERE id=181714; -- redo all of them, were spawned with same ID
INSERT INTO gameobject (guid, id, map, spawnMask, position_x, position_y, position_z, orientation, rotation0, rotation1, rotation2, rotation3, spawntimesecsmin, spawntimesecsmax, animprogress, state) VALUES
(42099,181714,530,1,-4516.095,-11639.35,13.41808,-0.5061446,0,0,-0.2503796,0.9681478,300,300,100,1), -- 90997
(42100,181720,530,1,-4482.372,-11613.56,11.08253,1.902409,0,0,0.8141155,0.580703,300,300,100,1), -- 91000
(42101,181721,530,1,-4503.424,-11593.83,12.79893,3.089183,0,0,0.9996567,0.02620165,300,300,100,1), -- 90998
(42102,181722,530,1,-4483.471,-11627.84,11.12969,1.239183,0,0,0.5807028,0.8141156,300,300,100,1), -- 90999
(42103,181723,530,1,-4581.178,-11644.06,19.60665,0.8552105,0,0,0.4146929,0.9099615,300,300,100,1), -- 91002
(42104,181724,530,1,-4570.025,-11627.66,17.90182,1.658062,0,0,0.737277,0.6755905,300,300,100,1), -- 90995
(42105,181725,530,1,-4610.136,-11609.22,18.76885,-2.792518,0,0,-0.984807,0.1736523,300,300,100,1), -- 91001
(42106,181726,530,1,-4624.058,-11646.85,22.12979,-1.204277,0,0,-0.5664063,0.8241262,300,300,100,1), -- 90994
(42107,181727,530,1,-4613.092,-11662.25,21.34748,-0.8901166,0,0,-0.4305105,0.9025856,300,300,100,1), -- 90996
(42108,181728,530,1,-4601.355,-11537.1,17.76589,1.431168,0,0,0.6560583,0.7547102,300,300,100,1), -- 91008
(42109,181729,530,1,-4601.594,-11519.68,19.29187,1.780234,0,0,0.7771454,0.6293211,300,300,100,1), -- 91007
(42110,181730,530,1,-4618.433,-11498.6,19.5999,2.687807,0,0,0.97437,0.2249513,300,300,100,1), -- 91006
(42111,181731,530,1,-4635.324,-11493.75,19.71539,-3.124123,0,0,-0.9999619,0.008734641,300,300,100,1), -- 91005
(42112,181732,530,1,-4649.809,-11536.14,17.81713,-0.8901166,0,0,-0.4305105,0.9025856,300,300,100,1), -- 91004
(42113,181733,530,1,-4633.678,-11546.44,16.87047,-0.2094394,0,0,-0.1045284,0.9945219,300,300,100,1); -- 91003

-- Scripts
DELETE FROM dbscripts_on_go_template_use WHERE id = 181714;
DELETE FROM dbscripts_on_go_template_use WHERE id BETWEEN 181720 AND 181733;
INSERT INTO dbscripts_on_go_template_use (id, delay, command, datalong, datalong2, datalong3, buddy_entry, search_radius, data_flags, dataint, dataint2, dataint3, dataint4, x, y, z, o, comments) VALUES
-- 181714
(181714,1,31,17375,10,0,0,0,0,0,0,0,0,0,0,0,0,'search for 17375'),
(181714,20,0,0,0,0,17375,90997,3 | 0x10,13837,13980,13978,13979,0,0,0,0,'random say'),
(181714,21,25,1,0,0,17375,90997,7 | 0x10,0,0,0,0,0,0,0,0,'RUN ON'),
(181714,30,8,17375,0,0,0,0,0,0,0,0,0,0,0,0,0,'killcredit'),
(181714,31,21,1,0,0,17375,90997,7 | 0x10,0,0,0,0,0,0,0,0,'Buddy - active'),
(181714,2000,20,2,0,0,17375,90997,7 | 0x10,0,0,0,0,0,0,0,0,'movement chenged to 2:waypoints'),
-- 181720
(181720,1,31,17375,10,0,0,0,0,0,0,0,0,0,0,0,0,'search for 17375'),
(181720,20,0,0,0,0,17375,91000,3 | 0x10,13837,13980,13978,13979,0,0,0,0,'random say'),
(181720,21,25,1,0,0,17375,91000,7 | 0x10,0,0,0,0,0,0,0,0,'RUN ON'),
(181720,30,8,17375,0,0,0,0,0,0,0,0,0,0,0,0,0,'killcredit'),
(181720,31,21,1,0,0,17375,91000,7 | 0x10,0,0,0,0,0,0,0,0,'Buddy - active'),
(181720,2000,20,2,0,0,17375,91000,7 | 0x10,0,0,0,0,0,0,0,0,'movement chenged to 2:waypoints'),
-- 181721
(181721,1,31,17375,10,0,0,0,0,0,0,0,0,0,0,0,0,'search for 17375'),
(181721,20,0,0,0,0,17375,90998,3 | 0x10,13837,13980,13978,13979,0,0,0,0,'random say'),
(181721,21,25,1,0,0,17375,90998,7 | 0x10,0,0,0,0,0,0,0,0,'RUN ON'),
(181721,30,8,17375,0,0,0,0,0,0,0,0,0,0,0,0,0,'killcredit'),
(181721,31,21,1,0,0,17375,90998,7 | 0x10,0,0,0,0,0,0,0,0,'Buddy - active'),
(181721,2000,20,2,0,0,17375,90998,7 | 0x10,0,0,0,0,0,0,0,0,'movement chenged to 2:waypoints'),
-- 181722
(181722,1,31,17375,10,0,0,0,0,0,0,0,0,0,0,0,0,'search for 17375'),
(181722,20,0,0,0,0,17375,90999,3 | 0x10,13837,13980,13978,13979,0,0,0,0,'random say'),
(181722,21,25,1,0,0,17375,90999,7 | 0x10,0,0,0,0,0,0,0,0,'RUN ON'),
(181722,30,8,17375,0,0,0,0,0,0,0,0,0,0,0,0,0,'killcredit'),
(181722,31,21,1,0,0,17375,90999,7 | 0x10,0,0,0,0,0,0,0,0,'Buddy - active'),
(181722,2000,20,2,0,0,17375,90999,7 | 0x10,0,0,0,0,0,0,0,0,'movement chenged to 2:waypoints'),
-- 181723
(181723,1,31,17375,10,0,0,0,0,0,0,0,0,0,0,0,0,'search for 17375'),
(181723,20,0,0,0,0,17375,91002,3 | 0x10,13837,13980,13978,13979,0,0,0,0,'random say'),
(181723,21,25,1,0,0,17375,91002,7 | 0x10,0,0,0,0,0,0,0,0,'RUN ON'),
(181723,30,8,17375,0,0,0,0,0,0,0,0,0,0,0,0,0,'killcredit'),
(181723,31,21,1,0,0,17375,91002,7 | 0x10,0,0,0,0,0,0,0,0,'Buddy - active'),
(181723,2000,20,2,0,0,17375,91002,7 | 0x10,0,0,0,0,0,0,0,0,'movement chenged to 2:waypoints'),
-- 181724
(181724,1,31,17375,10,0,0,0,0,0,0,0,0,0,0,0,0,'search for 17375'),
(181724,20,0,0,0,0,17375,90995,3 | 0x10,13837,13980,13978,13979,0,0,0,0,'random say'),
(181724,21,25,1,0,0,17375,90995,7 | 0x10,0,0,0,0,0,0,0,0,'RUN ON'),
(181724,30,8,17375,0,0,0,0,0,0,0,0,0,0,0,0,0,'killcredit'),
(181724,31,21,1,0,0,17375,90995,7 | 0x10,0,0,0,0,0,0,0,0,'Buddy - active'),
(181724,2000,20,2,0,0,17375,90995,7 | 0x10,0,0,0,0,0,0,0,0,'movement chenged to 2:waypoints'),
-- 181725
(181725,1,31,17375,10,0,0,0,0,0,0,0,0,0,0,0,0,'search for 17375'),
(181725,20,0,0,0,0,17375,91001,3 | 0x10,13837,13980,13978,13979,0,0,0,0,'random say'),
(181725,21,25,1,0,0,17375,91001,7 | 0x10,0,0,0,0,0,0,0,0,'RUN ON'),
(181725,30,8,17375,0,0,0,0,0,0,0,0,0,0,0,0,0,'killcredit'),
(181725,31,21,1,0,0,17375,91001,7 | 0x10,0,0,0,0,0,0,0,0,'Buddy - active'),
(181725,2000,20,2,0,0,17375,91001,7 | 0x10,0,0,0,0,0,0,0,0,'movement chenged to 2:waypoints'),
-- 181726
(181726,1,31,17375,10,0,0,0,0,0,0,0,0,0,0,0,0,'search for 17375'),
(181726,20,0,0,0,0,17375,90994,3 | 0x10,13837,13980,13978,13979,0,0,0,0,'random say'),
(181726,21,25,1,0,0,17375,90994,7 | 0x10,0,0,0,0,0,0,0,0,'RUN ON'),
(181726,30,8,17375,0,0,0,0,0,0,0,0,0,0,0,0,0,'killcredit'),
(181726,31,21,1,0,0,17375,90994,7 | 0x10,0,0,0,0,0,0,0,0,'Buddy - active'),
(181726,2000,20,2,0,0,17375,90994,7 | 0x10,0,0,0,0,0,0,0,0,'movement chenged to 2:waypoints'),
-- 181727
(181727,1,31,17375,10,0,0,0,0,0,0,0,0,0,0,0,0,'search for 17375'),
(181727,20,0,0,0,0,17375,90996,3 | 0x10,13837,13980,13978,13979,0,0,0,0,'random say'),
(181727,21,25,1,0,0,17375,90996,7 | 0x10,0,0,0,0,0,0,0,0,'RUN ON'),
(181727,30,8,17375,0,0,0,0,0,0,0,0,0,0,0,0,0,'killcredit'),
(181727,31,21,1,0,0,17375,90996,7 | 0x10,0,0,0,0,0,0,0,0,'Buddy - active'),
(181727,2000,20,2,0,0,17375,90996,7 | 0x10,0,0,0,0,0,0,0,0,'movement chenged to 2:waypoints'),
-- 181728
(181728,1,31,17375,10,0,0,0,0,0,0,0,0,0,0,0,0,'search for 17375'),
(181728,20,0,0,0,0,17375,91008,3 | 0x10,13837,13980,13978,13979,0,0,0,0,'random say'),
(181728,21,25,1,0,0,17375,91008,7 | 0x10,0,0,0,0,0,0,0,0,'RUN ON'),
(181728,30,8,17375,0,0,0,0,0,0,0,0,0,0,0,0,0,'killcredit'),
(181728,31,21,1,0,0,17375,91008,7 | 0x10,0,0,0,0,0,0,0,0,'Buddy - active'),
(181728,2000,20,2,0,0,17375,91008,7 | 0x10,0,0,0,0,0,0,0,0,'movement chenged to 2:waypoints'),
-- 181729
(181729,1,31,17375,10,0,0,0,0,0,0,0,0,0,0,0,0,'search for 17375'),
(181729,20,0,0,0,0,17375,91007,3 | 0x10,13837,13980,13978,13979,0,0,0,0,'random say'),
(181729,21,25,1,0,0,17375,91007,7 | 0x10,0,0,0,0,0,0,0,0,'RUN ON'),
(181729,30,8,17375,0,0,0,0,0,0,0,0,0,0,0,0,0,'killcredit'),
(181729,31,21,1,0,0,17375,91007,7 | 0x10,0,0,0,0,0,0,0,0,'Buddy - active'),
(181729,2000,20,2,0,0,17375,91007,7 | 0x10,0,0,0,0,0,0,0,0,'movement chenged to 2:waypoints'),
-- 181730
(181730,1,31,17375,10,0,0,0,0,0,0,0,0,0,0,0,0,'search for 17375'),
(181730,20,0,0,0,0,17375,91006,3 | 0x10,13837,13980,13978,13979,0,0,0,0,'random say'),
(181730,21,25,1,0,0,17375,91006,7 | 0x10,0,0,0,0,0,0,0,0,'RUN ON'),
(181730,30,8,17375,0,0,0,0,0,0,0,0,0,0,0,0,0,'killcredit'),
(181730,31,21,1,0,0,17375,91006,7 | 0x10,0,0,0,0,0,0,0,0,'Buddy - active'),
(181730,2000,20,2,0,0,17375,91006,7 | 0x10,0,0,0,0,0,0,0,0,'movement chenged to 2:waypoints'),
-- 181731
(181731,1,31,17375,10,0,0,0,0,0,0,0,0,0,0,0,0,'search for 17375'),
(181731,20,0,0,0,0,17375,91005,3 | 0x10,13837,13980,13978,13979,0,0,0,0,'random say'),
(181731,21,25,1,0,0,17375,91005,7 | 0x10,0,0,0,0,0,0,0,0,'RUN ON'),
(181731,30,8,17375,0,0,0,0,0,0,0,0,0,0,0,0,0,'killcredit'),
(181731,31,21,1,0,0,17375,91005,7 | 0x10,0,0,0,0,0,0,0,0,'Buddy - active'),
(181731,2000,20,2,0,0,17375,91005,7 | 0x10,0,0,0,0,0,0,0,0,'movement chenged to 2:waypoints'),
-- 181732
(181732,1,31,17375,10,0,0,0,0,0,0,0,0,0,0,0,0,'search for 17375'),
(181732,20,0,0,0,0,17375,91004,3 | 0x10,13837,13980,13978,13979,0,0,0,0,'random say'),
(181732,21,25,1,0,0,17375,91004,7 | 0x10,0,0,0,0,0,0,0,0,'RUN ON'),
(181732,30,8,17375,0,0,0,0,0,0,0,0,0,0,0,0,0,'killcredit'),
(181732,31,21,1,0,0,17375,91004,7 | 0x10,0,0,0,0,0,0,0,0,'Buddy - active'),
(181732,2000,20,2,0,0,17375,91004,7 | 0x10,0,0,0,0,0,0,0,0,'movement chenged to 2:waypoints'),
-- 181733
(181733,1,31,17375,10,0,0,0,0,0,0,0,0,0,0,0,0,'search for 17375'),
(181733,20,0,0,0,0,17375,91003,3 | 0x10,13837,13980,13978,13979,0,0,0,0,'random say'),
(181733,21,25,1,0,0,17375,91003,7 | 0x10,0,0,0,0,0,0,0,0,'RUN ON'),
(181733,30,8,17375,0,0,0,0,0,0,0,0,0,0,0,0,0,'killcredit'),
(181733,31,21,1,0,0,17375,91003,7 | 0x10,0,0,0,0,0,0,0,0,'Buddy - active'),
(181733,2000,20,2,0,0,17375,91003,7 | 0x10,0,0,0,0,0,0,0,0,'movement chenged to 2:waypoints');

-- Stillpine Captive 17375
UPDATE creature SET spawntimesecsmin = 180, spawntimesecsmax = 180 WHERE id = 17375;
DELETE FROM creature_spawn_data_template WHERE entry BETWEEN 19984 AND 19999;
INSERT INTO creature_spawn_data_template (`Entry`, `RelayId`) VALUES 
(19985,19970),(19986,19971),(19987,19972),(19988,19973),(19989,19974),
(19990,19975),(19991,19976),(19992,19977),(19993,19978),(19994,19979),
(19995,19980),(19996,19981),(19997,19982),(19998,19983),(19999,19984);
DELETE FROM creature_spawn_data WHERE guid BETWEEN 90994 AND 91008;
INSERT INTO creature_spawn_data (guid, Id) VALUES
(90994,19985),(90995,19986),(90996,19987),(90997,19988),(90998,19989),
(90999,19990),(91000,19991),(91001,19992),(91002,19993),(91003,19994),
(91004,19995),(91005,19996),(91006,19997),(91007,19998),(91008,19999);
DELETE FROM dbscripts_on_relay WHERE id BETWEEN 19970 AND 19984;
INSERT INTO dbscripts_on_relay (id, delay, command, datalong, datalong2, datalong3, buddy_entry, search_radius, data_flags, dataint, dataint2, dataint3, dataint4, x, y, z, o, comments) VALUES
(19970,1,12,42106,0,0,0,0,0,0,0,0,0,0,0,0,0,'Close Door'),
(19971,1,12,42104,0,0,0,0,0,0,0,0,0,0,0,0,0,'Close Door'),
(19972,1,12,42107,0,0,0,0,0,0,0,0,0,0,0,0,0,'Close Door'),
(19973,1,12,42099,0,0,0,0,0,0,0,0,0,0,0,0,0,'Close Door'),
(19974,1,12,42101,0,0,0,0,0,0,0,0,0,0,0,0,0,'Close Door'),
(19975,1,12,42102,0,0,0,0,0,0,0,0,0,0,0,0,0,'Close Door'),
(19976,1,12,42100,0,0,0,0,0,0,0,0,0,0,0,0,0,'Close Door'),
(19977,1,12,42105,0,0,0,0,0,0,0,0,0,0,0,0,0,'Close Door'),
(19978,1,12,42103,0,0,0,0,0,0,0,0,0,0,0,0,0,'Close Door'),
(19979,1,12,42113,0,0,0,0,0,0,0,0,0,0,0,0,0,'Close Door'),
(19980,1,12,42112,0,0,0,0,0,0,0,0,0,0,0,0,0,'Close Door'),
(19981,1,12,42111,0,0,0,0,0,0,0,0,0,0,0,0,0,'Close Door'),
(19982,1,12,42110,0,0,0,0,0,0,0,0,0,0,0,0,0,'Close Door'),
(19983,1,12,42109,0,0,0,0,0,0,0,0,0,0,0,0,0,'Close Door'),
(19984,1,12,42108,0,0,0,0,0,0,0,0,0,0,0,0,0,'Close Door');

