-- Zangarmarsh Priest MC Lists
UPDATE `creature_template` SET `CharmedSpellList`='1816005', `MechanicImmuneMask` = `MechanicImmuneMask`&~1 WHERE `entry`='18160'; -- https://www.wowhead.com/tbc/npc=18160/overlord-gorefist
UPDATE `creature_template` SET `SpellList` = 1812101, `CharmedSpellList`='1812105', `MechanicImmuneMask` = `MechanicImmuneMask`&~1 WHERE `entry`='18121'; -- https://www.wowhead.com/tbc/npc=18121/angorosh-souleater
UPDATE `creature_template` SET `CharmedSpellList`='1812005', `MechanicImmuneMask` = `MechanicImmuneMask`&~1 WHERE `entry`='18120'; -- https://www.wowhead.com/tbc/npc=18120/angorosh-mauler
UPDATE `creature_template` SET `CharmedSpellList`='2044205', `MechanicImmuneMask` = `MechanicImmuneMask`&~1 WHERE `entry`='20442'; -- https://www.wowhead.com/tbc/npc=20442/captain-bokar
UPDATE `creature_template` SET `CharmedSpellList`='1811905', `MechanicImmuneMask` = `MechanicImmuneMask`&~1 WHERE `entry`='18119'; -- https://www.wowhead.com/tbc/npc=18119/angorosh-brute
UPDATE `creature_template` SET `CharmedSpellList`='1973205', `MechanicImmuneMask` = `MechanicImmuneMask`&~1 WHERE `entry`='19732'; -- https://www.wowhead.com/tbc/npc=19732/angorosh-warlock
UPDATE `creature_template` SET `CharmedSpellList`='2044305', `MechanicImmuneMask` = `MechanicImmuneMask`&~1 WHERE `entry`='20443'; -- https://www.wowhead.com/tbc/npc=20443/angorosh-sentry
UPDATE `creature_template` SET `CharmedSpellList`='1899205', `MechanicImmuneMask` = `MechanicImmuneMask`&~1 WHERE `entry`='18992'; -- https://www.wowhead.com/tbc/npc=18992/captain-krosh
UPDATE `creature_template` SET `CharmedSpellList`='1811605', `MechanicImmuneMask` = `MechanicImmuneMask`&~1 WHERE `entry`='18116'; -- https://www.wowhead.com/tbc/npc=18116/daggerfen-assassin
UPDATE `creature_template` SET `CharmedSpellList`='1811505', `MechanicImmuneMask` = `MechanicImmuneMask`&~1 WHERE `entry`='18115'; -- https://www.wowhead.com/tbc/npc=18115/daggerfen-muckdweller
UPDATE `creature_template` SET `CharmedSpellList`='1815905', `MechanicImmuneMask` = `MechanicImmuneMask`&~1 WHERE `entry`='18159'; -- https://www.wowhead.com/tbc/npc=18159/boss-grogak
UPDATE `creature_template` SET `CharmedSpellList`='1811705', `MechanicImmuneMask` = `MechanicImmuneMask`&~1 WHERE `entry`='18117'; -- https://www.wowhead.com/tbc/npc=18117/angorosh-ogre
UPDATE `creature_template` SET `SpellList` = 1811801, `CharmedSpellList`='1811805', `MechanicImmuneMask` = `MechanicImmuneMask`&~1 WHERE `entry`='18118'; -- https://www.wowhead.com/tbc/npc=18118/angorosh-shaman
UPDATE `creature_template` SET `CharmedSpellList`='1808905', `MechanicImmuneMask` = `MechanicImmuneMask`&~1 WHERE `entry`='18089'; -- https://www.wowhead.com/tbc/npc=18089/bloodscale-slavedriver
UPDATE `creature_template` SET `CharmedSpellList`='1808805', `MechanicImmuneMask` = `MechanicImmuneMask`&~1 WHERE `entry`='18088'; -- https://www.wowhead.com/tbc/npc=18088/bloodscale-enchantress
UPDATE `creature_template` SET `CharmedSpellList`='2047705', `MechanicImmuneMask` = `MechanicImmuneMask`&~1 WHERE `entry`='20477'; -- https://www.wowhead.com/tbc/npc=20477/terrorclaw
UPDATE `creature` SET `position_x` = 397.279,  `position_y` = 8352.32,  `position_z` = 22.8307,  `orientation` = 3.54302 WHERE `id` = 20477;
UPDATE `creature_template` SET `CharmedSpellList`='2029505', `MechanicImmuneMask` = `MechanicImmuneMask`&~1 WHERE `entry`='20295'; -- https://www.wowhead.com/tbc/npc=20295/bogstrok-crusher
UPDATE `creature_template` SET `CharmedSpellList`='2029405', `MechanicImmuneMask` = `MechanicImmuneMask`&~1 WHERE `entry`='20294'; -- https://www.wowhead.com/tbc/npc=20294/bogstrok-razorclaw
UPDATE `creature_template` SET `CharmedSpellList`='2029305', `MechanicImmuneMask` = `MechanicImmuneMask`&~1 WHERE `entry`='20293'; -- https://www.wowhead.com/tbc/npc=20293/bogstrok-clacker
UPDATE `creature_template` SET `SpellList` = 1819701, `CharmedSpellList`='1819705', `MechanicImmuneMask` = `MechanicImmuneMask`&~1 WHERE `entry`='18197'; -- https://www.wowhead.com/tbc/npc=18197/elder-kuruti
UPDATE `creature_template` SET `SpellList` = 2027001, `CharmedSpellList`='2027005', `MechanicImmuneMask` = `MechanicImmuneMask`&~1 WHERE `entry`='20270'; -- https://www.wowhead.com/tbc/npc=20270/feralfen-druid
UPDATE `creature_template` SET `CharmedSpellList`='1811405', `MechanicImmuneMask` = `MechanicImmuneMask`&~1 WHERE `entry`='18114'; -- https://www.wowhead.com/tbc/npc=18114/feralfen-mystic
UPDATE `creature_template` SET `CharmedSpellList`='1811305', `MechanicImmuneMask` = `MechanicImmuneMask`&~1 WHERE `entry`='18113'; -- https://www.wowhead.com/tbc/npc=18113/feralfen-hunter
UPDATE `creature_template` SET `CharmedSpellList`='2029205', `MechanicImmuneMask` = `MechanicImmuneMask`&~1 WHERE `entry`='20292'; -- https://www.wowhead.com/tbc/npc=20292/marsh-baron-brok
UPDATE `creature_template` SET `CharmedSpellList`='2029105', `MechanicImmuneMask` = `MechanicImmuneMask`&~1 WHERE `entry`='20291'; -- https://www.wowhead.com/tbc/npc=20291/lagoon-walker
UPDATE `creature_template` SET `CharmedSpellList`='2008905', `MechanicImmuneMask` = `MechanicImmuneMask`&~1 WHERE `entry`='20089'; -- https://www.wowhead.com/tbc/npc=20089/bloodscale-wavecaller
UPDATE `creature_template` SET `CharmedSpellList`='1812305', `MechanicImmuneMask` = `MechanicImmuneMask`&~1 WHERE `entry`='18123'; -- https://www.wowhead.com/tbc/npc=18123/wrekt-slave
UPDATE `creature_template` SET `CharmedSpellList`='2008805', `MechanicImmuneMask` = `MechanicImmuneMask`&~1 WHERE `entry`='20088'; -- https://www.wowhead.com/tbc/npc=20088/bloodscale-overseer
UPDATE `creature_template` SET `CharmedSpellList`='1808605', `MechanicImmuneMask` = `MechanicImmuneMask`&~1 WHERE `entry`='18086'; -- https://www.wowhead.com/tbc/npc=18086/darkcrest-taskmaster
UPDATE `creature_template` SET `CharmedSpellList`='1808705', `MechanicImmuneMask` = `MechanicImmuneMask`&~1 WHERE `entry`='18087'; -- https://www.wowhead.com/tbc/npc=18087/darkcrest-siren
UPDATE `creature_template` SET `CharmedSpellList`='1834005', `MechanicImmuneMask` = `MechanicImmuneMask`&~1 WHERE `entry`='18340'; -- https://www.wowhead.com/tbc/npc=18340/steam-pump-overseer
UPDATE `creature_template` SET `CharmedSpellList`='1812205', `MechanicImmuneMask` = `MechanicImmuneMask`&~1 WHERE `entry`='18122'; -- https://www.wowhead.com/tbc/npc=18122/dreghood-drudge
UPDATE `creature_template` SET `CharmedSpellList`='1994705', `MechanicImmuneMask` = `MechanicImmuneMask`&~1 WHERE `entry`='19947'; -- https://www.wowhead.com/tbc/npc=19947/darkcrest-sorceress
UPDATE `creature_template` SET `CharmedSpellList`='1994605', `MechanicImmuneMask` = `MechanicImmuneMask`&~1 WHERE `entry`='19946'; -- https://www.wowhead.com/tbc/npc=19946/darkcrest-slaver
UPDATE `creature_template` SET `CharmedSpellList`='1808005', `MechanicImmuneMask` = `MechanicImmuneMask`&~1 WHERE `entry`='18080'; -- https://www.wowhead.com/tbc/npc=18080/kataru
UPDATE `creature_template` SET `CharmedSpellList`='2011505', `MechanicImmuneMask` = `MechanicImmuneMask`&~1 WHERE `entry`='20115'; -- https://www.wowhead.com/tbc/npc=20115/umbrafen-witchdoctor
UPDATE `creature_template` SET `CharmedSpellList`='1807905', `MechanicImmuneMask` = `MechanicImmuneMask`&~1 WHERE `entry`='18079'; -- https://www.wowhead.com/tbc/npc=18079/umbrafen-seer
UPDATE `creature_template` SET `SpellList` = 1807701, `CharmedSpellList`='1807705', `MechanicImmuneMask` = `MechanicImmuneMask`&~1 WHERE `entry`='18077'; -- https://www.wowhead.com/tbc/npc=18077/umbrafen-oracle
UPDATE `creature_template` SET `SpellList` = 1813601 WHERE `entry`='18136'; -- https://www.wowhead.com/tbc/npc=18136/marsh-lurker
UPDATE `creature_template` SET `SpellList` = 1813901 WHERE `entry`='18139'; -- https://www.wowhead.com/tbc/npc=18139/sporeggar-preserver
UPDATE `creature_template_addon` SET `stand_state` = 0 WHERE `entry` = 18035; -- handled by aura s.29266 - https://www.wowhead.com/tbc/npc=18035/scout-jyoba
UPDATE `creature_template` SET `Faction` = 1661, `InhabitType` = 4, `ExtraFlags` = `ExtraFlags`&~2, `SpeedWalk` = 3.2, `SpeedRun` = 2.57143 WHERE `entry` = 22122; -- https://www.wowhead.com/tbc/npc=22122/cenarion-storm-crow
DELETE FROM `creature` WHERE `id` = 22122; -- no static spawns, ss.38402 - npc_air_force_bots
UPDATE `creature_template` SET `UnitFlags` = 33555200, `SpeedWalk` = 2, `SpeedRun` = 1.71429 WHERE `entry` = 22380; -- https://www.wowhead.com/tbc/npc=22380/ambient-minion-of-terokk - Spawned During Shattrath Quest?

DELETE FROM creature_template_spells WHERE `entry` IN (18160,18121,18120,20442,18119,19732,20443,18992,18116,18115,18159,18117,18118,18089,18088,20477,20295,20294,20293,18197,20270,18114,18113,20292,20291,20089,18123,
20088,18086,18087,18340,18122,19947,19946,18080,20115,18079,18077);
DELETE FROM creature_cooldowns WHERE `entry` IN (18160,18121,18120,20442,18119,19732,20443,18992,18116,18115,18159,18117,18118,18089,18088,20477,20295,20294,20293,18197,20270,18114,18113,20292,20291,20089,18123,
20088,18086,18087,18340,18122,19947,19946,18080,20115,18079,18077);
DELETE FROM `creature_spell_list_entry` WHERE `Id` IN (1816005,1812105,1812005,2044205,1811905,1973205,2044305,1899205,1811605,1811505,1815905,1811705,1811805,1808905,1808805,2047705,2029505,2029405,2029305,1819705,
2027005,1811405,1811305,2029205,2029105,2008905,1812305,2008805,1808605,1808705,1834005,1812205,1994705,1994605,1808005,2011505,1807905,1807705);
DELETE FROM `creature_spell_list` WHERE `Id` IN (1816005,1812105,1812005,2044205,1811905,1973205,2044305,1899205,1811605,1811505,1815905,1811705,1811805,1808905,1808805,2047705,2029505,2029405,2029305,1819705,
2027005,1811405,1811305,2029205,2029105,2008905,1812305,2008805,1808605,1808705,1834005,1812205,1994705,1994605,1808005,2011505,1807905,1807705);
-- SpellLists
DELETE FROM `creature_spell_list_entry` WHERE `Id` IN (1807701,1811801,1812101,1813601,1813901,1819701,2027001);
DELETE FROM `creature_spell_list` WHERE `Id` IN (1807701,1811801,1812101,1813601,1813901,1819701,2027001);
INSERT INTO `creature_spell_list_entry` (`Id`, `Name`, `ChanceSupportAction`, `ChanceRangedAttack`) VALUES
(1816005, 'TBC - Overlord Gorefist', 0, 0),
(1812105, 'TBC - Ango''rosh Souleater', 0, 0),
(1812005, 'TBC - Ango''rosh Mauler', 0, 0),
(2044205, 'TBC - Captain Bo''kar', 0, 0),
(1811905, 'TBC - Ango''rosh Brute', 0, 0),
(1973205, 'TBC - Ango''rosh Warlock', 0, 0),
(2044305, 'TBC - Ango''rosh Sentry', 0, 0),
(1899205, 'TBC - Captain Krosh', 0, 0),
(1811605, 'TBC - Daggerfen Assassin', 0, 0),
(1811505, 'TBC - Daggerfen Muckdweller', 0, 0),
(1815905, 'TBC - Boss Grog''ak', 0, 0),
(1811705, 'TBC - Ango''rosh Ogre', 0, 0),
(1811805, 'TBC - Ango''rosh Shaman', 0, 0),
(1808905, 'TBC - Bloodscale Slavedriver', 0, 0),
(1808805, 'TBC - Bloodscale Enchantress', 0, 0),
(2047705, 'TBC - Terrorclaw', 0, 0),
(2029505, 'TBC - Bogstrok Crusher', 0, 0),
(2029405, 'TBC - Bogstrok Razorclaw', 0, 0),
(2029305, 'TBC - Bogstrok Clacker', 0, 0),
(1819705, 'TBC - Elder Kuruti', 0, 0),
(2027005, 'TBC - Feralfen Druid', 0, 0),
(1811405, 'TBC - Feralfen Mystic', 0, 0),
(1811305, 'TBC - Feralfen Hunter', 0, 0),
(2029205, 'TBC - Marsh Baron Brok', 0, 0),
(2029105, 'TBC - Lagoon Walker', 0, 0),
(2008905, 'TBC - Bloodscale Wavecaller', 0, 0),
(1812305, 'TBC - Wrekt Slave', 0, 0),
(2008805, 'TBC - Bloodscale Overseer', 0, 0),
(1808605, 'TBC - Darkcrest Taskmaster', 0, 0),
(1808705, 'TBC - Darkcrest Siren', 0, 0),
(1834005, 'TBC - Steam Pump Overseer', 0, 0),
(1812205, 'TBC - Dreghood Drudge', 0, 0),
(1994705, 'TBC - Darkcrest Sorceress', 0, 0),
(1994605, 'TBC - Darkcrest Slaver', 0, 0),
(1808005, 'TBC - Kataru', 0, 0),
(2011505, 'TBC - Umbrafen Witchdoctor', 0, 0),
(1807905, 'TBC - Umbrafen Seer', 0, 0),
(1807705, 'TBC - Umbrafen Oracle', 0, 0),

(1807701, 'Zangarmarsh - Umbrafen Oracle', 75, 75),
(1811801, 'Zangarmarsh - Ango''rosh Shaman', 75, 75),
(1812101, 'Zangarmarsh - Ango''rosh Souleater', 75, 75),
(1813601, 'Zangarmarsh - Marsh Lurker', 0, 0),
(1813901, 'Zangarmarsh - Sporeggar Preserver', 75, 0),
(1819701, 'Zangarmarsh - Elder Kuruti', 75, 0),
(2027001, 'Zangarmarsh - Feralfen Druid', 75, 0);

INSERT INTO `creature_spell_list` (`Id`, `Position`, `SpellId`, `Flags`, `CombatCondition`, `TargetId`, `ScriptId`, `Availability`, `Probability`, `InitialMin`, `InitialMax`, `RepeatMin`, `RepeatMax`, `Comments`) VALUES
(1816005, 3, 15496, 0, -1, 0, 0, 100, 1, 0, 0, 8000, 8000, 'Overlord Gorefist - Cleave'),
(1816005, 0, 2, 0, -1, 0, 0, 100, 1, 0, 0, 0, 0, 'Overlord Gorefist - Attack'),
(1812105, 5, 35194, 0, -1, 0, 0, 100, 1, 0, 0, 0, 0, 'Ango''rosh Souleater - Shadowform'), -- 1812105	0	2	0	0	9613	35195	35194	0	0	0	0
(1812105, 4, 35195, 0, -1, 0, 0, 100, 1, 0, 0, 9029, 13381, 'Ango''rosh Souleater - Siphon Life'),
(1812105, 3, 9613, 0, -1, 0, 0, 100, 1, 0, 0, 0, 0, 'Ango''rosh Souleater - Shadow Bolt'),
(1812105, 0, 2, 0, -1, 0, 0, 100, 1, 0, 0, 0, 0, 'Ango''rosh Souleater - Attack'),
(1812005, 4, 14895, 0, -1, 0, 0, 100, 1, 0, 0, 20000, 20000, 'Ango''rosh Mauler - Overpower'), -- 1812005	0	2	0	0	0	14895	0	0	0	0	0 - 8000	13000 befor
(1812005, 0, 2, 0, -1, 0, 0, 100, 1, 0, 0, 0, 0, 'Ango''rosh Mauler - Attack'),
(2044205, 4, 35491, 0, -1, 0, 0, 100, 1, 0, 0, 20000, 20000, 'Captain Bo''kar - Furious Rage'), -- 2044205	0	2	0	0	0	35491	0	0	0	0	0
(2044205, 0, 2, 0, -1, 0, 0, 100, 1, 0, 0, 0, 0, 'Captain Bo''kar - Attack'),
(1811905, 3, 11428, 0, -1, 0, 0, 100, 1, 0, 0, 16000, 16000, 'Ango''rosh Brute - Knockdown'), -- 1811905	0	2	0	0	11428	0	0	0	0	0	0
(1811905, 0, 2, 0, -1, 0, 0, 100, 1, 0, 0, 0, 0, 'Ango''rosh Brute - Attack'),
(1973205, 6, 13787, 0, -1, 0, 0, 100, 1, 0, 0, 30000, 30000, 'Ango''rosh Warlock - Demon Armor'), -- 1973205	0	2	0	0	20825	0	0	13787	0	0	0
(1973205, 3, 20825, 0, -1, 0, 0, 100, 1, 0, 0, 0, 0, 'Ango''rosh Warlock - Shadow Bolt'),
(1973205, 0, 2, 0, -1, 0, 0, 100, 1, 0, 0, 0, 0, 'Ango''rosh Warlock - Attack'),
(2044305, 4, 15496, 0, -1, 0, 0, 100, 1, 0, 0, 9727, 14860, 'Ango''rosh Sentry - Cleave'), -- 2044305	0	2	0	0	13730	15496	0	0	0	0	0
(2044305, 3, 13730, 0, -1, 0, 0, 100, 1, 0, 0, 12000, 12000, 'Ango''rosh Sentry - Demoralizing Shout'),
(2044305, 0, 2, 0, -1, 0, 0, 100, 1, 0, 0, 0, 0, 'Ango''rosh Sentry - Attack'),
(1899205, 4, 35491, 0, -1, 0, 0, 100, 1, 0, 0, 20000, 20000, 'Captain Krosh - Furious Rage'), -- 1899205	0	2	0	0	0	35491	0	0	0	0	0
(1899205, 0, 2, 0, -1, 0, 0, 100, 1, 0, 0, 0, 0, 'Captain Krosh - Attack'),
(1811605, 6, 35204, 0, -1, 0, 0, 100, 1, 0, 0, 25899, 29792, 'Daggerfen Assassin - Toxic Fumes'), -- 1811605	0	2	0	0	0	0	0	35204	0	0	0
(1811605, 0, 2, 0, -1, 0, 0, 100, 1, 0, 0, 0, 0, 'Daggerfen Assassin - Attack'),
(1811505, 3, 35201, 0, -1, 0, 0, 100, 1, 0, 0, 25206, 34418, 'Daggerfen Muckdweller - Paralytic Poison'), -- 1811505	0	2	0	0	35201	0	0	0	0	0	0
(1811505, 0, 2, 0, -1, 0, 0, 100, 1, 0, 0, 0, 0, 'Daggerfen Muckdweller - Attack'),
(1815905, 4, 35473, 0, -1, 0, 0, 100, 1, 0, 0, 10258, 14588, 'Boss Grog''ak - Forceful Cleave'), -- 1815905	0	13730	35473	0	0	0	0	0	0	0	0
(1815905, 3, 13730, 0, -1, 0, 0, 100, 1, 0, 0, 12000, 12000, 'Boss Grog''ak - Demoralizing Shout'),
(1815905, 0, 2, 0, -1, 0, 0, 100, 1, 0, 0, 0, 0, 'Boss Grog''ak - Attack'),
(1811705, 3, 11978, 0, -1, 0, 0, 100, 1, 0, 0, 16000, 16000, 'Ango''rosh Ogre - Kick'), -- 1811705	0	2	0	0	11978	0	0	0	0	0	0
(1811705, 0, 2, 0, -1, 0, 0, 100, 1, 0, 0, 0, 0, 'Ango''rosh Ogre - Attack'),
(1811805, 6, 6742, 0, -1, 0, 0, 100, 1, 0, 0, 12000, 12000, 'Ango''rosh Shaman - Bloodlust'), -- 1811805	0	2	0	0	0	23381	9532	6742	0	0	0
(1811805, 5, 9532, 0, -1, 0, 0, 100, 1, 0, 0, 0, 0, 'Ango''rosh Shaman - Lightning Bolt'),
(1811805, 4, 23381, 0, -1, 0, 0, 100, 1, 0, 0, 12000, 12000, 'Ango''rosh Shaman - Healing Touch'),
(1811805, 0, 2, 0, -1, 0, 0, 100, 1, 0, 0, 0, 0, 'Ango''rosh Shaman - Attack'),
(1808905, 4, 32064, 0, -1, 0, 0, 100, 1, 0, 0, 15048, 18220, 'Bloodscale Slavedriver - Battle Shout'), -- 1808905	0	2	0	0	0	32064	0	0	0	0	0
(1808905, 0, 2, 0, -1, 0, 0, 100, 1, 0, 0, 0, 0, 'Bloodscale Slavedriver - Attack'),
(1808805, 5, 34787, 0, -1, 0, 0, 100, 1, 0, 0, 25000, 25000, 'Bloodscale Enchantress - Freezing Circle'), -- 1808805	0	2	0	0	34446	33245	34787	0	0	0	0
(1808805, 4, 33245, 0, -1, 0, 0, 100, 1, 0, 0, 30000, 30000, 'Bloodscale Enchantress - Ice Barrier'),
(1808805, 3, 34446, 0, -1, 0, 0, 100, 1, 0, 0, 0, 0, 'Bloodscale Enchantress - Arcane Missiles'), -- 6000	6000
(1808805, 0, 2, 0, -1, 0, 0, 100, 1, 0, 0, 0, 0, 'Bloodscale Enchantress - Attack'),
(2047705, 5, 40504, 0, -1, 0, 0, 100, 1, 0, 0, 13290, 16842, 'Terrorclaw - Cleave'), -- 2047705	0	40504	0	0	0	0	0	0	0	0	0
(2047705, 0, 2, 0, -1, 0, 0, 100, 1, 0, 0, 0, 0, 'Terrorclaw - Attack'),
(2029505, 4, 21055, 0, -1, 0, 0, 100, 1, 0, 0, 12000, 12000, 'Bogstrok Crusher - Crush Armor'), -- 2029505	0	21055	31551	0	0	0	0	0	0	0	0
(2029505, 0, 2, 0, -1, 0, 0, 100, 1, 0, 0, 0, 0, 'Bogstrok Crusher - Attack'), -- 31551 added later?
(2029405, 4, 35321, 0, -1, 0, 0, 100, 1, 0, 0, 12000, 12000, 'Bogstrok Razorclaw - Gushing Wound'), -- 2029405	0	21055	31551	0	0	0	0	0	0	0	0
(2029405, 0, 2, 0, -1, 0, 0, 100, 1, 0, 0, 0, 0, 'Bogstrok Razorclaw - Attack'), -- 31551 added later?
(2029305, 0, 2, 0, -1, 0, 0, 100, 1, 0, 0, 0, 0, 'Bogstrok Clacker - Attack'), -- 2029305	0	21494	0	0	0	0	0	0	0	0	0
(1819705, 6, 12058, 0, -1, 0, 0, 100, 1, 0, 0, 3000, 3000, 'Elder Kuruti - Chain Lightning'), -- 1819705	0	2	0	0	0	12550	11986	12058	0	0	0
(1819705, 5, 11986, 0, -1, 0, 0, 100, 1, 0, 0, 16000, 16000, 'Elder Kuruti - Healing Wave'),
(1819705, 4, 12550, 0, -1, 0, 0, 100, 1, 0, 0, 20000, 20000, 'Elder Kuruti - Lightning Shield'),
(1819705, 0, 2, 0, -1, 0, 0, 100, 1, 0, 0, 0, 0, 'Elder Kuruti - Attack'),
(2027005, 3, 16561, 0, -1, 0, 0, 100, 1, 0, 0, 16000, 16000, 'Feralfen Druid - Regrowth'), -- 2027005	0	2	0	0	16561	0	0	0	0	0	0
(2027005, 0, 2, 0, -1, 0, 0, 100, 1, 0, 0, 0, 0, 'Feralfen Druid - Attack'),
(1811405, 4, 12550, 0, -1, 0, 0, 100, 1, 0, 0, 20201, 26677, 'Feralfen Mystic - Lightning Shield'), -- 1811405	0	2	0	0	9532	12550	0	0	0	0	0
(1811405, 3, 9532, 0, -1, 0, 0, 100, 1, 0, 0, 0, 0, 'Feralfen Mystic - Lightning Bolt'),
(1811405, 0, 2, 0, -1, 0, 0, 100, 1, 0, 0, 0, 0, 'Feralfen Mystic - Attack'),
(1811305, 6, 12024, 0, -1, 0, 0, 100, 1, 0, 0, 15000, 15000, 'Feralfen Hunter - Net'), -- 1811305	0	2	0	0	0	31975	6660	12024	0	0	0
(1811305, 5, 6660, 0, -1, 0, 0, 100, 1, 0, 0, 0, 0, 'Feralfen Hunter - Shoot'),
(1811305, 4, 31975, 0, -1, 0, 0, 100, 1, 0, 0, 8000, 8000, 'Feralfen Hunter - Serpent Sting'),
(1811305, 0, 2, 0, -1, 0, 0, 100, 1, 0, 0, 0, 0, 'Feralfen Hunter - Attack'),
(2029205, 4, 8142, 0, -1, 0, 0, 100, 1, 0, 0, 25000, 25000, 'Marsh Baron Brok - Grasping Vines'), -- 2029205	0	9616	8142	0	0	0	0	0	0	0	0
(2029205, 3, 9616, 0, -1, 0, 0, 100, 1, 0, 0, 15000, 15000, 'Marsh Baron Brok - Wild Regeneration'),
(2029205, 0, 2, 0, -1, 0, 0, 100, 1, 0, 0, 0, 0, 'Marsh Baron Brok - Attack'),
(2029105, 0, 2, 0, -1, 0, 0, 100, 1, 0, 0, 0, 0, 'Lagoon Walker - Attack'), -- 2029105	0	7948	6870	0	0	0	0	0	0	0	0 - Added later?
(2008905, 4, 34827, 0, -1, 0, 0, 100, 1, 0, 0, 30000, 30000, 'Bloodscale Wavecaller - Water Shield'), -- 2008905	0	2	0	0	32011	34827	0	0	0	0	0
(2008905, 3, 32011, 0, -1, 0, 0, 100, 1, 0, 0, 6000, 6000, 'Bloodscale Wavecaller - Water Bolt'),
(2008905, 0, 2, 0, -1, 0, 0, 100, 1, 0, 0, 0, 0, 'Bloodscale Wavecaller - Attack'),
(1812305, 4, 34789, 0, -1, 0, 0, 100, 1, 0, 0, 0, 0, 'Wrekt Slave - Shared Bonds'), -- 1812305	0	2	0	0	11978	34789	0	0	0	0	0
(1812305, 3, 11978, 0, -1, 0, 0, 100, 1, 0, 0, 6287, 8840, 'Wrekt Slave - Kick'),
(1812305, 0, 2, 0, -1, 0, 0, 100, 1, 0, 0, 0, 0, 'Wrekt Slave - Attack'),
(2008805, 4, 34812, 0, -1, 0, 0, 100, 1, 0, 0, 20000, 20000, 'Bloodscale Overseer - Curse of Nazjatar'), -- 2008805	0	2	0	0	9080	34812	0	0	0	0	0
(2008805, 3, 9080, 0, -1, 0, 0, 100, 1, 0, 0, 20000, 20000, 'Bloodscale Overseer - Hamstring'),
(2008805, 0, 2, 0, -1, 0, 0, 100, 1, 0, 0, 0, 0, 'Bloodscale Overseer - Attack'),
(1808605, 4, 34812, 0, -1, 0, 0, 100, 1, 0, 0, 16000, 16000, 'Darkcrest Taskmaster - Curse of Nazjatar'), -- 1808605	0	2	0	0	34811	34812	0	0	0	0	0
(1808605, 3, 34811, 0, -1, 0, 0, 100, 1, 0, 0, 12000, 12000, 'Darkcrest Taskmaster - Tail Lash'),
(1808605, 0, 2, 0, -1, 0, 0, 100, 1, 0, 0, 0, 0, 'Darkcrest Taskmaster - Attack'),
(1808705, 5, 6726, 0, -1, 0, 0, 100, 1, 0, 0, 30000, 30000, 'Darkcrest Siren - Silence'), -- 1808705	0	2	0	0	9672	11831	6726	0	0	0	0
(1808705, 4, 11831, 0, -1, 0, 0, 100, 1, 0, 0, 30000, 30000, 'Darkcrest Siren - Frost Nova'),
(1808705, 3, 9672, 0, -1, 0, 0, 100, 1, 0, 0, 0, 0, 'Darkcrest Siren - Frostbolt'),
(1808705, 0, 2, 0, -1, 0, 0, 100, 1, 0, 0, 0, 0, 'Darkcrest Siren - Attack'),
(1834005, 0, 2, 0, -1, 0, 0, 100, 1, 0, 0, 0, 0, 'Steam Pump Overseer - Attack'),
(1812205, 4, 34789, 0, -1, 0, 0, 100, 1, 0, 0, 0, 0, 'Dreghood Drudge - Shared Bonds'), -- 1812205	0	34789	0	0	0	0	0	0	0	0	0
(1812205, 0, 2, 0, -1, 0, 0, 100, 1, 0, 0, 0, 0, 'Dreghood Drudge - Attack'),
(1994705, 5, 34787, 0, -1, 0, 0, 100, 1, 0, 0, 20000, 20000, 'Darkcrest Sorceress - Freezing Circle'), -- 1994705	0	2	0	0	13901	12544	34787	0	0	0	0
(1994705, 4, 12544, 0, -1, 0, 0, 100, 1, 0, 0, 60000, 60000, 'Darkcrest Sorceress - Frost Armor'),
(1994705, 3, 13901, 0, -1, 0, 0, 100, 1, 0, 0, 0, 0, 'Darkcrest Sorceress - Arcane Bolt'),
(1994705, 0, 2, 0, -1, 0, 0, 100, 1, 0, 0, 0, 0, 'Darkcrest Sorceress - Attack'),
(1994605, 4, 13730, 0, -1, 0, 0, 100, 1, 0, 0, 15000, 15000, 'Darkcrest Slaver - Demoralizing Shout'), -- 1994605	0	2	0	0	0	13730	0	0	0	0	0
(1994605, 0, 2, 0, -1, 0, 0, 100, 1, 0, 0, 0, 0, 'Darkcrest Slaver - Attack'),
(1808005, 4, 32734, 0, -1, 0, 0, 100, 1, 0, 0, 8298, 9965, 'Kataru - Earth Shield'), -- 1808005	0	12058	32734	15869	0	0	0	0	0	0	0
(1808005, 3, 12058, 0, -1, 0, 0, 100, 1, 0, 0, 0, 0, 'Kataru - Chain Lightning'),
(1808005, 0, 2, 0, -1, 0, 0, 100, 1, 0, 0, 0, 0, 'Kataru - Attack'), -- 15869 added later?
(2011505, 4, 7289, 0, -1, 0, 0, 100, 1, 0, 0, 20000, 20000, 'Umbrafen Witchdoctor - Shrink'), -- 2011505	0	2	0	0	0	7289	0	0	0	0	0
(2011505, 0, 2, 0, -1, 0, 0, 100, 1, 0, 0, 0, 0, 'Umbrafen Witchdoctor - Attack'),
(1807905, 5, 9739, 0, -1, 0, 0, 100, 1, 0, 0, 0, 0, 'Umbrafen Seer - Wrath'), -- 1807905	0	2	0	0	31287	0	9739	0	0	0	0
(1807905, 3, 31287, 0, -1, 0, 0, 100, 1, 0, 0, 7146, 11915, 'Umbrafen Seer - Entangling Roots'),
(1807905, 0, 2, 0, -1, 0, 0, 100, 1, 0, 0, 0, 0, 'Umbrafen Seer - Attack'),
(1807705, 5, 11986, 0, -1, 0, 0, 100, 1, 0, 0, 16000, 16000, 'Umbrafen Oracle - Healing Wave'), -- 1807705	0	2	0	0	0	12550	11986	0	0	0	0
(1807705, 4, 12550, 0, -1, 0, 0, 100, 1, 0, 0, 20000, 20000, 'Umbrafen Oracle - Lightning Shield'),
(1807705, 0, 2, 0, -1, 0, 0, 100, 1, 0, 0, 0, 0, 'Umbrafen Oracle - Attack'),
-- ('1807703','18077','2','0','100','1025','50','0','15000','25000','0','0','11','11986','0','0','0','0','0','0','0','0','0','0','Umbrafen Oracle - Cast Healing Wave at 50% HP'),
(1807701, 5, 11986, 0, -1, 201, 0, 100, 1, 4000, 12000, 15000, 25000, 'Umbrafen Oracle - Healing Wave - Missing 50% including self'),
-- ('1811802','18118','0','0','100','1024','18000','25000','0','0','0','0','11','32062','0','0','0','0','0','0','0','0','0','0','Ango''rosh Shaman - Cast Fire Nova Totem'),
-- ('1811803','18118','16','0','100','1025','6742','30','15000','20000','0','0','11','6742','12','0','0','0','0','0','0','0','0','0','Ango''rosh Shaman - Cast Bloodlust on Friendly Missing Buff'),
-- ('1811804','18118','14','0','100','1025','2100','40','15000','20000','0','0','11','23381','12','0','0','0','0','0','0','0','0','0','Ango''rosh Shaman - Cast Healing Touch on Friendly Missing HP'),
-- ('1811805','18118','0','0','100','1281','0','0','3400','4800','0','0','11','9532','1','256','0','0','0','0','0','0','0','0','Ango''rosh Shaman - Cast Lightning Bolt (Range Mode)'),
-- ('1811806','18118','0','0','100','1537','0','0','5000','20000','0','0','11','9532','1','256','0','0','0','0','0','0','0','0','Ango''rosh Shaman - Cast Lightning Bolt (Melee Mode)'),
(1811801, 4, 23381, 0, -1, 201, 0, 100, 1, 4000, 12000, 15000, 20000, 'Ango''rosh Shaman - Healing Touch - Missing 50% including self'),
(1811801, 5, 9532, 2, -1, 1, 0, 100, 1, 0, 0, 0, 0, 'Ango''rosh Shaman - Lightning Bolt'),
(1811801, 6, 6742, 0, -1, 5, 0, 100, 1, 8000, 24000, 12000, 24000, 'Ango''rosh Shaman - Bloodlust - eligible friendly missing buff'),
(1811801, 3, 32062, 0, -1, 0, 0, 100, 2, 5000, 15000, 15000, 30000, 'Ango''rosh Shaman - Fire Nova Totem'),
-- ('1812103','18121','2','0','100','1025','0','5000','15000','30000','0','0','11','35195','1','0','0','0','0','0','0','0','0','0','Ango''rosh Souleater - Cast Siphon Life at 50% HP'),
-- ('1812104','18121','0','0','100','1281','0','0','3000','4000','0','0','11','9613','1','256','0','0','0','0','0','0','0','0','Ango''rosh Souleater - Cast Shadow Bolt (Range Mode)'),,
-- ('1812105','18121','0','0','100','1537','0','0','5000','10000','0','0','11','9613','1','256','0','0','0','0','0','0','0','0','Ango''rosh Souleater - Cast Shadow Bolt (Melee Mode)'),
(1812101, 4, 35195, 0, 281, 1, 0, 100, 1, 0, 10000, 14000, 21000, 'Ango''rosh Souleater - Siphon Life - HEALTH_PERCENT LESS_THAN 50'),
(1812101, 3, 9613, 2, -1, 1, 0, 100, 1, 0, 0, 0, 0, 'Ango''rosh Souleater - Shadow Bolt'),
-- ('1813601','18136','2','0','100','1025','50','0','15000','25000','0','0','11','9616','0','0','0','0','0','0','0','0','0','0','Marsh Lurker - Cast Wild Regeneration at 50% HP'),
(1813601, 0, 9616, 0, 281, 0, 0, 100, 1, 0, 5000, 15000, 25000, 'Marsh Lurker - Wild Regeneration - HEALTH_PERCENT LESS_THAN 50'),
-- ('1813902','18139','14','0','100','1025','4000','40','15000','25000','0','0','11','11431','12','0','0','0','0','0','0','0','0','0','Sporeggar Preserver - Cast Healing Touch on Friendly Missing HP'),
-- ('1813903','18139','0','0','100','1025','0','3000','11500','12500','0','0','11','6950','4','32','0','0','0','0','0','0','0','0','Sporeggar Preserver - Cast Faerie Fire'),
(1813901, 1, 11431, 0, -1, 206, 0, 100, 1, 4000, 12000, 15000, 25000, 'Sporeggar Preserver - Healing Touch - Missing 25% including self'),
(1813901, 2, 6950, 0, -1, 1, 0, 100, 1, 0, 10000, 30000, 40000, 'Sporeggar Preserver - Faerie Fire'),
-- ('1819702','18197','0','0','100','1025','5000','9000','6000','12000','0','0','11','12058','1','0','0','0','0','0','0','0','0','0','Elder Kuruti - Cast Chain Lightning'),
-- ('1819703','18197','14','0','100','1025','2211','40','9000','15000','0','0','11','11986','12','0','0','0','0','0','0','0','0','0','Elder Kuruti - Cast Healing Wave on Friendly Missing HP'),
(1819701, 6, 12058, 0, -1, 1, 0, 100, 1, 5000, 9000, 6000, 12000, 'Elder Kuruti - Chain Lightning'),
(1819701, 5, 11986, 0, -1, 201, 0, 100, 1, 0, 5000, 9000, 15000, 'Elder Kuruti - Healing Wave - Missing 50% including self'),
-- ('2027002','20270','2','0','100','1025','50','0','21500','21500','0','0','28','0','35200','0','11','16561','0','0','0','0','0','0','Feralfen Druid - Remove Roc Form (Shapeshift) and Cast Regrowth at 50% HP'),
(2027001, 3, 16561, 0, -1, 201, 0, 100, 1, 0, 10000, 15000, 30000, 'Feralfen Druid - Regrowth - Missing 50% including self');

-- Bonus:

-- Sporeggar Preserver 18139 - Village Group Patrol
UPDATE `creature` SET `MovementType` = 0, `spawndist`= 0 WHERE `id` = 18139 AND `guid` IN (64937,64938,64939);

SET @SGGUID := 24004; -- spawn_groups 24000 - 24999 - Zangarmarsh
DELETE FROM `spawn_group` WHERE `Id` = @SGGUID;
INSERT INTO `spawn_group` (`Id`, `Name`, `Type`, `MaxCount`, `WorldState`, `Flags`, `StringId`) VALUES
(@SGGUID, 'Zangarmarsh - Sporeggar Preserver (3)', 0, 0, 0, 0, 0);

DELETE FROM `spawn_group_spawn` WHERE `Id` = @SGGUID;
INSERT INTO `spawn_group_spawn` (`Id`, `Guid`, `SlotId`, `Chance`) VALUES
(@SGGUID, 64937, 0, 0), -- Sporeggar Preserver
(@SGGUID, 64938, 1, 0), -- Sporeggar Preserver
(@SGGUID, 64939, 2, 0); -- Sporeggar Preserver

DELETE FROM `spawn_group_formation` WHERE `Id` = @SGGUID;
INSERT INTO `spawn_group_formation` (`Id`, `FormationType`, `FormationSpread`, `FormationOptions`, `PathId`, `MovementType`, `Comment`) VALUES
(@SGGUID, 3, 2, 0, @SGGUID, 2, 'Zangarmarsh - Sporeggar Preserver (3)');

DELETE FROM `waypoint_path_name` WHERE `PathId` = @SGGUID;
INSERT INTO `waypoint_path_name` (`PathId`, `Name`) VALUES
(@SGGUID, 'Zangarmarsh - Sporeggar Preserver (3)');

-- Pathing for Sporeggar Preserver Entry: 18139
DELETE FROM `waypoint_path` WHERE `PathId` = @SGGUID;
INSERT INTO `waypoint_path` (`PathId`, `Point`, `PositionX`, `PositionY`, `PositionZ`, `Orientation`, `WaitTime`, `ScriptId`) VALUES
(@SGGUID, 1, 186.5630, 8456.50, 23.3592, 100, 0, 0),
(@SGGUID, 2, 202.8906, 8475.405, 23.9283, 100, 0, 0),
(@SGGUID, 3, 208.5572, 8489.823, 24.0533, 100, 0, 0),
(@SGGUID, 4, 212.9379, 8500.195, 24.27468, 100, 0, 0),
(@SGGUID, 5, 204.4212, 8511.43, 24.14968, 100, 0, 0),
(@SGGUID, 6, 201.9407, 8524.075, 23.89968, 100, 0, 0),
(@SGGUID, 7, 206.7404, 8531.83, 23.39968, 100, 0, 0),
(@SGGUID, 8, 215.6782, 8537.823, 23.23662, 100, 0, 0),
(@SGGUID, 9, 217.3894, 8552.271, 22.98662, 100, 0, 0),
(@SGGUID, 10, 215.6782, 8537.823, 23.23662, 100, 0, 0),
(@SGGUID, 11, 206.7404, 8531.83, 23.39968, 100, 0, 0),
(@SGGUID, 12, 201.9407, 8524.075, 23.89968, 100, 0, 0),
(@SGGUID, 13, 204.4212, 8511.43, 24.14968, 100, 0, 0),
(@SGGUID, 14, 212.9379, 8500.195, 24.27468, 100, 0, 0),
(@SGGUID, 15, 222.2379, 8500.938, 23.77468, 100, 0, 0),
(@SGGUID, 16, 229.5589, 8505.189, 23.52468, 100, 0, 0),
(@SGGUID, 17, 233.0238, 8511.864, 23.27468, 100, 0, 0),
(@SGGUID, 18, 232.6951, 8519.922, 22.89968, 100, 0, 0),
(@SGGUID, 19, 227.2308, 8529.314, 23.39968, 100, 0, 0),
(@SGGUID, 20, 227.2308, 8529.314, 23.39968, 100, 0, 0),
(@SGGUID, 21, 232.6951, 8519.922, 22.89968, 100, 0, 0),
(@SGGUID, 22, 233.0238, 8511.864, 23.27468, 100, 0, 0),
(@SGGUID, 23, 229.5589, 8505.189, 23.52468, 100, 0, 0),
(@SGGUID, 24, 222.2379, 8500.938, 23.77468, 100, 0, 0),
(@SGGUID, 25, 212.9379, 8500.195, 24.27468, 100, 0, 0),
(@SGGUID, 26, 208.5572, 8489.823, 24.0533, 100, 0, 0),
(@SGGUID, 27, 202.8906, 8475.405, 23.9283, 100, 0, 0);

UPDATE `creature` SET `id` = 0 WHERE `guid` = 1002377;
REPLACE INTO `creature_spawn_entry` (`guid`, `entry`) VALUES (1002377, 18086),(1002377, 18087); -- Darkcrest Taskmaster, Darkcrest Siren

UPDATE `creature` SET `id` = 0 WHERE `guid` = 63983;
REPLACE INTO `creature_spawn_entry` (`guid`, `entry`) VALUES (63983, 18088),(63983, 18089); -- Bloodscale Enchantress, Bloodscale Slavedriver

UPDATE `creature` SET `id` = 0 WHERE `guid` = 63984;
REPLACE INTO `creature_spawn_entry` (`guid`, `entry`) VALUES (63984, 18088),(63984, 18089); -- Bloodscale Enchantress, Bloodscale Slavedriver

UPDATE `creature` SET `id` = 0 WHERE `guid` = 63986;
REPLACE INTO `creature_spawn_entry` (`guid`, `entry`) VALUES (63986, 18088),(63986, 18089); -- Bloodscale Enchantress, Bloodscale Slavedriver

UPDATE `creature` SET `id` = 0 WHERE `guid` = 63993;
REPLACE INTO `creature_spawn_entry` (`guid`, `entry`) VALUES (63993, 18088),(63993, 18089); -- Bloodscale Enchantress, Bloodscale Slavedriver

UPDATE `creature` SET `id` = 0 WHERE `guid` = 63994;
REPLACE INTO `creature_spawn_entry` (`guid`, `entry`) VALUES (63994, 18088),(63994, 18089); -- Bloodscale Enchantress, Bloodscale Slavedriver

UPDATE `creature` SET `id` = 0 WHERE `guid` = 63995;
REPLACE INTO `creature_spawn_entry` (`guid`, `entry`) VALUES (63995, 18088),(63995, 18089); -- Bloodscale Enchantress, Bloodscale Slavedriver

UPDATE `creature` SET `id` = 0 WHERE `guid` = 63996;
REPLACE INTO `creature_spawn_entry` (`guid`, `entry`) VALUES (63996, 18088),(63996, 18089); -- Bloodscale Enchantress, Bloodscale Slavedriver

UPDATE `creature` SET `id` = 0 WHERE `guid` = 64002;
REPLACE INTO `creature_spawn_entry` (`guid`, `entry`) VALUES (64002, 18088),(64002, 18089); -- Bloodscale Enchantress, Bloodscale Slavedriver

UPDATE `creature` SET `id` = 0 WHERE `guid` = 64003;
REPLACE INTO `creature_spawn_entry` (`guid`, `entry`) VALUES (64003, 18088),(64003, 18089); -- Bloodscale Enchantress, Bloodscale Slavedriver

UPDATE `creature` SET `id` = 0 WHERE `guid` = 64004;
REPLACE INTO `creature_spawn_entry` (`guid`, `entry`) VALUES (64004, 18088),(64004, 18089); -- Bloodscale Enchantress, Bloodscale Slavedriver

UPDATE `creature` SET `id` = 0 WHERE `guid` = 64006;
REPLACE INTO `creature_spawn_entry` (`guid`, `entry`) VALUES (64006, 18088),(64006, 18089); -- Bloodscale Enchantress, Bloodscale Slavedriver

UPDATE `creature` SET `id` = 0 WHERE `guid` = 64008;
REPLACE INTO `creature_spawn_entry` (`guid`, `entry`) VALUES (64008, 18088),(64008, 18089); -- Bloodscale Enchantress, Bloodscale Slavedriver

UPDATE `creature` SET `id` = 0 WHERE `guid` = 64009;
REPLACE INTO `creature_spawn_entry` (`guid`, `entry`) VALUES (64009, 18088),(64009, 18089); -- Bloodscale Enchantress, Bloodscale Slavedriver

UPDATE `creature` SET `id` = 0 WHERE `guid` = 64011;
REPLACE INTO `creature_spawn_entry` (`guid`, `entry`) VALUES (64011, 18088),(64011, 18089); -- Bloodscale Enchantress, Bloodscale Slavedriver

UPDATE `creature` SET `id` = 0 WHERE `guid` = 64012;
REPLACE INTO `creature_spawn_entry` (`guid`, `entry`) VALUES (64012, 18088),(64012, 18089); -- Bloodscale Enchantress, Bloodscale Slavedriver

UPDATE `creature` SET `id` = 0 WHERE `guid` = 64013;
REPLACE INTO `creature_spawn_entry` (`guid`, `entry`) VALUES (64013, 18088),(64013, 18089); -- Bloodscale Enchantress, Bloodscale Slavedriver

UPDATE `creature` SET `id` = 0 WHERE `guid` = 64014;
REPLACE INTO `creature_spawn_entry` (`guid`, `entry`) VALUES (64014, 18088),(64014, 18089); -- Bloodscale Enchantress, Bloodscale Slavedriver

UPDATE `creature` SET `id` = 0 WHERE `guid` = 64029;
REPLACE INTO `creature_spawn_entry` (`guid`, `entry`) VALUES (64029, 18088),(64029, 18089); -- Bloodscale Enchantress, Bloodscale Slavedriver

UPDATE `creature` SET `id` = 0 WHERE `guid` = 64030;
REPLACE INTO `creature_spawn_entry` (`guid`, `entry`) VALUES (64030, 18088),(64030, 18089); -- Bloodscale Enchantress, Bloodscale Slavedriver

UPDATE `creature` SET `id` = 0 WHERE `guid` = 64031;
REPLACE INTO `creature_spawn_entry` (`guid`, `entry`) VALUES (64031, 18088),(64031, 18089); -- Bloodscale Enchantress, Bloodscale Slavedriver

UPDATE `creature` SET `id` = 0 WHERE `guid` = 64033;
REPLACE INTO `creature_spawn_entry` (`guid`, `entry`) VALUES (64033, 18088),(64033, 18089); -- Bloodscale Enchantress, Bloodscale Slavedriver

UPDATE `creature` SET `id` = 0 WHERE `guid` = 64036;
REPLACE INTO `creature_spawn_entry` (`guid`, `entry`) VALUES (64036, 18088),(64036, 18089); -- Bloodscale Enchantress, Bloodscale Slavedriver

UPDATE `creature` SET `id` = 0 WHERE `guid` = 64038;
REPLACE INTO `creature_spawn_entry` (`guid`, `entry`) VALUES (64038, 18088),(64038, 18089); -- Bloodscale Enchantress, Bloodscale Slavedriver

UPDATE `creature` SET `id` = 0 WHERE `guid` = 64040;
REPLACE INTO `creature_spawn_entry` (`guid`, `entry`) VALUES (64040, 18088),(64040, 18089); -- Bloodscale Enchantress, Bloodscale Slavedriver

UPDATE `creature` SET `id` = 0 WHERE `guid` = 64041;
REPLACE INTO `creature_spawn_entry` (`guid`, `entry`) VALUES (64041, 18088),(64041, 18089); -- Bloodscale Enchantress, Bloodscale Slavedriver

UPDATE `creature` SET `id` = 0 WHERE `guid` = 64042;
REPLACE INTO `creature_spawn_entry` (`guid`, `entry`) VALUES (64042, 18088),(64042, 18089); -- Bloodscale Enchantress, Bloodscale Slavedriver

UPDATE `creature` SET `id` = 0 WHERE `guid` = 64043;
REPLACE INTO `creature_spawn_entry` (`guid`, `entry`) VALUES (64043, 18088),(64043, 18089); -- Bloodscale Enchantress, Bloodscale Slavedriver

UPDATE `creature` SET `id` = 0 WHERE `guid` = 64044;
REPLACE INTO `creature_spawn_entry` (`guid`, `entry`) VALUES (64044, 18088),(64044, 18089); -- Bloodscale Enchantress, Bloodscale Slavedriver

UPDATE `creature` SET `id` = 0 WHERE `guid` = 1002500;
REPLACE INTO `creature_spawn_entry` (`guid`, `entry`) VALUES (1002500, 18088),(1002500, 18089); -- Darkcrest Taskmaster, Darkcrest Siren

-- Pathing for Ango'rosh Shaman Entry: 18118
SET @GUID := 64212;
UPDATE `creature` SET `spawndist`=0, `movementtype`=4 WHERE `guid`=@GUID;
DELETE FROM `creature_movement` WHERE `id`=@GUID;
INSERT INTO `creature_movement` (`id`,`point`,`positionx`,`positiony`,`positionz`,`orientation`,`waittime`,`scriptid`) VALUES
(@GUID, 1, 805.797, 7933.779, 23.49600, 100, 0, 0), -- current spawn - incomplete path
(@GUID, 2, 838.348, 7922.768, 22.14445, 100, 0, 0),
(@GUID, 3, 857.5333, 7925.284, 23.77494, 100, 0, 0),
(@GUID, 4, 867.3912, 7935.482, 22.34954, 100, 0, 0),
(@GUID, 5, 865.9066, 7951.682, 23.37043, 100, 0, 0),
(@GUID, 6, 844.1472, 7971.989, 23.49796, 100, 0, 0);
-- Full: 0x203AF0424011B180006D8C0000189BD0 | Low: 1612752
-- .go xyz 838.348 7922.768 22.14445

-- Pathing for Gurgle Entry: 18150
SET @GUID := 64954;
UPDATE `creature` SET `spawndist`=4, `movementtype`=1, `position_x`=294.027, `position_y`=7828.279, `position_z`=24.93297 WHERE `guid`=@GUID; -- still not is_spawn, but better
DELETE FROM `creature_movement` WHERE `id`=@GUID;
-- Full: 0x203AF0424011B980006D8C0000160000 | Low: 1441792
-- .go xyz 294.4265 7828.786 24.93297

-- Pathing for Gargle Entry: 18151
SET @GUID := 64955;
UPDATE `creature` SET `spawndist`=4, `movementtype`=1, `position_x`=292.013, `position_y`=7827.189, `position_z`=24.93297 WHERE `guid`=@GUID; -- still not is_spawn, but better
DELETE FROM `creature_movement` WHERE `id`=@GUID;
-- Full: 0x203AF0424011B9C0006D8C0000160000 | Low: 1441792
-- .go xyz 292.8992 7827.437 24.93297

-- https://www.wowhead.com/tbc/item=24238/mushroom-sample - https://www.wowhead.com/tbc/item=24238/mushroom-sample#videos:id=211697 30 Kills, 15 Items, maybe even lower but that's fine for now
UPDATE `creature_loot_template` SET `ChanceOrQuestChance` = -50 WHERE `entry` IN (18117,18118,18159,20443) AND `item` = 24238; -- -80

-- https://www.wowhead.com/tbc/quest=9823/us-or-them#videos:id=210925
UPDATE `pool_creature` SET `Chance` = 40 WHERE `description` LIKE '%Ango''rosh Souleater%'; -- lower chance than Ango'rosh Mauler
UPDATE `pool_creature` SET `Chance` = 0 WHERE `description` LIKE '%Ango''rosh Mauler%';
UPDATE `creature_template_addon` SET `auras` = NULL WHERE `entry` = 18121; -- see video 6:00 does not spawn with aura, casts it after a few secs

UPDATE `creature_template_spells` SET `spell1` = 35230, `spell2` = 13445 WHERE `entry` = 18140; -- 35229, 36991

UPDATE `creature_template` SET `ExtraFlags` = `ExtraFlags`|1048576 WHERE `entry` = 18136; -- Marsh Lurker
UPDATE `creature_template` SET `ExtraFlags` = `ExtraFlags`|1048576 WHERE `entry` = 18137; -- Marsh Dredger

UPDATE `creature_template_addon` SET `auras` = '6961' WHERE `entry` = 18340; -- wrong s.7095 befor

UPDATE `creature_template_spells` SET `spell1` = 20297, `spell2` = 11831, `spell3` = 39207, `spell4` = 33860 WHERE `entry` = 18140; -- 36990, 11831, 39207, 46457

-- https://www.wowhead.com/tbc/item=24497/feralfen-protection-totem#comments - maybe even lower (~30%?) but that's fine for now
UPDATE `creature_loot_template` SET `ChanceOrQuestChance` = -50 WHERE `entry` IN (18113,18114,20270) AND `item` = 24497; -- -80

DELETE FROM `game_event_creature` WHERE `guid` = 3248;
DELETE FROM `creature` WHERE `guid` = 3248 AND `id` = 22823; -- Hch'uu
DELETE FROM `game_event_creature` WHERE `guid` = 109736;
DELETE FROM `creature` WHERE `guid` = 109736 AND `id` = 22829; -- Outland Children's Week Sporeggar Trigger
UPDATE `creature_template` SET `GossipMenuId` = 8562 WHERE `entry` = 22823; -- https://www.wowhead.com/tbc/npc=22823/hchuu
REPLACE INTO `gossip_menu` (`entry`, `Text_ID`) VALUES (8562, 10730); -- thx @TrinityCore

UPDATE `creature_template` SET `InhabitType` = 4 WHERE `entry` = 22085; -- Sporeggar Sporebat (Air Defense)

UPDATE `creature` SET `position_x` = 596.02,  `position_y` = 8477.01,  `position_z` = 20.3602 WHERE `guid` = 72172 AND `id` = 20294; -- Bogstrok Razorclaw

UPDATE `creature` SET `spawndist` = 10, `MovementType` = 1 WHERE `guid` IN (64509,64517,64545,64551,64553) AND `id` = 18129;

-- Call Slave 34726
REPLACE INTO `spell_script_target` (`entry`, `type`, `targetEntry`) VALUES
(34726, 1, 18122),
(34726, 1, 18123);

UPDATE `creature_template` SET `MovementType` = 0 WHERE `entry` = 20710; -- need to follow as per linking_template

UPDATE `creature` SET `id` = 0 WHERE `guid` = 18944; -- 2914,13321
REPLACE INTO `creature_spawn_entry` VALUES (18944, 2914),(18944,13321);

UPDATE `creature` SET `id` = 0 WHERE `guid` = 18945; -- 2914,13321
REPLACE INTO `creature_spawn_entry` VALUES (18945, 2914),(18945,13321);

UPDATE `creature` SET `id` = 0 WHERE `guid` = 18949; -- 2914,13321
REPLACE INTO `creature_spawn_entry` VALUES (18949, 2914),(18949,13321);

UPDATE `creature` SET `id` = 0 WHERE `guid` = 18958; -- 2914,13321
REPLACE INTO `creature_spawn_entry` VALUES (18958, 2914),(18958,13321);

UPDATE `creature` SET `id` = 0 WHERE `guid` = 18960; -- 2914,13321
REPLACE INTO `creature_spawn_entry` VALUES (18960, 2914),(18960,13321);

UPDATE `creature` SET `id` = 0 WHERE `guid` = 18961; -- 2914,13321
REPLACE INTO `creature_spawn_entry` VALUES (18961, 2914),(18961,13321);

UPDATE `creature` SET `id` = 0 WHERE `guid` = 18962; -- 2914,13321
REPLACE INTO `creature_spawn_entry` VALUES (18962, 2914),(18962,13321);

UPDATE `creature` SET `id` = 0 WHERE `guid` = 18963; -- 2914,13321
REPLACE INTO `creature_spawn_entry` VALUES (18963, 2914),(18963,13321);

UPDATE `creature` SET `id` = 0 WHERE `guid` = 53536; -- 2914,13321
REPLACE INTO `creature_spawn_entry` VALUES (53536, 2914),(53536,13321);

UPDATE `creature` SET `id` = 0 WHERE `guid` = 53537; -- 2914,13321
REPLACE INTO `creature_spawn_entry` VALUES (53537, 2914),(53537,13321);

UPDATE `creature` SET `id` = 0 WHERE `guid` = 53538; -- 2914,13321
REPLACE INTO `creature_spawn_entry` VALUES (53538, 2914),(53538,13321);

UPDATE `creature` SET `id` = 0 WHERE `guid` = 53545; -- 2914,13321
REPLACE INTO `creature_spawn_entry` VALUES (53545, 2914),(53545,13321);

UPDATE `creature` SET `id` = 0 WHERE `guid` = 53547; -- 2914,13321
REPLACE INTO `creature_spawn_entry` VALUES (53547, 2914),(53547,13321);

UPDATE `creature` SET `id` = 0 WHERE `guid` = 53550; -- 2914,13321
DELETE FROM `creature` WHERE `guid` = 18956 AND `id` = 2914; -- duplicate
REPLACE INTO `creature_spawn_entry` VALUES (53550, 2914),(53550,13321);

UPDATE `creature` SET `id` = 0 WHERE `guid` = 53552; -- 2914,13321
REPLACE INTO `creature_spawn_entry` VALUES (53552, 2914),(53552,13321);

UPDATE `creature` SET `id` = 0 WHERE `guid` = 53553; -- 2914,13321
REPLACE INTO `creature_spawn_entry` VALUES (53553, 2914),(53553,13321);

UPDATE `creature` SET `id` = 0 WHERE `guid` = 53556; -- 2914,13321
REPLACE INTO `creature_spawn_entry` VALUES (53556, 2914),(53556,13321);

UPDATE `creature` SET `id` = 0 WHERE `guid` = 53557; -- 2914,13321
REPLACE INTO `creature_spawn_entry` VALUES (53557, 2914),(53557,13321);

UPDATE `creature` SET `id` = 0 WHERE `guid` = 53559; -- 2914,13321
REPLACE INTO `creature_spawn_entry` VALUES (53559, 2914),(53559,13321);

-- Area: 3656 (Marshlight Lake)
SET @CGUID := 5305362;
INSERT INTO `creature` (`guid`, `id`, `map`, `position_x`, `position_y`, `position_z`, `orientation`, `spawntimesecsmin`, `spawntimesecsmax`, `spawndist`, `MovementType`) VALUES
-- Island North of Terrorclaw (Dead Bogstroks / Nagas) - 536904448
(@CGUID := @CGUID + 0, 20294, 530, 482.382, 8417.67, 21.728, 3.52557, 300, 300, 0, 0), -- 20294,20295
(@CGUID := @CGUID + 1, 20294, 530, 503.036, 8437.7, 21.9634, 1.29154, 300, 300, 0, 0), -- 20294,20295
(@CGUID := @CGUID + 1, 20294, 530, 511.926, 8385.07, 21.4222, 0.855211, 300, 300, 0, 0), -- 20294,20295
(@CGUID := @CGUID + 1, 20294, 530, 547.93, 8417.75, 22.3146, 0.0349066, 300, 300, 0, 0), -- 20294,20295
(@CGUID := @CGUID + 1, 20294, 530, 561.453, 8388.33, 18.9559, 5.60251, 300, 300, 0, 0), -- 20294,20295
(@CGUID := @CGUID + 1, 18088, 530, 478.507, 8412.07, 22.1953, 0.834931, 300, 300, 5, 1), -- 18088,18089
(@CGUID := @CGUID + 1, 18088, 530, 490.197, 8441.99, 21.2195, 2.24615, 300, 300, 5, 1), -- 18088,18089
(@CGUID := @CGUID + 1, 18089, 530, 512.422, 8437.98, 19.6467, 3.53042, 300, 300, 5, 1), -- 18088,18089
(@CGUID := @CGUID + 1, 18089, 530, 547.08, 8388.04, 21.7751, 3.86759, 300, 300, 5, 1), -- 18088,18089
(@CGUID := @CGUID + 1, 18089, 530, 553.953, 8419.67, 22.4277, 4.18185, 300, 300, 5, 1), -- 18088,18089
-- Hch'uu & Trigger (seemingly perma spawned)
(@CGUID := @CGUID + 1, 22823, 530, 214.669, 8505.75, 24.3136, 4.2586, 300, 300, 0, 0),
(@CGUID := @CGUID + 1, 22829, 530, 214.737, 8506.04, 24.3274, 3.89208, 300, 300, 0, 0),
-- Terrorclaw Island (Missing Bogstroks)
(@CGUID := @CGUID + 1, 20295, 530, 405.853, 8330.88, 24.1586, 1.02234, 300, 300, 3, 1),
(@CGUID := @CGUID + 1, 20294, 530, 418.873, 8344.74, 22.6277, 2.79975, 300, 300, 3, 1),
(@CGUID := @CGUID + 1, 20295, 530, 423.349, 8376.36, 21.3135, 1.56494, 300, 300, 3, 1),
(@CGUID := @CGUID + 1, 20294, 530, 406.208, 8379.91, 22.3039, 1.01261, 300, 300, 3, 1),
(@CGUID := @CGUID + 1, 20295, 530, 376.876, 8361.79, 18.3949, 3.64367, 300, 300, 3, 1),
(@CGUID := @CGUID + 1, 20294, 530, 377.84, 8345.78, 21.9729, 2.21271, 300, 300, 3, 1),
-- Marshlight Lake Spawns - 5305380+
(@CGUID := @CGUID + 1, 13321, 530, 318.536, 8143.43, 20.5015, 5.74176, 300, 300, 10, 1), -- 2914,13321
(@CGUID := @CGUID + 1, 13321, 530, 362.347, 8112.31, 19.373, 2.57989, 300, 300, 10, 1), -- 2914,13321
(@CGUID := @CGUID + 1, 13321, 530, 416.8, 8179.84, 19.0839, 3.69874, 300, 300, 10, 1), -- 2914,13321
(@CGUID := @CGUID + 1, 2914, 530, 492.259, 8732.17, 17.938, 0.220362, 300, 300, 10, 1), -- 2914,13321

(@CGUID := @CGUID + 1, 20295, 530, 238.294, 8328.31, 3.15396, 0.388483, 300, 300, 10, 1),
(@CGUID := @CGUID + 1, 20295, 530, 263.595, 8299.92, 0.897993, 0.529575, 300, 300, 10, 1),
(@CGUID := @CGUID + 1, 20295, 530, 284.673, 8284.6, -2.2176, 1.62554, 300, 300, 10, 1),
(@CGUID := @CGUID + 1, 20295, 530, 322.454, 8334.4, -18.6314, 2.14185, 300, 300, 10, 1),
(@CGUID := @CGUID + 1, 20295, 530, 321.628, 8291.99, -3.05169, 3.28561, 300, 300, 10, 1),
(@CGUID := @CGUID + 1, 20295, 530, 330.8, 8425.77, -8.78665, 3.69005, 300, 300, 10, 1),
(@CGUID := @CGUID + 1, 20295, 530, 379.894, 8287.56, 3.30369, 5.38011, 300, 300, 10, 1),
(@CGUID := @CGUID + 1, 20295, 530, 429.107, 8448.66, -18.7946, 2.1848, 300, 300, 10, 1),
(@CGUID := @CGUID + 1, 20295, 530, 463.829, 8530.92, -1.09782, 2.29497, 300, 300, 10, 1),
(@CGUID := @CGUID + 1, 20295, 530, 529.147, 8567.88, 0.262845, 0.805287, 300, 300, 10, 1),
(@CGUID := @CGUID + 1, 20295, 530, 461.218, 8396.12, 9.17568, 0.760541, 300, 300, 10, 1),
-- 5305395+
(@CGUID := @CGUID + 1, 18089, 530, 310.126, 8218.67, 6.55403, 0.723614, 300, 300, 5, 1), -- 18088,18089
(@CGUID := @CGUID + 1, 18088, 530, 359.075, 8243.69, 0.19361, 2.22218, 300, 300, 5, 1),
(@CGUID := @CGUID + 1, 18088, 530, 383.142, 8220.12, 1.28425, 2.45074, 300, 300, 5, 1),
(@CGUID := @CGUID + 1, 18089, 530, 413.184, 8253.54, -0.0756521, 1.80139, 300, 300, 5, 1),
(@CGUID := @CGUID + 1, 18089, 530, 450.726, 8292.84, -2.87728, 5.25178, 300, 300, 5, 1),
(@CGUID := @CGUID + 1, 18088, 530, 377.896, 8154.99, 22.6499, 2.80228, 300, 300, 5, 1),
(@CGUID := @CGUID + 1, 18088, 530, 408.838, 8181.65, 17.8759, 0.93726, 300, 300, 5, 1),
(@CGUID := @CGUID + 1, 18089, 530, 647.507, 8288.42, -1.36123, 2.28552, 300, 300, 5, 1), -- 18088,18089

(@CGUID := @CGUID + 1, 18123, 530, 358.55, 8083.7, 21.8369, 5.27089, 300, 300, 0, 0),
(@CGUID := @CGUID + 1, 18123, 530, 362.583, 8083.65, 21.3051, 4.32842, 300, 300, 0, 0),
(@CGUID := @CGUID + 1, 18123, 530, 652.31, 8255.93, 21.3782, 4.72984, 300, 300, 0, 0),
(@CGUID := @CGUID + 1, 18123, 530, 654.973, 8255.78, 21.7984, 4.2586, 300, 300, 0, 0),
(@CGUID := @CGUID + 1, 18123, 530, 694.568, 8147.54, 24.9181, 3.9619, 300, 300, 0, 0),
(@CGUID := @CGUID + 1, 18123, 530, 694.864, 8143.58, 24.8968, 2.6529, 300, 300, 0, 0),
-- 33587200 + no emote - 5305409
(@CGUID := @CGUID + 1, 18123, 530, 378.469, 8156.81, 11.4445, 2.79136, 300, 300, 3, 1),
(@CGUID := @CGUID + 1, 18123, 530, 378.08, 8151.38, 11.4378, 5.0029, 300, 300, 3, 1),
(@CGUID := @CGUID + 1, 18123, 530, 381.444, 8153.1, 11.4697, 3.10025, 300, 300, 3, 1),
(@CGUID := @CGUID + 1, 18123, 530, 564.312, 8174.06, 23.9863, 4.2586, 300, 300, 0, 0), -- d.64364
(@CGUID := @CGUID + 1, 18123, 530, 520, 8404.47, 21.0459, 4.79966, 300, 300, 0, 0),
-- 33554432
(@CGUID := @CGUID + 1, 19733, 530, 383.484, 8178.94, 22.9498, 4.08407, 300, 300, 0, 0),

(@CGUID := @CGUID + 1, 18129, 530, 537.898, 8712.11, 22.3711, 2.97003, 300, 300, 0, 0),
(@CGUID := @CGUID + 1, 18133, 530, 487.364, 8680.97, 22.6062, 3.90432, 300, 300, 0, 0),
(@CGUID := @CGUID + 1, 18133, 530, 517.725, 8670.09, 22.3371, 3.3321, 300, 300, 0, 0);

SET @CGUID := 5305362;
REPLACE INTO `creature_addon` (`guid`, `auras`) VALUES
(@CGUID := @CGUID + 0, '31261'),
(@CGUID := @CGUID + 1, '31261'),
(@CGUID := @CGUID + 1, '31261'),
(@CGUID := @CGUID + 1, '31261'),
(@CGUID := @CGUID + 1, '31261');

SET @CGUID := 5305362;
REPLACE INTO `creature_spawn_data` (`guid`, `id`) VALUES -- GENERIC - UnitFlags = 33554432 UNIT_FLAG_NOT_SELECTABLE - DO NOT EDIT
(@CGUID := @CGUID + 0, 21),
(@CGUID := @CGUID + 1, 21),
(@CGUID := @CGUID + 1, 21),
(@CGUID := @CGUID + 1, 21),
(@CGUID := @CGUID + 1, 21);

UPDATE `creature` SET `id` = 0 WHERE `guid` = 5305367; -- 18088,18089
REPLACE INTO `creature_spawn_entry` VALUES (5305367, 18088),(5305367,18089);

UPDATE `creature` SET `id` = 0 WHERE `guid` = 5305368; -- 18088,18089
REPLACE INTO `creature_spawn_entry` VALUES (5305368, 18088),(5305368,18089);

UPDATE `creature` SET `id` = 0 WHERE `guid` = 5305369; -- 18088,18089
REPLACE INTO `creature_spawn_entry` VALUES (5305369, 18088),(5305369,18089);

UPDATE `creature` SET `id` = 0 WHERE `guid` = 5305370; -- 18088,18089
REPLACE INTO `creature_spawn_entry` VALUES (5305370, 18088),(5305370,18089);

UPDATE `creature` SET `id` = 0 WHERE `guid` = 5305371; -- 18088,18089
REPLACE INTO `creature_spawn_entry` VALUES (5305371, 18088),(5305371,18089);

UPDATE `creature` SET `id` = 0 WHERE `guid` = 5305380; -- 2914,13321
REPLACE INTO `creature_spawn_entry` VALUES (5305380, 2914),(5305380,13321);

UPDATE `creature` SET `id` = 0 WHERE `guid` = 5305381; -- 2914,13321
REPLACE INTO `creature_spawn_entry` VALUES (5305381, 2914),(5305381,13321);

UPDATE `creature` SET `id` = 0 WHERE `guid` = 5305382; -- 2914,13321
REPLACE INTO `creature_spawn_entry` VALUES (5305382, 2914),(5305382,13321);

UPDATE `creature` SET `id` = 0 WHERE `guid` = 5305383; -- 2914,13321
REPLACE INTO `creature_spawn_entry` VALUES (5305383, 2914),(5305383,13321);

UPDATE `creature` SET `id` = 0 WHERE `guid` = 5305395; -- 18088,18089
REPLACE INTO `creature_spawn_entry` VALUES (5305395, 18088),(5305395,18089);

UPDATE `creature` SET `id` = 0 WHERE `guid` = 5305396; -- 18088,18089
REPLACE INTO `creature_spawn_entry` VALUES (5305396, 18088),(5305396,18089);

UPDATE `creature` SET `id` = 0 WHERE `guid` = 5305397; -- 18088,18089
REPLACE INTO `creature_spawn_entry` VALUES (5305397, 18088),(5305397,18089);

UPDATE `creature` SET `id` = 0 WHERE `guid` = 5305398; -- 18088,18089
REPLACE INTO `creature_spawn_entry` VALUES (5305398, 18088),(5305398,18089);

UPDATE `creature` SET `id` = 0 WHERE `guid` = 5305399; -- 18088,18089
REPLACE INTO `creature_spawn_entry` VALUES (5305399, 18088),(5305399,18089);

UPDATE `creature` SET `id` = 0 WHERE `guid` = 5305400; -- 18088,18089
REPLACE INTO `creature_spawn_entry` VALUES (5305400, 18088),(5305400,18089);

UPDATE `creature` SET `id` = 0 WHERE `guid` = 5305401; -- 18088,18089
REPLACE INTO `creature_spawn_entry` VALUES (5305401, 18088),(5305401,18089);

UPDATE `creature` SET `id` = 0 WHERE `guid` = 5305402; -- 18088,18089
REPLACE INTO `creature_spawn_entry` VALUES (5305402, 18088),(5305402,18089);

SET @CGUID := 5305409;
REPLACE INTO `creature_spawn_data` (`guid`, `id`) VALUES -- GENERIC - UnitFlags = 33554432 UNIT_FLAG_NOT_SELECTABLE - DO NOT EDIT
(@CGUID := @CGUID + 0, 21),
(@CGUID := @CGUID + 1, 21),
(@CGUID := @CGUID + 1, 21),
(@CGUID := @CGUID + 1, 21),
(@CGUID := @CGUID + 1, 21),
(@CGUID := @CGUID + 1, 21);

SET @CGUID := 5305409;
REPLACE INTO `creature_addon` (`guid`, `sheath_state`, `emote`) VALUES
(@CGUID := @CGUID + 0, 1, 0),
(@CGUID := @CGUID + 1, 1, 0),
(@CGUID := @CGUID + 1, 1, 0),
(@CGUID := @CGUID + 1, 1, 0),
(@CGUID := @CGUID + 1, 1, 0),
(@CGUID := @CGUID + 1, 1, 0);

DELETE FROM `creature_addon` WHERE `guid` = 64364;
DELETE FROM `creature` WHERE `guid` = 64364 AND `id` = 18123;

-- Cenarion Expedition - Zangarmarsh Rep Farm
-- 3 https://www.wowhead.com/tbc/npc=18123/wrekt-slave
UPDATE `creature_onkill_reputation` SET `RewOnKillRepValue1` = 3 WHERE `creature_id` = 18123; -- 15
-- 7 https://www.wowhead.com/tbc/npc=20477/terrorclaw
REPLACE INTO `creature_onkill_reputation` (`creature_id`, `RewOnKillRepFaction1`, `MaxStanding1`, `RewOnKillRepValue1`) VALUES (20477, 942, 5, 7);
-- 5 https://www.wowhead.com/tbc/npc=18340/steam-pump-overseer
UPDATE `creature_onkill_reputation` SET `RewOnKillRepValue1` = 5 WHERE `creature_id` = 18340; -- 5
-- 10 https://www.wowhead.com/tbc/npc=18044/rajis-fyashe
REPLACE INTO `creature_onkill_reputation` (`creature_id`, `RewOnKillRepFaction1`, `MaxStanding1`, `RewOnKillRepValue1`) VALUES (18044, 942, 3, 10);
-- 10 https://www.wowhead.com/tbc/npc=18046/rajah-haghazed
REPLACE INTO `creature_onkill_reputation` (`creature_id`, `RewOnKillRepFaction1`, `MaxStanding1`, `RewOnKillRepValue1`) VALUES (18046, 942, 3, 10);
-- 3 https://www.wowhead.com/tbc/npc=18122/dreghood-drudge
UPDATE `creature_onkill_reputation` SET `RewOnKillRepValue1` = 3 WHERE `creature_id` = 18122; -- 15
-- 5 https://www.wowhead.com/tbc/npc=18086/darkcrest-taskmaster
UPDATE `creature_onkill_reputation` SET `RewOnKillRepValue1` = 5 WHERE `creature_id` = 18086; -- 25
-- 5 https://www.wowhead.com/tbc/npc=19947/darkcrest-sorceress
UPDATE `creature_onkill_reputation` SET `RewOnKillRepValue1` = 5 WHERE `creature_id` = 19947; -- 25
-- 5 https://www.wowhead.com/tbc/npc=19946/darkcrest-slaver
UPDATE `creature_onkill_reputation` SET `RewOnKillRepValue1` = 5 WHERE `creature_id` = 19946; -- 25
-- 5 https://www.wowhead.com/tbc/npc=18087/darkcrest-siren
UPDATE `creature_onkill_reputation` SET `RewOnKillRepValue1` = 5 WHERE `creature_id` = 18087; -- 25
-- 5 https://www.wowhead.com/tbc/npc=20089/bloodscale-wavecaller
UPDATE `creature_onkill_reputation` SET `RewOnKillRepValue1` = 5 WHERE `creature_id` = 20089; -- 25
-- 5 https://www.wowhead.com/tbc/npc=18089/bloodscale-slavedriver
UPDATE `creature_onkill_reputation` SET `RewOnKillRepValue1` = 5 WHERE `creature_id` = 18089; -- 25
-- 5 https://www.wowhead.com/tbc/npc=20088/bloodscale-overseer
UPDATE `creature_onkill_reputation` SET `RewOnKillRepValue1` = 5 WHERE `creature_id` = 20088; -- 25
-- 5 https://www.wowhead.com/tbc/npc=18088/bloodscale-enchantress
UPDATE `creature_onkill_reputation` SET `RewOnKillRepValue1` = 5 WHERE `creature_id` = 18088; -- 25

-- Sporeggar - Zangarmarsh Rep Farm
-- 15 https://www.wowhead.com/tbc/npc=18124/withered-giant
UPDATE `creature_onkill_reputation` SET `RewOnKillRepValue1` = 15 WHERE `creature_id` = 18124;
-- 15 https://www.wowhead.com/tbc/npc=19402/withered-bog-lord
UPDATE `creature_onkill_reputation` SET `RewOnKillRepValue1` = 15 WHERE `creature_id` = 19402;
-- 15 https://www.wowhead.com/tbc/npc=20479/unstable-shroom
REPLACE INTO `creature_onkill_reputation` (`creature_id`, `RewOnKillRepFaction1`, `MaxStanding1`, `RewOnKillRepValue1`) VALUES (20479, 970, 5, 15);
-- 15 https://www.wowhead.com/tbc/npc=18125/starving-fungal-giant
UPDATE `creature_onkill_reputation` SET `RewOnKillRepValue1` = 15 WHERE `creature_id` = 18125;
-- 15 https://www.wowhead.com/tbc/npc=19519/starving-bog-lord
UPDATE `creature_onkill_reputation` SET `RewOnKillRepValue1` = 15 WHERE `creature_id` = 19519;
-- 15 https://www.wowhead.com/tbc/npc=20324/parched-hydra
REPLACE INTO `creature_onkill_reputation` (`creature_id`, `RewOnKillRepFaction1`, `MaxStanding1`, `RewOnKillRepValue1`) VALUES (20324, 970, 2, 15);
-- 15 https://www.wowhead.com/tbc/npc=18136/marsh-lurker
REPLACE INTO `creature_onkill_reputation` (`creature_id`, `RewOnKillRepFaction1`, `MaxStanding1`, `RewOnKillRepValue1`) VALUES (18136, 970, 7, 15);
-- 15 https://www.wowhead.com/tbc/npc=18137/marsh-dredger
REPLACE INTO `creature_onkill_reputation` (`creature_id`, `RewOnKillRepFaction1`, `MaxStanding1`, `RewOnKillRepValue1`) VALUES (18137, 970, 7, 15);
-- 15 https://www.wowhead.com/tbc/npc=18282/lord-klaq
REPLACE INTO `creature_onkill_reputation` (`creature_id`, `RewOnKillRepFaction1`, `MaxStanding1`, `RewOnKillRepValue1`) VALUES (18282, 970, 7, 15);
-- 15 https://www.wowhead.com/tbc/npc=19734/fungal-giant
UPDATE `creature_onkill_reputation` SET `RewOnKillRepValue1` = 15 WHERE `creature_id` = 19734;
-- 15 https://www.wowhead.com/tbc/npc=18127/bog-lord
UPDATE `creature_onkill_reputation` SET `RewOnKillRepValue1` = 15 WHERE `creature_id` = 18127;

