-- Based on https://github.com/vmangos/core/commit/f81e78c8c58831459ef338c918c87fe9a1acf3e0
-- Ashenvale - creature_spawn_entry

-- https://classic.wowhead.com/npc=12474/emeraldon-boughguard
-- https://classic.wowhead.com/npc=12475/emeraldon-tree-warder
-- https://classic.wowhead.com/npc=12476/emeraldon-oracle - good subjects for spawn_groups
REPLACE INTO `creature_spawn_entry` (`guid`, `entry`) SELECT `guid`, 12474 FROM `creature` WHERE `id` IN (12474,12475,12476) AND `guid` IN (33208,33209,33210,33211,33212,33213,33214,33215,33226,33227,33228,33229,33230,33231,33240,33241,33242,33243,33244,33245,33246); -- 
REPLACE INTO `creature_spawn_entry` (`guid`, `entry`) SELECT `guid`, 12475 FROM `creature` WHERE `id` IN (12474,12475,12476) AND `guid` IN (33208,33209,33210,33211,33212,33213,33214,33215,33226,33227,33228,33229,33230,33231,33240,33241,33242,33243,33244,33245,33246); -- 
REPLACE INTO `creature_spawn_entry` (`guid`, `entry`) SELECT `guid`, 12476 FROM `creature` WHERE `id` IN (12474,12475,12476) AND `guid` IN (33208,33209,33210,33211,33212,33213,33214,33215,33226,33227,33228,33229,33230,33231,33240,33241,33242,33243,33244,33245,33246); -- 
UPDATE creature SET `id` = 0 WHERE `id` IN (12474,12475,12476) AND `guid` IN (33208,33209,33210,33211,33212,33213,33214,33215,33226,33227,33228,33229,33230,33231,33240,33241,33242,33243,33244,33245,33246);

-- https://classic.wowhead.com/npc=6073/searing-infernal
-- https://classic.wowhead.com/npc=6115/felguard
-- https://classic.wowhead.com/npc=11697/mannoroc-lasher
REPLACE INTO `creature_spawn_entry` (`guid`, `entry`) SELECT `guid`, 6073 FROM `creature` WHERE `id` IN (6073,6115,11697) AND `guid` IN (33137,33139,33140,33141,33146,33147,33189,33190,33191,33192,33193,33194,33195,33196,33197,33198,33199,33200,33201,33202,33203,33204,33205,33206,33207,34403,34404,34405,34406,34407,34408,34409,34410,34413); -- infernal
REPLACE INTO `creature_spawn_entry` (`guid`, `entry`) SELECT `guid`, 6115 FROM `creature` WHERE `id` IN (6073,6115,11697) AND `guid` IN (33137,33139,33140,33141,33146,33147,33189,33190,33191,33192,33193,33194,33195,33196,33197,33198,33199,33200,33201,33202,33203,33204,33205,33206,33207,34403,34404,34405,34406,34407,34408,34409,34410,34413); -- felguard
REPLACE INTO `creature_spawn_entry` (`guid`, `entry`) SELECT `guid`, 11697 FROM `creature` WHERE `id` IN (6073,6115,11697) AND `guid` IN (33137,33139,33140,33141,33146,33147,33189,33190,33191,33192,33193,33194,33195,33196,33197,33198,33199,33200,33201,33202,33203,33204,33205,33206,33207,34403,34404,34405,34406,34407,34408,34409,34410,34413); -- lasher
UPDATE creature SET `id` = 0 WHERE `id` IN (6073,6115,11697) AND `guid` IN (33137,33139,33140,33141,33146,33147,33189,33190,33191,33192,33193,33194,33195,33196,33197,33198,33199,33200,33201,33202,33203,33204,33205,33206,33207,34403,34404,34405,34406,34407,34408,34409,34410,34413);

-- https://classic.wowhead.com/npc=3758/felmusk-satyr
-- https://classic.wowhead.com/npc=3762/felmusk-felsworn
UPDATE `creature` SET `position_x` = 2553.15, `position_y` = -2183.85, `position_z` = 196.29, `orientation` = 0, `spawndist` = 5, `MovementType` = 1 WHERE `guid` = 33152 AND `id` = 3762;
REPLACE INTO `creature_spawn_entry` (`guid`, `entry`) SELECT `guid`, 3758 FROM `creature` WHERE `id` IN (3758,3762) AND `guid` IN (33122,33123,33124,33125,33126,33127,33149,33150,33151,33152,33153,33154,33155); -- satyr
REPLACE INTO `creature_spawn_entry` (`guid`, `entry`) SELECT `guid`, 3762 FROM `creature` WHERE `id` IN (3758,3762) AND `guid` IN (33122,33123,33124,33125,33126,33127,33149,33150,33151,33152,33153,33154,33155); -- felsworn
UPDATE creature SET `id` = 0 WHERE `id` IN (3758,3762) AND `guid` IN (33122,33123,33124,33125,33126,33127,33149,33150,33151,33152,33153,33154,33155);

-- https://classic.wowhead.com/npc=3759/felmusk-rogue
-- https://classic.wowhead.com/npc=3763/felmusk-shadowstalker
UPDATE `creature` SET `orientation` = 0, `spawndist` = 2, `MovementType` = 1 WHERE `guid` IN (33132,33163,33164);
REPLACE INTO `creature_spawn_entry` (`guid`, `entry`) SELECT `guid`, 3759 FROM `creature` WHERE `id` IN (3759,3763) AND `guid` IN (33129,33130,33131,33132,33157,33158,33159,33160,33161,33162,33163,33164); -- rogue
REPLACE INTO `creature_spawn_entry` (`guid`, `entry`) SELECT `guid`, 3763 FROM `creature` WHERE `id` IN (3759,3763) AND `guid` IN (33129,33130,33131,33132,33157,33158,33159,33160,33161,33162,33163,33164); -- shadowstalker
UPDATE creature SET `id` = 0 WHERE `id` IN (3759,3763) AND `guid` IN (33129,33130,33131,33132,33157,33158,33159,33160,33161,33162,33163,33164);

-- https://classic.wowhead.com/npc=3765/bleakheart-satyr
-- https://classic.wowhead.com/npc=3771/bleakheart-hellcaller
UPDATE `creature` SET `orientation` = 0, `spawndist` = 5, `MovementType` = 1 WHERE `guid` IN (33174,33180,33235,33236,33237,33238);
REPLACE INTO `creature_spawn_entry` (`guid`, `entry`) SELECT `guid`, 3765 FROM `creature` WHERE `id` IN (3765,3771) AND `guid` IN (33174,33180,33181,33232,33233,33234,33235,33236,33237,33238,33239); -- satyr
REPLACE INTO `creature_spawn_entry` (`guid`, `entry`) SELECT `guid`, 3771 FROM `creature` WHERE `id` IN (3765,3771) AND `guid` IN (33174,33180,33181,33232,33233,33234,33235,33236,33237,33238,33239); -- hellcaller
UPDATE creature SET `id` = 0 WHERE `id` IN (3765,3771) AND `guid` IN (33174,33180,33181,33232,33233,33234,33235,33236,33237,33238,33239);

-- https://classic.wowhead.com/npc=3767/bleakheart-trickster
-- https://classic.wowhead.com/npc=3770/bleakheart-shadowstalker
DELETE FROM `creature` WHERE `guid` IN (33218,150089); -- 33218 is missing in wotlkmangos (overwritten with 150089 node from tbc)
DELETE FROM `creature` WHERE `id` = 21195; -- Reinsert all 21195 as there are more instances of this. (32946,32948,32950)
INSERT INTO `creature` (`guid`, `id`, `map`, `position_x`, `position_y`, `position_z`, `orientation`, `spawntimesecsmin`, `spawntimesecsmax`, `spawndist`, `MovementType`) VALUES
(33218, 3770, 1, 2778.81005859375000000000, -3018.67993164062500000000, 154.25399780273438000000, 3.60987997055053700000, 300, 300, 5, 1),
(137912, 21195, 530, -2694.87988281250000000000, 1495.00000000000000000000, 19.29220008850097700000, 2.33105993270874020000, 300, 300, 5, 1), -- tbc+
(137913, 21195, 530, -2706.26000976562500000000, 1538.41003417968750000000, 16.63430023193359400000, 1.96145999431610100000, 300, 300, 5, 1),
(150077, 21195, 530, -2594.21997070312500000000, 1313.18005371093750000000, 80.69819641113281000000, 1.63336002826690670000, 180, 180, 5, 1),
(150078, 21195, 530, -2600.62988281250000000000, 1250.26000976562500000000, 80.19180297851562000000, 4.33513021469116200000, 180, 180, 5, 1),
(150079, 21195, 530, -2802.92993164062500000000, 1238.03002929687500000000, 75.30090332031250000000, 3.27811002731323240000, 180, 180, 5, 1),
(150080, 21195, 530, -2795.26000976562500000000, 1246.95996093750000000000, 74.67379760742188000000, 4.73030996322631800000, 180, 180, 5, 1),
(150081, 21195, 530, -2794.30004882812500000000, 1256.81005859375000000000, 74.73889923095703000000, 5.39554977416992200000, 180, 180, 5, 1),
(150082, 21195, 530, -2816.46997070312500000000, 1269.80004882812500000000, 76.31120300292969000000, 0.60069197416305540000, 180, 180, 5, 1),
(150083, 21195, 530, -2825.32006835937500000000, 1259.44995117187500000000, 75.39900207519531000000, 1.02087998390197750000, 180, 180, 5, 1),
(150084, 21195, 530, -2714.37988281250000000000, 1304.44995117187500000000, 84.53019714355469000000, 6.04938983917236300000, 180, 180, 5, 1),
(150085, 21195, 530, -2749.56005859375000000000, 1352.10998535156250000000, 89.30660247802734000000, 6.26929998397827150000, 180, 180, 5, 1),
(150086, 21195, 530, -2701.87988281250000000000, 1323.34997558593750000000, 90.42269897460938000000, 6.16328001022338900000, 180, 180, 5, 1),
(150087, 21195, 530, -2706.38989257812500000000, 1364.83996582031250000000, 92.29460144042969000000, 0.50055998563766480000, 180, 180, 5, 1),
(150088, 21195, 530, -2619.80004882812500000000, 1316.13000488281250000000, 84.11889648437500000000, 3.94920992851257320000, 180, 180, 5, 1),
(150089, 21195, 530, -2619.86010742187500000000, 1364.68994140625000000000, 83.02649688720703000000, 3.71043992042541500000, 180, 180, 5, 1),
(150090, 21195, 530, -2623.91992187500000000000, 1449.59997558593750000000, 52.16370010375976600000, 3.34732007980346700000, 180, 180, 5, 1),
(150091, 21195, 530, -2583.85009765625000000000, 1418.77001953125000000000, 74.31849670410156000000, 4.68668985366821300000, 180, 180, 5, 1),
(150092, 21195, 530, -2567.64990234375000000000, 1445.42004394531250000000, 55.56769943237305000000, 3.86546993255615230000, 180, 180, 5, 1),
(150093, 21195, 530, -2507.78002929687500000000, 1381.64001464843750000000, 65.68969726562500000000, 3.94401001930236800000, 180, 180, 5, 1),
(150094, 21195, 530, -2550.48999023437500000000, 1310.60998535156250000000, 79.83039855957031000000, 3.53168010711669900000, 180, 180, 5, 1),
(150095, 21195, 530, -2570.61010742187500000000, 1374.26000976562500000000, 84.80529785156250000000, 3.11384010314941400000, 180, 180, 5, 1),
(150096, 21195, 530, -2525.07006835937500000000, 1313.35998535156250000000, 65.93599700927734000000, 2.56012988090515140000, 180, 180, 5, 1),
(150097, 21195, 530, -2475.34008789062500000000, 1311.97998046875000000000, 47.44810104370117000000, 2.34021997451782230000, 180, 180, 5, 1),
(150098, 21195, 530, -2493.87988281250000000000, 1280.81005859375000000000, 57.66690063476562500000, 2.39126992225646970000, 180, 180, 5, 1),
(150099, 21195, 530, -2568.08007812500000000000, 1241.85998535156250000000, 80.58049774169922000000, 2.16742992401123050000, 180, 180, 5, 1),
(150100, 21195, 530, -2511.58007812500000000000, 1204.95996093750000000000, 58.75299835205078000000, 2.79871988296508800000, 180, 180, 5, 1),
(150101, 21195, 530, -2581.91992187500000000000, 1220.64001464843750000000, 77.01879882812500000000, 1.73843002319335940000, 180, 180, 5, 1),
(150102, 21195, 530, -2511.38989257812500000000, 1227.90002441406250000000, 61.02180099487305000000, 3.70192003250122070000, 180, 180, 5, 1),
(150103, 21195, 530, -2546.81005859375000000000, 1231.10998535156250000000, 72.83159637451172000000, 1.52637004852294920000, 180, 180, 5, 1),
(150104, 21195, 530, -2481.78002929687500000000, 1175.68994140625000000000, 37.80720138549805000000, 1.88376998901367190000, 180, 180, 5, 1),
(150105, 21195, 530, -2462.38989257812500000000, 1273.30004882812500000000, 35.52859878540039000000, 2.99117994308471700000, 180, 180, 5, 1),
(150106, 21195, 530, -2552.10009765625000000000, 1175.68994140625000000000, 78.84790039062500000000, 3.00295996665954600000, 180, 180, 5, 1),
(150107, 21195, 530, -2523.44995117187500000000, 1153.33996582031250000000, 68.99909973144531000000, 4.22975015640258800000, 180, 180, 5, 1),
(150108, 21195, 530, -2543.62011718750000000000, 1118.17004394531250000000, 71.21759796142578000000, 1.08895003795623780000, 180, 180, 5, 1),
(150109, 21195, 530, -2588.75000000000000000000, 1091.04003906250000000000, 59.90919876098633000000, 1.17927002906799320000, 180, 180, 5, 1);

UPDATE `creature` SET `orientation` = 0, `spawndist` = 5, `MovementType` = 1 WHERE `guid` IN (33184,33185,33186,33187,33219); -- 33188 prob wrong pathing
REPLACE INTO `creature_spawn_entry` (`guid`, `entry`) SELECT `guid`, 3767 FROM `creature` WHERE `id` IN (3767,3770) AND `guid` IN (33182,33183,33184,33185,33186,33187,33188,33216,33217,33218,33219,33220,33221,33222,33223,33224,33225); -- trickster
REPLACE INTO `creature_spawn_entry` (`guid`, `entry`) SELECT `guid`, 3770 FROM `creature` WHERE `id` IN (3767,3770) AND `guid` IN (33182,33183,33184,33185,33186,33187,33188,33216,33217,33218,33219,33220,33221,33222,33223,33224,33225); -- shadowstalker
UPDATE creature SET `id` = 0 WHERE `id` IN (3767,3770) AND `guid` IN (33182,33183,33184,33185,33186,33187,33188,33216,33217,33218,33219,33220,33221,33222,33223,33224,33225);

-- https://classic.wowhead.com/npc=3752/xavian-rogue - overlap with 3754 and 3755!
-- https://classic.wowhead.com/npc=3754/xavian-betrayer
-- https://classic.wowhead.com/npc=3755/xavian-felsworn
-- https://classic.wowhead.com/npc=3757/xavian-hellcaller
UPDATE `creature` SET `orientation` = 0, `spawndist` = 3, `MovementType` = 1 WHERE `guid` IN (33097,33098,33099,33100,33101,33118,33119,33120,33113);
UPDATE `creature` SET `orientation` = 0, `spawndist` = 5, `MovementType` = 1 WHERE `guid` IN (33102,33103,33105,33109,33110,33111);
REPLACE INTO `creature_spawn_entry` (`guid`, `entry`) SELECT `guid`, 3752 FROM `creature` WHERE `id` IN (3752,3754,3755,3757) AND `guid` IN (33096,33097,33098,33099,33100,33101,33114,33116,33117,33118,33119,33120,33105,33107,33108,33110,33111,33112,33113); -- rogue
REPLACE INTO `creature_spawn_entry` (`guid`, `entry`) SELECT `guid`, 3754 FROM `creature` WHERE `id` IN (3752,3754,3755,3757) AND `guid` IN (33102,33103,33106,33109); -- betrayer
REPLACE INTO `creature_spawn_entry` (`guid`, `entry`) SELECT `guid`, 3755 FROM `creature` WHERE `id` IN (3752,3754,3755,3757) AND `guid` IN (33099,33102,33103,33105,33106,33107,33108,33109,33110,33111,33112,33113); -- felsworn
REPLACE INTO `creature_spawn_entry` (`guid`, `entry`) SELECT `guid`, 3757 FROM `creature` WHERE `id` IN (3752,3754,3755,3757) AND `guid` IN (33096,33097,33098,33100,33101,33114,33116,33117,33118,33119,33120); -- hellcaller
UPDATE creature SET `id` = 0 WHERE `id` IN (3752,3754,3755,3757) AND `guid` IN (33096,33097,33098,33099,33100,33101,33114,33116,33117,33118,33119,33120,33102,33103,33105,33106,33107,33108,33109,33110,33111,33112,33113);

-- https://classic.wowhead.com/npc=3782/shadethicket-stone-mover
-- https://classic.wowhead.com/npc=3784/shadethicket-bark-ripper
-- https://www.wowhead.com/classic/npc=3931/shadethicket-oracle - no
REPLACE INTO `creature_spawn_entry` (`guid`, `entry`) SELECT `guid`, 3782 FROM `creature` WHERE `id` IN (3782,3784) AND `guid` IN (33341,33342,33343,33344,33345,33346,33347,33348,33349,33350,33351,33352,33353,33354,33355,33356,33357,33358,33359,33360,33361,33362,33363,33364,33365,33366,33367,33368,33369,33564,33565,33566,33567,33568,33569,33570,33571,33572,33573,33574,33576,33590,33591,33592,33753,33754,33755,33756,33785,33787); -- stone-mover
REPLACE INTO `creature_spawn_entry` (`guid`, `entry`) SELECT `guid`, 3784 FROM `creature` WHERE `id` IN (3782,3784) AND `guid` IN (33341,33342,33343,33344,33345,33346,33347,33348,33349,33350,33351,33352,33353,33354,33355,33356,33357,33358,33359,33360,33361,33362,33363,33364,33365,33366,33367,33368,33369,33564,33565,33566,33567,33568,33569,33570,33571,33572,33573,33574,33576,33590,33591,33592,33753,33754,33755,33756,33785,33787); -- bark-ripper
UPDATE creature SET `id` = 0 WHERE `id` IN (3782,3784) AND `guid` IN (33341,33342,33343,33344,33345,33346,33347,33348,33349,33350,33351,33352,33353,33354,33355,33356,33357,33358,33359,33360,33361,33362,33363,33364,33365,33366,33367,33368,33369,33564,33565,33566,33567,33568,33569,33570,33571,33572,33573,33574,33576,33590,33591,33592,33753,33754,33755,33756,33785,33787);

-- https://classic.wowhead.com/npc=3746/foulweald-den-watcher
-- https://classic.wowhead.com/npc=3748/foulweald-shaman
-- https://classic.wowhead.com/npc=3749/foulweald-ursa
UPDATE `creature` SET `orientation` = 0, `spawndist` = 1, `MovementType` = 1 WHERE `guid` IN (33032,33033,33034,33035,33072,33074,33075,33076,33080,33081,33082,33083);
REPLACE INTO `creature_spawn_entry` (`guid`, `entry`) SELECT `guid`, 3746 FROM `creature` WHERE `id` IN (3746,3748,3749) AND `guid` IN (33032,33033,33034,33035,33072,33074,33075,33076,33080,33081,33082,33083); -- den-watcher
REPLACE INTO `creature_spawn_entry` (`guid`, `entry`) SELECT `guid`, 3748 FROM `creature` WHERE `id` IN (3746,3748,3749) AND `guid` IN (33032,33033,33034,33035,33072,33074,33075,33076,33080,33081,33082,33083); -- shaman
REPLACE INTO `creature_spawn_entry` (`guid`, `entry`) SELECT `guid`, 3749 FROM `creature` WHERE `id` IN (3746,3748,3749) AND `guid` IN (33032,33033,33034,33035,33072,33074,33075,33076,33080,33081,33082,33083); -- ursa
UPDATE creature SET `id` = 0 WHERE `id` IN (3746,3748,3749) AND `guid` IN (33032,33033,33034,33035,33072,33074,33075,33076,33080,33081,33082,33083);

-- https://classic.wowhead.com/npc=3743/foulweald-warrior
-- https://classic.wowhead.com/npc=3750/foulweald-totemic
DELETE FROM `creature` WHERE `guid` IN (32946,32948,32950) AND `id` IN (0,3743); -- missing in wotlkmangos (overwritten with 21195 nodes)
INSERT INTO `creature` (`guid`, `id`, `map`, `position_x`, `position_y`, `position_z`, `orientation`, `spawntimesecsmin`, `spawntimesecsmax`, `spawndist`, `MovementType`) VALUES
(32946, 3743, 1, 2222.33007812500000000000, -1351.57995605468750000000, 82.55480194091797000000, 5.16765022277832000000, 300, 300, 15, 1),
(32948, 3743, 1, 2293.45996093750000000000, -1189.19995117187500000000, 85.58519744873047000000, 0.07708700001239777000, 300, 300, 15, 1),
(32950, 3743, 1, 2288.60009765625000000000, -1545.09997558593750000000, 90.70159912109375000000, 2.06820988655090330000, 300, 300, 5, 1);
UPDATE `creature` SET `orientation` = 0, `spawndist` = 5, `MovementType` = 1 WHERE `guid` IN (32944,32945,32946,32947,32948,32949,32950,32951,32952,32953,32955,32956,32957,32958,33084,33085,33086,33089,33090,33091,33092,33093,33094,33095);
UPDATE `creature` SET `orientation` = 0, `spawndist` = 3, `MovementType` = 1 WHERE `guid` IN (32954,33087,33088);
REPLACE INTO `creature_spawn_entry` (`guid`, `entry`) SELECT `guid`, 3743 FROM `creature` WHERE `id` IN (3743,3750) AND `guid` IN (32944,32945,32946,32947,32948,32949,32950,32951,32952,32953,32954,32955,32956,32957,32958,33084,33085,33086,33087,33088,33089,33090,33091,33092,33093,33094,33095); -- warrior
REPLACE INTO `creature_spawn_entry` (`guid`, `entry`) SELECT `guid`, 3750 FROM `creature` WHERE `id` IN (3743,3750) AND `guid` IN (32944,32945,32946,32947,32948,32949,32950,32951,32952,32953,32954,32955,32956,32957,32958,33084,33085,33086,33087,33088,33089,33090,33091,33092,33093,33094,33095); -- totemic
UPDATE creature SET `id` = 0 WHERE `id` IN (3743,3750) AND `guid` IN (32944,32945,32946,32947,32948,32949,32950,32951,32952,32953,32954,32955,32956,32957,32958,33084,33085,33086,33087,33088,33089,33090,33091,33092,33093,33094,33095);

-- https://classic.wowhead.com/npc=3737/saltspittle-puddlejumper
-- https://classic.wowhead.com/npc=3739/saltspittle-warrior
REPLACE INTO `creature_spawn_entry` (`guid`, `entry`) SELECT `guid`, 3737 FROM `creature` WHERE `id` IN (3737,3739) AND `guid` IN (32919,32920,32921,32922,32923,32924,32925,32926,32927,32928,32929,32930,32931,32932); -- puddlejumper
REPLACE INTO `creature_spawn_entry` (`guid`, `entry`) SELECT `guid`, 3739 FROM `creature` WHERE `id` IN (3737,3739) AND `guid` IN (32919,32920,32921,32922,32923,32924,32925,32926,32927,32928,32929,32930,32931,32932); -- warrior
UPDATE creature SET `id` = 0 WHERE `id` IN (3737,3739) AND `guid` IN (32919,32920,32921,32922,32923,32924,32925,32926,32927,32928,32929,32930,32931,32932);

-- https://classic.wowhead.com/npc=3740/saltspittle-muckdweller
-- https://classic.wowhead.com/npc=3742/saltspittle-oracle
DELETE FROM `creature` WHERE `guid` IN (32934,32938,32941) AND `id` IN (0,3740,3742); -- missing in wotlkmangos
INSERT INTO `creature` (`guid`, `id`, `map`, `position_x`, `position_y`, `position_z`, `orientation`, `spawntimesecsmin`, `spawntimesecsmax`, `spawndist`, `MovementType`) VALUES
(32934, 3740, 1, 2984.45996093750000000000, 591.68902587890620000000, 15.72239971160888700000, 0.53940498828887940000, 300, 300, 5, 1),
(32938, 3742, 1, 2982.260010, 521.367981, 2.226660, 0, 300, 300, 5, 1),
(32941, 3742, 1, 3010.67993164062500000000, 518.88397216796880000000, -2.11231994628906250000, 5.56228017807006800000, 300, 300, 5, 1);
REPLACE INTO `creature_spawn_entry` (`guid`, `entry`) SELECT `guid`, 3740 FROM `creature` WHERE `id` IN (3740,3742) AND `guid` IN (32934,32935,32938,32939,32940,32941,32942); -- muckdweller
REPLACE INTO `creature_spawn_entry` (`guid`, `entry`) SELECT `guid`, 3742 FROM `creature` WHERE `id` IN (3740,3742) AND `guid` IN (32934,32935,32938,32939,32940,32941,32942); -- oracle
UPDATE creature SET `id` = 0 WHERE `id` IN (3740,3742) AND `guid` IN (32934,32935,32938,32939,32940,32941,32942);

-- https://classic.wowhead.com/npc=3713/wrathtail-wave-rider - seemingly not all are dynamic!
-- https://classic.wowhead.com/npc=3717/wrathtail-sorceress - seemingly not all are dynamic!
-- 1382/180004 same new spawn, use wotlk guid
DELETE FROM `creature` WHERE `guid` IN (1382,180004) AND `id` IN (0,3717); -- missing in classicmangos
INSERT INTO `creature` (`guid`, `id`, `map`, `position_x`, `position_y`, `position_z`, `orientation`, `spawntimesecsmin`, `spawntimesecsmax`, `spawndist`, `MovementType`) VALUES
(180004, 3717, 1, 3948.32, 817.56, 7.6820, 0, 300, 300, 5, 1);
REPLACE INTO `creature_spawn_entry` (`guid`, `entry`) SELECT `guid`, 3713 FROM `creature` WHERE `id` IN (3713,3717) AND `guid` IN (32751,32754,32755,32756,32758,32790,32791,32792,32793,32795,32796,32797,32799,32800,32801,32802,32803,32804,32805,180004); -- wave-rider
REPLACE INTO `creature_spawn_entry` (`guid`, `entry`) SELECT `guid`, 3717 FROM `creature` WHERE `id` IN (3713,3717) AND `guid` IN (32751,32754,32755,32756,32758,32790,32791,32792,32793,32795,32796,32797,32799,32800,32801,32802,32803,32804,32805,180004); -- sorceress
UPDATE creature SET `id` = 0 WHERE `id` IN (3713,3717) AND `guid` IN (32751,32754,32755,32756,32758,32790,32791,32792,32793,32795,32796,32797,32799,32800,32801,32802,32803,32804,32805,180004);

-- https://classic.wowhead.com/npc=3711/wrathtail-myrmidon - seemingly not all are dynamic!
-- https://classic.wowhead.com/npc=3944/wrathtail-priestess - seemingly not all are dynamic!
UPDATE `creature` SET `position_x` = 4184.23, `position_y` = 1285.38, `position_z` = 3.3927, `orientation` = 0 WHERE `guid` = 32636;
REPLACE INTO `creature_spawn_entry` (`guid`, `entry`) SELECT `guid`, 3711 FROM `creature` WHERE `id` IN (3711,3944) AND `guid` IN (32632,32635,32636,32637,32638,32640,32643,32644,32723,32724,32726,32727,32728,32730,32732,32735); -- myrmidon
REPLACE INTO `creature_spawn_entry` (`guid`, `entry`) SELECT `guid`, 3944 FROM `creature` WHERE `id` IN (3711,3944) AND `guid` IN (32632,32635,32636,32637,32638,32640,32643,32644,32723,32724,32726,32727,32728,32730,32732,32735); -- priestess
UPDATE creature SET `id` = 0 WHERE `id` IN (3711,3944) AND `guid` IN (32632,32635,32636,32637,32638,32640,32643,32644,32723,32724,32726,32727,32728,32730,32732,32735);

-- https://classic.wowhead.com/npc=3781/shadethicket-wood-shaper
-- https://classic.wowhead.com/npc=3783/shadethicket-raincaller
REPLACE INTO `creature_spawn_entry` (`guid`, `entry`) SELECT `guid`, 3781 FROM `creature` WHERE `id` IN (3781,3783) AND `guid` IN (33331,33332,33333,33334,33335,33336,33337,33338,33339,33340,33374,33375,33376,33377,33391,33415,33416,33417,33418,33419,33420,33424,33425,33461,33462,33463,33464,33465,33466,33467,33468,33469); -- shaper
REPLACE INTO `creature_spawn_entry` (`guid`, `entry`) SELECT `guid`, 3783 FROM `creature` WHERE `id` IN (3781,3783) AND `guid` IN (33331,33332,33333,33334,33335,33336,33337,33338,33339,33340,33374,33375,33376,33377,33391,33415,33416,33417,33418,33419,33420,33424,33425,33461,33462,33463,33464,33465,33466,33467,33468,33469); -- raincaller
UPDATE creature SET `id` = 0 WHERE `id` IN (3781,3783) AND `guid` IN (33331,33332,33333,33334,33335,33336,33337,33338,33339,33340,33374,33375,33376,33377,33391,33415,33416,33417,33418,33419,33420,33424,33425,33461,33462,33463,33464,33465,33466,33467,33468,33469);

-- https://classic.wowhead.com/npc=3725/dark-strand-cultist
-- https://classic.wowhead.com/npc=3728/dark-strand-adept
REPLACE INTO `creature_spawn_entry` (`guid`, `entry`) SELECT `guid`, 3725 FROM `creature` WHERE `id` IN (3725,3728) AND `guid` IN (32862,32863,32864,32865,32866,32867,32868,32873,32874,32875); -- cultist
REPLACE INTO `creature_spawn_entry` (`guid`, `entry`) SELECT `guid`, 3728 FROM `creature` WHERE `id` IN (3725,3728) AND `guid` IN (32862,32863,32864,32865,32866,32867,32868,32873,32874,32875); -- adept
UPDATE creature SET `id` = 0 WHERE `id` IN (3725,3728) AND `guid` IN (32862,32863,32864,32865,32866,32867,32868,32873,32874,32875);

-- https://classic.wowhead.com/npc=3727/dark-strand-enforcer
-- https://classic.wowhead.com/npc=3730/dark-strand-excavator
UPDATE `creature` SET `orientation` = 0, `spawndist` = 3, `MovementType` = 1 WHERE `guid` = 32870;
REPLACE INTO `creature_spawn_entry` (`guid`, `entry`) SELECT `guid`, 3727 FROM `creature` WHERE `id` IN (3727,3730) AND `guid` IN (32870,32876,32877,32878,32880,32881); -- enforcer
REPLACE INTO `creature_spawn_entry` (`guid`, `entry`) SELECT `guid`, 3730 FROM `creature` WHERE `id` IN (3727,3730) AND `guid` IN (32870,32876,32877,32878,32880,32881); -- excavator
UPDATE creature SET `id` = 0 WHERE `id` IN (3727,3730) AND `guid` IN (32870,32876,32877,32878,32880,32881);

-- https://classic.wowhead.com/npc=3732/forsaken-seeker
-- https://classic.wowhead.com/npc=3733/forsaken-herbalist
UPDATE `creature` SET `orientation` = 0, `spawndist` = 3, `MovementType` = 1 WHERE `guid` = 32896 AND `id` = 17300; -- tbc+
DELETE FROM `creature` WHERE `guid` = 32885 AND `id` IN (0,3732); -- missing in wotlkmangos
INSERT INTO `creature` (`guid`, `id`, `map`, `position_x`, `position_y`, `position_z`, `orientation`, `spawntimesecsmin`, `spawntimesecsmax`, `spawndist`, `MovementType`) VALUES
(32885, 3732, 1, 3778.43994140625000000000, -125.39499664306640000000, 0.37073901295661926000, 4.93159008026123050000, 300, 300, 5, 1);
REPLACE INTO `creature_spawn_entry` (`guid`, `entry`) SELECT `guid`, 3732 FROM `creature` WHERE `id` IN (3732,3733) AND `guid` IN (32883,32885,32886,32887,32888,32889,32890,32891,32892,32893,32894,32895,32897,32898,32899,32900,32901,32902,32903,32904); -- seeker
REPLACE INTO `creature_spawn_entry` (`guid`, `entry`) SELECT `guid`, 3733 FROM `creature` WHERE `id` IN (3732,3733) AND `guid` IN (32883,32885,32886,32887,32888,32889,32890,32891,32892,32893,32894,32895,32897,32898,32899,32900,32901,32902,32903,32904); -- herbalist
UPDATE creature SET `id` = 0 WHERE `id` IN (3732,3733) AND `guid` IN (32883,32885,32886,32887,32888,32889,32890,32891,32892,32893,32894,32895,32897,32898,32899,32900,32901,32902,32903,32904);

-- https://www.wowhead.com/tbc/npc=3799/severed-druid
-- https://www.wowhead.com/tbc/npc=3801/severed-sleeper
-- https://www.wowhead.com/tbc/npc=3802/severed-dreamer
-- https://www.wowhead.com/tbc/npc=3803/severed-keeper
-- https://classic.wowhead.com/npc=3804/forsaken-intruder
-- https://www.wowhead.com/tbc/npc=3806/forsaken-infiltrator
-- https://classic.wowhead.com/npc=3807/forsaken-assassin
-- https://classic.wowhead.com/npc=3808/forsaken-dark-stalker
DELETE FROM `creature` WHERE `guid` IN (34266,89138,89139,89140,89141,89142,89143,89144,89145,89146) AND `id` IN (0,3808); -- missing in classicmangos
INSERT INTO `creature` (`guid`, `id`, `map`, `position_x`, `position_y`, `position_z`, `orientation`, `spawntimesecsmin`, `spawntimesecsmax`, `spawndist`, `MovementType`) VALUES
(34266, 3808, 1, 1860.19995117187500000000, -2688.51000976562500000000, 40.59320068359375000000, 4.96714019775390600000, 300, 300, 2, 1),
-- Add missing nodes using vmangos guids (our 170k range) 89138,89139,89140,89141,89142,89143,89144,89145,89146
(89138, 3808, 1, 1840.28, -2669.54, 41.0331, 0, 300, 300, 2, 1),
(89139, 3808, 1, 1828.55, -2677.69, 47.0400, 0, 300, 300, 2, 1),
(89140, 3808, 1, 1810.68, -2670.62, 40.6595, 0, 300, 300, 2, 1),
(89141, 3808, 1, 1802.45, -2648.57, 40.2865, 0, 300, 300, 2, 1),
(89142, 3808, 1, 1859.97, -2704.05, 40.2380, 0, 300, 300, 2, 1),
(89143, 3808, 1, 1821.27, -2744.08, 47.6455, 0, 300, 300, 2, 1),
(89144, 3808, 1, 1819.67, -2774.56, 49.9016, 0, 300, 300, 2, 1),
(89145, 3808, 1, 1759.68, -2654.62, 61.4952, 0, 300, 300, 2, 1),
(89146, 3808, 1, 1764.73, -2710.68, 93.8973, 0, 300, 300, 2, 1);

REPLACE INTO `creature_spawn_entry` (`guid`, `entry`) SELECT `guid`, 3799 FROM `creature` WHERE `id` IN (3799,3801,3802,3803,3804,3806,3807,3808) AND `guid` IN (34225,34226,34227,34254,34229,34230,34231,34232,34236,34238,34244,34245,34249,34250,34252,34256,34257,34258,34259,34260,34261,34265,170338,170340,170341,170336,170342,170343,89138,89139,89143,89144,89146); -- druid
REPLACE INTO `creature_spawn_entry` (`guid`, `entry`) SELECT `guid`, 3801 FROM `creature` WHERE `id` IN (3799,3801,3802,3803,3804,3806,3807,3808) AND `guid` IN (34225,34226,34227,34254,34228,34229,34233,34237,34247,34252,34256,34260,34261,34265,34266,34251,170336,170337,170339,170342,170335,170343,89139,89140,89141,34241,89142,89143,34240); -- sleeper
REPLACE INTO `creature_spawn_entry` (`guid`, `entry`) SELECT `guid`, 3802 FROM `creature` WHERE `id` IN (3799,3801,3802,3803,3804,3806,3807,3808) AND `guid` IN (34225,34226,34228,34229,34230,34231,34232,34233,34245,34248,34249,34250,34252,34257,34258,34259,34266,170338,170340,170341,34251,170336,170337,170339,170342,170335,89138,89140,89141,89142,89144,89145); -- dreamer
REPLACE INTO `creature_spawn_entry` (`guid`, `entry`) SELECT `guid`, 3803 FROM `creature` WHERE `id` IN (3799,3801,3802,3803,3804,3806,3807,3808) AND `guid` IN (34225,34226,34254,34229,34230,34231,34232,34233,34236,34237,34238,34244,34245,34247,34248,34249,34250,34252,34257,34258,34266,170340,170341,34251,170336,170342,170343,89138,89140,89141,34241,89142,89143,89144,89145,89146); -- keeper
REPLACE INTO `creature_spawn_entry` (`guid`, `entry`) SELECT `guid`, 3804 FROM `creature` WHERE `id` IN (3799,3801,3802,3803,3804,3806,3807,3808) AND `guid` IN (34225,34226,34227,34229,34231,34232,34233,34234,34235,34236,34237,34238,34239,34240,34242,34243,34244,34245,34246,34247,34248,34249,34250,34252,34253,34256,34257,34258,34259,34260,34261,34265,34266,34267,34268,170338,34251,170337,170339,170343,89140,89142,89144,89145,89146); -- intruder
REPLACE INTO `creature_spawn_entry` (`guid`, `entry`) SELECT `guid`, 3806 FROM `creature` WHERE `id` IN (3799,3801,3802,3803,3804,3806,3807,3808) AND `guid` IN (34225,34226,34254,34228,34229,34230,34231,34233,34234,34235,34236,34237,34238,34239,34240,34241,34242,34243,34244,34245,34246,34247,34248,34249,34250,34252,34253,34257,34258,34259,34266,34267,34268,170338,170340,170341,34251,170336,170337,170339,170335,170343,89138,89139,89140,89141,89142,89143,89144,89145,89146); -- infiltrator
REPLACE INTO `creature_spawn_entry` (`guid`, `entry`) SELECT `guid`, 3807 FROM `creature` WHERE `id` IN (3799,3801,3802,3803,3804,3806,3807,3808) AND `guid` IN (34225,34226,34254,34229,34230,34231,34232,34233,34234,34235,34236,34237,34238,34239,34240,34242,34243,34244,34245,34246,34247,34248,34249,34250,34252,34253,34257,34258,34259,34266,34267,34268,170338,170340,170341,34251,170337,170339,170342,170335,170343,89138,89139,89140,89141,34241,89142,89145,89146); -- assassin
REPLACE INTO `creature_spawn_entry` (`guid`, `entry`) SELECT `guid`, 3808 FROM `creature` WHERE `id` IN (3799,3801,3802,3803,3804,3806,3807,3808) AND `guid` IN (34225,34226,34227,34228,34229,34230,34232,34233,34234,34235,34236,34237,34238,34239,34240,34242,34243,34244,34245,34246,34247,34248,34249,34250,34252,34253,34256,34257,34258,34259,34260,34261,34265,34266,34267,34268,170338,170341,34251,170336,170337,170339,170343,89138,89139,89140,89143,89144,89145,89146); -- stalker
UPDATE creature SET `id` = 0 WHERE `id` IN (3799,3801,3802,3803,3804,3806,3807,3808) AND `guid` IN (34225,34226,34227,34228,34229,34230,34231,34232,34233,34234,34235,34236,34237,34238,34239,34240,34241,34242,34243,34244,34245,34246,34247,34248,34249,34250,34251,34252,34253,34254,34256,34257,34258,34259,34260,34261,34265,34266,34267,34268,170335,170336,170337,170338,170339,170340,170341,170342,170343);
UPDATE `creature` SET `MovementType` = 4, `spawndist` = 0 WHERE `guid` = 34254;
DELETE FROM `creature_movement` WHERE `id` = 34254;
INSERT INTO `creature_movement` (`Id`, `Point`, `PositionX`, `PositionY`, `PositionZ`, `Orientation`, `WaitTime`, `ScriptId`) VALUES
(34254, 1, 1827.380005, -2612.679932, 61.169399, 3.057290, 10000, 0),
(34254, 2, 1850.599976, -2619.300049, 58.974201, 5.508080, 10000, 0);
UPDATE `creature` SET `spawndist` = 2, `MovementType` = 1 WHERE `guid` IN (34225,34226,34228,34232,34234,34235,34242,34243,34253,34261,34265,34267,34268,170341);
UPDATE `creature` SET `position_x` = 1821.84, `position_y` = -2615.66, `position_z` = 60.4067, `orientation` = 0, `spawndist` = 2, `MovementType` = 1 WHERE `guid` = 170335; -- d.nonexistant node
UPDATE `creature` SET `position_x` = 1757.00, `position_y` = -2694.76, `position_z` = 69.7703, `orientation` = 0, `spawndist` = 2, `MovementType` = 1 WHERE `guid` = 34246;
UPDATE `creature` SET `position_x` = 1756.04, `position_y` = -2762.43, `position_z` = 84.1558, `orientation` = 0, `spawndist` = 2, `MovementType` = 1 WHERE `guid` = 34251;
UPDATE `creature` SET `position_x` = 1815.54, `position_y` = -2748.91, `position_z` = 82.0949, `orientation` = 0, `spawndist` = 2, `MovementType` = 1 WHERE `guid` = 170336; -- d.34259
UPDATE `creature` SET `position_x` = 1831.26, `position_y` = -2743.09, `position_z` = 81.5102, `orientation` = 0, `spawndist` = 2, `MovementType` = 1 WHERE `guid` = 170337; -- d.34265
UPDATE `creature` SET `position_x` = 1850.22, `position_y` = -2770.08, `position_z` = 62.8185, `orientation` = 0, `spawndist` = 2, `MovementType` = 1 WHERE `guid` = 170339; -- d.34244
UPDATE `creature` SET `position_x` = 1872.93, `position_y` = -2804.14, `position_z` = 36.1969, `orientation` = 0, `spawndist` = 2, `MovementType` = 1 WHERE `guid` = 170342;
UPDATE `creature` SET `position_x` = 1821.08, `position_y` = -2627.36, `position_z` = 61.2104, `orientation` = 0, `spawndist` = 2, `MovementType` = 1 WHERE `guid` = 170343; -- d.34254 movement

DELETE FROM `creature` WHERE `guid` IN (191706,191707) AND `id` = 3736;
INSERT INTO `creature` (`guid`, `id`, `map`, `position_x`, `position_y`, `position_z`, `orientation`, `spawntimesecsmin`, `spawntimesecsmax`, `spawndist`, `MovementType`) VALUES
(191706, 3736, 1, 1837.5, -2796.33, 51.7435, 3.63028, 43200, 86400, 0, 0), -- vmangos 32918, but taken in tbcmangos+ due to new tbc+ npc in ashenvale
(191707, 3736, 1, 1894.19, -2643.32, 83.3602, 1.5708, 43200, 86400, 0, 0);

DELETE FROM `spawn_group` WHERE `Id` = 19063;
INSERT INTO `spawn_group` (`Id`, `Name`, `Type`, `MaxCount`, `WorldState`, `Flags`) VALUES
(19063, 'Ashenvale - Darkslayer Mordenthal (3736)', 0, 1, 0, 0);

DELETE FROM `spawn_group_spawn` WHERE `Id` = 19063;
INSERT INTO `spawn_group_spawn` (`Id`, `Guid`, `SlotId`) VALUES
(19063, 32917, -1),
(19063, 191706, -1),
(19063, 191707, -1);

UPDATE `creature_loot_template` SET `ChanceOrQuestChance` = 100 WHERE `entry` = 3736 AND `item` = 60130; -- (2) NPC LOOT (Green World Drop) - (Item Levels: 22-26) - (NPC Levels: 23) - rare mob not having rare rank

-- UPDATE `creature` SET `position_x` = 1816.25, `position_y` = -2612.44, `position_z` = 62.2314, `orientation` = 6.16101 WHERE `guid` = 32601 AND `id` = 3942; -- classic only!

-- https://www.wowhead.com/tbc/npc=11682/warsong-grunt
-- https://www.wowhead.com/tbc/npc=11683/warsong-shaman
UPDATE `creature` SET `id` = 11682 WHERE `guid` = 32999 AND `id` = 11680; -- wrong Horde Scout patrol
UPDATE `creature` SET `spawndist` = 0, `MovementType` = 0 WHERE `guid` = 33064;
UPDATE `creature` SET `spawndist` = 1, `MovementType` = 1 WHERE `guid` IN (33030,33047,33049,33050,33053,33057);
UPDATE `creature` SET `spawndist` = 3, `MovementType` = 1 WHERE `guid` IN (33041,33048,33054,33055,33056,33058,33059,33060,33061,33062,33063,33066,33067);
REPLACE INTO `creature_spawn_entry` (`guid`, `entry`) SELECT `guid`, 11682 FROM `creature` WHERE `id` IN (11682,11683) AND `guid` IN (33029,33030,33040,33041,33042,33047,33049,33050,33051,33052,33053,33054,33055,33058,33059,33060,33062,33063,33065,33067); -- grunt
REPLACE INTO `creature_spawn_entry` (`guid`, `entry`) SELECT `guid`, 11683 FROM `creature` WHERE `id` IN (11682,11683) AND `guid` IN (33029,33030,33040,33041,33042,33047,33049,33050,33051,33052,33053,33054,33055,33058,33059,33060,33062,33063,33065,33067); -- shaman
UPDATE creature SET `id` = 0 WHERE `id` IN (11682,11683) AND `guid` IN (33029,33030,33040,33041,33042,33047,33049,33050,33051,33052,33053,33054,33055,33058,33059,33060,33062,33063,33065,33067);

UPDATE `creature` SET `MovementType` = 4, `spawndist` = 0 WHERE `guid` = 33042;
DELETE FROM `creature_movement` WHERE `id` = 33042;
INSERT INTO `creature_movement` (`Id`, `Point`, `PositionX`, `PositionY`, `PositionZ`, `Orientation`, `WaitTime`, `ScriptId`) VALUES
(33042, 1, 2472.19, -3491.77, 92.3478, 100, 0, 0),
(33042, 2, 2453.59, -3470.21, 93.2314, 100, 0, 0),
(33042, 3, 2429.15, -3467.53, 92.9620, 100, 0, 0),
(33042, 4, 2415.76, -3488.12, 92.1913, 100, 0, 0);

UPDATE `creature` SET `position_x` = 2537.87, `position_y` = -3422.86, `position_z` = 102.0479, `orientation` = 5.9335, `MovementType` = 4, `spawndist` = 0 WHERE `guid` = 33065;
DELETE FROM `creature_movement` WHERE `id` = 33065;
INSERT INTO `creature_movement` (`Id`, `Point`, `PositionX`, `PositionY`, `PositionZ`, `Orientation`, `WaitTime`, `ScriptId`) VALUES
(33065, 14, 2189.12, -3222.56, 101.4879, 2.5301, 10000, 0),
(33065, 13, 2218.79, -3243.18, 101.6600, 100, 0, 0),
(33065, 12, 2245.02, -3254.67, 101.5950, 100, 0, 0),
(33065, 11, 2271.89, -3273.10, 101.5889, 100, 0, 0),
(33065, 10, 2303.58, -3279.41, 101.6259, 100, 0, 0),
(33065, 9, 2335.87, -3279.58, 101.6110, 100, 0, 0),
(33065, 8, 2371.37, -3282.43, 101.6320, 100, 0, 0),
(33065, 7, 2397.95, -3298.33, 101.6320, 100, 0, 0),
(33065, 6, 2408.69, -3313.73, 102.2630, 100, 0, 0),
(33065, 5, 2428.87, -3348.87, 103.1090, 100, 0, 0),
(33065, 4, 2444.89, -3368.77, 102.9319, 100, 0, 0),
(33065, 3, 2470.30, -3390.33, 102.2699, 100, 0, 0),
(33065, 2, 2505.11, -3410.91, 102.0459, 100, 0, 0),
(33065, 1, 2537.87, -3422.86, 102.0479, 5.9335, 10000, 0);

-- https://www.wowhead.com/tbc/npc=3811/giant-ashenvale-bear - 34411 waypoints V Shape
-- https://www.wowhead.com/tbc/npc=3821/wildthorn-lurker
REPLACE INTO `creature_spawn_entry` (`guid`, `entry`) SELECT `guid`, 3811 FROM `creature` WHERE `id` IN (3811,3821) AND `guid` IN (34402,34411,34412,34910,34911,34912,34913,34914,34915,34916,34917,34918,34919,34920,34921,34922,34923,34924,34925,34926,34927,34928,34929,34930,34931,34932,34933,34934,34935); -- ashenvale-bear
REPLACE INTO `creature_spawn_entry` (`guid`, `entry`) SELECT `guid`, 3821 FROM `creature` WHERE `id` IN (3811,3821) AND `guid` IN (34402,34411,34412,34910,34911,34912,34913,34914,34915,34916,34917,34918,34919,34920,34921,34922,34923,34924,34925,34926,34927,34928,34929,34930,34931,34932,34933,34934,34935); -- lurker
UPDATE creature SET `id` = 0 WHERE `id` IN (3811,3821) AND `guid` IN (34402,34411,34412,34910,34911,34912,34913,34914,34915,34916,34917,34918,34919,34920,34921,34922,34923,34924,34925,34926,34927,34928,34929,34930,34931,34932,34933,34934,34935);

-- https://www.wowhead.com/tbc/npc=3712/wrathtail-razortail - not all
-- https://www.wowhead.com/tbc/npc=3715/wrathtail-sea-witch - not all
DELETE FROM `creature` WHERE `guid` IN (1383,180005) AND `id` IN (0,3712); -- missing in classicmangos, use wotlkmangos guid!
INSERT INTO `creature` (`guid`, `id`, `map`, `position_x`, `position_y`, `position_z`, `orientation`, `spawntimesecsmin`, `spawntimesecsmax`, `spawndist`, `MovementType`) VALUES
(180005, 3712, 1, 4150.75000000000000000000, 1043.93994140625000000000, 0.98777198791503910000, 4.69014978408813500000, 300, 300, 5, 1);
UPDATE `creature` SET `position_x` = 3512.77, `position_y` = 1024.68, `position_z` = 3.4938, `orientation` = 0 WHERE `guid` = 32768 AND `id` = 3715;
REPLACE INTO `creature_spawn_entry` (`guid`, `entry`) SELECT `guid`, 3712 FROM `creature` WHERE `id` IN (3712,3715) AND `guid` IN (32736,32737,32738,32740,32743,32748,32765,32768,32769,32770,32771,32772,32773,180005); -- razortail
REPLACE INTO `creature_spawn_entry` (`guid`, `entry`) SELECT `guid`, 3715 FROM `creature` WHERE `id` IN (3712,3715) AND `guid` IN (32736,32737,32738,32740,32743,32748,32765,32768,32769,32770,32771,32772,32773,180005); -- sea-witch
UPDATE creature SET `id` = 0 WHERE `id` IN (3712,3715) AND `guid` IN (32736,32737,32738,32740,32743,32748,32765,32768,32769,32770,32771,32772,32773,180005);

-- https://www.wowhead.com/tbc/npc=3772/lesser-felguard - unclear more nodes needed, maybe some are
-- https://www.wowhead.com/tbc/npc=3774/felslayer - unclear more nodes needed, maybe some are

-- https://www.wowhead.com/tbc/npc=3797/cenarion-protector - 34189 second floor inside patrol
-- https://www.wowhead.com/tbc/npc=3815/blink-dragon
REPLACE INTO `creature_spawn_entry` (`guid`, `entry`) SELECT `guid`, 3797 FROM `creature` WHERE `id` IN (3797,3815) AND `guid` IN (34186,34188,34190,34191,34498,34502); -- protector
REPLACE INTO `creature_spawn_entry` (`guid`, `entry`) SELECT `guid`, 3815 FROM `creature` WHERE `id` IN (3797,3815) AND `guid` IN (34186,34188,34190,34191,34498,34502); -- dragon
UPDATE creature SET `id` = 0 WHERE `id` IN (3797,3815) AND `guid` IN (34186,34188,34190,34191,34498,34502);
UPDATE `creature` SET `MovementType` = 4 WHERE `guid` = 34192;
DELETE FROM `creature_movement` WHERE `id` = 34192;
INSERT INTO `creature_movement` (`Id`, `Point`, `PositionX`, `PositionY`, `PositionZ`, `Orientation`, `WaitTime`, `ScriptId`) VALUES
(34192, 1, 2717.31, -1898.21, 207.8760, 100, 0, 0),
(34192, 2, 2702.83, -1898.36, 210.9320, 100, 0, 0),
(34192, 3, 2696.12, -1888.93, 216.3560, 100, 0, 0),
(34192, 4, 2696.87, -1871.67, 221.6069, 100, 0, 0),
(34192, 5, 2700.22, -1868.22, 223.1340, 100, 0, 0);

-- https://www.wowhead.com/tbc/npc=3812/clattering-crawler
-- https://www.wowhead.com/tbc/npc=3814/spined-crawler
REPLACE INTO `creature_spawn_entry` (`guid`, `entry`) SELECT `guid`, 3812 FROM `creature` WHERE `id` IN (3812,3814) AND `guid` IN (34414,34415,34416,34417,34418,34419,34420,34421,34422,34423,34424,34425,34426,34427,34428,34429,34430,34431,34432,34433,34434,34435,34436,34437,34438,34439,34440,34441,34442,34443,34444,34445,34447,34448,34449,34454,34455,34456,34457,34458,34459,34460,34461,34462,34463,34464,34465,34466,34467,34468,34480,34481,34482,34483,34484,34485,34486,34487,34488,34489,34490,34491,34492,34493,34494,34495,34496,34497); -- clattering
REPLACE INTO `creature_spawn_entry` (`guid`, `entry`) SELECT `guid`, 3814 FROM `creature` WHERE `id` IN (3812,3814) AND `guid` IN (34414,34415,34416,34417,34418,34419,34420,34421,34422,34423,34424,34425,34426,34427,34428,34429,34430,34431,34432,34433,34434,34435,34436,34437,34438,34439,34440,34441,34442,34443,34444,34445,34447,34448,34449,34454,34455,34456,34457,34458,34459,34460,34461,34462,34463,34464,34465,34466,34467,34468,34480,34481,34482,34483,34484,34485,34486,34487,34488,34489,34490,34491,34492,34493,34494,34495,34496,34497); -- spined
UPDATE creature SET `id` = 0 WHERE `id` IN (3812,3814) AND `guid` IN (34414,34415,34416,34417,34418,34419,34420,34421,34422,34423,34424,34425,34426,34427,34428,34429,34430,34431,34432,34433,34434,34435,34436,34437,34438,34439,34440,34441,34442,34443,34444,34445,34447,34448,34449,34454,34455,34456,34457,34458,34459,34460,34461,34462,34463,34464,34465,34466,34467,34468,34480,34481,34482,34483,34484,34485,34486,34487,34488,34489,34490,34491,34492,34493,34494,34495,34496,34497);

UPDATE `creature` SET `MovementType` = 2 WHERE `guid` = 34503; -- created from spawn nodes (Blink Dragon near Shael'dryn Moonwell)
DELETE FROM `creature_movement` WHERE `id` = 34503;
INSERT INTO `creature_movement` (`Id`, `Point`, `PositionX`, `PositionY`, `PositionZ`, `Orientation`, `WaitTime`, `ScriptId`) VALUES
(34503, 1, 2893.37, -1202.83, 181.30, 100, 0, 0),
(34503, 2, 2921.41, -1211.26, 183.98, 100, 0, 0),
(34503, 3, 2923.23, -1249.17, 192.55, 100, 0, 0),
(34503, 4, 2911.81, -1306.91, 203.28, 100, 0, 0),
(34503, 5, 2923.23, -1249.17, 192.55, 100, 0, 0),
(34503, 6, 2888.07, -1213.42, 181.08, 100, 0, 0),
(34503, 7, 2750.62, -1220.84, 169.57, 100, 0, 0),
(34503, 8, 2677.38, -1191.06, 156.78, 100, 0, 0),
(34503, 9, 2779.14, -1176.68, 169.50, 100, 0, 0),
(34503, 10, 2855.91, -1194.69, 178.52, 100, 0, 0);

-- https://www.wowhead.com/tbc/npc=3809/ashenvale-bear - only convert clusters
-- https://www.wowhead.com/tbc/npc=3819/wildthorn-stalker
-- https://www.wowhead.com/tbc/npc=3823/ghostpaw-runner
UPDATE `creature` SET `position_x` = 2750.87, `position_y` = 14.90, `position_z` = 104.7529, `orientation` = 0, `spawndist` = 20, `MovementType` = 1 WHERE `guid` = 34801 AND `id` = 3819; -- out of bounds
REPLACE INTO `creature_spawn_entry` (`guid`, `entry`) SELECT `guid`, 3809 FROM `creature` WHERE `id` IN (3809,3819,3823) AND `guid` IN (20870,34290,34292,34309,34320,34327,34330,34331,34332,34333,34334,34341,34352,34353,34356,34357,34358,34359,34787,34814,34827,34828,34829,34830,34833,34836,34839,34840,34843,34844,34847,34848,34849,34851,34852,34853,34855,34856,34857,34858,34859,34863,34874,34952,34995,35000,35001,35002,35004); -- bear
REPLACE INTO `creature_spawn_entry` (`guid`, `entry`) SELECT `guid`, 3819 FROM `creature` WHERE `id` IN (3809,3819,3823) AND `guid` IN (20870,20940,34290,34292,34309,34320,34327,34330,34331,34332,34333,34334,34341,34352,34353,34356,34357,34358,34359,34773,34775,34776,34787,34788,34790,34791,34793,34794,34795,34796,34798,34799,34800,34801,34803,34805,34806,34807,34808,34809,34810,34813,34814,34816,34817,34819,34821,34822,34823,34824,34825,34826,34827,34828,34829,34830,34831,34832,34833,34834,34836,34839,34840,34841,34843,34844,34845,34846,34847,34848,34849,34850,34851,34852,34853,34854,34855,34856,34857,34858,34859,34862,34863,34864,34865,34866,34867,34868,34869,34870,34871,34872,34873,34874,34875,34876,34877,34878,34879,34880,34881,34936,34937,34938,34939,34940,34941,34942,34943,34944,34945,34946,34948,34949,34950,34951,34952,34953,34954,34955,34957,34959,34961,34962,34963,34969,34973,34976,34977,34979,34980,34981,34983,34986,34988,34995,34997,34998,34999,35000,35001,35002,35004,35005); -- stalker
REPLACE INTO `creature_spawn_entry` (`guid`, `entry`) SELECT `guid`, 3823 FROM `creature` WHERE `id` IN (3809,3819,3823) AND `guid` IN (20940,34309,34327,34353,34356,34358,34773,34775,34776,34788,34790,34791,34793,34794,34795,34796,34798,34799,34800,34801,34803,34805,34806,34807,34808,34809,34810,34813,34816,34817,34819,34821,34822,34823,34824,34825,34826,34831,34832,34834,34841,34845,34846,34847,34848,34849,34850,34851,34852,34853,34854,34855,34862,34864,34865,34866,34867,34868,34869,34870,34871,34872,34873,34875,34876,34877,34878,34879,34880,34881,34936,34937,34938,34939,34940,34941,34942,34943,34944,34945,34946,34948,34949,34950,34951,34952,34953,34954,34955,34957,34959,34961,34962,34963,34969,34973,34976,34977,34979,34980,34981,34983,34986,34988,34995,34997,34998,34999,35000,35001,35002,35004,35005); -- runner
UPDATE creature SET `id` = 0 WHERE `id` IN (3809,3819,3823) AND `guid` IN (20870,20940,34290,34292,34309,34320,34327,34330,34331,34332,34333,34334,34341,34352,34353,34356,34357,34358,34359,34773,34775,34776,34787,34788,34790,34791,34793,34794,34795,34796,34798,34799,34800,34801,34803,34805,34806,34807,34808,34809,34810,34813,34814,34816,34817,34819,34821,34822,34823,34824,34825,34826,34827,34828,34829,34830,34831,34832,34833,34834,34836,34839,34840,34841,34843,34844,34845,34846,34847,34848,34849,34850,34851,34852,34853,34854,34855,34856,34857,34858,34859,34862,34863,34874,34864,34865,34866,34867,34868,34869,34870,34871,34872,34873,34875,34876,34877,34878,34879,34880,34881,34936,34937,34938,34939,34940,34941,34942,34943,34944,34945,34946,34948,34949,34950,34951,34952,34953,34954,34955,34957,34959,34961,34962,34963,34969,34973,34976,34977,34979,34980,34981,34983,34986,34988,34995,34997,34998,34999,35000,35001,35002,35004,35005);

-- https://www.wowhead.com/tbc/npc=3810/elder-ashenvale-bear
-- https://www.wowhead.com/tbc/npc=3820/wildthorn-venomspitter
-- https://www.wowhead.com/tbc/npc=3824/ghostpaw-howler
REPLACE INTO `creature_spawn_entry` (`guid`, `entry`) SELECT `guid`, 3810 FROM `creature` WHERE `id` IN (3810,3820,3824) AND `guid` IN (34360,34361,34362,34363,34364,34365,34366,34367,34368,34369,34370,34371,34372,34373,34374,34375,34376,34377,34378,34379,34380,34381,34382,34383,34384,34385,34386,34387,34388,34389,34390,34391,34392,34393,34394,34395,34396,34397,34398,34399,34400,34401,34882,34886,34887,34888,34890,34891,34892,34893,34894,34895,34896,34901,34905,34906,34909); -- bear
REPLACE INTO `creature_spawn_entry` (`guid`, `entry`) SELECT `guid`, 3820 FROM `creature` WHERE `id` IN (3810,3820,3824) AND `guid` IN (34360,34361,34362,34363,34364,34365,34366,34367,34368,34369,34370,34371,34372,34373,34374,34375,34376,34377,34378,34379,34380,34381,34382,34383,34384,34385,34386,34387,34388,34389,34390,34391,34392,34393,34394,34395,34396,34397,34398,34399,34400,34401,34882,34883,34884,34885,34886,34887,34888,34889,34890,34891,34892,34893,34894,34895,34896,34897,34898,34899,34900,34901,34902,34903,34904,34905,34906,34907,34908,34909,35006,35007,35008,35009,35010,35011,35012,35013,35014,35015,35016,35017,35018,35019,35020,35021,35022,35023,35024,35025,35026,35027,35028,35029,35030,35031,35032,35033,35034,35035,35036,35037,35038,35039); -- venomspitter
REPLACE INTO `creature_spawn_entry` (`guid`, `entry`) SELECT `guid`, 3824 FROM `creature` WHERE `id` IN (3810,3820,3824) AND `guid` IN (34883,34884,34885,34889,34897,34898,34899,34900,34902,34903,34904,34907,34908,35006,35007,35008,35009,35010,35011,35012,35013,35014,35015,35016,35017,35018,35019,35020,35021,35022,35023,35024,35025,35026,35027,35028,35029,35030,35031,35032,35033,35034,35035,35036,35037,35038,35039); -- howler
UPDATE creature SET `id` = 0 WHERE `id` IN (3810,3820,3824) AND `guid` IN (34360,34361,34362,34363,34364,34365,34366,34367,34368,34369,34370,34371,34372,34373,34374,34375,34376,34377,34378,34379,34380,34381,34382,34383,34384,34385,34386,34387,34388,34389,34390,34391,34392,34393,34394,34395,34396,34397,34398,34399,34400,34401,34882,34883,34884,34885,34886,34887,34888,34889,34890,34891,34892,34893,34894,34895,34896,34897,34898,34899,34900,34901,34902,34903,34904,34905,34906,34907,34908,34909,35006,35007,35008,35009,35010,35011,35012,35013,35014,35015,35016,35017,35018,35019,35020,35021,35022,35023,35024,35025,35026,35027,35028,35029,35030,35031,35032,35033,35034,35035,35036,35037,35038,35039);

-- https://www.wowhead.com/tbc/npc=3834/crazed-ancient
-- https://www.wowhead.com/tbc/npc=3919/withered-ancient
REPLACE INTO `creature_spawn_entry` (`guid`, `entry`) SELECT `guid`, 3834 FROM `creature` WHERE `id` IN (3834,3919) AND `guid` IN (32430,32432,32433,32434,32435,32436,32437,35088,35089,35090,35091,35092,35093,35094); -- crazed
REPLACE INTO `creature_spawn_entry` (`guid`, `entry`) SELECT `guid`, 3919 FROM `creature` WHERE `id` IN (3834,3919) AND `guid` IN (32430,32432,32433,32434,32435,32436,32437,35088,35089,35090,35091,35092,35093,35094); -- withered
UPDATE creature SET `id` = 0 WHERE `id` IN (3834,3919) AND `guid` IN (32430,32432,32433,32434,32435,32436,32437,35088,35089,35090,35091,35092,35093,35094);

-- https://www.wowhead.com/tbc/npc=12896/silverwing-sentinel - only some, random movement ones
-- https://www.wowhead.com/tbc/npc=12897/silverwing-warrior
REPLACE INTO `creature_spawn_entry` (`guid`, `entry`) SELECT `guid`, 12896 FROM `creature` WHERE `id` IN (12896,12897) AND `guid` IN (32582,32586,32590,32596,32597); -- sentinel
REPLACE INTO `creature_spawn_entry` (`guid`, `entry`) SELECT `guid`, 12897 FROM `creature` WHERE `id` IN (12896,12897) AND `guid` IN (32582,32586,32590,32596,32597); -- warrior
UPDATE creature SET `id` = 0 WHERE `id` IN (12896,12897) AND `guid` IN (32582,32586,32590,32596,32597);

-- https://www.wowhead.com/tbc/npc=11656/warsong-peon
-- https://www.wowhead.com/tbc/npc=11681/horde-deforester
-- https://www.wowhead.com/tbc/npc=11680/horde-scout - no
REPLACE INTO `creature_spawn_entry` (`guid`, `entry`) SELECT `guid`, 11656 FROM `creature` WHERE `id` IN (11656,11681) AND `guid` IN (32810,32811,32812,32813,32814,32815,32816,32817,32818,32819,32820,32821,32822,32823,32824,32825,32826,32827,32828,32829,32830,32831,32832,32833,32834,32835,32836,32837,32838,32839,32840,32841,32842,32843,32844,32845,32846,32847,32848,32849,33006,33007,33008,33009,33010,33011,33012,33013,33014,33015,33016,33018,33021,33022,33023,33024,33026); -- peon
REPLACE INTO `creature_spawn_entry` (`guid`, `entry`) SELECT `guid`, 11681 FROM `creature` WHERE `id` IN (11656,11681) AND `guid` IN (32810,32811,32812,32813,32814,32815,32816,32817,32818,32819,32820,32821,32822,32823,32824,32825,32826,32827,32828,32829,32830,32831,32832,32833,32834,32835,32836,32837,32838,32839,32840,32841,32842,32843,32844,32845,32846,32847,32848,32849,33006,33007,33008,33009,33010,33011,33012,33013,33014,33015,33016,33018,33021,33022,33023,33024,33026); -- deforester
UPDATE creature SET `id` = 0 WHERE `id` IN (11656,11681) AND `guid` IN (32810,32811,32812,32813,32814,32815,32816,32817,32818,32819,32820,32821,32822,32823,32824,32825,32826,32827,32828,32829,32830,32831,32832,32833,32834,32835,32836,32837,32838,32839,32840,32841,32842,32843,32844,32845,32846,32847,32848,32849,33006,33007,33008,33009,33010,33011,33012,33013,33014,33015,33016,33018,33021,33022,33023,33024,33026);

-- https://www.wowhead.com/classic/npc=4802/blackfathom-tide-priestess - 33291 patrol node, maybe multiple patrols missing 
-- https://www.wowhead.com/classic/npc=4803/blackfathom-oracle
-- https://www.wowhead.com/classic/npc=4788/fallenroot-satyr
-- https://www.wowhead.com/classic/npc=4789/fallenroot-rogue - potential duplicates: 38976,38808,38665,38977 - d.33178,d.33297,d.33300,d.33299
DELETE FROM `creature` WHERE `guid` = 33167 AND `id` IN (0,4788); -- missing in wotlkmangos (deleted for c.id.21195)
INSERT INTO `creature` (`guid`, `id`, `map`, `position_x`, `position_y`, `position_z`, `orientation`, `spawntimesecsmin`, `spawntimesecsmax`, `spawndist`, `MovementType`) VALUES
(33167, 4788, 1, 4187.83007812500000000000, 933.92700195312500000000, -13.07789993286132800000, 0.89495497941970830000, 300, 300, 3, 1);
REPLACE INTO `creature_spawn_entry` (`guid`, `entry`) SELECT `guid`, 4802 FROM `creature` WHERE `id` IN (4802,4803,4788,4789) AND `guid` IN (38976,38808,38665,38977,33166,33167,33168,33169,33170,33171,33172,33176,33178,33179,33285,33286,33287,33288,33290,33291,33292,33293,33294,33295,33296,33297,33298,33299,33300,33308,33310,33312,38665,38666,38808,38974,38976); -- priestess
REPLACE INTO `creature_spawn_entry` (`guid`, `entry`) SELECT `guid`, 4803 FROM `creature` WHERE `id` IN (4802,4803,4788,4789) AND `guid` IN (38976,38808,38665,38977,33173,33175,33176,33177,33178,33179,33285,33288,33289,33291,33292,33294,33295,33296,33297,33298,33299,33300,33302,33303,33304,33305,33306,33307,33308,33309,33310,33311,33312,38665,38666,38808,38974,38976); -- oracle
REPLACE INTO `creature_spawn_entry` (`guid`, `entry`) SELECT `guid`, 4788 FROM `creature` WHERE `id` IN (4802,4803,4788,4789) AND `guid` IN (38977,33166,33167,33168,33169,33170,33171,33172,33176,33178,33179,33286,33287,33290,33291,33292,33293,33308,33310); -- satyr
REPLACE INTO `creature_spawn_entry` (`guid`, `entry`) SELECT `guid`, 4789 FROM `creature` WHERE `id` IN (4802,4803,4788,4789) AND `guid` IN (38977,33173,33175,33176,33177,33178,33179,33289,33291,33292,33302,33303,33304,33305,33306,33307,33308,33309,33310,33311); -- rogue
UPDATE creature SET `id` = 0 WHERE `id` IN (4802,4803,4788,4789) AND `guid` IN (38665,38977,33166,33167,33168,33169,33170,33171,33172,33173,33175,33176,33177,33178,33179,33285,33286,33287,33288,33289,33290,33291,33292,33293,33294,33295,33296,33297,33298,33299,33300,33302,33303,33304,33305,33306,33307,33308,33309,33310,33311,33312,38665,38666,38808,38974,38976);

-- https://www.wowhead.com/classic/npc=3789/terrowulf-fleshripper
-- https://www.wowhead.com/classic/npc=3791/terrowulf-shadow-weaver - 34176 patrol
REPLACE INTO `creature_spawn_entry` (`guid`, `entry`) SELECT `guid`, 3789 FROM `creature` WHERE `id` IN (3789,3791) AND `guid` IN (33796,33958,33959,34118,34123,34124,34128,34129,34130,34131,34132,34133,34134,34176,34177,34178,34179,34180); -- fleshripper
REPLACE INTO `creature_spawn_entry` (`guid`, `entry`) SELECT `guid`, 3791 FROM `creature` WHERE `id` IN (3789,3791) AND `guid` IN (33796,33958,33959,34118,34123,34124,34128,34129,34130,34131,34132,34133,34134,34176,34177,34178,34179,34180); -- shadow-weaver
UPDATE creature SET `id` = 0 WHERE `id` IN (3789,3791) AND `guid` IN (33796,33958,33959,34118,34123,34124,34128,34129,34130,34131,34132,34133,34134,34176,34177,34178,34179,34180);

-- Critters 883,1412 seem to also use multientries

-- https://www.wowhead.com/classic/npc=3924/thistlefur-shaman - not all nodes seemingly
-- https://www.wowhead.com/classic/npc=3925/thistlefur-avenger
REPLACE INTO `creature_spawn_entry` (`guid`, `entry`) SELECT `guid`, 3924 FROM `creature` WHERE `id` IN (3924,3925) AND `guid` IN (32475,32479,32485,32486,32487,32488,32489,32490,32494,32495,32497,32499,32501,32502,32503,32509,32510,32512,32513,32514,32516,32518,32519,32520,32521,32523); -- shaman
REPLACE INTO `creature_spawn_entry` (`guid`, `entry`) SELECT `guid`, 3925 FROM `creature` WHERE `id` IN (3924,3925) AND `guid` IN (32475,32479,32485,32486,32487,32488,32489,32490,32494,32495,32497,32499,32501,32502,32503,32509,32510,32512,32513,32514,32516,32518,32519,32520,32521,32523); -- avenger
UPDATE creature SET `id` = 0 WHERE `id` IN (3924,3925) AND `guid` IN (32475,32479,32485,32486,32487,32488,32489,32490,32494,32495,32497,32499,32501,32502,32503,32509,32510,32512,32513,32514,32516,32518,32519,32520,32521,32523);

-- Dal Bloodclaw 3987 Movement missing

-- CREATURE_EXTRA_FLAG_DYNGUID
UPDATE `creature_template` SET `ExtraFlags` = `ExtraFlags`|1048576 WHERE `entry` IN (12474,12475,12476,6073,6115,11697,3758,3762,3759,3763,3765,3771,3767,3770,3752,3754,3755,3757,3782,3784,3746,3748,3749,3743,3750,3737,3739,3740,3742,3713,3717,3711,3944,3781,3783,3725,3728,3727,3730,3732,3733,3799,3801,3802,3803,3804,3806,3807,3808,11682,11683,3811,3821,3712,3715,3797,3815,3812,3814,3809,3819,3823,3810,3820,3824,3834,3919,12896,12897,11656,11681,4802,4803,4788,4789,3789,3791,3924,3925,25863,25866);

-- https://www.wowhead.com/classic/npc=6071/legion-hound - Source: TrinityCore
DELETE FROM `creature` WHERE `id` = 6071 AND `guid` BETWEEN 191708 AND 191717;
INSERT INTO `creature` (`guid`, `id`, `map`, `position_x`, `position_y`, `position_z`, `orientation`, `movementtype`, `spawndist`, `spawntimesecsmin`, `spawntimesecsmax`) VALUES
(191708, 6071, 1, 1644.94, -3086.83, 88.5227, 5.6608, 0, 0, 300, 300),
(191709, 6071, 1, 1639.91, -3086.87, 88.1959, 5.6608, 0, 0, 300, 300),
(191710, 6071, 1, 1643.2, -3082.28, 88.0567, 5.6608, 0, 0, 300, 300),
(191711, 6071, 1, 1639.91, -3086.87, 88.1959, 5.6608, 0, 0, 300, 300),
(191712, 6071, 1, 1643.2, -3082.28, 88.0567, 5.6608, 0, 0, 300, 300),

(191713, 6071, 1, 1703.05, -3440.01, 144.848, 1.88069, 0, 0, 300, 300),
(191714, 6071, 1, 1699.72, -3441.07, 144.903, 1.88069, 0, 0, 300, 300),
(191715, 6071, 1, 1700.04, -3437.18, 145.013, 1.84535, 0, 0, 300, 300),
(191716, 6071, 1, 1699.72, -3441.07, 144.903, 1.88069, 0, 0, 300, 300),
(191717, 6071, 1, 1700.04, -3437.18, 145.013, 1.84535, 0, 0, 300, 300);

DELETE FROM `spawn_group` WHERE `Id` = 19064;
DELETE FROM `spawn_group` WHERE `Id` = 19065;
INSERT INTO `spawn_group` (`Id`, `Name`, `Type`, `MaxCount`, `WorldState`, `Flags`) VALUES
(19064, 'Ashenvale - Legion Hound (3) Patrol 000', 0, 3, 0, 0), -- no maxcount in classic, nerfed to 3 or deactivated in tbc+
(19065, 'Ashenvale - Legion Hound (3) Patrol 001', 0, 3, 0, 0); -- no maxcount in classic, nerfed to 3 or deactivated in tbc+

DELETE FROM `spawn_group_spawn` WHERE `Id` = 19064;
DELETE FROM `spawn_group_spawn` WHERE `Id` = 19065;
INSERT INTO `spawn_group_spawn` (`Id`, `Guid`, `SlotId`) VALUES
(19064, 191708, 0),
(19064, 191709, 1),
(19064, 191710, 2),
(19064, 191711, 3),
(19064, 191712, 4),
(19065, 191713, 0),
(19065, 191714, 1),
(19065, 191715, 2),
(19065, 191716, 3),
(19065, 191717, 4);

DELETE FROM `spawn_group_formation` WHERE `Id` = 19064;
DELETE FROM `spawn_group_formation` WHERE `Id` = 19065;
INSERT INTO `spawn_group_formation` (`Id`, `FormationType`, `FormationSpread`, `FormationOptions`, `PathId`, `MovementType`, `Comment`) VALUES
(19064, 3, 3, 0, 19064, 2, 'Ashenvale - Legion Hound (3) Patrol 000'),
(19065, 3, 3, 0, 19065, 2, 'Ashenvale - Legion Hound (3) Patrol 001');

DELETE FROM `waypoint_path_name` WHERE `PathId` = 19064;
DELETE FROM `waypoint_path_name` WHERE `PathId` = 19065;
INSERT INTO `waypoint_path_name` (`PathId`, `Name`) VALUES
(19064, 'Ashenvale - Legion Hound (3) Patrol 000'),
(19065, 'Ashenvale - Legion Hound (3) Patrol 001');

DELETE FROM `waypoint_path` WHERE `PathId` = 19064;
DELETE FROM `waypoint_path` WHERE `PathId` = 19065;
INSERT INTO `waypoint_path` (`PathId`, `point`, `positionx`, `positiony`, `positionz`, `orientation`, `waittime`) VALUES
(19064, 1, 1644.89, -3086.45, 88.4635, 100, 0),
(19064, 2, 1664.39, -3102.12, 88.8426, 100, 0),
(19064, 3, 1680.79, -3115.14, 89.38, 100, 0),
(19064, 4, 1695.97, -3129.64, 90.6605, 100, 0),
(19064, 5, 1708.42, -3141.91, 92.8268, 100, 0),
(19064, 6, 1728.46, -3159.08, 92.0482, 100, 0),
(19064, 7, 1743.9, -3169.44, 91.2439, 100, 0),
(19064, 8, 1760.46, -3175.05, 90.4935, 100, 0),
(19064, 9, 1784.31, -3179.42, 91.5894, 100, 0),
(19064, 10, 1812.1, -3178.79, 92.2732, 100, 0),
(19064, 11, 1835.78, -3174.46, 93.4892, 100, 0),
(19064, 12, 1862.45, -3165.93, 95.2245, 100, 0),
(19064, 13, 1892.7, -3157.23, 95.9395, 100, 0),
(19064, 14, 1862.45, -3165.93, 95.2245, 100, 0),
(19064, 15, 1835.78, -3174.46, 93.4892, 100, 0),
(19064, 16, 1812.1, -3178.79, 92.2732, 100, 0),
(19064, 17, 1784.31, -3179.42, 91.5894, 100, 0),
(19064, 18, 1760.46, -3175.05, 90.4935, 100, 0),
(19064, 19, 1743.9, -3169.44, 91.2439, 100, 0),
(19064, 20, 1728.46, -3159.08, 92.0482, 100, 0),
(19064, 21, 1708.42, -3141.91, 92.8268, 100, 0),
(19064, 22, 1695.97, -3129.64, 90.6605, 100, 0),
(19064, 23, 1680.79, -3115.14, 89.38, 100, 0),
(19064, 24, 1664.39, -3102.12, 88.8426, 100, 0),
(19064, 25, 1644.89, -3086.45, 88.4635, 100, 0),
(19065, 1, 1698.41, -3431.15, 145.069, 100, 0),
(19065, 2, 1690.93, -3414.84, 144.868, 100, 0),
(19065, 3, 1685.14, -3406.09, 144.61, 100, 0),
(19065, 4, 1676.82, -3394.83, 144.554, 100, 0),
(19065, 5, 1666.06, -3381.04, 145.247, 100, 0),
(19065, 6, 1657.19, -3370.22, 145.083, 100, 0),
(19065, 7, 1642.15, -3350.89, 144.625, 100, 0),
(19065, 8, 1627.4, -3331.66, 144.394, 100, 0),
(19065, 9, 1633.34, -3316.24, 144.838, 100, 0),
(19065, 10, 1639.23, -3296.09, 148.166, 100, 0),
(19065, 11, 1642.29, -3286.05, 149.501, 100, 0),
(19065, 12, 1648.34, -3269.64, 148.884, 100, 0),
(19065, 13, 1654.01, -3256.86, 145.93, 100, 0),
(19065, 14, 1662.8, -3241.74, 141.116, 100, 0),
(19065, 15, 1674.17, -3224.09, 134.268, 100, 0),
(19065, 16, 1687.19, -3206.72, 122.473, 100, 0),
(19065, 17, 1684.63, -3186.78, 114.023, 100, 0),
(19065, 18, 1684.62, -3171.82, 104.853, 100, 0),
(19065, 19, 1698.47, -3157.29, 95.1112, 100, 0),
(19065, 20, 1684.62, -3171.82, 104.853, 100, 0),
(19065, 21, 1684.63, -3186.78, 114.023, 100, 0),
(19065, 22, 1687.19, -3206.72, 122.473, 100, 0),
(19065, 23, 1674.17, -3224.09, 134.268, 100, 0),
(19065, 24, 1662.8, -3241.74, 141.116, 100, 0),
(19065, 25, 1654.01, -3256.86, 145.93, 100, 0),
(19065, 26, 1648.34, -3269.64, 148.884, 100, 0),
(19065, 27, 1642.29, -3286.05, 149.501, 100, 0),
(19065, 28, 1639.23, -3296.09, 148.166, 100, 0),
(19065, 29, 1633.34, -3316.24, 144.838, 100, 0),
(19065, 30, 1627.4, -3331.66, 144.394, 100, 0),
(19065, 31, 1642.15, -3350.89, 144.625, 100, 0),
(19065, 32, 1657.19, -3370.22, 145.083, 100, 0),
(19065, 33, 1666.06, -3381.04, 145.247, 100, 0),
(19065, 34, 1676.82, -3394.83, 144.554, 100, 0),
(19065, 35, 1685.14, -3406.09, 144.61, 100, 0),
(19065, 36, 1690.93, -3414.84, 144.868, 100, 0),
(19065, 37, 1698.41, -3431.15, 145.069, 100, 0);

UPDATE `creature` SET `MovementType` = 4 WHERE `guid` = 32382 AND `id` = 12862; -- created from spawn nodes
DELETE FROM `creature_movement_template` WHERE `entry` = 12862;
INSERT INTO `creature_movement_template` (`entry`, `Point`, `PositionX`, `PositionY`, `PositionZ`, `Orientation`, `WaitTime`, `ScriptId`) VALUES
(12862, 1, 2045.41, -2396.98, 87.8554, 3.42506, 300000, 0),
(12862, 2, 2062.70, -2386.50, 93.2987, 100, 0, 0),
(12862, 3, 2050.67, -2389.86, 100.0019, 100, 0, 0),
(12862, 4, 2046.22, -2381.64, 105.0019, 100, 0, 0),
(12862, 5, 2050.61, -2396.94, 111.464, 4.31096, 60000, 0);

-- https://www.wowhead.com/tbc/npc=10639/rorgish-jowl - no weapon
UPDATE `creature_template` SET `EquipmentTemplateId` = 0 WHERE `entry` = 10639;
DELETE FROM `creature_equip_template` WHERE `entry` = 10639;

-- https://www.wowhead.com/classic/npc=12856/ashenvale-outrunner
DELETE FROM `creature` WHERE `id` = 12856 AND `guid` BETWEEN 191718 AND 191722;
INSERT INTO `creature` (`guid`, `id`, `map`, `position_x`, `position_y`, `position_z`, `orientation`, `movementtype`, `spawndist`, `spawntimesecsmin`, `spawntimesecsmax`) VALUES
(191718, 12856, 1, 2074.37, -2692.65, 104.1250, 0, 1, 5, 300, 300),
(191719, 12856, 1, 1972.43, -2243.35, 100.2789, 0, 1, 5, 300, 300),
(191720, 12856, 1, 1861.82, -2238.03, 118.5329, 0, 1, 5, 300, 300),
(191721, 12856, 1, 1808.78, -2529.31, 80.0756, 0, 1, 5, 300, 300),
(191722, 12856, 1, 1803.69, -2469.85, 83.2781, 0, 1, 5, 300, 300);

-- tbc+
UPDATE `creature` SET `position_x` = 3922.169922, `position_y` = 789.547974, `position_z` = 9.140940, `orientation` = 0.888479 WHERE `guid` = 170540 AND `id` = 25924; -- https://www.wowhead.com/tbc/npc=25924/twilight-speaker-viktor

DELETE FROM `creature_loot_template` WHERE `item` IN (2589,2592) AND `entry` IN (25863,25866,25924); -- Add missing cloth loot
INSERT INTO `creature_loot_template` (`entry`, `item`, `ChanceOrQuestChance`, `groupid`, `mincountOrRef`, `maxcount`)
SELECT `entry`, 2589, 20, 1, 1, 3 FROM `creature_template` WHERE `entry` IN ( -- Linen Cloth
25863, -- https://web.archive.org/web/20090526142626/http://wow.allakhazam.com/db/mob.html?wmob=25863
25866, -- https://web.archive.org/web/20090417044536/http://wow.allakhazam.com/db/mob.html?wmob=25866
25924);-- https://web.archive.org/web/20090417022631/http://wow.allakhazam.com/db/mob.html?wmob=25924

INSERT INTO `creature_loot_template` (`entry`, `item`, `ChanceOrQuestChance`, `groupid`, `mincountOrRef`, `maxcount`)
SELECT `entry`, 2592, 20, 1, 1, 2 FROM `creature_template` WHERE `entry` IN ( -- Wool Cloth
25863, -- https://web.archive.org/web/20090526142626/http://wow.allakhazam.com/db/mob.html?wmob=25863
25866, -- https://web.archive.org/web/20090417044536/http://wow.allakhazam.com/db/mob.html?wmob=25866
25924);-- https://web.archive.org/web/20090417022631/http://wow.allakhazam.com/db/mob.html?wmob=25924

