

-- ========================================================================
-- TBC-DB NOTE: HAD TO RE-GUID THE CREATURE SPAWN AND SOME OF THE GO SPAWNS - Also Backported 4 Missing GO Spawns From UDB
-- ========================================================================


-- Veil Lithic Preemptive Strike(q.10861)
-- Malevolent Hatchling & Redeemet Hatchling are spawned only from 'Cursed Egg'
DELETE FROM creature WHERE id IN (22337,22339); 
-- 38854,38865 - scripts for non-existed in DB spells 
DELETE FROM dbscripts_on_go_template_use WHERE id IN (185208,185212);
INSERT INTO dbscripts_on_go_template_use (id, command, datalong, datalong2, comments) values 
(185208, 10, 22339,4000, 'summon Redeemet Hatchling '),
(185212, 10, 22337,0, 'summon Malevolent Hatchling ');
-- missing 'Lithic Talonguard' - added (reused empty guid)
DELETE FROM creature WHERE guid = 85532;
INSERT INTO creature (guid, id, map, spawnMask, modelid, equipment_id, position_x, position_y, position_z, orientation, spawntimesecs, spawndist, currentwaypoint, curhealth, curmana, DeathState, MovementType) VALUES 
(85532,22388,530,1,0,0,-3673.55,5844.84,-0.737886,4.87915,25,5,0,5600,0,0,1);
-- missing 'Cursed Eggs' and [PH]Arakkoa Egg - added  (reused empty guids)
DELETE FROM gameobject WHERE guid IN (65095,65096,65097,65098,65099,65100,65101,65102,65103,65104,65105,65106,65107,65108,65109,65144,65155,65161,65185,65190,65203,65208,65211,65213,65223,65225,65226,65227,65233,65234,65243);
INSERT INTO gameobject (guid, id, map, spawnMask, position_x, position_y, position_z, orientation, rotation0, rotation1, rotation2, rotation3, spawntimesecs, animprogress, state) VALUES
-- These 4 Spawns are Missing UDB Backports
('65095','185210','530','1','-3680.92','5833.34','0.454839','1.01229','0','0','0','0','180','255','1'),
('65096','185210','530','1','-3678.81','5733.74','-1.00285','0.733038','0','0','0','0','180','255','1'),
('65097','185210','530','1','-3663.81','5836.54','0.080896','2.58308','0','0','0','0','180','255','1'),
('65098','185210','530','1','-3578.94','5817.69','-3.24209','2.91469','0','0','0','0','180','255','1'),
-- Additional New Spawns
( 65099, 185210, 530, 1,-3639.31, 5831.26, 0.073366, 2.80403, 0, 0, 0.98579, 0.167983, 181, 100, 1),
( 65100, 185210, 530, 1,-3560.05, 5771.58, -3.12615, 2.80403, 0, 0, 0.98579, 0.167983, 181, 100, 1),
( 65101, 185208, 530, 1,-3678.81, 5733.75, -1.00285, 1.38717, 0, 0, 0.639297, 0.76896, 180, 255, 1),
( 65102, 185210, 530, 1,-3568.52, 5772.15, -2.89509, 0.0183539, 0, 0, 0.00917684, 0.999958, 181, 100, 1),
( 65103, 185212, 530, 1,-3550.83, 5709.17, 0.0639097, 4.87525, 0, 0, 0.647248, -0.762279, 181, 100, 1), 
( 65104, 185211, 530, 1,-3550.83, 5709.17, 0.0639097, 4.87525, 0, 0, 0.647248, -0.762279, 180, 255, 1),
( 65105, 185210, 530, 1,-3550.83, 5709.17, 0.0639097, 4.87525, 0, 0, 0.647248, -0.762279, 181, 100, 1),
( 65106, 185211, 530, 1,-3579.21, 5817.7, -3.22469, 0.0686128, 0, 0, 0.0342997, 0.999412, 180, 255, 1),
( 65107, 185208, 530, 1,-3579.21, 5817.7, -3.22469, 0.0686128, 0, 0, 0.0342997, 0.999412, 180, 255, 1),
( 65108, 185212, 530, 1,-3579.21, 5817.7, -3.22469, 0.0686128, 0, 0, 0.0342997, 0.999412, 181, 100, 1), 
( 65109, 185210, 530, 1,-3660.14, 5811.17, 0.0294594, 1.3763, 0, 0, 0.635109, 0.772423, 181, 100, 1),
( 65144, 185211, 530, 1,-3663.97, 5836.82, 0.0927558, 5.25617, 0, 0, 0.491236, -0.871026, 180, 255, 1),
( 65155, 185212, 530, 1,-3663.97, 5836.82, 0.0927558, 5.25617, 0, 0, 0.491236, -0.871026, 181, 100, 1), 
( 65161, 185208, 530, 1,-3663.97, 5836.82, 0.0927558, 5.25617, 0, 0, 0.491236, -0.871026, 180, 255, 1),
( 65185, 185208, 530, 1,-3680.77, 5833.66, 0.544681, 0.131452, 0, 0, 0.0656785, 0.997841, 180, 255, 1),
( 65190, 185211, 530, 1,-3680.77, 5833.66, 0.544681, 0.131452, 0, 0, 0.0656785, 0.997841, 180, 255, 1),
( 65203, 185212, 530, 1,-3680.77, 5833.66, 0.544681, 0.131452, 0, 0, 0.0656785, 0.997841, 181, 100, 1), 
( 65208, 185212, 530, 1,-3692.66, 5728.5, -0.873235, 5.58603, 0, 0, 0.341562, -0.939859, 181, 100, 1), 
( 65211, 185211, 530, 1,-3692.66, 5728.5, -0.873235, 5.58603, 0, 0, 0.341562, -0.939859, 25, 255, 1),
( 65213, 185210, 530, 1,-3692.66, 5728.5, -0.873235, 5.58603, 0, 0, 0.341562, -0.939859, 181, 100, 1),
( 65223, 185210, 530, 1,-3669.96, 5715.69, -0.991985, 4.10948, 0, 0, 0.885168, -0.465272, 181, 100, 1),
( 65225, 185211, 530, 1,-3669.96, 5715.69, -0.991985, 4.10948, 0, 0, 0.885168, -0.465272, 180, 255, 1),
( 65226, 185212, 530, 1,-3669.96, 5715.69, -0.991985, 4.10948, 0, 0, 0.885168, -0.465272, 181, 100, 1), 
( 65227, 185212, 530, 1,-3620.63, 5759.64, 1.70168, 2.01246, 0, 0, 0.844822, 0.535048, 181, 100, 1), 
( 65233, 185211, 530, 1,-3620.63, 5759.64, 1.70168, 2.01246, 0, 0, 0.844822, 0.535048, 180, 255, 1),
( 65234, 185210, 530, 1,-3620.63, 5759.64, 1.70168, 2.01246, 0, 0, 0.844822, 0.535048, 181, 100, 1),
( 65243, 185208, 530, 1,-3620.63, 5759.64, 1.70168, 2.01246, 0, 0, 0.844822, 0.535048, 180, 255, 1);
-- Cursed Eggs - pools
DELETE FROM pool_template WHERE entry BETWEEN 25456 AND 25467;
INSERT INTO pool_template (entry, max_limit, description) VALUES 
(25456,1,'Veil Lithic - Cursed Eggs - Pool 1'),
(25457,1,'Veil Lithic - Cursed Eggs - Pool 2'),
(25458,1,'Veil Lithic - Cursed Eggs - Pool 3'),
(25459,1,'Veil Lithic - Cursed Eggs - Pool 4'),
(25460,1,'Veil Lithic - Cursed Eggs - Pool 5'),
(25461,1,'Veil Lithic - Cursed Eggs - Pool 6'),
(25462,1,'Veil Lithic - Cursed Eggs - Pool 7'),
(25463,1,'Veil Lithic - Cursed Eggs - Pool 8'),
(25464,1,'Veil Lithic - Cursed Eggs - Pool 9'),
(25465,1,'Veil Lithic - Cursed Eggs - Pool 10'),
(25466,1,'Veil Lithic - Cursed Eggs - Pool 11'),
(25467,1,'Veil Lithic - Cursed Eggs - Pool 12');
-- only one can be spawned
DELETE FROM pool_gameobject WHERE guid IN (65099,65100,65095,65102,65097,65104,65105,65106,26095,26093,65109,65144,26094,65096,65098,65190,26097,26096,65211,65213,65223,65225,65233,65234);
INSERT INTO pool_gameobject (guid, pool_entry, chance, description) VALUES 
(65190,25456,0,'185211 - Cursed Egg #1'),
(65095,25456,0,'185210 - Cursed Egg #2'),
(65144,25457,0,'185211 - Cursed Egg #3'),
(65097,25457,0,'185210 - Cursed Egg #4'),
(26095,25458,0,'185211 - Cursed Egg #5'),
(65099,25458,0,'185210 - Cursed Egg #6'),
(26093,25459,0,'185211 - Cursed Egg #7'),
(65109,25459,0,'185210 - Cursed Egg #8'),
(26094,25460,0,'185211 - Cursed Egg #9'),
(65096,25460,0,'185210 - Cursed Egg #10'),
(65211,25461,0,'185211 - Cursed Egg #11'),
(65213,25461,0,'185210 - Cursed Egg #12'),
(65225,25462,0,'185211 - Cursed Egg #13'),
(65223,25462,0,'185210 - Cursed Egg #14'),
(65233,25463,0,'185211 - Cursed Egg #15'),
(65234,25463,0,'185210 - Cursed Egg #16'),
(65106,25464,0,'185211 - Cursed Egg #17'),
(65098,25464,0,'185210 - Cursed Egg #18'),
(26097,25465,0,'185211 - Cursed Egg #19'),
(65100,25465,0,'185210 - Cursed Egg #20'),
(26096,25466,0,'185211 - Cursed Egg #21'),
(65102,25466,0,'185210 - Cursed Egg #22'),
(65104,25467,0,'185211 - Cursed Egg #23'),
(65105,25467,0,'185210 - Cursed Egg #24');



