-- Has a core part
UPDATE creature_template SET InhabitType=4 WHERE entry IN(22923,23378);
INSERT INTO `creature_template_addon` (`entry`, `auras`) VALUES (22923, '18950');
INSERT INTO `creature_template_addon` (`entry`, `auras`) VALUES (23378, '18950');
DELETE FROM dbscripts_on_gossip WHERE id IN(870301,870401);
INSERT INTO dbscripts_on_gossip VALUES
('870301', '0', '15', '41137', '0', '0', '0', '0', '2', '0', '0', '0', '0', '0', '0', '0', '0', 'cast Simon Game, begin game, solo'),
('870401', '0', '15', '41139', '0', '0', '0', '0', '2', '0', '0', '0', '0', '0', '0', '0', '0', 'cast Simon Game, begin game, group');

-- Requirement to start events should be apexis shards only, no quest req.
UPDATE gossip_menu_option SET condition_id=467 WHERE menu_id=8704;
UPDATE gossip_menu_option SET condition_id=466 WHERE menu_id=8703;

DELETE FROM spell_script_target WHERE entry IN(39993);
INSERT INTO spell_script_target(entry, type, targetEntry, inverseEffectMask) VALUES
('39993', '1', '22923', '0'),
('39993', '1', '23378', '0');

DELETE FROM spell_script_target WHERE entry IN(40055,40165,40166,40167);
INSERT INTO spell_script_target(entry, type, targetEntry, inverseEffectMask) VALUES
('40055', '1', '22923', '0'),
('40165', '1', '22923', '0'),
('40166', '1', '22923', '0'),
('40167', '1', '22923', '0'),
('40055', '1', '23378', '0'),
('40165', '1', '23378', '0'),
('40166', '1', '23378', '0'),
('40167', '1', '23378', '0');

DELETE FROM spell_script_target WHERE entry IN(41124);
INSERT INTO spell_script_target(entry, type, targetEntry, inverseEffectMask) VALUES
('41124', '1', '23382', '0');
-- Simon Game Bunny c.22923
-- 28 spawns
DELETE FROM creature WHERE guid BETWEEN 151053 AND 151094;
INSERT INTO creature (guid, id, map, spawnMask, modelid, equipment_id, position_x, position_y, position_z, orientation, spawntimesecsmin, spawntimesecsmax, spawndist, curhealth, curmana, MovementType) VALUES
(151053,22923,530,1,0,0,1911.609,7374.962,369.721,5.340707,300,300,0,0,0,0),
(151054,22923,530,1,0,0,1911.717,7344.812,370.0344,5.096361,300,300,0,0,0,0),
(151055,22923,530,1,0,0,1946.2,7374.688,369.8574,3.630285,300,300,0,0,0,0),
(151056,22923,530,1,0,0,1945.899,7344.675,370.0263,1.937315,300,300,0,0,0,0),
(151057,22923,530,1,0,0,2084.83,7107.402,371.0191,5.096361,300,300,0,0,0,0),
(151058,22923,530,1,0,0,2117.531,7107.018,370.8182,5.323254,300,300,0,0,0,0),
(151059,22923,530,1,0,0,2085.663,7137.575,371.1969,1.466077,300,300,0,0,0,0),
(151060,22923,530,1,0,0,2117.101,7137.257,369.6459,1.186824,300,300,0,0,0,0),
(151061,22923,530,1,0,0,2516.242,7017.141,373.1818,1.954769,300,300,0,0,0,0),
(151062,22923,530,1,0,0,2516.372,7048.195,373.242,5.113815,300,300,0,0,0,0),
(151063,22923,530,1,0,0,2550.148,7017.288,373.5986,5.67232,300,300,0,0,0,0),
(151064,22923,530,1,0,0,2550.073,7047.984,373.7432,1.727876,300,300,0,0,0,0),
(151065,22923,530,1,0,0,2708.419,7299.069,374.4966,4.34587,300,300,0,0,0,0),
(151066,22923,530,1,0,0,2744.158,7298.379,374.4091,3.490659,300,300,0,0,0,0),
(151067,22923,530,1,0,0,2708.349,7269.944,374.3701,1.658063,300,300,0,0,0,0),
(151068,22923,530,1,0,0,2743.297,7269.906,374.3118,2.530727,300,300,0,0,0,0),
(151069,22923,530,1,0,0,3892.872,5083.451,275.9962,0.4712389,300,300,0,0,0,0),
(151070,22923,530,1,0,0,3919.892,5083.328,276.209,5.689773,300,300,0,0,0,0),
(151071,22923,530,1,0,0,3892.353,5120.832,275.549,2.059489,300,300,0,0,0,0),
(151072,22923,530,1,0,0,3920.063,5120.76,276.2372,5.654867,300,300,0,0,0,0),
(151073,22923,530,1,0,0,4026.616,5320.302,275.4866,3.508112,300,300,0,0,0,0),
(151074,22923,530,1,0,0,4003.036,5320.77,275.3895,6.021386,300,300,0,0,0,0),
(151075,22923,530,1,0,0,4003.021,5354.911,275.5474,2.059489,300,300,0,0,0,0),
(151076,22923,530,1,0,0,4027.189,5354.396,275.195,4.660029,300,300,0,0,0,0),
(151077,22923,530,1,0,0,4049.965,5575.241,272.7738,3.647738,300,300,0,0,0,0),
(151078,22923,530,1,0,0,4079.017,5575.087,274.2945,5.550147,300,300,0,0,0,0),
(151079,22923,530,1,0,0,4079.499,5604.304,272.7948,5.323254,300,300,0,0,0,0),
(151080,22923,530,1,0,0,4050.003,5604.226,272.239,4.39823,300,300,0,0,0,0);

-- Simon Game Bunny Large c.23378
-- 7 spawns
INSERT INTO creature (guid, id, map, spawnMask, modelid, equipment_id, position_x, position_y, position_z, orientation, spawntimesecsmin, spawntimesecsmax, spawndist, curhealth, curmana, MovementType) VALUES
(151081,23378,530,1,0,0,1928.813,7359.432,373.3073,2.548181,300,300,0,0,0,0),
(151082,23378,530,1,0,0,2533.589,7033.128,377.6109,0.3665192,300,300,0,0,0,0),
(151083,23378,530,1,0,0,2101.089,7122.885,365.0939,3.385939,300,300,0,0,0,0),
(151084,23378,530,1,0,0,2726.41,7283.326,377.8572,1.239184,300,300,0,0,0,0),
(151085,23378,530,1,0,0,3905.898,5102.085,279.1868,1.361357,300,300,0,0,0,0),
(151086,23378,530,1,0,0,4014.375,5337.503,270.041,6.213372,300,300,0,0,0,0),
(151087,23378,530,1,0,0,4064.616,5589.475,276.7583,5.497787,300,300,0,0,0,0);

-- Simon Game Summon Target c.23382
-- 7 spawns
INSERT INTO creature (guid, id, map, spawnMask, modelid, equipment_id, position_x, position_y, position_z, orientation, spawntimesecsmin, spawntimesecsmax, spawndist, curhealth, curmana, MovementType) VALUES
(151088,23382,530,1,0,0,1961,7358.761,364.5538,3.124139,300,300,0,0,0,0),
(151089,23382,530,1,0,0,2133.038,7122.365,364.8543,2.460914,300,300,0,0,0,0),
(151090,23382,530,1,0,0,2562.766,7033.473,368.038,6.248279,300,300,0,0,0,0),
(151091,23382,530,1,0,0,2759.453,7284.243,368.668,2.670354,300,300,0,0,0,0),
(151092,23382,530,1,0,0,3934.184,5101.655,267.9746,3.054326,300,300,0,0,0,0),
(151093,23382,530,1,0,0,4039.938,5337.764,268.5187,1.605703,300,300,0,0,0,0),
(151094,23382,530,1,0,0,4086.44,5589.514,267.5504,3.124139,300,300,0,0,0,0);


