-- =============================================================================
-- BACKPORT FISHING POOL DATA FROM CLASSIC (NO IDEA WHY IT WAS MISSING FROM TBC)
-- =============================================================================
insert into `pool_template` (`entry`, `max_limit`, `description`) values('1','1','');
insert into `pool_template` (`entry`, `max_limit`, `description`) values('2','1','');
insert into `pool_template` (`entry`, `max_limit`, `description`) values('3','1','');
insert into `pool_template` (`entry`, `max_limit`, `description`) values('4','1','');
insert into `pool_template` (`entry`, `max_limit`, `description`) values('5','1','');
insert into `pool_template` (`entry`, `max_limit`, `description`) values('6','1','');
insert into `pool_template` (`entry`, `max_limit`, `description`) values('7','1','');
insert into `pool_template` (`entry`, `max_limit`, `description`) values('8','1','');
insert into `pool_template` (`entry`, `max_limit`, `description`) values('9','1','');
insert into `pool_template` (`entry`, `max_limit`, `description`) values('10','1','');
insert into `pool_template` (`entry`, `max_limit`, `description`) values('11','1','');
insert into `pool_template` (`entry`, `max_limit`, `description`) values('12','1','');
insert into `pool_template` (`entry`, `max_limit`, `description`) values('13','1','');
insert into `pool_template` (`entry`, `max_limit`, `description`) values('14','1','');
insert into `pool_template` (`entry`, `max_limit`, `description`) values('15','1','');
insert into `pool_template` (`entry`, `max_limit`, `description`) values('16','1','');
insert into `pool_template` (`entry`, `max_limit`, `description`) values('17','1','');
insert into `pool_template` (`entry`, `max_limit`, `description`) values('18','1','');
insert into `pool_template` (`entry`, `max_limit`, `description`) values('19','1','');
insert into `pool_template` (`entry`, `max_limit`, `description`) values('20','1','');
insert into `pool_template` (`entry`, `max_limit`, `description`) values('21','1','');
insert into `pool_template` (`entry`, `max_limit`, `description`) values('22','1','');
insert into `pool_template` (`entry`, `max_limit`, `description`) values('23','1','');
insert into `pool_template` (`entry`, `max_limit`, `description`) values('24','1','');
insert into `pool_template` (`entry`, `max_limit`, `description`) values('25','1','');
insert into `pool_template` (`entry`, `max_limit`, `description`) values('26','1','');
insert into `pool_template` (`entry`, `max_limit`, `description`) values('27','1','');
insert into `pool_template` (`entry`, `max_limit`, `description`) values('28','1','');
insert into `pool_template` (`entry`, `max_limit`, `description`) values('29','1','');
insert into `pool_template` (`entry`, `max_limit`, `description`) values('30','1','');
insert into `pool_template` (`entry`, `max_limit`, `description`) values('31','1','');
insert into `pool_template` (`entry`, `max_limit`, `description`) values('32','1','');
insert into `pool_template` (`entry`, `max_limit`, `description`) values('33','1','');
insert into `pool_template` (`entry`, `max_limit`, `description`) values('34','1','');
insert into `pool_template` (`entry`, `max_limit`, `description`) values('35','1','');
insert into `pool_template` (`entry`, `max_limit`, `description`) values('36','1','');
insert into `pool_template` (`entry`, `max_limit`, `description`) values('37','1','');
insert into `pool_template` (`entry`, `max_limit`, `description`) values('38','1','');
insert into `pool_template` (`entry`, `max_limit`, `description`) values('39','1','');
insert into `pool_template` (`entry`, `max_limit`, `description`) values('40','1','');
insert into `pool_template` (`entry`, `max_limit`, `description`) values('41','1','');
insert into `pool_template` (`entry`, `max_limit`, `description`) values('42','1','');
insert into `pool_template` (`entry`, `max_limit`, `description`) values('43','1','');
insert into `pool_template` (`entry`, `max_limit`, `description`) values('44','1','');
insert into `pool_template` (`entry`, `max_limit`, `description`) values('45','1','');
insert into `pool_template` (`entry`, `max_limit`, `description`) values('46','1','');
insert into `pool_template` (`entry`, `max_limit`, `description`) values('47','1','');
insert into `pool_template` (`entry`, `max_limit`, `description`) values('48','1','');
insert into `pool_template` (`entry`, `max_limit`, `description`) values('49','1','');
insert into `pool_template` (`entry`, `max_limit`, `description`) values('50','1','');
insert into `pool_template` (`entry`, `max_limit`, `description`) values('51','1','');
insert into `pool_template` (`entry`, `max_limit`, `description`) values('52','1','');
insert into `pool_template` (`entry`, `max_limit`, `description`) values('53','1','');
insert into `pool_template` (`entry`, `max_limit`, `description`) values('54','1','');
insert into `pool_template` (`entry`, `max_limit`, `description`) values('55','1','');
insert into `pool_template` (`entry`, `max_limit`, `description`) values('56','1','');
insert into `pool_template` (`entry`, `max_limit`, `description`) values('57','1','');
insert into `pool_template` (`entry`, `max_limit`, `description`) values('58','1','');
insert into `pool_template` (`entry`, `max_limit`, `description`) values('59','1','');
insert into `pool_template` (`entry`, `max_limit`, `description`) values('60','1','');
insert into `pool_template` (`entry`, `max_limit`, `description`) values('61','1','');
insert into `pool_template` (`entry`, `max_limit`, `description`) values('62','1','');
insert into `pool_template` (`entry`, `max_limit`, `description`) values('63','1','');
insert into `pool_template` (`entry`, `max_limit`, `description`) values('64','1','');
insert into `pool_template` (`entry`, `max_limit`, `description`) values('65','1','');
insert into `pool_template` (`entry`, `max_limit`, `description`) values('66','1','');
insert into `pool_template` (`entry`, `max_limit`, `description`) values('67','1','');
insert into `pool_template` (`entry`, `max_limit`, `description`) values('68','1','');
insert into `pool_template` (`entry`, `max_limit`, `description`) values('69','1','');
insert into `pool_template` (`entry`, `max_limit`, `description`) values('70','1','');
insert into `pool_template` (`entry`, `max_limit`, `description`) values('71','1','');
insert into `pool_template` (`entry`, `max_limit`, `description`) values('72','1','');
insert into `pool_template` (`entry`, `max_limit`, `description`) values('73','1','');
insert into `pool_template` (`entry`, `max_limit`, `description`) values('74','1','');
insert into `pool_template` (`entry`, `max_limit`, `description`) values('75','1','');
insert into `pool_template` (`entry`, `max_limit`, `description`) values('76','1','');
insert into `pool_template` (`entry`, `max_limit`, `description`) values('77','1','');
insert into `pool_template` (`entry`, `max_limit`, `description`) values('78','1','');
insert into `pool_template` (`entry`, `max_limit`, `description`) values('79','1','');
insert into `pool_template` (`entry`, `max_limit`, `description`) values('80','1','');
insert into `pool_template` (`entry`, `max_limit`, `description`) values('81','1','');
insert into `pool_template` (`entry`, `max_limit`, `description`) values('82','1','');
insert into `pool_template` (`entry`, `max_limit`, `description`) values('83','1','');
insert into `pool_template` (`entry`, `max_limit`, `description`) values('84','1','');
insert into `pool_template` (`entry`, `max_limit`, `description`) values('85','1','');
insert into `pool_template` (`entry`, `max_limit`, `description`) values('86','1','');
insert into `pool_template` (`entry`, `max_limit`, `description`) values('87','1','');
insert into `pool_template` (`entry`, `max_limit`, `description`) values('88','1','');
insert into `pool_template` (`entry`, `max_limit`, `description`) values('89','1','');
insert into `pool_template` (`entry`, `max_limit`, `description`) values('90','1','');
insert into `pool_template` (`entry`, `max_limit`, `description`) values('91','1','');
insert into `pool_template` (`entry`, `max_limit`, `description`) values('92','1','');
insert into `pool_template` (`entry`, `max_limit`, `description`) values('93','1','');
insert into `pool_template` (`entry`, `max_limit`, `description`) values('94','1','');
insert into `pool_template` (`entry`, `max_limit`, `description`) values('95','1','');
insert into `pool_template` (`entry`, `max_limit`, `description`) values('96','1','');
insert into `pool_template` (`entry`, `max_limit`, `description`) values('97','1','');
insert into `pool_template` (`entry`, `max_limit`, `description`) values('98','1','');
insert into `pool_template` (`entry`, `max_limit`, `description`) values('99','1','');
insert into `pool_template` (`entry`, `max_limit`, `description`) values('100','1','');
insert into `pool_template` (`entry`, `max_limit`, `description`) values('101','1','');
insert into `pool_template` (`entry`, `max_limit`, `description`) values('102','1','');
insert into `pool_template` (`entry`, `max_limit`, `description`) values('103','1','');
insert into `pool_template` (`entry`, `max_limit`, `description`) values('145','1','');
insert into `pool_template` (`entry`, `max_limit`, `description`) values('146','1','');
insert into `pool_template` (`entry`, `max_limit`, `description`) values('147','1','');
insert into `pool_template` (`entry`, `max_limit`, `description`) values('148','1','');
insert into `pool_template` (`entry`, `max_limit`, `description`) values('149','1','');
insert into `pool_template` (`entry`, `max_limit`, `description`) values('153','1','');
insert into `pool_template` (`entry`, `max_limit`, `description`) values('154','1','');
insert into `pool_template` (`entry`, `max_limit`, `description`) values('155','1','');
insert into `pool_template` (`entry`, `max_limit`, `description`) values('156','1','');
insert into `pool_template` (`entry`, `max_limit`, `description`) values('157','1','');
insert into `pool_template` (`entry`, `max_limit`, `description`) values('158','1','');
insert into `pool_template` (`entry`, `max_limit`, `description`) values('159','1','');
insert into `pool_template` (`entry`, `max_limit`, `description`) values('160','1','');
insert into `pool_template` (`entry`, `max_limit`, `description`) values('161','1','');
insert into `pool_template` (`entry`, `max_limit`, `description`) values('163','1','');
insert into `pool_template` (`entry`, `max_limit`, `description`) values('164','1','');
insert into `pool_template` (`entry`, `max_limit`, `description`) values('165','1','');
insert into `pool_template` (`entry`, `max_limit`, `description`) values('166','1','');
insert into `pool_template` (`entry`, `max_limit`, `description`) values('167','1','');
insert into `pool_template` (`entry`, `max_limit`, `description`) values('168','1','');
insert into `pool_template` (`entry`, `max_limit`, `description`) values('169','1','');
insert into `pool_template` (`entry`, `max_limit`, `description`) values('170','1','');
insert into `pool_template` (`entry`, `max_limit`, `description`) values('171','1','');
insert into `pool_template` (`entry`, `max_limit`, `description`) values('172','1','');
insert into `pool_template` (`entry`, `max_limit`, `description`) values('173','1','');
insert into `pool_template` (`entry`, `max_limit`, `description`) values('174','1','');
insert into `pool_template` (`entry`, `max_limit`, `description`) values('175','1','');
insert into `pool_template` (`entry`, `max_limit`, `description`) values('176','1','');
insert into `pool_template` (`entry`, `max_limit`, `description`) values('177','1','');
insert into `pool_template` (`entry`, `max_limit`, `description`) values('178','1','');
insert into `pool_template` (`entry`, `max_limit`, `description`) values('179','1','');
insert into `pool_template` (`entry`, `max_limit`, `description`) values('180','1','');
insert into `pool_template` (`entry`, `max_limit`, `description`) values('181','1','');
insert into `pool_template` (`entry`, `max_limit`, `description`) values('182','1','');
insert into `pool_template` (`entry`, `max_limit`, `description`) values('183','1','');
insert into `pool_template` (`entry`, `max_limit`, `description`) values('184','1','');
insert into `pool_template` (`entry`, `max_limit`, `description`) values('185','1','');
insert into `pool_template` (`entry`, `max_limit`, `description`) values('186','1','');
insert into `pool_template` (`entry`, `max_limit`, `description`) values('187','1','');
insert into `pool_template` (`entry`, `max_limit`, `description`) values('188','1','');
insert into `pool_template` (`entry`, `max_limit`, `description`) values('189','1','');
insert into `pool_template` (`entry`, `max_limit`, `description`) values('190','1','');
insert into `pool_template` (`entry`, `max_limit`, `description`) values('191','1','');
insert into `pool_template` (`entry`, `max_limit`, `description`) values('192','1','');
insert into `pool_template` (`entry`, `max_limit`, `description`) values('193','1','');
insert into `pool_template` (`entry`, `max_limit`, `description`) values('194','1','');
insert into `pool_template` (`entry`, `max_limit`, `description`) values('195','1','');
insert into `pool_template` (`entry`, `max_limit`, `description`) values('196','1','');
insert into `pool_template` (`entry`, `max_limit`, `description`) values('197','1','');
insert into `pool_template` (`entry`, `max_limit`, `description`) values('198','1','');
insert into `pool_template` (`entry`, `max_limit`, `description`) values('199','1','');
insert into `pool_template` (`entry`, `max_limit`, `description`) values('200','1','');
insert into `pool_template` (`entry`, `max_limit`, `description`) values('201','1','');
insert into `pool_template` (`entry`, `max_limit`, `description`) values('202','1','');
insert into `pool_template` (`entry`, `max_limit`, `description`) values('203','1','');
insert into `pool_template` (`entry`, `max_limit`, `description`) values('204','1','');
insert into `pool_template` (`entry`, `max_limit`, `description`) values('205','1','');
insert into `pool_template` (`entry`, `max_limit`, `description`) values('206','1','');
insert into `pool_template` (`entry`, `max_limit`, `description`) values('207','1','');
insert into `pool_template` (`entry`, `max_limit`, `description`) values('208','1','');
insert into `pool_template` (`entry`, `max_limit`, `description`) values('209','1','');
insert into `pool_template` (`entry`, `max_limit`, `description`) values('210','1','');
insert into `pool_template` (`entry`, `max_limit`, `description`) values('211','1','');
insert into `pool_template` (`entry`, `max_limit`, `description`) values('212','1','');
insert into `pool_template` (`entry`, `max_limit`, `description`) values('213','1','');
insert into `pool_template` (`entry`, `max_limit`, `description`) values('214','1','');
insert into `pool_template` (`entry`, `max_limit`, `description`) values('215','1','');
insert into `pool_template` (`entry`, `max_limit`, `description`) values('216','1','');
insert into `pool_template` (`entry`, `max_limit`, `description`) values('217','1','');
insert into `pool_template` (`entry`, `max_limit`, `description`) values('218','1','');
insert into `pool_template` (`entry`, `max_limit`, `description`) values('219','1','');
insert into `pool_template` (`entry`, `max_limit`, `description`) values('220','1','');
insert into `pool_template` (`entry`, `max_limit`, `description`) values('221','1','');
insert into `pool_template` (`entry`, `max_limit`, `description`) values('222','1','');
insert into `pool_template` (`entry`, `max_limit`, `description`) values('223','1','');
insert into `pool_template` (`entry`, `max_limit`, `description`) values('224','1','');
insert into `pool_template` (`entry`, `max_limit`, `description`) values('225','1','');
insert into `pool_template` (`entry`, `max_limit`, `description`) values('226','1','');
insert into `pool_template` (`entry`, `max_limit`, `description`) values('227','1','');
insert into `pool_template` (`entry`, `max_limit`, `description`) values('228','1','');
insert into `pool_template` (`entry`, `max_limit`, `description`) values('229','1','');
insert into `pool_template` (`entry`, `max_limit`, `description`) values('230','1','');
insert into `pool_template` (`entry`, `max_limit`, `description`) values('231','1','');
insert into `pool_template` (`entry`, `max_limit`, `description`) values('232','1','');
insert into `pool_template` (`entry`, `max_limit`, `description`) values('233','1','');
insert into `pool_template` (`entry`, `max_limit`, `description`) values('234','1','');
insert into `pool_template` (`entry`, `max_limit`, `description`) values('235','1','');
insert into `pool_template` (`entry`, `max_limit`, `description`) values('236','1','');
insert into `pool_template` (`entry`, `max_limit`, `description`) values('237','1','');
insert into `pool_template` (`entry`, `max_limit`, `description`) values('238','1','');
insert into `pool_template` (`entry`, `max_limit`, `description`) values('239','1','');
insert into `pool_template` (`entry`, `max_limit`, `description`) values('240','1','');
insert into `pool_template` (`entry`, `max_limit`, `description`) values('241','1','');
insert into `pool_template` (`entry`, `max_limit`, `description`) values('242','1','');
insert into `pool_template` (`entry`, `max_limit`, `description`) values('243','1','');
insert into `pool_template` (`entry`, `max_limit`, `description`) values('244','1','');
insert into `pool_template` (`entry`, `max_limit`, `description`) values('245','1','');
insert into `pool_template` (`entry`, `max_limit`, `description`) values('246','1','');
insert into `pool_template` (`entry`, `max_limit`, `description`) values('247','1','');
insert into `pool_template` (`entry`, `max_limit`, `description`) values('248','1','');
insert into `pool_template` (`entry`, `max_limit`, `description`) values('249','1','');
insert into `pool_template` (`entry`, `max_limit`, `description`) values('250','1','');
insert into `pool_template` (`entry`, `max_limit`, `description`) values('251','1','');
insert into `pool_template` (`entry`, `max_limit`, `description`) values('252','1','');
insert into `pool_template` (`entry`, `max_limit`, `description`) values('253','1','');
insert into `pool_template` (`entry`, `max_limit`, `description`) values('254','1','');
insert into `pool_template` (`entry`, `max_limit`, `description`) values('255','1','');
insert into `pool_template` (`entry`, `max_limit`, `description`) values('256','1','');
insert into `pool_template` (`entry`, `max_limit`, `description`) values('257','1','');
insert into `pool_template` (`entry`, `max_limit`, `description`) values('258','1','');
insert into `pool_template` (`entry`, `max_limit`, `description`) values('259','1','');
insert into `pool_template` (`entry`, `max_limit`, `description`) values('260','1','');
insert into `pool_template` (`entry`, `max_limit`, `description`) values('261','1','');
insert into `pool_template` (`entry`, `max_limit`, `description`) values('262','1','');
insert into `pool_template` (`entry`, `max_limit`, `description`) values('263','1','');
insert into `pool_template` (`entry`, `max_limit`, `description`) values('264','1','');
insert into `pool_template` (`entry`, `max_limit`, `description`) values('265','1','');
insert into `pool_template` (`entry`, `max_limit`, `description`) values('266','1','');
insert into `pool_template` (`entry`, `max_limit`, `description`) values('267','1','');
insert into `pool_template` (`entry`, `max_limit`, `description`) values('268','1','');
insert into `pool_template` (`entry`, `max_limit`, `description`) values('269','1','');
insert into `pool_template` (`entry`, `max_limit`, `description`) values('270','1','');
insert into `pool_template` (`entry`, `max_limit`, `description`) values('271','1','');
insert into `pool_template` (`entry`, `max_limit`, `description`) values('295','1','');
insert into `pool_template` (`entry`, `max_limit`, `description`) values('296','1','');
insert into `pool_template` (`entry`, `max_limit`, `description`) values('297','1','');
insert into `pool_template` (`entry`, `max_limit`, `description`) values('329','1','');
insert into `pool_template` (`entry`, `max_limit`, `description`) values('330','1','');
insert into `pool_template` (`entry`, `max_limit`, `description`) values('331','1','');
insert into `pool_template` (`entry`, `max_limit`, `description`) values('333','1','');
insert into `pool_template` (`entry`, `max_limit`, `description`) values('334','1','');
insert into `pool_template` (`entry`, `max_limit`, `description`) values('345','1','');
insert into `pool_template` (`entry`, `max_limit`, `description`) values('346','1','');
insert into `pool_template` (`entry`, `max_limit`, `description`) values('347','1','');



insert into `pool_gameobject` (`guid`, `pool_entry`, `chance`, `description`) values('96','1','0','');
insert into `pool_gameobject` (`guid`, `pool_entry`, `chance`, `description`) values('47392','1','0','');
insert into `pool_gameobject` (`guid`, `pool_entry`, `chance`, `description`) values('527558','1','20','');
insert into `pool_gameobject` (`guid`, `pool_entry`, `chance`, `description`) values('21269','2','20','');
insert into `pool_gameobject` (`guid`, `pool_entry`, `chance`, `description`) values('47368','2','0','');
insert into `pool_gameobject` (`guid`, `pool_entry`, `chance`, `description`) values('47406','2','0','');
insert into `pool_gameobject` (`guid`, `pool_entry`, `chance`, `description`) values('21268','3','0','');
insert into `pool_gameobject` (`guid`, `pool_entry`, `chance`, `description`) values('47383','3','20','');
insert into `pool_gameobject` (`guid`, `pool_entry`, `chance`, `description`) values('50327','3','0','');
insert into `pool_gameobject` (`guid`, `pool_entry`, `chance`, `description`) values('21264','4','0','');
insert into `pool_gameobject` (`guid`, `pool_entry`, `chance`, `description`) values('47371','4','0','');
insert into `pool_gameobject` (`guid`, `pool_entry`, `chance`, `description`) values('47387','4','20','');
insert into `pool_gameobject` (`guid`, `pool_entry`, `chance`, `description`) values('479','5','20','');
insert into `pool_gameobject` (`guid`, `pool_entry`, `chance`, `description`) values('485','5','0','');
insert into `pool_gameobject` (`guid`, `pool_entry`, `chance`, `description`) values('35505','5','0','');
insert into `pool_gameobject` (`guid`, `pool_entry`, `chance`, `description`) values('21247','6','0','');
insert into `pool_gameobject` (`guid`, `pool_entry`, `chance`, `description`) values('47366','6','0','');
insert into `pool_gameobject` (`guid`, `pool_entry`, `chance`, `description`) values('50329','6','20','');
insert into `pool_gameobject` (`guid`, `pool_entry`, `chance`, `description`) values('21244','7','0','');
insert into `pool_gameobject` (`guid`, `pool_entry`, `chance`, `description`) values('47379','7','20','');
insert into `pool_gameobject` (`guid`, `pool_entry`, `chance`, `description`) values('47516','7','0','');
insert into `pool_gameobject` (`guid`, `pool_entry`, `chance`, `description`) values('21243','8','0','');
insert into `pool_gameobject` (`guid`, `pool_entry`, `chance`, `description`) values('47525','8','0','');
insert into `pool_gameobject` (`guid`, `pool_entry`, `chance`, `description`) values('50328','8','20','');
insert into `pool_gameobject` (`guid`, `pool_entry`, `chance`, `description`) values('502','9','0','');
insert into `pool_gameobject` (`guid`, `pool_entry`, `chance`, `description`) values('21242','9','20','');
insert into `pool_gameobject` (`guid`, `pool_entry`, `chance`, `description`) values('47397','9','0','');
insert into `pool_gameobject` (`guid`, `pool_entry`, `chance`, `description`) values('21241','10','0','');
insert into `pool_gameobject` (`guid`, `pool_entry`, `chance`, `description`) values('47385','10','20','');
insert into `pool_gameobject` (`guid`, `pool_entry`, `chance`, `description`) values('47523','10','0','');
insert into `pool_gameobject` (`guid`, `pool_entry`, `chance`, `description`) values('21238','11','0','');
insert into `pool_gameobject` (`guid`, `pool_entry`, `chance`, `description`) values('47367','11','0','');
insert into `pool_gameobject` (`guid`, `pool_entry`, `chance`, `description`) values('47384','11','20','');
insert into `pool_gameobject` (`guid`, `pool_entry`, `chance`, `description`) values('536','12','20','');
insert into `pool_gameobject` (`guid`, `pool_entry`, `chance`, `description`) values('21225','12','0','');
insert into `pool_gameobject` (`guid`, `pool_entry`, `chance`, `description`) values('47405','12','0','');
insert into `pool_gameobject` (`guid`, `pool_entry`, `chance`, `description`) values('543','13','0','');
insert into `pool_gameobject` (`guid`, `pool_entry`, `chance`, `description`) values('21224','13','0','');
insert into `pool_gameobject` (`guid`, `pool_entry`, `chance`, `description`) values('47520','13','20','');
insert into `pool_gameobject` (`guid`, `pool_entry`, `chance`, `description`) values('553','14','0','');
insert into `pool_gameobject` (`guid`, `pool_entry`, `chance`, `description`) values('554','14','20','');
insert into `pool_gameobject` (`guid`, `pool_entry`, `chance`, `description`) values('21223','14','0','');
insert into `pool_gameobject` (`guid`, `pool_entry`, `chance`, `description`) values('559','15','20','');
insert into `pool_gameobject` (`guid`, `pool_entry`, `chance`, `description`) values('21222','15','0','');
insert into `pool_gameobject` (`guid`, `pool_entry`, `chance`, `description`) values('47524','15','0','');
insert into `pool_gameobject` (`guid`, `pool_entry`, `chance`, `description`) values('581','16','0','');
insert into `pool_gameobject` (`guid`, `pool_entry`, `chance`, `description`) values('618','16','20','');
insert into `pool_gameobject` (`guid`, `pool_entry`, `chance`, `description`) values('21221','16','0','');
insert into `pool_gameobject` (`guid`, `pool_entry`, `chance`, `description`) values('622','17','0','');
insert into `pool_gameobject` (`guid`, `pool_entry`, `chance`, `description`) values('20877','17','0','');
insert into `pool_gameobject` (`guid`, `pool_entry`, `chance`, `description`) values('47521','17','20','');
insert into `pool_gameobject` (`guid`, `pool_entry`, `chance`, `description`) values('624','18','20','');
insert into `pool_gameobject` (`guid`, `pool_entry`, `chance`, `description`) values('639','18','0','');
insert into `pool_gameobject` (`guid`, `pool_entry`, `chance`, `description`) values('35482','18','0','');
insert into `pool_gameobject` (`guid`, `pool_entry`, `chance`, `description`) values('11173','19','0','');
insert into `pool_gameobject` (`guid`, `pool_entry`, `chance`, `description`) values('18185','19','0','');
insert into `pool_gameobject` (`guid`, `pool_entry`, `chance`, `description`) values('11169','20','0','');
insert into `pool_gameobject` (`guid`, `pool_entry`, `chance`, `description`) values('50334','20','0','');
insert into `pool_gameobject` (`guid`, `pool_entry`, `chance`, `description`) values('11168','21','0','');
insert into `pool_gameobject` (`guid`, `pool_entry`, `chance`, `description`) values('50336','21','0','');
insert into `pool_gameobject` (`guid`, `pool_entry`, `chance`, `description`) values('20857','22','0','');
insert into `pool_gameobject` (`guid`, `pool_entry`, `chance`, `description`) values('47381','22','20','');
insert into `pool_gameobject` (`guid`, `pool_entry`, `chance`, `description`) values('47401','22','0','');
insert into `pool_gameobject` (`guid`, `pool_entry`, `chance`, `description`) values('18206','23','0','');
insert into `pool_gameobject` (`guid`, `pool_entry`, `chance`, `description`) values('32561','23','0','');
insert into `pool_gameobject` (`guid`, `pool_entry`, `chance`, `description`) values('649','24','0','');
insert into `pool_gameobject` (`guid`, `pool_entry`, `chance`, `description`) values('676','24','20','');
insert into `pool_gameobject` (`guid`, `pool_entry`, `chance`, `description`) values('20827','24','0','');
insert into `pool_gameobject` (`guid`, `pool_entry`, `chance`, `description`) values('20826','25','0','');
insert into `pool_gameobject` (`guid`, `pool_entry`, `chance`, `description`) values('47380','25','20','');
insert into `pool_gameobject` (`guid`, `pool_entry`, `chance`, `description`) values('47522','25','0','');
insert into `pool_gameobject` (`guid`, `pool_entry`, `chance`, `description`) values('35466','26','0','');
insert into `pool_gameobject` (`guid`, `pool_entry`, `chance`, `description`) values('50345','26','20','');
insert into `pool_gameobject` (`guid`, `pool_entry`, `chance`, `description`) values('698','27','0','');
insert into `pool_gameobject` (`guid`, `pool_entry`, `chance`, `description`) values('706','27','20','');
insert into `pool_gameobject` (`guid`, `pool_entry`, `chance`, `description`) values('20823','27','0','');
insert into `pool_gameobject` (`guid`, `pool_entry`, `chance`, `description`) values('708','28','0','');
insert into `pool_gameobject` (`guid`, `pool_entry`, `chance`, `description`) values('713','28','20','');
insert into `pool_gameobject` (`guid`, `pool_entry`, `chance`, `description`) values('20821','28','0','');
insert into `pool_gameobject` (`guid`, `pool_entry`, `chance`, `description`) values('722','29','20','');
insert into `pool_gameobject` (`guid`, `pool_entry`, `chance`, `description`) values('20819','29','0','');
insert into `pool_gameobject` (`guid`, `pool_entry`, `chance`, `description`) values('47400','29','0','');
insert into `pool_gameobject` (`guid`, `pool_entry`, `chance`, `description`) values('724','30','20','');
insert into `pool_gameobject` (`guid`, `pool_entry`, `chance`, `description`) values('20804','30','0','');
insert into `pool_gameobject` (`guid`, `pool_entry`, `chance`, `description`) values('47375','30','0','');
insert into `pool_gameobject` (`guid`, `pool_entry`, `chance`, `description`) values('725','31','20','');
insert into `pool_gameobject` (`guid`, `pool_entry`, `chance`, `description`) values('20803','31','0','');
insert into `pool_gameobject` (`guid`, `pool_entry`, `chance`, `description`) values('47390','31','0','');
insert into `pool_gameobject` (`guid`, `pool_entry`, `chance`, `description`) values('18146','32','0','');
insert into `pool_gameobject` (`guid`, `pool_entry`, `chance`, `description`) values('47329','32','20','');
insert into `pool_gameobject` (`guid`, `pool_entry`, `chance`, `description`) values('47510','32','0','');
insert into `pool_gameobject` (`guid`, `pool_entry`, `chance`, `description`) values('47548','32','0','');
insert into `pool_gameobject` (`guid`, `pool_entry`, `chance`, `description`) values('726','33','20','');
insert into `pool_gameobject` (`guid`, `pool_entry`, `chance`, `description`) values('732','33','0','');
insert into `pool_gameobject` (`guid`, `pool_entry`, `chance`, `description`) values('35453','33','0','');
insert into `pool_gameobject` (`guid`, `pool_entry`, `chance`, `description`) values('733','34','0','');
insert into `pool_gameobject` (`guid`, `pool_entry`, `chance`, `description`) values('738','34','20','');
insert into `pool_gameobject` (`guid`, `pool_entry`, `chance`, `description`) values('35441','34','0','');
insert into `pool_gameobject` (`guid`, `pool_entry`, `chance`, `description`) values('751','35','0','');
insert into `pool_gameobject` (`guid`, `pool_entry`, `chance`, `description`) values('767','35','20','');
insert into `pool_gameobject` (`guid`, `pool_entry`, `chance`, `description`) values('35439','35','0','');
insert into `pool_gameobject` (`guid`, `pool_entry`, `chance`, `description`) values('776','36','0','');
insert into `pool_gameobject` (`guid`, `pool_entry`, `chance`, `description`) values('807','36','20','');
insert into `pool_gameobject` (`guid`, `pool_entry`, `chance`, `description`) values('35438','36','0','');
insert into `pool_gameobject` (`guid`, `pool_entry`, `chance`, `description`) values('18147','37','0','');
insert into `pool_gameobject` (`guid`, `pool_entry`, `chance`, `description`) values('47336','37','20','');
insert into `pool_gameobject` (`guid`, `pool_entry`, `chance`, `description`) values('64517','37','0','');
insert into `pool_gameobject` (`guid`, `pool_entry`, `chance`, `description`) values('18071','38','20','');
insert into `pool_gameobject` (`guid`, `pool_entry`, `chance`, `description`) values('18123','38','0','');
insert into `pool_gameobject` (`guid`, `pool_entry`, `chance`, `description`) values('18227','38','0','');
insert into `pool_gameobject` (`guid`, `pool_entry`, `chance`, `description`) values('49900','38','0','');
insert into `pool_gameobject` (`guid`, `pool_entry`, `chance`, `description`) values('18066','39','0','');
insert into `pool_gameobject` (`guid`, `pool_entry`, `chance`, `description`) values('18082','39','20','');
insert into `pool_gameobject` (`guid`, `pool_entry`, `chance`, `description`) values('50180','39','0','');
insert into `pool_gameobject` (`guid`, `pool_entry`, `chance`, `description`) values('18083','40','20','');
insert into `pool_gameobject` (`guid`, `pool_entry`, `chance`, `description`) values('49910','40','0','');
insert into `pool_gameobject` (`guid`, `pool_entry`, `chance`, `description`) values('808','41','20','');
insert into `pool_gameobject` (`guid`, `pool_entry`, `chance`, `description`) values('18165','41','0','');
insert into `pool_gameobject` (`guid`, `pool_entry`, `chance`, `description`) values('47369','41','0','');
insert into `pool_gameobject` (`guid`, `pool_entry`, `chance`, `description`) values('811','42','20','');
insert into `pool_gameobject` (`guid`, `pool_entry`, `chance`, `description`) values('14722','42','0','');
insert into `pool_gameobject` (`guid`, `pool_entry`, `chance`, `description`) values('18172','42','0','');
insert into `pool_gameobject` (`guid`, `pool_entry`, `chance`, `description`) values('822','43','0','');
insert into `pool_gameobject` (`guid`, `pool_entry`, `chance`, `description`) values('823','43','20','');
insert into `pool_gameobject` (`guid`, `pool_entry`, `chance`, `description`) values('18169','43','0','');
insert into `pool_gameobject` (`guid`, `pool_entry`, `chance`, `description`) values('18189','44','0','');
insert into `pool_gameobject` (`guid`, `pool_entry`, `chance`, `description`) values('20377','44','20','');
insert into `pool_gameobject` (`guid`, `pool_entry`, `chance`, `description`) values('47418','44','0','');
insert into `pool_gameobject` (`guid`, `pool_entry`, `chance`, `description`) values('18181','45','0','');
insert into `pool_gameobject` (`guid`, `pool_entry`, `chance`, `description`) values('20339','45','20','');
insert into `pool_gameobject` (`guid`, `pool_entry`, `chance`, `description`) values('47424','45','0','');
insert into `pool_gameobject` (`guid`, `pool_entry`, `chance`, `description`) values('18213','46','20','');
insert into `pool_gameobject` (`guid`, `pool_entry`, `chance`, `description`) values('47417','46','0','');
insert into `pool_gameobject` (`guid`, `pool_entry`, `chance`, `description`) values('47538','46','0','');
insert into `pool_gameobject` (`guid`, `pool_entry`, `chance`, `description`) values('18279','47','0','');
insert into `pool_gameobject` (`guid`, `pool_entry`, `chance`, `description`) values('49911','47','0','');
insert into `pool_gameobject` (`guid`, `pool_entry`, `chance`, `description`) values('50265','47','20','');
insert into `pool_gameobject` (`guid`, `pool_entry`, `chance`, `description`) values('18128','48','0','');
insert into `pool_gameobject` (`guid`, `pool_entry`, `chance`, `description`) values('18232','48','0','');
insert into `pool_gameobject` (`guid`, `pool_entry`, `chance`, `description`) values('50277','48','0','');
insert into `pool_gameobject` (`guid`, `pool_entry`, `chance`, `description`) values('18086','49','20','');
insert into `pool_gameobject` (`guid`, `pool_entry`, `chance`, `description`) values('18284','49','0','');
insert into `pool_gameobject` (`guid`, `pool_entry`, `chance`, `description`) values('18282','50','0','');
insert into `pool_gameobject` (`guid`, `pool_entry`, `chance`, `description`) values('49912','50','0','');
insert into `pool_gameobject` (`guid`, `pool_entry`, `chance`, `description`) values('50308','50','0','');
insert into `pool_gameobject` (`guid`, `pool_entry`, `chance`, `description`) values('840','51','0','');
insert into `pool_gameobject` (`guid`, `pool_entry`, `chance`, `description`) values('841','51','20','');
insert into `pool_gameobject` (`guid`, `pool_entry`, `chance`, `description`) values('35429','51','0','');
insert into `pool_gameobject` (`guid`, `pool_entry`, `chance`, `description`) values('846','52','0','');
insert into `pool_gameobject` (`guid`, `pool_entry`, `chance`, `description`) values('854','52','20','');
insert into `pool_gameobject` (`guid`, `pool_entry`, `chance`, `description`) values('35428','52','0','');
insert into `pool_gameobject` (`guid`, `pool_entry`, `chance`, `description`) values('861','53','0','');
insert into `pool_gameobject` (`guid`, `pool_entry`, `chance`, `description`) values('865','53','20','');
insert into `pool_gameobject` (`guid`, `pool_entry`, `chance`, `description`) values('35426','53','0','');
insert into `pool_gameobject` (`guid`, `pool_entry`, `chance`, `description`) values('872','54','20','');
insert into `pool_gameobject` (`guid`, `pool_entry`, `chance`, `description`) values('873','54','0','');
insert into `pool_gameobject` (`guid`, `pool_entry`, `chance`, `description`) values('35425','54','0','');
insert into `pool_gameobject` (`guid`, `pool_entry`, `chance`, `description`) values('874','55','20','');
insert into `pool_gameobject` (`guid`, `pool_entry`, `chance`, `description`) values('875','55','0','');
insert into `pool_gameobject` (`guid`, `pool_entry`, `chance`, `description`) values('35424','55','0','');
insert into `pool_gameobject` (`guid`, `pool_entry`, `chance`, `description`) values('894','56','20','');
insert into `pool_gameobject` (`guid`, `pool_entry`, `chance`, `description`) values('897','56','0','');
insert into `pool_gameobject` (`guid`, `pool_entry`, `chance`, `description`) values('35423','56','0','');
insert into `pool_gameobject` (`guid`, `pool_entry`, `chance`, `description`) values('17356','57','0','');
insert into `pool_gameobject` (`guid`, `pool_entry`, `chance`, `description`) values('30712','57','0','');
insert into `pool_gameobject` (`guid`, `pool_entry`, `chance`, `description`) values('49908','57','20','');
insert into `pool_gameobject` (`guid`, `pool_entry`, `chance`, `description`) values('17357','58','0','');
insert into `pool_gameobject` (`guid`, `pool_entry`, `chance`, `description`) values('17891','58','0','');
insert into `pool_gameobject` (`guid`, `pool_entry`, `chance`, `description`) values('49915','58','0','');
insert into `pool_gameobject` (`guid`, `pool_entry`, `chance`, `description`) values('18062','59','0','');
insert into `pool_gameobject` (`guid`, `pool_entry`, `chance`, `description`) values('49913','59','0','');
insert into `pool_gameobject` (`guid`, `pool_entry`, `chance`, `description`) values('50263','59','20','');
insert into `pool_gameobject` (`guid`, `pool_entry`, `chance`, `description`) values('18063','60','0','');
insert into `pool_gameobject` (`guid`, `pool_entry`, `chance`, `description`) values('50182','60','0','');
insert into `pool_gameobject` (`guid`, `pool_entry`, `chance`, `description`) values('18125','61','0','');
insert into `pool_gameobject` (`guid`, `pool_entry`, `chance`, `description`) values('49906','61','20','');
insert into `pool_gameobject` (`guid`, `pool_entry`, `chance`, `description`) values('50259','61','0','');
insert into `pool_gameobject` (`guid`, `pool_entry`, `chance`, `description`) values('18105','62','0','');
insert into `pool_gameobject` (`guid`, `pool_entry`, `chance`, `description`) values('50178','62','0','');
insert into `pool_gameobject` (`guid`, `pool_entry`, `chance`, `description`) values('50261','62','0','');
insert into `pool_gameobject` (`guid`, `pool_entry`, `chance`, `description`) values('50311','62','20','');
insert into `pool_gameobject` (`guid`, `pool_entry`, `chance`, `description`) values('18107','63','0','');
insert into `pool_gameobject` (`guid`, `pool_entry`, `chance`, `description`) values('50181','63','0','');
insert into `pool_gameobject` (`guid`, `pool_entry`, `chance`, `description`) values('898','64','0','');
insert into `pool_gameobject` (`guid`, `pool_entry`, `chance`, `description`) values('18157','64','20','');
insert into `pool_gameobject` (`guid`, `pool_entry`, `chance`, `description`) values('47517','64','0','');
insert into `pool_gameobject` (`guid`, `pool_entry`, `chance`, `description`) values('899','65','20','');
insert into `pool_gameobject` (`guid`, `pool_entry`, `chance`, `description`) values('915','65','0','');
insert into `pool_gameobject` (`guid`, `pool_entry`, `chance`, `description`) values('18144','65','0','');
insert into `pool_gameobject` (`guid`, `pool_entry`, `chance`, `description`) values('18109','66','0','');
insert into `pool_gameobject` (`guid`, `pool_entry`, `chance`, `description`) values('49901','66','0','');
insert into `pool_gameobject` (`guid`, `pool_entry`, `chance`, `description`) values('18111','67','0','');
insert into `pool_gameobject` (`guid`, `pool_entry`, `chance`, `description`) values('33285','67','0','');
insert into `pool_gameobject` (`guid`, `pool_entry`, `chance`, `description`) values('49902','67','0','');
insert into `pool_gameobject` (`guid`, `pool_entry`, `chance`, `description`) values('18117','68','0','');
insert into `pool_gameobject` (`guid`, `pool_entry`, `chance`, `description`) values('49904','68','0','');
insert into `pool_gameobject` (`guid`, `pool_entry`, `chance`, `description`) values('18118','69','0','');
insert into `pool_gameobject` (`guid`, `pool_entry`, `chance`, `description`) values('49903','69','0','');
insert into `pool_gameobject` (`guid`, `pool_entry`, `chance`, `description`) values('50264','69','20','');
insert into `pool_gameobject` (`guid`, `pool_entry`, `chance`, `description`) values('18120','70','0','');
insert into `pool_gameobject` (`guid`, `pool_entry`, `chance`, `description`) values('18629','70','0','');
insert into `pool_gameobject` (`guid`, `pool_entry`, `chance`, `description`) values('916','71','0','');
insert into `pool_gameobject` (`guid`, `pool_entry`, `chance`, `description`) values('18145','71','0','');
insert into `pool_gameobject` (`guid`, `pool_entry`, `chance`, `description`) values('50306','71','20','');
insert into `pool_gameobject` (`guid`, `pool_entry`, `chance`, `description`) values('18121','72','0','');
insert into `pool_gameobject` (`guid`, `pool_entry`, `chance`, `description`) values('50184','72','0','');
insert into `pool_gameobject` (`guid`, `pool_entry`, `chance`, `description`) values('919','73','0','');
insert into `pool_gameobject` (`guid`, `pool_entry`, `chance`, `description`) values('13429','73','0','');
insert into `pool_gameobject` (`guid`, `pool_entry`, `chance`, `description`) values('18151','73','20','');
insert into `pool_gameobject` (`guid`, `pool_entry`, `chance`, `description`) values('936','74','0','');
insert into `pool_gameobject` (`guid`, `pool_entry`, `chance`, `description`) values('13422','74','0','');
insert into `pool_gameobject` (`guid`, `pool_entry`, `chance`, `description`) values('18153','74','20','');
insert into `pool_gameobject` (`guid`, `pool_entry`, `chance`, `description`) values('952','75','0','');
insert into `pool_gameobject` (`guid`, `pool_entry`, `chance`, `description`) values('18139','75','0','');
insert into `pool_gameobject` (`guid`, `pool_entry`, `chance`, `description`) values('18154','75','20','');
insert into `pool_gameobject` (`guid`, `pool_entry`, `chance`, `description`) values('18064','76','0','');
insert into `pool_gameobject` (`guid`, `pool_entry`, `chance`, `description`) values('50179','76','0','');
insert into `pool_gameobject` (`guid`, `pool_entry`, `chance`, `description`) values('18065','77','0','');
insert into `pool_gameobject` (`guid`, `pool_entry`, `chance`, `description`) values('49909','77','0','');
insert into `pool_gameobject` (`guid`, `pool_entry`, `chance`, `description`) values('50301','77','0','');
insert into `pool_gameobject` (`guid`, `pool_entry`, `chance`, `description`) values('18069','78','0','');
insert into `pool_gameobject` (`guid`, `pool_entry`, `chance`, `description`) values('18070','78','20','');
insert into `pool_gameobject` (`guid`, `pool_entry`, `chance`, `description`) values('50298','78','0','');
insert into `pool_gameobject` (`guid`, `pool_entry`, `chance`, `description`) values('50303','78','0','');
insert into `pool_gameobject` (`guid`, `pool_entry`, `chance`, `description`) values('12053','79','0','');
insert into `pool_gameobject` (`guid`, `pool_entry`, `chance`, `description`) values('18148','79','20','');
insert into `pool_gameobject` (`guid`, `pool_entry`, `chance`, `description`) values('17250','80','0','');
insert into `pool_gameobject` (`guid`, `pool_entry`, `chance`, `description`) values('18631','80','0','');
insert into `pool_gameobject` (`guid`, `pool_entry`, `chance`, `description`) values('18149','81','0','');
insert into `pool_gameobject` (`guid`, `pool_entry`, `chance`, `description`) values('47326','81','0','');
insert into `pool_gameobject` (`guid`, `pool_entry`, `chance`, `description`) values('961','82','20','');
insert into `pool_gameobject` (`guid`, `pool_entry`, `chance`, `description`) values('14903','82','0','');
insert into `pool_gameobject` (`guid`, `pool_entry`, `chance`, `description`) values('50332','82','0','');
insert into `pool_gameobject` (`guid`, `pool_entry`, `chance`, `description`) values('964','83','20','');
insert into `pool_gameobject` (`guid`, `pool_entry`, `chance`, `description`) values('14902','83','0','');
insert into `pool_gameobject` (`guid`, `pool_entry`, `chance`, `description`) values('47391','83','0','');
insert into `pool_gameobject` (`guid`, `pool_entry`, `chance`, `description`) values('17247','84','20','');
insert into `pool_gameobject` (`guid`, `pool_entry`, `chance`, `description`) values('18127','84','0','');
insert into `pool_gameobject` (`guid`, `pool_entry`, `chance`, `description`) values('50262','84','0','');
insert into `pool_gameobject` (`guid`, `pool_entry`, `chance`, `description`) values('965','85','0','');
insert into `pool_gameobject` (`guid`, `pool_entry`, `chance`, `description`) values('973','85','0','');
insert into `pool_gameobject` (`guid`, `pool_entry`, `chance`, `description`) values('14852','85','20','');
insert into `pool_gameobject` (`guid`, `pool_entry`, `chance`, `description`) values('977','86','20','');
insert into `pool_gameobject` (`guid`, `pool_entry`, `chance`, `description`) values('985','86','0','');
insert into `pool_gameobject` (`guid`, `pool_entry`, `chance`, `description`) values('14627','86','0','');
insert into `pool_gameobject` (`guid`, `pool_entry`, `chance`, `description`) values('986','87','20','');
insert into `pool_gameobject` (`guid`, `pool_entry`, `chance`, `description`) values('988','87','0','');
insert into `pool_gameobject` (`guid`, `pool_entry`, `chance`, `description`) values('14626','87','0','');
insert into `pool_gameobject` (`guid`, `pool_entry`, `chance`, `description`) values('989','88','0','');
insert into `pool_gameobject` (`guid`, `pool_entry`, `chance`, `description`) values('1012','88','20','');
insert into `pool_gameobject` (`guid`, `pool_entry`, `chance`, `description`) values('14625','88','0','');
insert into `pool_gameobject` (`guid`, `pool_entry`, `chance`, `description`) values('15708','89','0','');
insert into `pool_gameobject` (`guid`, `pool_entry`, `chance`, `description`) values('50276','89','0','');
insert into `pool_gameobject` (`guid`, `pool_entry`, `chance`, `description`) values('15707','90','0','');
insert into `pool_gameobject` (`guid`, `pool_entry`, `chance`, `description`) values('50335','90','0','');
insert into `pool_gameobject` (`guid`, `pool_entry`, `chance`, `description`) values('1048','91','0','');
insert into `pool_gameobject` (`guid`, `pool_entry`, `chance`, `description`) values('14778','91','20','');
insert into `pool_gameobject` (`guid`, `pool_entry`, `chance`, `description`) values('50267','91','0','');
insert into `pool_gameobject` (`guid`, `pool_entry`, `chance`, `description`) values('1124','92','20','');
insert into `pool_gameobject` (`guid`, `pool_entry`, `chance`, `description`) values('1188','92','0','');
insert into `pool_gameobject` (`guid`, `pool_entry`, `chance`, `description`) values('13432','92','0','');
insert into `pool_gameobject` (`guid`, `pool_entry`, `chance`, `description`) values('1431','93','20','');
insert into `pool_gameobject` (`guid`, `pool_entry`, `chance`, `description`) values('1438','93','0','');
insert into `pool_gameobject` (`guid`, `pool_entry`, `chance`, `description`) values('13431','93','0','');
insert into `pool_gameobject` (`guid`, `pool_entry`, `chance`, `description`) values('1441','94','20','');
insert into `pool_gameobject` (`guid`, `pool_entry`, `chance`, `description`) values('1442','94','0','');
insert into `pool_gameobject` (`guid`, `pool_entry`, `chance`, `description`) values('13430','94','0','');
insert into `pool_gameobject` (`guid`, `pool_entry`, `chance`, `description`) values('1457','95','20','');
insert into `pool_gameobject` (`guid`, `pool_entry`, `chance`, `description`) values('1461','95','0','');
insert into `pool_gameobject` (`guid`, `pool_entry`, `chance`, `description`) values('13421','95','0','');
insert into `pool_gameobject` (`guid`, `pool_entry`, `chance`, `description`) values('1465','96','0','');
insert into `pool_gameobject` (`guid`, `pool_entry`, `chance`, `description`) values('1466','96','20','');
insert into `pool_gameobject` (`guid`, `pool_entry`, `chance`, `description`) values('12782','96','0','');
insert into `pool_gameobject` (`guid`, `pool_entry`, `chance`, `description`) values('1477','97','0','');
insert into `pool_gameobject` (`guid`, `pool_entry`, `chance`, `description`) values('1489','97','20','');
insert into `pool_gameobject` (`guid`, `pool_entry`, `chance`, `description`) values('12780','97','0','');
insert into `pool_gameobject` (`guid`, `pool_entry`, `chance`, `description`) values('1492','98','0','');
insert into `pool_gameobject` (`guid`, `pool_entry`, `chance`, `description`) values('1526','98','20','');
insert into `pool_gameobject` (`guid`, `pool_entry`, `chance`, `description`) values('12778','98','0','');
insert into `pool_gameobject` (`guid`, `pool_entry`, `chance`, `description`) values('1604','99','0','');
insert into `pool_gameobject` (`guid`, `pool_entry`, `chance`, `description`) values('1605','99','20','');
insert into `pool_gameobject` (`guid`, `pool_entry`, `chance`, `description`) values('12775','99','0','');
insert into `pool_gameobject` (`guid`, `pool_entry`, `chance`, `description`) values('1611','100','0','');
insert into `pool_gameobject` (`guid`, `pool_entry`, `chance`, `description`) values('1617','100','20','');
insert into `pool_gameobject` (`guid`, `pool_entry`, `chance`, `description`) values('12774','100','0','');
insert into `pool_gameobject` (`guid`, `pool_entry`, `chance`, `description`) values('1618','101','0','');
insert into `pool_gameobject` (`guid`, `pool_entry`, `chance`, `description`) values('1619','101','20','');
insert into `pool_gameobject` (`guid`, `pool_entry`, `chance`, `description`) values('12773','101','0','');
insert into `pool_gameobject` (`guid`, `pool_entry`, `chance`, `description`) values('1624','102','0','');
insert into `pool_gameobject` (`guid`, `pool_entry`, `chance`, `description`) values('1635','102','20','');
insert into `pool_gameobject` (`guid`, `pool_entry`, `chance`, `description`) values('12770','102','0','');
insert into `pool_gameobject` (`guid`, `pool_entry`, `chance`, `description`) values('33211','103','0','');
insert into `pool_gameobject` (`guid`, `pool_entry`, `chance`, `description`) values('47461','103','20','');
insert into `pool_gameobject` (`guid`, `pool_entry`, `chance`, `description`) values('12077','145','20','');
insert into `pool_gameobject` (`guid`, `pool_entry`, `chance`, `description`) values('47433','145','0','');
insert into `pool_gameobject` (`guid`, `pool_entry`, `chance`, `description`) values('12062','146','20','');
insert into `pool_gameobject` (`guid`, `pool_entry`, `chance`, `description`) values('47429','146','0','');
insert into `pool_gameobject` (`guid`, `pool_entry`, `chance`, `description`) values('11968','147','0','');
insert into `pool_gameobject` (`guid`, `pool_entry`, `chance`, `description`) values('47412','147','0','');
insert into `pool_gameobject` (`guid`, `pool_entry`, `chance`, `description`) values('64625','147','20','');
insert into `pool_gameobject` (`guid`, `pool_entry`, `chance`, `description`) values('11804','148','20','');
insert into `pool_gameobject` (`guid`, `pool_entry`, `chance`, `description`) values('50316','148','0','');
insert into `pool_gameobject` (`guid`, `pool_entry`, `chance`, `description`) values('11703','149','0','');
insert into `pool_gameobject` (`guid`, `pool_entry`, `chance`, `description`) values('47323','149','0','');
insert into `pool_gameobject` (`guid`, `pool_entry`, `chance`, `description`) values('47331','149','20','');
insert into `pool_gameobject` (`guid`, `pool_entry`, `chance`, `description`) values('47342','149','0','');
insert into `pool_gameobject` (`guid`, `pool_entry`, `chance`, `description`) values('11145','153','0','');
insert into `pool_gameobject` (`guid`, `pool_entry`, `chance`, `description`) values('11688','153','0','');
insert into `pool_gameobject` (`guid`, `pool_entry`, `chance`, `description`) values('11668','154','0','');
insert into `pool_gameobject` (`guid`, `pool_entry`, `chance`, `description`) values('47470','154','20','');
insert into `pool_gameobject` (`guid`, `pool_entry`, `chance`, `description`) values('11662','155','0','');
insert into `pool_gameobject` (`guid`, `pool_entry`, `chance`, `description`) values('64618','155','0','');
insert into `pool_gameobject` (`guid`, `pool_entry`, `chance`, `description`) values('11146','156','0','');
insert into `pool_gameobject` (`guid`, `pool_entry`, `chance`, `description`) values('32091','156','0','');
insert into `pool_gameobject` (`guid`, `pool_entry`, `chance`, `description`) values('47472','156','20','');
insert into `pool_gameobject` (`guid`, `pool_entry`, `chance`, `description`) values('11650','157','0','');
insert into `pool_gameobject` (`guid`, `pool_entry`, `chance`, `description`) values('64515','157','0','');
insert into `pool_gameobject` (`guid`, `pool_entry`, `chance`, `description`) values('11645','158','0','');
insert into `pool_gameobject` (`guid`, `pool_entry`, `chance`, `description`) values('47475','158','0','');
insert into `pool_gameobject` (`guid`, `pool_entry`, `chance`, `description`) values('11149','159','0','');
insert into `pool_gameobject` (`guid`, `pool_entry`, `chance`, `description`) values('50317','159','0','');
insert into `pool_gameobject` (`guid`, `pool_entry`, `chance`, `description`) values('11148','160','0','');
insert into `pool_gameobject` (`guid`, `pool_entry`, `chance`, `description`) values('50319','160','20','');
insert into `pool_gameobject` (`guid`, `pool_entry`, `chance`, `description`) values('11147','161','0','');
insert into `pool_gameobject` (`guid`, `pool_entry`, `chance`, `description`) values('47414','161','0','');
insert into `pool_gameobject` (`guid`, `pool_entry`, `chance`, `description`) values('32191','163','0','');
insert into `pool_gameobject` (`guid`, `pool_entry`, `chance`, `description`) values('47462','163','20','');
insert into `pool_gameobject` (`guid`, `pool_entry`, `chance`, `description`) values('1637','164','0','');
insert into `pool_gameobject` (`guid`, `pool_entry`, `chance`, `description`) values('1639','164','0','');
insert into `pool_gameobject` (`guid`, `pool_entry`, `chance`, `description`) values('42693','164','20','');
insert into `pool_gameobject` (`guid`, `pool_entry`, `chance`, `description`) values('1645','165','20','');
insert into `pool_gameobject` (`guid`, `pool_entry`, `chance`, `description`) values('1646','165','0','');
insert into `pool_gameobject` (`guid`, `pool_entry`, `chance`, `description`) values('42694','165','0','');
insert into `pool_gameobject` (`guid`, `pool_entry`, `chance`, `description`) values('1650','166','20','');
insert into `pool_gameobject` (`guid`, `pool_entry`, `chance`, `description`) values('1655','166','0','');
insert into `pool_gameobject` (`guid`, `pool_entry`, `chance`, `description`) values('42695','166','0','');
insert into `pool_gameobject` (`guid`, `pool_entry`, `chance`, `description`) values('1656','167','0','');
insert into `pool_gameobject` (`guid`, `pool_entry`, `chance`, `description`) values('1691','167','0','');
insert into `pool_gameobject` (`guid`, `pool_entry`, `chance`, `description`) values('42696','167','20','');
insert into `pool_gameobject` (`guid`, `pool_entry`, `chance`, `description`) values('1699','168','20','');
insert into `pool_gameobject` (`guid`, `pool_entry`, `chance`, `description`) values('1729','168','0','');
insert into `pool_gameobject` (`guid`, `pool_entry`, `chance`, `description`) values('42697','168','0','');
insert into `pool_gameobject` (`guid`, `pool_entry`, `chance`, `description`) values('1732','169','20','');
insert into `pool_gameobject` (`guid`, `pool_entry`, `chance`, `description`) values('1734','169','0','');
insert into `pool_gameobject` (`guid`, `pool_entry`, `chance`, `description`) values('42698','169','0','');
insert into `pool_gameobject` (`guid`, `pool_entry`, `chance`, `description`) values('1735','170','20','');
insert into `pool_gameobject` (`guid`, `pool_entry`, `chance`, `description`) values('1736','170','0','');
insert into `pool_gameobject` (`guid`, `pool_entry`, `chance`, `description`) values('27589','170','0','');
insert into `pool_gameobject` (`guid`, `pool_entry`, `chance`, `description`) values('1744','171','20','');
insert into `pool_gameobject` (`guid`, `pool_entry`, `chance`, `description`) values('1762','171','0','');
insert into `pool_gameobject` (`guid`, `pool_entry`, `chance`, `description`) values('47247','171','0','');
insert into `pool_gameobject` (`guid`, `pool_entry`, `chance`, `description`) values('1768','172','20','');
insert into `pool_gameobject` (`guid`, `pool_entry`, `chance`, `description`) values('1769','172','0','');
insert into `pool_gameobject` (`guid`, `pool_entry`, `chance`, `description`) values('47283','172','0','');
insert into `pool_gameobject` (`guid`, `pool_entry`, `chance`, `description`) values('47318','173','0','');
insert into `pool_gameobject` (`guid`, `pool_entry`, `chance`, `description`) values('47550','173','0','');
insert into `pool_gameobject` (`guid`, `pool_entry`, `chance`, `description`) values('47319','174','0','');
insert into `pool_gameobject` (`guid`, `pool_entry`, `chance`, `description`) values('47474','174','0','');
insert into `pool_gameobject` (`guid`, `pool_entry`, `chance`, `description`) values('50321','174','0','');
insert into `pool_gameobject` (`guid`, `pool_entry`, `chance`, `description`) values('47322','175','0','');
insert into `pool_gameobject` (`guid`, `pool_entry`, `chance`, `description`) values('47506','175','20','');
insert into `pool_gameobject` (`guid`, `pool_entry`, `chance`, `description`) values('64518','175','0','');
insert into `pool_gameobject` (`guid`, `pool_entry`, `chance`, `description`) values('47325','176','0','');
insert into `pool_gameobject` (`guid`, `pool_entry`, `chance`, `description`) values('47339','176','0','');
insert into `pool_gameobject` (`guid`, `pool_entry`, `chance`, `description`) values('47551','176','0','');
insert into `pool_gameobject` (`guid`, `pool_entry`, `chance`, `description`) values('47328','177','0','');
insert into `pool_gameobject` (`guid`, `pool_entry`, `chance`, `description`) values('47512','177','0','');
insert into `pool_gameobject` (`guid`, `pool_entry`, `chance`, `description`) values('47330','178','20','');
insert into `pool_gameobject` (`guid`, `pool_entry`, `chance`, `description`) values('47476','178','0','');
insert into `pool_gameobject` (`guid`, `pool_entry`, `chance`, `description`) values('47513','178','0','');
insert into `pool_gameobject` (`guid`, `pool_entry`, `chance`, `description`) values('47332','179','20','');
insert into `pool_gameobject` (`guid`, `pool_entry`, `chance`, `description`) values('47338','179','0','');
insert into `pool_gameobject` (`guid`, `pool_entry`, `chance`, `description`) values('47333','180','20','');
insert into `pool_gameobject` (`guid`, `pool_entry`, `chance`, `description`) values('47345','180','0','');
insert into `pool_gameobject` (`guid`, `pool_entry`, `chance`, `description`) values('47549','180','0','');
insert into `pool_gameobject` (`guid`, `pool_entry`, `chance`, `description`) values('47335','181','20','');
insert into `pool_gameobject` (`guid`, `pool_entry`, `chance`, `description`) values('47479','181','0','');
insert into `pool_gameobject` (`guid`, `pool_entry`, `chance`, `description`) values('47511','181','0','');
insert into `pool_gameobject` (`guid`, `pool_entry`, `chance`, `description`) values('47337','182','20','');
insert into `pool_gameobject` (`guid`, `pool_entry`, `chance`, `description`) values('47343','182','0','');
insert into `pool_gameobject` (`guid`, `pool_entry`, `chance`, `description`) values('50315','182','0','');
insert into `pool_gameobject` (`guid`, `pool_entry`, `chance`, `description`) values('47341','183','0','');
insert into `pool_gameobject` (`guid`, `pool_entry`, `chance`, `description`) values('47507','183','20','');
insert into `pool_gameobject` (`guid`, `pool_entry`, `chance`, `description`) values('47547','183','0','');
insert into `pool_gameobject` (`guid`, `pool_entry`, `chance`, `description`) values('47348','184','0','');
insert into `pool_gameobject` (`guid`, `pool_entry`, `chance`, `description`) values('47477','184','0','');
insert into `pool_gameobject` (`guid`, `pool_entry`, `chance`, `description`) values('47505','184','0','');
insert into `pool_gameobject` (`guid`, `pool_entry`, `chance`, `description`) values('47349','185','0','');
insert into `pool_gameobject` (`guid`, `pool_entry`, `chance`, `description`) values('47478','185','0','');
insert into `pool_gameobject` (`guid`, `pool_entry`, `chance`, `description`) values('1770','186','0','');
insert into `pool_gameobject` (`guid`, `pool_entry`, `chance`, `description`) values('47351','186','20','');
insert into `pool_gameobject` (`guid`, `pool_entry`, `chance`, `description`) values('50322','186','0','');
insert into `pool_gameobject` (`guid`, `pool_entry`, `chance`, `description`) values('1771','187','0','');
insert into `pool_gameobject` (`guid`, `pool_entry`, `chance`, `description`) values('1773','187','20','');
insert into `pool_gameobject` (`guid`, `pool_entry`, `chance`, `description`) values('47352','187','0','');
insert into `pool_gameobject` (`guid`, `pool_entry`, `chance`, `description`) values('1784','188','0','');
insert into `pool_gameobject` (`guid`, `pool_entry`, `chance`, `description`) values('1791','188','20','');
insert into `pool_gameobject` (`guid`, `pool_entry`, `chance`, `description`) values('47353','188','0','');
insert into `pool_gameobject` (`guid`, `pool_entry`, `chance`, `description`) values('1805','189','0','');
insert into `pool_gameobject` (`guid`, `pool_entry`, `chance`, `description`) values('1839','189','20','');
insert into `pool_gameobject` (`guid`, `pool_entry`, `chance`, `description`) values('47354','189','0','');
insert into `pool_gameobject` (`guid`, `pool_entry`, `chance`, `description`) values('1851','190','0','');
insert into `pool_gameobject` (`guid`, `pool_entry`, `chance`, `description`) values('1858','190','20','');
insert into `pool_gameobject` (`guid`, `pool_entry`, `chance`, `description`) values('47355','190','0','');
insert into `pool_gameobject` (`guid`, `pool_entry`, `chance`, `description`) values('1895','191','0','');
insert into `pool_gameobject` (`guid`, `pool_entry`, `chance`, `description`) values('1912','191','20','');
insert into `pool_gameobject` (`guid`, `pool_entry`, `chance`, `description`) values('47356','191','0','');
insert into `pool_gameobject` (`guid`, `pool_entry`, `chance`, `description`) values('1929','192','0','');
insert into `pool_gameobject` (`guid`, `pool_entry`, `chance`, `description`) values('2001','192','20','');
insert into `pool_gameobject` (`guid`, `pool_entry`, `chance`, `description`) values('47358','192','0','');
insert into `pool_gameobject` (`guid`, `pool_entry`, `chance`, `description`) values('2026','193','0','');
insert into `pool_gameobject` (`guid`, `pool_entry`, `chance`, `description`) values('2031','193','20','');
insert into `pool_gameobject` (`guid`, `pool_entry`, `chance`, `description`) values('47359','193','0','');
insert into `pool_gameobject` (`guid`, `pool_entry`, `chance`, `description`) values('2045','194','0','');
insert into `pool_gameobject` (`guid`, `pool_entry`, `chance`, `description`) values('2051','194','20','');
insert into `pool_gameobject` (`guid`, `pool_entry`, `chance`, `description`) values('47360','194','0','');
insert into `pool_gameobject` (`guid`, `pool_entry`, `chance`, `description`) values('2208','195','0','');
insert into `pool_gameobject` (`guid`, `pool_entry`, `chance`, `description`) values('4561','195','20','');
insert into `pool_gameobject` (`guid`, `pool_entry`, `chance`, `description`) values('47361','195','0','');
insert into `pool_gameobject` (`guid`, `pool_entry`, `chance`, `description`) values('4562','196','0','');
insert into `pool_gameobject` (`guid`, `pool_entry`, `chance`, `description`) values('4583','196','20','');
insert into `pool_gameobject` (`guid`, `pool_entry`, `chance`, `description`) values('47363','196','0','');
insert into `pool_gameobject` (`guid`, `pool_entry`, `chance`, `description`) values('4679','197','0','');
insert into `pool_gameobject` (`guid`, `pool_entry`, `chance`, `description`) values('47372','197','0','');
insert into `pool_gameobject` (`guid`, `pool_entry`, `chance`, `description`) values('47382','197','20','');
insert into `pool_gameobject` (`guid`, `pool_entry`, `chance`, `description`) values('4773','198','20','');
insert into `pool_gameobject` (`guid`, `pool_entry`, `chance`, `description`) values('47373','198','0','');
insert into `pool_gameobject` (`guid`, `pool_entry`, `chance`, `description`) values('47395','198','0','');
insert into `pool_gameobject` (`guid`, `pool_entry`, `chance`, `description`) values('4775','199','20','');
insert into `pool_gameobject` (`guid`, `pool_entry`, `chance`, `description`) values('47393','199','0','');
insert into `pool_gameobject` (`guid`, `pool_entry`, `chance`, `description`) values('50324','199','0','');
insert into `pool_gameobject` (`guid`, `pool_entry`, `chance`, `description`) values('4860','200','20','');
insert into `pool_gameobject` (`guid`, `pool_entry`, `chance`, `description`) values('47394','200','0','');
insert into `pool_gameobject` (`guid`, `pool_entry`, `chance`, `description`) values('47519','200','0','');
insert into `pool_gameobject` (`guid`, `pool_entry`, `chance`, `description`) values('4993','201','0','');
insert into `pool_gameobject` (`guid`, `pool_entry`, `chance`, `description`) values('5012','201','20','');
insert into `pool_gameobject` (`guid`, `pool_entry`, `chance`, `description`) values('47396','201','0','');
insert into `pool_gameobject` (`guid`, `pool_entry`, `chance`, `description`) values('5021','202','0','');
insert into `pool_gameobject` (`guid`, `pool_entry`, `chance`, `description`) values('5032','202','20','');
insert into `pool_gameobject` (`guid`, `pool_entry`, `chance`, `description`) values('47398','202','0','');
insert into `pool_gameobject` (`guid`, `pool_entry`, `chance`, `description`) values('5033','203','0','');
insert into `pool_gameobject` (`guid`, `pool_entry`, `chance`, `description`) values('5071','203','20','');
insert into `pool_gameobject` (`guid`, `pool_entry`, `chance`, `description`) values('47403','203','0','');
insert into `pool_gameobject` (`guid`, `pool_entry`, `chance`, `description`) values('5074','204','20','');
insert into `pool_gameobject` (`guid`, `pool_entry`, `chance`, `description`) values('47404','204','0','');
insert into `pool_gameobject` (`guid`, `pool_entry`, `chance`, `description`) values('47518','204','0','');
insert into `pool_gameobject` (`guid`, `pool_entry`, `chance`, `description`) values('47408','205','0','');
insert into `pool_gameobject` (`guid`, `pool_entry`, `chance`, `description`) values('47422','205','0','');
insert into `pool_gameobject` (`guid`, `pool_entry`, `chance`, `description`) values('47409','206','0','');
insert into `pool_gameobject` (`guid`, `pool_entry`, `chance`, `description`) values('64621','206','0','');
insert into `pool_gameobject` (`guid`, `pool_entry`, `chance`, `description`) values('47410','207','0','');
insert into `pool_gameobject` (`guid`, `pool_entry`, `chance`, `description`) values('47419','207','0','');
insert into `pool_gameobject` (`guid`, `pool_entry`, `chance`, `description`) values('47430','208','0','');
insert into `pool_gameobject` (`guid`, `pool_entry`, `chance`, `description`) values('47464','208','20','');
insert into `pool_gameobject` (`guid`, `pool_entry`, `chance`, `description`) values('47435','209','0','');
insert into `pool_gameobject` (`guid`, `pool_entry`, `chance`, `description`) values('50346','209','20','');
insert into `pool_gameobject` (`guid`, `pool_entry`, `chance`, `description`) values('47436','210','0','');
insert into `pool_gameobject` (`guid`, `pool_entry`, `chance`, `description`) values('47466','210','20','');
insert into `pool_gameobject` (`guid`, `pool_entry`, `chance`, `description`) values('47437','211','0','');
insert into `pool_gameobject` (`guid`, `pool_entry`, `chance`, `description`) values('47545','211','20','');
insert into `pool_gameobject` (`guid`, `pool_entry`, `chance`, `description`) values('47439','212','0','');
insert into `pool_gameobject` (`guid`, `pool_entry`, `chance`, `description`) values('47546','212','20','');
insert into `pool_gameobject` (`guid`, `pool_entry`, `chance`, `description`) values('47441','213','0','');
insert into `pool_gameobject` (`guid`, `pool_entry`, `chance`, `description`) values('47469','213','20','');
insert into `pool_gameobject` (`guid`, `pool_entry`, `chance`, `description`) values('47448','214','0','');
insert into `pool_gameobject` (`guid`, `pool_entry`, `chance`, `description`) values('47463','214','20','');
insert into `pool_gameobject` (`guid`, `pool_entry`, `chance`, `description`) values('47467','215','20','');
insert into `pool_gameobject` (`guid`, `pool_entry`, `chance`, `description`) values('50344','215','0','');
insert into `pool_gameobject` (`guid`, `pool_entry`, `chance`, `description`) values('47471','216','20','');
insert into `pool_gameobject` (`guid`, `pool_entry`, `chance`, `description`) values('64623','216','0','');
insert into `pool_gameobject` (`guid`, `pool_entry`, `chance`, `description`) values('47473','217','20','');
insert into `pool_gameobject` (`guid`, `pool_entry`, `chance`, `description`) values('47534','217','0','');
insert into `pool_gameobject` (`guid`, `pool_entry`, `chance`, `description`) values('50341','217','0','');
insert into `pool_gameobject` (`guid`, `pool_entry`, `chance`, `description`) values('5097','218','0','');
insert into `pool_gameobject` (`guid`, `pool_entry`, `chance`, `description`) values('5119','218','20','');
insert into `pool_gameobject` (`guid`, `pool_entry`, `chance`, `description`) values('47526','218','0','');
insert into `pool_gameobject` (`guid`, `pool_entry`, `chance`, `description`) values('47527','219','0','');
insert into `pool_gameobject` (`guid`, `pool_entry`, `chance`, `description`) values('50340','219','0','');
insert into `pool_gameobject` (`guid`, `pool_entry`, `chance`, `description`) values('47529','220','0','');
insert into `pool_gameobject` (`guid`, `pool_entry`, `chance`, `description`) values('64620','220','0','');
insert into `pool_gameobject` (`guid`, `pool_entry`, `chance`, `description`) values('47530','221','0','');
insert into `pool_gameobject` (`guid`, `pool_entry`, `chance`, `description`) values('47537','221','0','');
insert into `pool_gameobject` (`guid`, `pool_entry`, `chance`, `description`) values('47533','222','0','');
insert into `pool_gameobject` (`guid`, `pool_entry`, `chance`, `description`) values('50339','222','0','');
insert into `pool_gameobject` (`guid`, `pool_entry`, `chance`, `description`) values('5120','223','0','');
insert into `pool_gameobject` (`guid`, `pool_entry`, `chance`, `description`) values('18140','223','0','');
insert into `pool_gameobject` (`guid`, `pool_entry`, `chance`, `description`) values('50307','223','20','');
insert into `pool_gameobject` (`guid`, `pool_entry`, `chance`, `description`) values('47543','224','0','');
insert into `pool_gameobject` (`guid`, `pool_entry`, `chance`, `description`) values('64626','224','20','');
insert into `pool_gameobject` (`guid`, `pool_entry`, `chance`, `description`) values('5121','225','20','');
insert into `pool_gameobject` (`guid`, `pool_entry`, `chance`, `description`) values('5123','225','0','');
insert into `pool_gameobject` (`guid`, `pool_entry`, `chance`, `description`) values('18141','225','0','');
insert into `pool_gameobject` (`guid`, `pool_entry`, `chance`, `description`) values('5124','226','0','');
insert into `pool_gameobject` (`guid`, `pool_entry`, `chance`, `description`) values('5169','226','0','');
insert into `pool_gameobject` (`guid`, `pool_entry`, `chance`, `description`) values('47623','226','20','');
insert into `pool_gameobject` (`guid`, `pool_entry`, `chance`, `description`) values('5178','227','0','');
insert into `pool_gameobject` (`guid`, `pool_entry`, `chance`, `description`) values('48525','227','0','');
insert into `pool_gameobject` (`guid`, `pool_entry`, `chance`, `description`) values('50280','227','20','');
insert into `pool_gameobject` (`guid`, `pool_entry`, `chance`, `description`) values('5179','228','20','');
insert into `pool_gameobject` (`guid`, `pool_entry`, `chance`, `description`) values('5181','228','0','');
insert into `pool_gameobject` (`guid`, `pool_entry`, `chance`, `description`) values('48539','228','0','');
insert into `pool_gameobject` (`guid`, `pool_entry`, `chance`, `description`) values('5182','229','20','');
insert into `pool_gameobject` (`guid`, `pool_entry`, `chance`, `description`) values('5183','229','0','');
insert into `pool_gameobject` (`guid`, `pool_entry`, `chance`, `description`) values('48541','229','0','');
insert into `pool_gameobject` (`guid`, `pool_entry`, `chance`, `description`) values('5190','230','0','');
insert into `pool_gameobject` (`guid`, `pool_entry`, `chance`, `description`) values('48556','230','20','');
insert into `pool_gameobject` (`guid`, `pool_entry`, `chance`, `description`) values('50292','230','0','');
insert into `pool_gameobject` (`guid`, `pool_entry`, `chance`, `description`) values('5192','231','20','');
insert into `pool_gameobject` (`guid`, `pool_entry`, `chance`, `description`) values('5322','231','0','');
insert into `pool_gameobject` (`guid`, `pool_entry`, `chance`, `description`) values('48638','231','0','');
insert into `pool_gameobject` (`guid`, `pool_entry`, `chance`, `description`) values('5328','232','20','');
insert into `pool_gameobject` (`guid`, `pool_entry`, `chance`, `description`) values('5340','232','0','');
insert into `pool_gameobject` (`guid`, `pool_entry`, `chance`, `description`) values('48646','232','0','');
insert into `pool_gameobject` (`guid`, `pool_entry`, `chance`, `description`) values('5435','233','0','');
insert into `pool_gameobject` (`guid`, `pool_entry`, `chance`, `description`) values('48647','233','20','');
insert into `pool_gameobject` (`guid`, `pool_entry`, `chance`, `description`) values('50299','233','0','');
insert into `pool_gameobject` (`guid`, `pool_entry`, `chance`, `description`) values('5439','234','20','');
insert into `pool_gameobject` (`guid`, `pool_entry`, `chance`, `description`) values('5441','234','0','');
insert into `pool_gameobject` (`guid`, `pool_entry`, `chance`, `description`) values('48648','234','0','');
insert into `pool_gameobject` (`guid`, `pool_entry`, `chance`, `description`) values('5442','235','20','');
insert into `pool_gameobject` (`guid`, `pool_entry`, `chance`, `description`) values('5465','235','0','');
insert into `pool_gameobject` (`guid`, `pool_entry`, `chance`, `description`) values('48650','235','0','');
insert into `pool_gameobject` (`guid`, `pool_entry`, `chance`, `description`) values('5476','236','20','');
insert into `pool_gameobject` (`guid`, `pool_entry`, `chance`, `description`) values('6808','236','0','');
insert into `pool_gameobject` (`guid`, `pool_entry`, `chance`, `description`) values('48658','236','0','');
insert into `pool_gameobject` (`guid`, `pool_entry`, `chance`, `description`) values('6843','237','20','');
insert into `pool_gameobject` (`guid`, `pool_entry`, `chance`, `description`) values('6844','237','0','');
insert into `pool_gameobject` (`guid`, `pool_entry`, `chance`, `description`) values('48663','237','0','');
insert into `pool_gameobject` (`guid`, `pool_entry`, `chance`, `description`) values('6856','238','20','');
insert into `pool_gameobject` (`guid`, `pool_entry`, `chance`, `description`) values('6864','238','0','');
insert into `pool_gameobject` (`guid`, `pool_entry`, `chance`, `description`) values('48667','238','0','');
insert into `pool_gameobject` (`guid`, `pool_entry`, `chance`, `description`) values('10705','239','0','');
insert into `pool_gameobject` (`guid`, `pool_entry`, `chance`, `description`) values('10949','239','20','');
insert into `pool_gameobject` (`guid`, `pool_entry`, `chance`, `description`) values('20337','239','0','');
insert into `pool_gameobject` (`guid`, `pool_entry`, `chance`, `description`) values('49905','240','0','');
insert into `pool_gameobject` (`guid`, `pool_entry`, `chance`, `description`) values('50312','240','0','');
insert into `pool_gameobject` (`guid`, `pool_entry`, `chance`, `description`) values('42097','241','0','');
insert into `pool_gameobject` (`guid`, `pool_entry`, `chance`, `description`) values('49907','241','20','');
insert into `pool_gameobject` (`guid`, `pool_entry`, `chance`, `description`) values('50260','241','0','');
insert into `pool_gameobject` (`guid`, `pool_entry`, `chance`, `description`) values('49914','242','0','');
insert into `pool_gameobject` (`guid`, `pool_entry`, `chance`, `description`) values('50302','242','0','');
insert into `pool_gameobject` (`guid`, `pool_entry`, `chance`, `description`) values('49916','243','0','');
insert into `pool_gameobject` (`guid`, `pool_entry`, `chance`, `description`) values('50310','243','20','');
insert into `pool_gameobject` (`guid`, `pool_entry`, `chance`, `description`) values('10951','244','20','');
insert into `pool_gameobject` (`guid`, `pool_entry`, `chance`, `description`) values('10963','244','0','');
insert into `pool_gameobject` (`guid`, `pool_entry`, `chance`, `description`) values('18142','244','0','');
insert into `pool_gameobject` (`guid`, `pool_entry`, `chance`, `description`) values('50183','245','0','');
insert into `pool_gameobject` (`guid`, `pool_entry`, `chance`, `description`) values('50309','245','0','');
insert into `pool_gameobject` (`guid`, `pool_entry`, `chance`, `description`) values('10964','246','0','');
insert into `pool_gameobject` (`guid`, `pool_entry`, `chance`, `description`) values('50268','246','0','');
insert into `pool_gameobject` (`guid`, `pool_entry`, `chance`, `description`) values('50279','246','20','');
insert into `pool_gameobject` (`guid`, `pool_entry`, `chance`, `description`) values('10966','247','20','');
insert into `pool_gameobject` (`guid`, `pool_entry`, `chance`, `description`) values('10967','247','0','');
insert into `pool_gameobject` (`guid`, `pool_entry`, `chance`, `description`) values('50269','247','0','');
insert into `pool_gameobject` (`guid`, `pool_entry`, `chance`, `description`) values('10969','248','20','');
insert into `pool_gameobject` (`guid`, `pool_entry`, `chance`, `description`) values('14085','248','0','');
insert into `pool_gameobject` (`guid`, `pool_entry`, `chance`, `description`) values('50270','248','0','');
insert into `pool_gameobject` (`guid`, `pool_entry`, `chance`, `description`) values('14086','249','20','');
insert into `pool_gameobject` (`guid`, `pool_entry`, `chance`, `description`) values('14087','249','0','');
insert into `pool_gameobject` (`guid`, `pool_entry`, `chance`, `description`) values('50271','249','0','');
insert into `pool_gameobject` (`guid`, `pool_entry`, `chance`, `description`) values('14088','250','20','');
insert into `pool_gameobject` (`guid`, `pool_entry`, `chance`, `description`) values('14089','250','0','');
insert into `pool_gameobject` (`guid`, `pool_entry`, `chance`, `description`) values('50272','250','0','');
insert into `pool_gameobject` (`guid`, `pool_entry`, `chance`, `description`) values('14096','251','0','');
insert into `pool_gameobject` (`guid`, `pool_entry`, `chance`, `description`) values('14097','251','0','');
insert into `pool_gameobject` (`guid`, `pool_entry`, `chance`, `description`) values('50273','251','20','');
insert into `pool_gameobject` (`guid`, `pool_entry`, `chance`, `description`) values('15110','252','20','');
insert into `pool_gameobject` (`guid`, `pool_entry`, `chance`, `description`) values('15111','252','0','');
insert into `pool_gameobject` (`guid`, `pool_entry`, `chance`, `description`) values('50274','252','0','');
insert into `pool_gameobject` (`guid`, `pool_entry`, `chance`, `description`) values('15199','253','20','');
insert into `pool_gameobject` (`guid`, `pool_entry`, `chance`, `description`) values('15200','253','0','');
insert into `pool_gameobject` (`guid`, `pool_entry`, `chance`, `description`) values('50275','253','0','');
insert into `pool_gameobject` (`guid`, `pool_entry`, `chance`, `description`) values('15202','254','0','');
insert into `pool_gameobject` (`guid`, `pool_entry`, `chance`, `description`) values('50278','254','0','');
insert into `pool_gameobject` (`guid`, `pool_entry`, `chance`, `description`) values('50283','254','20','');
insert into `pool_gameobject` (`guid`, `pool_entry`, `chance`, `description`) values('15203','255','20','');
insert into `pool_gameobject` (`guid`, `pool_entry`, `chance`, `description`) values('15204','255','0','');
insert into `pool_gameobject` (`guid`, `pool_entry`, `chance`, `description`) values('50281','255','0','');
insert into `pool_gameobject` (`guid`, `pool_entry`, `chance`, `description`) values('15397','256','20','');
insert into `pool_gameobject` (`guid`, `pool_entry`, `chance`, `description`) values('15419','256','0','');
insert into `pool_gameobject` (`guid`, `pool_entry`, `chance`, `description`) values('50284','256','0','');
insert into `pool_gameobject` (`guid`, `pool_entry`, `chance`, `description`) values('15420','257','20','');
insert into `pool_gameobject` (`guid`, `pool_entry`, `chance`, `description`) values('15476','257','0','');
insert into `pool_gameobject` (`guid`, `pool_entry`, `chance`, `description`) values('50286','257','0','');
insert into `pool_gameobject` (`guid`, `pool_entry`, `chance`, `description`) values('15497','258','0','');
insert into `pool_gameobject` (`guid`, `pool_entry`, `chance`, `description`) values('50287','258','0','');
insert into `pool_gameobject` (`guid`, `pool_entry`, `chance`, `description`) values('50291','258','20','');
insert into `pool_gameobject` (`guid`, `pool_entry`, `chance`, `description`) values('15505','259','20','');
insert into `pool_gameobject` (`guid`, `pool_entry`, `chance`, `description`) values('15633','259','0','');
insert into `pool_gameobject` (`guid`, `pool_entry`, `chance`, `description`) values('50288','259','0','');
insert into `pool_gameobject` (`guid`, `pool_entry`, `chance`, `description`) values('15634','260','20','');
insert into `pool_gameobject` (`guid`, `pool_entry`, `chance`, `description`) values('15763','260','0','');
insert into `pool_gameobject` (`guid`, `pool_entry`, `chance`, `description`) values('50289','260','0','');
insert into `pool_gameobject` (`guid`, `pool_entry`, `chance`, `description`) values('15764','261','20','');
insert into `pool_gameobject` (`guid`, `pool_entry`, `chance`, `description`) values('15771','261','0','');
insert into `pool_gameobject` (`guid`, `pool_entry`, `chance`, `description`) values('50290','261','0','');
insert into `pool_gameobject` (`guid`, `pool_entry`, `chance`, `description`) values('15775','262','20','');
insert into `pool_gameobject` (`guid`, `pool_entry`, `chance`, `description`) values('15776','262','0','');
insert into `pool_gameobject` (`guid`, `pool_entry`, `chance`, `description`) values('50294','262','0','');
insert into `pool_gameobject` (`guid`, `pool_entry`, `chance`, `description`) values('15777','263','20','');
insert into `pool_gameobject` (`guid`, `pool_entry`, `chance`, `description`) values('15779','263','0','');
insert into `pool_gameobject` (`guid`, `pool_entry`, `chance`, `description`) values('50295','263','0','');
insert into `pool_gameobject` (`guid`, `pool_entry`, `chance`, `description`) values('15783','264','20','');
insert into `pool_gameobject` (`guid`, `pool_entry`, `chance`, `description`) values('16548','264','0','');
insert into `pool_gameobject` (`guid`, `pool_entry`, `chance`, `description`) values('50304','264','0','');
insert into `pool_gameobject` (`guid`, `pool_entry`, `chance`, `description`) values('16574','265','20','');
insert into `pool_gameobject` (`guid`, `pool_entry`, `chance`, `description`) values('16576','265','0','');
insert into `pool_gameobject` (`guid`, `pool_entry`, `chance`, `description`) values('50305','265','0','');
insert into `pool_gameobject` (`guid`, `pool_entry`, `chance`, `description`) values('16577','266','20','');
insert into `pool_gameobject` (`guid`, `pool_entry`, `chance`, `description`) values('16578','266','0','');
insert into `pool_gameobject` (`guid`, `pool_entry`, `chance`, `description`) values('50313','266','0','');
insert into `pool_gameobject` (`guid`, `pool_entry`, `chance`, `description`) values('16579','267','20','');
insert into `pool_gameobject` (`guid`, `pool_entry`, `chance`, `description`) values('16580','267','0','');
insert into `pool_gameobject` (`guid`, `pool_entry`, `chance`, `description`) values('50314','267','0','');
insert into `pool_gameobject` (`guid`, `pool_entry`, `chance`, `description`) values('50320','268','20','');
insert into `pool_gameobject` (`guid`, `pool_entry`, `chance`, `description`) values('64627','268','0','');
insert into `pool_gameobject` (`guid`, `pool_entry`, `chance`, `description`) values('16616','269','20','');
insert into `pool_gameobject` (`guid`, `pool_entry`, `chance`, `description`) values('16716','269','0','');
insert into `pool_gameobject` (`guid`, `pool_entry`, `chance`, `description`) values('50323','269','0','');
insert into `pool_gameobject` (`guid`, `pool_entry`, `chance`, `description`) values('16734','270','20','');
insert into `pool_gameobject` (`guid`, `pool_entry`, `chance`, `description`) values('16744','270','0','');
insert into `pool_gameobject` (`guid`, `pool_entry`, `chance`, `description`) values('50325','270','0','');
insert into `pool_gameobject` (`guid`, `pool_entry`, `chance`, `description`) values('16766','271','20','');
insert into `pool_gameobject` (`guid`, `pool_entry`, `chance`, `description`) values('16773','271','0','');
insert into `pool_gameobject` (`guid`, `pool_entry`, `chance`, `description`) values('50326','271','0','');
insert into `pool_gameobject` (`guid`, `pool_entry`, `chance`, `description`) values('64512','295','0','');
insert into `pool_gameobject` (`guid`, `pool_entry`, `chance`, `description`) values('64682','295','20','');
insert into `pool_gameobject` (`guid`, `pool_entry`, `chance`, `description`) values('64683','295','0','');
insert into `pool_gameobject` (`guid`, `pool_entry`, `chance`, `description`) values('64513','296','0','');
insert into `pool_gameobject` (`guid`, `pool_entry`, `chance`, `description`) values('64684','296','20','');
insert into `pool_gameobject` (`guid`, `pool_entry`, `chance`, `description`) values('64685','296','0','');
insert into `pool_gameobject` (`guid`, `pool_entry`, `chance`, `description`) values('64514','297','0','');
insert into `pool_gameobject` (`guid`, `pool_entry`, `chance`, `description`) values('64686','297','20','');
insert into `pool_gameobject` (`guid`, `pool_entry`, `chance`, `description`) values('64687','297','0','');
insert into `pool_gameobject` (`guid`, `pool_entry`, `chance`, `description`) values('64617','329','0','');
insert into `pool_gameobject` (`guid`, `pool_entry`, `chance`, `description`) values('64736','329','0','');
insert into `pool_gameobject` (`guid`, `pool_entry`, `chance`, `description`) values('64737','329','20','');
insert into `pool_gameobject` (`guid`, `pool_entry`, `chance`, `description`) values('17469','330','0','');
insert into `pool_gameobject` (`guid`, `pool_entry`, `chance`, `description`) values('64738','330','0','');
insert into `pool_gameobject` (`guid`, `pool_entry`, `chance`, `description`) values('17466','331','0','');
insert into `pool_gameobject` (`guid`, `pool_entry`, `chance`, `description`) values('64739','331','0','');
insert into `pool_gameobject` (`guid`, `pool_entry`, `chance`, `description`) values('47407','333','0','');
insert into `pool_gameobject` (`guid`, `pool_entry`, `chance`, `description`) values('64761','333','20','');
insert into `pool_gameobject` (`guid`, `pool_entry`, `chance`, `description`) values('47536','334','0','');
insert into `pool_gameobject` (`guid`, `pool_entry`, `chance`, `description`) values('64757','334','0','');
insert into `pool_gameobject` (`guid`, `pool_entry`, `chance`, `description`) values('64753','345','20','');
insert into `pool_gameobject` (`guid`, `pool_entry`, `chance`, `description`) values('64794','345','0','');
insert into `pool_gameobject` (`guid`, `pool_entry`, `chance`, `description`) values('64795','345','0','');
insert into `pool_gameobject` (`guid`, `pool_entry`, `chance`, `description`) values('64754','346','0','');
insert into `pool_gameobject` (`guid`, `pool_entry`, `chance`, `description`) values('64796','346','0','');
insert into `pool_gameobject` (`guid`, `pool_entry`, `chance`, `description`) values('64797','346','20','');
insert into `pool_gameobject` (`guid`, `pool_entry`, `chance`, `description`) values('64755','347','0','');
insert into `pool_gameobject` (`guid`, `pool_entry`, `chance`, `description`) values('64798','347','0','');
insert into `pool_gameobject` (`guid`, `pool_entry`, `chance`, `description`) values('64799','347','20','');


-- MISSING GO SPAWNS
insert into `gameobject` (`guid`, `id`, `map`, `spawnMask`, `position_x`, `position_y`, `position_z`, `orientation`, `rotation0`, `rotation1`, `rotation2`, `rotation3`, `spawntimesecs`, `animprogress`, `state`) values('64512','180582','0','1','-11117','2055.51','0','0.942477','0','0','0.45399','0.891007','180','100','1');
insert into `gameobject` (`guid`, `id`, `map`, `spawnMask`, `position_x`, `position_y`, `position_z`, `orientation`, `rotation0`, `rotation1`, `rotation2`, `rotation3`, `spawntimesecs`, `animprogress`, `state`) values('64513','180582','0','1','-10942.5','2133.54','0','-1.88495','0','0','-0.809015','0.587788','180','100','1');
insert into `gameobject` (`guid`, `id`, `map`, `spawnMask`, `position_x`, `position_y`, `position_z`, `orientation`, `rotation0`, `rotation1`, `rotation2`, `rotation3`, `spawntimesecs`, `animprogress`, `state`) values('64514','180582','1','1','-969.846','-3805.13','0','-0.593412','0','0','-0.292372','0.956305','180','100','1');
insert into `gameobject` (`guid`, `id`, `map`, `spawnMask`, `position_x`, `position_y`, `position_z`, `orientation`, `rotation0`, `rotation1`, `rotation2`, `rotation3`, `spawntimesecs`, `animprogress`, `state`) values('64515','180900','0','1','-14678.3','553.845','0','2.54818','0','0','0.956305','0.292372','180','100','1');
insert into `gameobject` (`guid`, `id`, `map`, `spawnMask`, `position_x`, `position_y`, `position_z`, `orientation`, `rotation0`, `rotation1`, `rotation2`, `rotation3`, `spawntimesecs`, `animprogress`, `state`) values('64517','180902','0','1','-12829.6','440.834','0','2.75761','0','0','0.981626','0.190814','180','100','1');
insert into `gameobject` (`guid`, `id`, `map`, `spawnMask`, `position_x`, `position_y`, `position_z`, `orientation`, `rotation0`, `rotation1`, `rotation2`, `rotation3`, `spawntimesecs`, `animprogress`, `state`) values('64518','180902','0','1','-13290.2','651.097','0','-2.74016','0','0','-0.979924','0.199371','180','100','1');
insert into `gameobject` (`guid`, `id`, `map`, `spawnMask`, `position_x`, `position_y`, `position_z`, `orientation`, `rotation0`, `rotation1`, `rotation2`, `rotation3`, `spawntimesecs`, `animprogress`, `state`) values('64617','180664','0','1','-2489.85','-1712.92','0','2.40855','0','0','0.93358','0.35837','180','100','1');
insert into `gameobject` (`guid`, `id`, `map`, `spawnMask`, `position_x`, `position_y`, `position_z`, `orientation`, `rotation0`, `rotation1`, `rotation2`, `rotation3`, `spawntimesecs`, `animprogress`, `state`) values('64618','180682','0','1','-11844.9','908.972','0','-1.65806','0','0','-0.737276','0.675591','180','100','1');
insert into `gameobject` (`guid`, `id`, `map`, `spawnMask`, `position_x`, `position_y`, `position_z`, `orientation`, `rotation0`, `rotation1`, `rotation2`, `rotation3`, `spawntimesecs`, `animprogress`, `state`) values('64620','180683','0','1','-11882','876.11','0','1.53589','0','0','0.694658','0.71934','180','100','1');
insert into `gameobject` (`guid`, `id`, `map`, `spawnMask`, `position_x`, `position_y`, `position_z`, `orientation`, `rotation0`, `rotation1`, `rotation2`, `rotation3`, `spawntimesecs`, `animprogress`, `state`) values('64621','180683','0','1','-12011.6','759.599','0','0.855211','0','0','0.414693','0.909961','180','100','1');
insert into `gameobject` (`guid`, `id`, `map`, `spawnMask`, `position_x`, `position_y`, `position_z`, `orientation`, `rotation0`, `rotation1`, `rotation2`, `rotation3`, `spawntimesecs`, `animprogress`, `state`) values('64623','180684','0','1','-12239.5','-335.31','10.0699','0.698132','0','0','0.34202','0.939693','180','100','1');
insert into `gameobject` (`guid`, `id`, `map`, `spawnMask`, `position_x`, `position_y`, `position_z`, `orientation`, `rotation0`, `rotation1`, `rotation2`, `rotation3`, `spawntimesecs`, `animprogress`, `state`) values('64625','180685','0','1','-12259.6','344.519','0','1.90241','0','0','0.814116','0.580702','180','100','1');
insert into `gameobject` (`guid`, `id`, `map`, `spawnMask`, `position_x`, `position_y`, `position_z`, `orientation`, `rotation0`, `rotation1`, `rotation2`, `rotation3`, `spawntimesecs`, `animprogress`, `state`) values('64626','180685','0','1','-12313.4','-311.831','10.0699','1.79769','0','0','0.782608','0.622514','180','100','1');
insert into `gameobject` (`guid`, `id`, `map`, `spawnMask`, `position_x`, `position_y`, `position_z`, `orientation`, `rotation0`, `rotation1`, `rotation2`, `rotation3`, `spawntimesecs`, `animprogress`, `state`) values('64627','180712','0','1','-14401.4','438.454','0','-1.29154','0','0','-0.601814','0.798637','180','100','1');
insert into `gameobject` (`guid`, `id`, `map`, `spawnMask`, `position_x`, `position_y`, `position_z`, `orientation`, `rotation0`, `rotation1`, `rotation2`, `rotation3`, `spawntimesecs`, `animprogress`, `state`) values('64682','180655','0','1','-11117','2055.51','0','0.942477','0','0','0.45399','0.891007','180','100','1');
insert into `gameobject` (`guid`, `id`, `map`, `spawnMask`, `position_x`, `position_y`, `position_z`, `orientation`, `rotation0`, `rotation1`, `rotation2`, `rotation3`, `spawntimesecs`, `animprogress`, `state`) values('64683','180656','0','1','-11117','2055.51','0','0.942477','0','0','0.45399','0.891007','180','100','1');
insert into `gameobject` (`guid`, `id`, `map`, `spawnMask`, `position_x`, `position_y`, `position_z`, `orientation`, `rotation0`, `rotation1`, `rotation2`, `rotation3`, `spawntimesecs`, `animprogress`, `state`) values('64684','180655','0','1','-10942.5','2133.54','0','-1.88495','0','0','-0.809015','0.587788','180','100','1');
insert into `gameobject` (`guid`, `id`, `map`, `spawnMask`, `position_x`, `position_y`, `position_z`, `orientation`, `rotation0`, `rotation1`, `rotation2`, `rotation3`, `spawntimesecs`, `animprogress`, `state`) values('64685','180656','0','1','-10942.5','2133.54','0','-1.88495','0','0','-0.809015','0.587788','180','100','1');
insert into `gameobject` (`guid`, `id`, `map`, `spawnMask`, `position_x`, `position_y`, `position_z`, `orientation`, `rotation0`, `rotation1`, `rotation2`, `rotation3`, `spawntimesecs`, `animprogress`, `state`) values('64686','180655','1','1','-969.846','-3805.13','0','-0.593412','0','0','-0.292372','0.956305','180','100','1');
insert into `gameobject` (`guid`, `id`, `map`, `spawnMask`, `position_x`, `position_y`, `position_z`, `orientation`, `rotation0`, `rotation1`, `rotation2`, `rotation3`, `spawntimesecs`, `animprogress`, `state`) values('64687','180656','1','1','-969.846','-3805.13','0','-0.593412','0','0','-0.292372','0.956305','180','100','1');
insert into `gameobject` (`guid`, `id`, `map`, `spawnMask`, `position_x`, `position_y`, `position_z`, `orientation`, `rotation0`, `rotation1`, `rotation2`, `rotation3`, `spawntimesecs`, `animprogress`, `state`) values('64736','180657','0','1','-2489.85','-1712.92','0','2.40855','0','0','0.93358','0.35837','180','100','1');
insert into `gameobject` (`guid`, `id`, `map`, `spawnMask`, `position_x`, `position_y`, `position_z`, `orientation`, `rotation0`, `rotation1`, `rotation2`, `rotation3`, `spawntimesecs`, `animprogress`, `state`) values('64737','180662','0','1','-2489.85','-1712.92','0','2.40855','0','0','0.93358','0.35837','180','100','1');
insert into `gameobject` (`guid`, `id`, `map`, `spawnMask`, `position_x`, `position_y`, `position_z`, `orientation`, `rotation0`, `rotation1`, `rotation2`, `rotation3`, `spawntimesecs`, `animprogress`, `state`) values('64738','180752','1','1','-7691.51','-4923.28','0','-0.663223','0','0','-0.325567','0.945519','180','100','1');
insert into `gameobject` (`guid`, `id`, `map`, `spawnMask`, `position_x`, `position_y`, `position_z`, `orientation`, `rotation0`, `rotation1`, `rotation2`, `rotation3`, `spawntimesecs`, `animprogress`, `state`) values('64739','180752','1','1','-7906.06','-5256.7','0','-2.77507','0','0','-0.983255','0.182237','180','100','1');
insert into `gameobject` (`guid`, `id`, `map`, `spawnMask`, `position_x`, `position_y`, `position_z`, `orientation`, `rotation0`, `rotation1`, `rotation2`, `rotation3`, `spawntimesecs`, `animprogress`, `state`) values('64753','180655','0','1','-5480.5','-3691.84','297.605','-1.51844','0','0','-0.688356','0.725373','180','100','1');
insert into `gameobject` (`guid`, `id`, `map`, `spawnMask`, `position_x`, `position_y`, `position_z`, `orientation`, `rotation0`, `rotation1`, `rotation2`, `rotation3`, `spawntimesecs`, `animprogress`, `state`) values('64754','180656','0','1','-4779.28','-3489.41','297.62','-0.069812','0','0','-0.0348989','0.999391','180','100','1');
insert into `gameobject` (`guid`, `id`, `map`, `spawnMask`, `position_x`, `position_y`, `position_z`, `orientation`, `rotation0`, `rotation1`, `rotation2`, `rotation3`, `spawntimesecs`, `animprogress`, `state`) values('64755','180656','0','1','-5404.51','-3717.46','297.605','2.51327','0','0','0.951056','0.309019','180','100','1');
insert into `gameobject` (`guid`, `id`, `map`, `spawnMask`, `position_x`, `position_y`, `position_z`, `orientation`, `rotation0`, `rotation1`, `rotation2`, `rotation3`, `spawntimesecs`, `animprogress`, `state`) values('64757','180682','0','1','-11958.1','738.97','0','2.94959','0','0','0.995395','0.0958539','180','100','1');
insert into `gameobject` (`guid`, `id`, `map`, `spawnMask`, `position_x`, `position_y`, `position_z`, `orientation`, `rotation0`, `rotation1`, `rotation2`, `rotation3`, `spawntimesecs`, `animprogress`, `state`) values('64761','180685','0','1','-12015.2','532.893','-0.255422','3.03684','0','0','0.998629','0.0523524','180','100','1');
insert into `gameobject` (`guid`, `id`, `map`, `spawnMask`, `position_x`, `position_y`, `position_z`, `orientation`, `rotation0`, `rotation1`, `rotation2`, `rotation3`, `spawntimesecs`, `animprogress`, `state`) values('64794','180582','0','1','-5480.5','-3691.84','297.605','-1.51844','0','0','-0.688356','0.725373','180','100','1');
insert into `gameobject` (`guid`, `id`, `map`, `spawnMask`, `position_x`, `position_y`, `position_z`, `orientation`, `rotation0`, `rotation1`, `rotation2`, `rotation3`, `spawntimesecs`, `animprogress`, `state`) values('64795','180656','0','1','-5480.5','-3691.84','297.605','-1.51844','0','0','-0.688356','0.725373','180','100','1');
insert into `gameobject` (`guid`, `id`, `map`, `spawnMask`, `position_x`, `position_y`, `position_z`, `orientation`, `rotation0`, `rotation1`, `rotation2`, `rotation3`, `spawntimesecs`, `animprogress`, `state`) values('64796','180582','0','1','-4779.28','-3489.41','297.62','-0.069812','0','0','-0.0348989','0.999391','180','100','1');
insert into `gameobject` (`guid`, `id`, `map`, `spawnMask`, `position_x`, `position_y`, `position_z`, `orientation`, `rotation0`, `rotation1`, `rotation2`, `rotation3`, `spawntimesecs`, `animprogress`, `state`) values('64797','180655','0','1','-4779.28','-3489.41','297.62','-0.069812','0','0','-0.0348989','0.999391','180','100','1');
insert into `gameobject` (`guid`, `id`, `map`, `spawnMask`, `position_x`, `position_y`, `position_z`, `orientation`, `rotation0`, `rotation1`, `rotation2`, `rotation3`, `spawntimesecs`, `animprogress`, `state`) values('64798','180582','0','1','-5404.51','-3717.46','297.605','2.51327','0','0','0.951056','0.309019','180','100','1');
insert into `gameobject` (`guid`, `id`, `map`, `spawnMask`, `position_x`, `position_y`, `position_z`, `orientation`, `rotation0`, `rotation1`, `rotation2`, `rotation3`, `spawntimesecs`, `animprogress`, `state`) values('64799','180655','0','1','-5404.51','-3717.46','297.605','2.51327','0','0','0.951056','0.309019','180','100','1');
insert into `gameobject` (`guid`, `id`, `map`, `spawnMask`, `position_x`, `position_y`, `position_z`, `orientation`, `rotation0`, `rotation1`, `rotation2`, `rotation3`, `spawntimesecs`, `animprogress`, `state`) values('527558','180662','0','1','-1376.06','-1012.95','0','0.122173','0','0','0.0610485','0.998135','3600','100','1');


UPDATE gameobject SET spawntimesecs=1800 WHERE guid IN (96,47392,527558,21269,47368,47406,21268,47383,50327,21264,47371,47387,479,485,35505,21247,47366,50329,21244,47379,47516,21243,47525,50328,502,21242,47397,21241,47385,47523,21238,47367,47384,536,21225,47405,543,21224,47520,553,554,21223,559,21222,47524,581,618,21221,622,20877,47521,624,639,35482,11173,18185,11169,50334,11168,50336,20857,47381,47401,18206,32561,649,676,20827,20826,47380,47522,35466,50345,698,706,20823,708,713,20821,722,20819,47400,724,20804,47375,725,20803,47390,18146,47329,47510,47548,726,732,35453,733,738,35441,751,767,35439,776,807,35438,18147,47336,64517,18071,18123,18227,49900,18066,18082,50180,18083,49910,808,18165,47369,811,14722,18172,822,823,18169,18189,20377,47418,18181,20339,47424,18213,47417,47538,18279,49911,50265,18128,18232,50277,18086,18284,18282,49912,50308,840,841,35429,846,854,35428,861,865,35426,872,873,35425,874,875,35424,894,897,35423,17356,30712,49908,17357,17891,49915,18062,49913,50263,18063,50182,18125,49906,50259,18105,50178,50261,50311,18107,50181,898,18157,47517,899,915,18144,18109,49901,18111,33285,49902,18117,49904,18118,49903,50264,18120,18629,916,18145,50306,18121,50184,919,13429,18151,936,13422,18153,952,18139,18154,18064,50179,18065,49909,50301,18069,18070,50298,50303,12053,18148,17250,18631,18149,47326,961,14903,50332,964,14902,47391,17247,18127,50262,965,973,14852,977,985,14627,986,988,14626,989,1012,14625,15708,50276,15707,50335,1048,14778,50267,1124,1188,13432,1431,1438,13431,1441,1442,13430,1457,1461,13421,1465,1466,12782,1477,1489,12780,1492,1526,12778,1604,1605,12775,1611,1617,12774,1618,1619,12773,1624,1635,12770,33211,47461,12077,47433,12062,47429,11968,47412,64625,11804,50316,11703,47323,47331,47342,11145,11688,11668,47470,11662,64618,11146,32091,47472,11650,64515,11645,47475,11149,50317,11148,50319,11147,47414,32191,47462,1637,1639,42693,1645,1646,42694,1650,1655,42695,1656,1691,42696,1699,1729,42697,1732,1734,42698,1735,1736,27589,1744,1762,47247,1768,1769,47283,47318,47550,47319,47474,50321,47322,47506,64518,47325,47339,47551,47328,47512,47330,47476,47513,47332,47338,47333,47345,47549,47335,47479,47511,47337,47343,50315,47341,47507,47547,47348,47477,47505,47349,47478,1770,47351,50322,1771,1773,47352,1784,1791,47353,1805,1839,47354,1851,1858,47355,1895,1912,47356,1929,2001,47358,2026,2031,47359,2045,2051,47360,2208,4561,47361,4562,4583,47363,4679,47372,47382,4773,47373,47395,4775,47393,50324,4860,47394,47519,4993,5012,47396,5021,5032,47398,5033,5071,47403,5074,47404,47518,47408,47422,47409,64621,47410,47419,47430,47464,47435,50346,47436,47466,47437,47545,47439,47546,47441,47469,47448,47463,47467,50344,47471,64623,47473,47534,50341,5097,5119,47526,47527,50340,47529,64620,47530,47537,47533,50339,5120,18140,50307,47543,64626,5121,5123,18141,5124,5169,47623,5178,48525,50280,5179,5181,48539,5182,5183,48541,5190,48556,50292,5192,5322,48638,5328,5340,48646,5435,48647,50299,5439,5441,48648,5442,5465,48650,5476,6808,48658,6843,6844,48663,6856,6864,48667,10705,10949,20337,49905,50312,42097,49907,50260,49914,50302,49916,50310,10951,10963,18142,50183,50309,10964,50268,50279,10966,10967,50269,10969,14085,50270,14086,14087,50271,14088,14089,50272,14096,14097,50273,15110,15111,50274,15199,15200,50275,15202,50278,50283,15203,15204,50281,15397,15419,50284,15420,15476,50286,15497,50287,50291,15505,15633,50288,15634,15763,50289,15764,15771,50290,15775,15776,50294,15777,15779,50295,15783,16548,50304,16574,16576,50305,16577,16578,50313,16579,16580,50314,50320,64627,16616,16716,50323,16734,16744,50325,16766,16773,50326,64512,64682,64683,64513,64684,64685,64514,64686,64687,64617,64736,64737,17469,64738,17466,64739,47407,64761,47536,64757,64753,64794,64795,64754,64796,64797,64755,64798,64799);

