-- Stratholme Holy Water crates
-- some still unusable example guids: 573874, 574115, 573888

UPDATE gameobject_template SET faction = 14, flags = 0, data0 = 0, data1 = 0, data2 = 0, data4 = 1 WHERE entry IN (175534,175535,175536,175537);
UPDATE gameobject_template SET data0 = 43 WHERE entry IN (176304,176307,176308,176309);
UPDATE gameobject_template SET flags = 0 WHERE entry = 176224;

SET @ENTRY := 40042;
DELETE FROM pool_template WHERE description = 'Stratholme Supply Crate';
INSERT INTO pool_template VALUES
(@ENTRY,1,'Stratholme Supply Crate'),
(@ENTRY+1,1,'Stratholme Supply Crate'),
(@ENTRY+2,1,'Stratholme Supply Crate'),
(@ENTRY+3,1,'Stratholme Supply Crate'),
(@ENTRY+4,1,'Stratholme Supply Crate'),
(@ENTRY+5,1,'Stratholme Supply Crate'),
(@ENTRY+6,1,'Stratholme Supply Crate'),
(@ENTRY+7,1,'Stratholme Supply Crate'),
(@ENTRY+8,1,'Stratholme Supply Crate'),
(@ENTRY+9,1,'Stratholme Supply Crate'),
(@ENTRY+10,1,'Stratholme Supply Crate'),
(@ENTRY+11,1,'Stratholme Supply Crate'),
(@ENTRY+12,1,'Stratholme Supply Crate'),
(@ENTRY+13,1,'Stratholme Supply Crate'),
(@ENTRY+14,1,'Stratholme Supply Crate'),
(@ENTRY+15,1,'Stratholme Supply Crate'),
(@ENTRY+16,1,'Stratholme Supply Crate'),
(@ENTRY+17,1,'Stratholme Supply Crate'),
(@ENTRY+18,1,'Stratholme Supply Crate'),
(@ENTRY+19,1,'Stratholme Supply Crate'),
(@ENTRY+20,1,'Stratholme Supply Crate'),
(@ENTRY+21,1,'Stratholme Supply Crate'),
(@ENTRY+22,1,'Stratholme Supply Crate'),
(@ENTRY+23,1,'Stratholme Supply Crate'),
(@ENTRY+24,1,'Stratholme Supply Crate'),
(@ENTRY+25,1,'Stratholme Supply Crate'),
(@ENTRY+26,1,'Stratholme Supply Crate'),
(@ENTRY+27,1,'Stratholme Supply Crate'),
(@ENTRY+28,1,'Stratholme Supply Crate'),
(@ENTRY+29,1,'Stratholme Supply Crate'),
(@ENTRY+30,1,'Stratholme Supply Crate'),
(@ENTRY+31,1,'Stratholme Supply Crate'),
(@ENTRY+32,1,'Stratholme Supply Crate'),
(@ENTRY+33,1,'Stratholme Supply Crate'),
(@ENTRY+34,1,'Stratholme Supply Crate'),
(@ENTRY+35,1,'Stratholme Supply Crate'),
(@ENTRY+36,1,'Stratholme Supply Crate'),
(@ENTRY+37,1,'Stratholme Supply Crate'),
(@ENTRY+38,1,'Stratholme Supply Crate'),
(@ENTRY+39,1,'Stratholme Supply Crate'),
(@ENTRY+40,1,'Stratholme Supply Crate'),
(@ENTRY+41,1,'Stratholme Supply Crate'),
(@ENTRY+42,1,'Stratholme Supply Crate'),
(@ENTRY+43,1,'Stratholme Supply Crate'),
(@ENTRY+44,1,'Stratholme Supply Crate'),
(@ENTRY+45,1,'Stratholme Supply Crate'),
(@ENTRY+46,1,'Stratholme Supply Crate'),
(@ENTRY+47,1,'Stratholme Supply Crate'),
(@ENTRY+48,1,'Stratholme Supply Crate'),
(@ENTRY+49,1,'Stratholme Supply Crate'),
(@ENTRY+50,1,'Stratholme Supply Crate'),
(@ENTRY+51,1,'Stratholme Supply Crate'),
(@ENTRY+52,1,'Stratholme Supply Crate'),
(@ENTRY+53,1,'Stratholme Supply Crate'),
(@ENTRY+54,1,'Stratholme Supply Crate'),
(@ENTRY+55,1,'Stratholme Supply Crate'),
(@ENTRY+56,1,'Stratholme Supply Crate'),
(@ENTRY+57,1,'Stratholme Supply Crate'),
(@ENTRY+58,1,'Stratholme Supply Crate'),
(@ENTRY+59,1,'Stratholme Supply Crate');

DELETE FROM pool_gameobject WHERE description = 'Stratholme Supply Crate';
INSERT INTO pool_gameobject VALUES
(573760,@ENTRY+59,50,'Stratholme Supply Crate'),
(573759,@ENTRY+58,50,'Stratholme Supply Crate'),
(573758,@ENTRY+57,50,'Stratholme Supply Crate'),
(573757,@ENTRY+56,50,'Stratholme Supply Crate'),
(573756,@ENTRY+55,50,'Stratholme Supply Crate'),
(573755,@ENTRY+54,50,'Stratholme Supply Crate'),
(573754,@ENTRY+53,50,'Stratholme Supply Crate'),
(573753,@ENTRY+52,50,'Stratholme Supply Crate'),
(573752,@ENTRY+51,50,'Stratholme Supply Crate'),
(573751,@ENTRY+50,50,'Stratholme Supply Crate'),
(573750,@ENTRY+49,50,'Stratholme Supply Crate'),
(573749,@ENTRY+48,50,'Stratholme Supply Crate'),
(573748,@ENTRY+47,50,'Stratholme Supply Crate'),
(573747,@ENTRY+46,50,'Stratholme Supply Crate'),
(573746,@ENTRY+45,50,'Stratholme Supply Crate'),
(573745,@ENTRY+44,50,'Stratholme Supply Crate'),
(573744,@ENTRY+43,50,'Stratholme Supply Crate'),
(573743,@ENTRY+42,50,'Stratholme Supply Crate'),
(573742,@ENTRY+41,50,'Stratholme Supply Crate'),
(573741,@ENTRY+40,50,'Stratholme Supply Crate'),
(573740,@ENTRY+39,50,'Stratholme Supply Crate'),
(573739,@ENTRY+38,50,'Stratholme Supply Crate'),
(573738,@ENTRY+37,50,'Stratholme Supply Crate'),
(573737,@ENTRY+36,50,'Stratholme Supply Crate'),
(573736,@ENTRY+35,50,'Stratholme Supply Crate'),
(573735,@ENTRY+34,50,'Stratholme Supply Crate'),
(573734,@ENTRY+33,50,'Stratholme Supply Crate'),
(573733,@ENTRY+32,50,'Stratholme Supply Crate'),
(573732,@ENTRY+31,50,'Stratholme Supply Crate'),
(573731,@ENTRY+30,50,'Stratholme Supply Crate'),
(573730,@ENTRY+29,50,'Stratholme Supply Crate'),
(573729,@ENTRY+28,50,'Stratholme Supply Crate'),
(573728,@ENTRY+27,50,'Stratholme Supply Crate'),
(573727,@ENTRY+26,50,'Stratholme Supply Crate'),
(573726,@ENTRY+25,50,'Stratholme Supply Crate'),
(573725,@ENTRY+24,50,'Stratholme Supply Crate'),
(573724,@ENTRY+23,50,'Stratholme Supply Crate'),
(573723,@ENTRY+22,50,'Stratholme Supply Crate'),
(573722,@ENTRY+21,50,'Stratholme Supply Crate'),
(573721,@ENTRY+20,50,'Stratholme Supply Crate'),
(573720,@ENTRY+19,50,'Stratholme Supply Crate'),
(573719,@ENTRY+18,50,'Stratholme Supply Crate'),
(573718,@ENTRY+17,50,'Stratholme Supply Crate'),
(573717,@ENTRY+16,50,'Stratholme Supply Crate'),
(573716,@ENTRY+15,50,'Stratholme Supply Crate'),
(573715,@ENTRY+14,50,'Stratholme Supply Crate'),
(573714,@ENTRY+13,50,'Stratholme Supply Crate'),
(573713,@ENTRY+12,50,'Stratholme Supply Crate'),
(573712,@ENTRY+11,50,'Stratholme Supply Crate'),
(573711,@ENTRY+10,50,'Stratholme Supply Crate'),
(573710,@ENTRY+9,50,'Stratholme Supply Crate'),
(573709,@ENTRY+8,50,'Stratholme Supply Crate'),
(573708,@ENTRY+7,50,'Stratholme Supply Crate'),
(573707,@ENTRY+6,50,'Stratholme Supply Crate'),
(573706,@ENTRY+5,50,'Stratholme Supply Crate'),
(573705,@ENTRY+4,50,'Stratholme Supply Crate'),
(573704,@ENTRY+3,50,'Stratholme Supply Crate'),
(573703,@ENTRY+2,50,'Stratholme Supply Crate'),
(573702,@ENTRY+1,50,'Stratholme Supply Crate'),
(573701,@ENTRY,50,'Stratholme Supply Crate'),
(573761,@ENTRY,0,'Stratholme Supply Crate'),
(573762,@ENTRY+1,0,'Stratholme Supply Crate'),
(573763,@ENTRY+2,0,'Stratholme Supply Crate'),
(573764,@ENTRY+3,0,'Stratholme Supply Crate'),
(573765,@ENTRY+4,0,'Stratholme Supply Crate'),
(573766,@ENTRY+5,0,'Stratholme Supply Crate'),
(573767,@ENTRY+6,0,'Stratholme Supply Crate'),
(573768,@ENTRY+7,0,'Stratholme Supply Crate'),
(573769,@ENTRY+8,0,'Stratholme Supply Crate'),
(573770,@ENTRY+9,0,'Stratholme Supply Crate'),
(573771,@ENTRY+10,0,'Stratholme Supply Crate'),
(573772,@ENTRY+11,0,'Stratholme Supply Crate'),
(573773,@ENTRY+12,0,'Stratholme Supply Crate'),
(573774,@ENTRY+13,0,'Stratholme Supply Crate'),
(573775,@ENTRY+14,0,'Stratholme Supply Crate'),
(573776,@ENTRY+15,0,'Stratholme Supply Crate'),
(573777,@ENTRY+16,0,'Stratholme Supply Crate'),
(573778,@ENTRY+17,0,'Stratholme Supply Crate'),
(573779,@ENTRY+18,0,'Stratholme Supply Crate'),
(573780,@ENTRY+19,0,'Stratholme Supply Crate'),
(573781,@ENTRY+20,0,'Stratholme Supply Crate'),
(573782,@ENTRY+21,0,'Stratholme Supply Crate'),
(573783,@ENTRY+22,0,'Stratholme Supply Crate'),
(573784,@ENTRY+23,0,'Stratholme Supply Crate'),
(573785,@ENTRY+24,0,'Stratholme Supply Crate'),
(573786,@ENTRY+25,0,'Stratholme Supply Crate'),
(573787,@ENTRY+26,0,'Stratholme Supply Crate'),
(573788,@ENTRY+27,0,'Stratholme Supply Crate'),
(573789,@ENTRY+28,0,'Stratholme Supply Crate'),
(573790,@ENTRY+29,0,'Stratholme Supply Crate'),
(573791,@ENTRY+30,0,'Stratholme Supply Crate'),
(573792,@ENTRY+31,0,'Stratholme Supply Crate'),
(573793,@ENTRY+32,0,'Stratholme Supply Crate'),
(573794,@ENTRY+33,0,'Stratholme Supply Crate'),
(573795,@ENTRY+34,0,'Stratholme Supply Crate'),
(573796,@ENTRY+35,0,'Stratholme Supply Crate'),
(573797,@ENTRY+36,0,'Stratholme Supply Crate'),
(573798,@ENTRY+37,0,'Stratholme Supply Crate'),
(573799,@ENTRY+38,0,'Stratholme Supply Crate'),
(573800,@ENTRY+39,0,'Stratholme Supply Crate'),
(573801,@ENTRY+40,0,'Stratholme Supply Crate'),
(573802,@ENTRY+41,0,'Stratholme Supply Crate'),
(573803,@ENTRY+42,0,'Stratholme Supply Crate'),
(573804,@ENTRY+43,0,'Stratholme Supply Crate'),
(573805,@ENTRY+44,0,'Stratholme Supply Crate'),
(573806,@ENTRY+45,0,'Stratholme Supply Crate'),
(573807,@ENTRY+46,0,'Stratholme Supply Crate'),
(573808,@ENTRY+47,0,'Stratholme Supply Crate'),
(573809,@ENTRY+48,0,'Stratholme Supply Crate'),
(573810,@ENTRY+49,0,'Stratholme Supply Crate'),
(573811,@ENTRY+50,0,'Stratholme Supply Crate'),
(573812,@ENTRY+51,0,'Stratholme Supply Crate'),
(573813,@ENTRY+52,0,'Stratholme Supply Crate'),
(573814,@ENTRY+53,0,'Stratholme Supply Crate'),
(573815,@ENTRY+54,0,'Stratholme Supply Crate'),
(573816,@ENTRY+55,0,'Stratholme Supply Crate'),
(573817,@ENTRY+56,0,'Stratholme Supply Crate'),
(573818,@ENTRY+57,0,'Stratholme Supply Crate'),
(573819,@ENTRY+58,0,'Stratholme Supply Crate'),
(573820,@ENTRY+59,0,'Stratholme Supply Crate'),
(573881,@ENTRY,0,'Stratholme Supply Crate'),
(573882,@ENTRY+1,0,'Stratholme Supply Crate'),
(573883,@ENTRY+2,0,'Stratholme Supply Crate'),
(573884,@ENTRY+3,0,'Stratholme Supply Crate'),
(573885,@ENTRY+4,0,'Stratholme Supply Crate'),
(573886,@ENTRY+5,0,'Stratholme Supply Crate'),
(573887,@ENTRY+6,0,'Stratholme Supply Crate'),
(573888,@ENTRY+7,0,'Stratholme Supply Crate'),
(573889,@ENTRY+8,0,'Stratholme Supply Crate'),
(573890,@ENTRY+9,0,'Stratholme Supply Crate'),
(573891,@ENTRY+10,0,'Stratholme Supply Crate'),
(573892,@ENTRY+11,0,'Stratholme Supply Crate'),
(573893,@ENTRY+12,0,'Stratholme Supply Crate'),
(573894,@ENTRY+13,0,'Stratholme Supply Crate'),
(573895,@ENTRY+14,0,'Stratholme Supply Crate'),
(573896,@ENTRY+15,0,'Stratholme Supply Crate'),
(573897,@ENTRY+16,0,'Stratholme Supply Crate'),
(573898,@ENTRY+17,0,'Stratholme Supply Crate'),
(573899,@ENTRY+18,0,'Stratholme Supply Crate'),
(573900,@ENTRY+19,0,'Stratholme Supply Crate'),
(573901,@ENTRY+20,0,'Stratholme Supply Crate'),
(573902,@ENTRY+21,0,'Stratholme Supply Crate'),
(573903,@ENTRY+22,0,'Stratholme Supply Crate'),
(573904,@ENTRY+23,0,'Stratholme Supply Crate'),
(573905,@ENTRY+24,0,'Stratholme Supply Crate'),
(573906,@ENTRY+25,0,'Stratholme Supply Crate'),
(573907,@ENTRY+26,0,'Stratholme Supply Crate'),
(573908,@ENTRY+27,0,'Stratholme Supply Crate'),
(573909,@ENTRY+28,0,'Stratholme Supply Crate'),
(573910,@ENTRY+29,0,'Stratholme Supply Crate'),
(573911,@ENTRY+30,0,'Stratholme Supply Crate'),
(573912,@ENTRY+31,0,'Stratholme Supply Crate'),
(573913,@ENTRY+32,0,'Stratholme Supply Crate'),
(573914,@ENTRY+33,0,'Stratholme Supply Crate'),
(573915,@ENTRY+34,0,'Stratholme Supply Crate'),
(573916,@ENTRY+35,0,'Stratholme Supply Crate'),
(573917,@ENTRY+36,0,'Stratholme Supply Crate'),
(573918,@ENTRY+37,0,'Stratholme Supply Crate'),
(573919,@ENTRY+38,0,'Stratholme Supply Crate'),
(573920,@ENTRY+39,0,'Stratholme Supply Crate'),
(573921,@ENTRY+40,0,'Stratholme Supply Crate'),
(573922,@ENTRY+41,0,'Stratholme Supply Crate'),
(573923,@ENTRY+42,0,'Stratholme Supply Crate'),
(573924,@ENTRY+43,0,'Stratholme Supply Crate'),
(573925,@ENTRY+44,0,'Stratholme Supply Crate'),
(573926,@ENTRY+45,0,'Stratholme Supply Crate'),
(573927,@ENTRY+46,0,'Stratholme Supply Crate'),
(573928,@ENTRY+47,0,'Stratholme Supply Crate'),
(573929,@ENTRY+48,0,'Stratholme Supply Crate'),
(573930,@ENTRY+49,0,'Stratholme Supply Crate'),
(573931,@ENTRY+50,0,'Stratholme Supply Crate'),
(573932,@ENTRY+51,0,'Stratholme Supply Crate'),
(573933,@ENTRY+52,0,'Stratholme Supply Crate'),
(573934,@ENTRY+53,0,'Stratholme Supply Crate'),
(573935,@ENTRY+54,0,'Stratholme Supply Crate'),
(573936,@ENTRY+55,0,'Stratholme Supply Crate'),
(573937,@ENTRY+56,0,'Stratholme Supply Crate'),
(573938,@ENTRY+57,0,'Stratholme Supply Crate'),
(573939,@ENTRY+58,0,'Stratholme Supply Crate'),
(573940,@ENTRY+59,0,'Stratholme Supply Crate'),
(574001,@ENTRY,0,'Stratholme Supply Crate'),
(574002,@ENTRY+1,0,'Stratholme Supply Crate'),
(574003,@ENTRY+2,0,'Stratholme Supply Crate'),
(574004,@ENTRY+3,0,'Stratholme Supply Crate'),
(574005,@ENTRY+4,0,'Stratholme Supply Crate'),
(574006,@ENTRY+5,0,'Stratholme Supply Crate'),
(574007,@ENTRY+6,0,'Stratholme Supply Crate'),
(574008,@ENTRY+7,0,'Stratholme Supply Crate'),
(574009,@ENTRY+8,0,'Stratholme Supply Crate'),
(574010,@ENTRY+9,0,'Stratholme Supply Crate'),
(574011,@ENTRY+10,0,'Stratholme Supply Crate'),
(574012,@ENTRY+11,0,'Stratholme Supply Crate'),
(574013,@ENTRY+12,0,'Stratholme Supply Crate'),
(574014,@ENTRY+13,0,'Stratholme Supply Crate'),
(574015,@ENTRY+14,0,'Stratholme Supply Crate'),
(574016,@ENTRY+15,0,'Stratholme Supply Crate'),
(574017,@ENTRY+16,0,'Stratholme Supply Crate'),
(574018,@ENTRY+17,0,'Stratholme Supply Crate'),
(574019,@ENTRY+18,0,'Stratholme Supply Crate'),
(574020,@ENTRY+19,0,'Stratholme Supply Crate'),
(574021,@ENTRY+20,0,'Stratholme Supply Crate'),
(574022,@ENTRY+21,0,'Stratholme Supply Crate'),
(574023,@ENTRY+22,0,'Stratholme Supply Crate'),
(574024,@ENTRY+23,0,'Stratholme Supply Crate'),
(574025,@ENTRY+24,0,'Stratholme Supply Crate'),
(574026,@ENTRY+25,0,'Stratholme Supply Crate'),
(574027,@ENTRY+26,0,'Stratholme Supply Crate'),
(574028,@ENTRY+27,0,'Stratholme Supply Crate'),
(574029,@ENTRY+28,0,'Stratholme Supply Crate'),
(574030,@ENTRY+29,0,'Stratholme Supply Crate'),
(574031,@ENTRY+30,0,'Stratholme Supply Crate'),
(574032,@ENTRY+31,0,'Stratholme Supply Crate'),
(574033,@ENTRY+32,0,'Stratholme Supply Crate'),
(574034,@ENTRY+33,0,'Stratholme Supply Crate'),
(574035,@ENTRY+34,0,'Stratholme Supply Crate'),
(574036,@ENTRY+35,0,'Stratholme Supply Crate'),
(574037,@ENTRY+36,0,'Stratholme Supply Crate'),
(574038,@ENTRY+37,0,'Stratholme Supply Crate'),
(574039,@ENTRY+38,0,'Stratholme Supply Crate'),
(574040,@ENTRY+39,0,'Stratholme Supply Crate'),
(574041,@ENTRY+40,0,'Stratholme Supply Crate'),
(574042,@ENTRY+41,0,'Stratholme Supply Crate'),
(574043,@ENTRY+42,0,'Stratholme Supply Crate'),
(574044,@ENTRY+43,0,'Stratholme Supply Crate'),
(574045,@ENTRY+44,0,'Stratholme Supply Crate'),
(574046,@ENTRY+45,0,'Stratholme Supply Crate'),
(574047,@ENTRY+46,0,'Stratholme Supply Crate'),
(574048,@ENTRY+47,0,'Stratholme Supply Crate'),
(574049,@ENTRY+48,0,'Stratholme Supply Crate'),
(574050,@ENTRY+49,0,'Stratholme Supply Crate'),
(574051,@ENTRY+50,0,'Stratholme Supply Crate'),
(574052,@ENTRY+51,0,'Stratholme Supply Crate'),
(574053,@ENTRY+52,0,'Stratholme Supply Crate'),
(574054,@ENTRY+53,0,'Stratholme Supply Crate'),
(574055,@ENTRY+54,0,'Stratholme Supply Crate'),
(574056,@ENTRY+55,0,'Stratholme Supply Crate'),
(574057,@ENTRY+56,0,'Stratholme Supply Crate'),
(574058,@ENTRY+57,0,'Stratholme Supply Crate'),
(574059,@ENTRY+58,0,'Stratholme Supply Crate'),
(574060,@ENTRY+59,0,'Stratholme Supply Crate'),
(574121,@ENTRY,0,'Stratholme Supply Crate'),
(574122,@ENTRY+1,0,'Stratholme Supply Crate'),
(574123,@ENTRY+2,0,'Stratholme Supply Crate'),
(574124,@ENTRY+3,0,'Stratholme Supply Crate'),
(574125,@ENTRY+4,0,'Stratholme Supply Crate'),
(574126,@ENTRY+5,0,'Stratholme Supply Crate'),
(574127,@ENTRY+6,0,'Stratholme Supply Crate'),
(574128,@ENTRY+7,0,'Stratholme Supply Crate'),
(574129,@ENTRY+8,0,'Stratholme Supply Crate'),
(574130,@ENTRY+9,0,'Stratholme Supply Crate'),
(574131,@ENTRY+10,0,'Stratholme Supply Crate'),
(574132,@ENTRY+11,0,'Stratholme Supply Crate'),
(574133,@ENTRY+12,0,'Stratholme Supply Crate'),
(574134,@ENTRY+13,0,'Stratholme Supply Crate'),
(574135,@ENTRY+14,0,'Stratholme Supply Crate'),
(574136,@ENTRY+15,0,'Stratholme Supply Crate'),
(574137,@ENTRY+16,0,'Stratholme Supply Crate'),
(574138,@ENTRY+17,0,'Stratholme Supply Crate'),
(574139,@ENTRY+18,0,'Stratholme Supply Crate'),
(574140,@ENTRY+19,0,'Stratholme Supply Crate'),
(574141,@ENTRY+20,0,'Stratholme Supply Crate'),
(574142,@ENTRY+21,0,'Stratholme Supply Crate'),
(574143,@ENTRY+22,0,'Stratholme Supply Crate'),
(574144,@ENTRY+23,0,'Stratholme Supply Crate'),
(574145,@ENTRY+24,0,'Stratholme Supply Crate'),
(574146,@ENTRY+25,0,'Stratholme Supply Crate'),
(574147,@ENTRY+26,0,'Stratholme Supply Crate'),
(574148,@ENTRY+27,0,'Stratholme Supply Crate'),
(574149,@ENTRY+28,0,'Stratholme Supply Crate'),
(574150,@ENTRY+29,0,'Stratholme Supply Crate'),
(574151,@ENTRY+30,0,'Stratholme Supply Crate'),
(574152,@ENTRY+31,0,'Stratholme Supply Crate'),
(574153,@ENTRY+32,0,'Stratholme Supply Crate'),
(574154,@ENTRY+33,0,'Stratholme Supply Crate'),
(574155,@ENTRY+34,0,'Stratholme Supply Crate'),
(574156,@ENTRY+35,0,'Stratholme Supply Crate'),
(574157,@ENTRY+36,0,'Stratholme Supply Crate'),
(574158,@ENTRY+37,0,'Stratholme Supply Crate'),
(574159,@ENTRY+38,0,'Stratholme Supply Crate'),
(574160,@ENTRY+39,0,'Stratholme Supply Crate'),
(574161,@ENTRY+40,0,'Stratholme Supply Crate'),
(574162,@ENTRY+41,0,'Stratholme Supply Crate'),
(574163,@ENTRY+42,0,'Stratholme Supply Crate'),
(574164,@ENTRY+43,0,'Stratholme Supply Crate'),
(574165,@ENTRY+44,0,'Stratholme Supply Crate'),
(574166,@ENTRY+45,0,'Stratholme Supply Crate'),
(574167,@ENTRY+46,0,'Stratholme Supply Crate'),
(574168,@ENTRY+47,0,'Stratholme Supply Crate'),
(574169,@ENTRY+48,0,'Stratholme Supply Crate'),
(574170,@ENTRY+49,0,'Stratholme Supply Crate'),
(574171,@ENTRY+50,0,'Stratholme Supply Crate'),
(574172,@ENTRY+51,0,'Stratholme Supply Crate'),
(574173,@ENTRY+52,0,'Stratholme Supply Crate'),
(574174,@ENTRY+53,0,'Stratholme Supply Crate'),
(574175,@ENTRY+54,0,'Stratholme Supply Crate'),
(574176,@ENTRY+55,0,'Stratholme Supply Crate'),
(574177,@ENTRY+56,0,'Stratholme Supply Crate'),
(574178,@ENTRY+57,0,'Stratholme Supply Crate'),
(574179,@ENTRY+58,0,'Stratholme Supply Crate'),
(574180,@ENTRY+59,0,'Stratholme Supply Crate');

DELETE FROM gameobject WHERE id IN (176224,176308,175534,176304,175535,176307,175536,176309,175537);
INSERT INTO gameobject VALUES
(573760,176224,329,1,3729.11,-3450.53,130.433,-2.1293,0,0,0.87462,-0.48481,10800,100,1),
(573759,176224,329,1,3838.05,-3553.55,140.413,0.925024,0,0,0.446198,0.894934,10800,100,1),
(573758,176224,329,1,4066.38,-3455.35,120.555,-1.25664,0,0,0.587785,-0.809017,10800,100,1),
(573757,176224,329,1,3862.64,-3663.65,144.775,3.10669,0,0,0.999848,0.017452,10800,100,1),
(573756,176224,329,1,3658.95,-3364.85,126.05,-0.244346,0,0,0.121869,-0.992546,10800,100,1),
(573755,176224,329,1,3711.94,-3147.64,128.189,-2.94961,0,0,0.995396,-0.095846,10800,100,1),
(573754,176224,329,1,3622.79,-3196.69,131.094,0.855211,0,0,0.414693,0.909961,10800,100,1),
(573753,176224,329,1,4065.88,-3548.68,124.621,1.43117,0,0,0.656059,0.75471,10800,100,1),
(573752,176224,329,1,3561.1,-3307.54,130.66,-2.05949,0,0,0.857167,-0.515038,10800,100,1),
(573751,176224,329,1,4009.57,-3585.86,130.177,-1.91986,0,0,0.819152,-0.573576,10800,100,1),
(573750,176224,329,1,3521.19,-3409.08,134.254,0.785398,0,0,0.382683,0.92388,10800,100,1),
(573749,176224,329,1,3615.6,-3535.18,138.505,0.785398,0,0,0.382683,0.92388,10800,100,1),
(573748,176224,329,1,3672.29,-3523.02,137.733,2.6529,0,0,0.970296,0.241922,10800,100,1),
(573747,176224,329,1,3870.84,-3598.91,143.474,2.61799,0,0,0.965926,0.258819,10800,100,1),
(573746,176224,329,1,3973.82,-3419.91,120.918,1.29154,0,0,0.601815,0.798636,10800,100,1),
(573745,176224,329,1,3818.95,-3687.04,144.695,-0.10472,0,0,0.052336,-0.99863,10800,100,1),
(573744,176224,329,1,3695.37,-3301.16,128.532,2.79253,0,0,0.984808,0.173648,10800,100,1),
(573743,176224,329,1,4095.95,-3361.53,117.661,-2.30383,0,0,0.913545,-0.406737,10800,100,1),
(573742,176224,329,1,3704.46,-3168.81,127.617,2.87979,0,0,0.991445,0.130526,10800,100,1),
(573741,176224,329,1,3956.05,-3570.05,129.894,0.767945,0,0,0.374607,0.927184,10800,100,1),
(573740,176224,329,1,3546.42,-3307.08,130.52,-1.98968,0,0,0.838671,-0.544639,10800,100,1),
(573739,176224,329,1,3968.17,-3592.17,129.298,0.558505,0,0,0.275637,0.961262,10800,100,1),
(573738,176224,329,1,3477.72,-3397.27,138.636,1.41372,0,0,0.649448,0.760406,10800,100,1),
(573737,176224,329,1,3592.94,-3512.49,137.395,-0.663225,0,0,0.325568,-0.945519,10800,100,1),
(573736,176224,329,1,3720.45,-3502.32,130.548,2.04204,0,0,0.85264,0.522499,10800,100,1),
(573735,176224,329,1,3862.17,-3610.11,144.137,2.84489,0,0,0.989016,0.147809,10800,100,1),
(573734,176224,329,1,4113.99,-3383.44,117.806,2.98451,0,0,0.996917,0.078459,10800,100,1),
(573733,176224,329,1,3887.52,-3745.81,142.36,2.11185,0,0,0.870356,0.492424,10800,100,1),
(573732,176224,329,1,3669.82,-3263.99,127.804,-0.10472,0,0,0.052336,-0.99863,10800,100,1),
(573731,176224,329,1,3665.47,-3662.99,138.414,2.02458,0,0,0.848048,0.529919,10800,100,1),
(573730,176224,329,1,3696.27,-3195.51,127.796,2.51327,0,0,0.951057,0.309017,10800,100,1),
(573729,176224,329,1,4011.67,-3518.38,122.346,-0.698132,0,0,0.34202,-0.939693,10800,100,1),
(573728,176224,329,1,3466.64,-3298.56,132.741,-0.698132,0,0,0.34202,-0.939693,10800,100,1),
(573727,176224,329,1,4011.06,-3646.39,131.552,0.069813,0,0,0.034899,0.999391,10800,100,1),
(573726,176224,329,1,3543.4,-3432.62,136.636,1.20428,0,0,0.566406,0.824126,10800,100,1),
(573725,176224,329,1,3638.04,-3534.9,138.45,0,0,0,0,1,10800,100,1),
(573724,176224,329,1,3630.3,-3469.46,138.793,-0.855212,0,0,0.414693,-0.909961,10800,100,1),
(573723,176224,329,1,3880.02,-3517.12,139.189,-2.58309,0,0,0.961262,-0.275637,10800,100,1),
(573722,176224,329,1,3998.96,-3448.72,122.307,0.628319,0,0,0.309017,0.951057,10800,100,1),
(573721,176224,329,1,3788.89,-3624.55,146.377,0.314159,0,0,0.156434,0.987688,10800,100,1),
(573720,176224,329,1,3668.9,-3284.14,128.53,0.034907,0,0,0.017452,0.999848,10800,100,1),
(573719,176224,329,1,3682.68,-3416.87,133.312,0.610865,0,0,0.300706,0.953717,10800,100,1),
(573718,176224,329,1,3656.34,-3210.08,128.257,1.44862,0,0,0.66262,0.748956,10800,100,1),
(573717,176224,329,1,4062.22,-3515.15,123.116,-2.04204,0,0,0.85264,-0.522498,10800,100,1),
(573716,176224,329,1,3581.11,-3351,129.513,1.6057,0,0,0.71934,0.694658,10800,100,1),
(573715,176224,329,1,3952.68,-3632.92,133.41,-2.51327,0,0,0.951057,-0.309017,10800,100,1),
(573714,176224,329,1,3476.95,-3363.85,136.242,-1.98968,0,0,0.838671,-0.544639,10800,100,1),
(573713,176224,329,1,3599.32,-3460.67,136.472,-2.21657,0,0,0.894934,-0.446198,10800,100,1),
(573712,176224,329,1,3738.43,-3477.54,131.393,-2.86234,0,0,0.990268,-0.139173,10800,100,1),
(573711,176224,329,1,3892.38,-3563.78,138.099,-2.28638,0,0,0.909961,-0.414693,10800,100,1),
(573710,176224,329,1,4104.72,-3435.93,117.802,2.74017,0,0,0.979925,0.199368,10800,100,1),
(573709,176224,329,1,3888.71,-3699.08,143.85,-0.383972,0,0,0.190809,-0.981627,10800,100,1),
(573708,176224,329,1,3636.53,-3347.54,125.592,0.715585,0,0,0.350207,0.936672,10800,100,1),
(573707,176224,329,1,3877.03,-3663.46,143.9,-1.67552,0,0,0.743145,-0.669131,10800,100,1),
(573706,176224,329,1,3666.63,-3182.46,126.252,-0.855212,0,0,0.414693,-0.909961,10800,100,1),
(573705,176224,329,1,3961.73,-3539.9,127.744,-0.244346,0,0,0.121869,-0.992546,10800,100,1),
(573704,176224,329,1,3486.79,-3331.54,131.38,1.46608,0,0,0.669131,0.743145,10800,100,1),
(573703,176224,329,1,3973.62,-3619.9,129.999,-2.37365,0,0,0.927184,-0.374607,10800,100,1),
(573702,176224,329,1,3508.78,-3372.3,135.379,-1.98968,0,0,0.838671,-0.544639,10800,100,1),
(573701,176224,329,1,3584.93,-3482.1,135.124,0.610865,0,0,0.300706,0.953717,10800,100,1),
(573761,176308,329,1,3584.93,-3482.1,135.124,0.610865,0,0,0.300706,0.953717,10800,100,1),
(573762,176308,329,1,3508.78,-3372.3,135.379,-1.98968,0,0,0.838671,-0.544639,10800,100,1),
(573763,176308,329,1,3973.62,-3619.9,129.999,-2.37365,0,0,0.927184,-0.374607,10800,100,1),
(573764,176308,329,1,3486.79,-3331.54,131.38,1.46608,0,0,0.669131,0.743145,10800,100,1),
(573765,176308,329,1,3961.73,-3539.9,127.744,-0.244346,0,0,0.121869,-0.992546,10800,100,1),
(573766,176308,329,1,3666.63,-3182.46,126.252,-0.855212,0,0,0.414693,-0.909961,10800,100,1),
(573767,176308,329,1,3877.03,-3663.46,143.9,-1.67552,0,0,0.743145,-0.669131,10800,100,1),
(573768,176308,329,1,3636.53,-3347.54,125.592,0.715585,0,0,0.350207,0.936672,10800,100,1),
(573769,176308,329,1,3888.71,-3699.08,143.85,-0.383972,0,0,0.190809,-0.981627,10800,100,1),
(573770,176308,329,1,4104.72,-3435.93,117.802,2.74017,0,0,0.979925,0.199368,10800,100,1),
(573771,176308,329,1,3892.38,-3563.78,138.099,-2.28638,0,0,0.909961,-0.414693,10800,100,1),
(573772,176308,329,1,3738.43,-3477.54,131.393,-2.86234,0,0,0.990268,-0.139173,10800,100,1),
(573773,176308,329,1,3599.32,-3460.67,136.472,-2.21657,0,0,0.894934,-0.446198,10800,100,1),
(573774,176308,329,1,3476.95,-3363.85,136.242,-1.98968,0,0,0.838671,-0.544639,10800,100,1),
(573775,176308,329,1,3952.68,-3632.92,133.41,-2.51327,0,0,0.951057,-0.309017,10800,100,1),
(573776,176308,329,1,3581.11,-3351,129.513,1.6057,0,0,0.71934,0.694658,10800,100,1),
(573777,176308,329,1,4062.22,-3515.15,123.116,-2.04204,0,0,0.85264,-0.522498,10800,100,1),
(573778,176308,329,1,3656.34,-3210.08,128.257,1.44862,0,0,0.66262,0.748956,10800,100,1),
(573779,176308,329,1,3682.68,-3416.87,133.312,0.610865,0,0,0.300706,0.953717,10800,100,1),
(573780,176308,329,1,3668.9,-3284.14,128.53,0.034907,0,0,0.017452,0.999848,10800,100,1),
(573781,176308,329,1,3788.89,-3624.55,146.377,0.314159,0,0,0.156434,0.987688,10800,100,1),
(573782,176308,329,1,3998.96,-3448.72,122.307,0.628319,0,0,0.309017,0.951057,10800,100,1),
(573783,176308,329,1,3880.02,-3517.12,139.189,-2.58309,0,0,0.961262,-0.275637,10800,100,1),
(573784,176308,329,1,3630.3,-3469.46,138.793,-0.855212,0,0,0.414693,-0.909961,10800,100,1),
(573785,176308,329,1,3638.04,-3534.9,138.45,0,0,0,0,1,10800,100,1),
(573786,176308,329,1,3543.4,-3432.62,136.636,1.20428,0,0,0.566406,0.824126,10800,100,1),
(573787,176308,329,1,4011.06,-3646.39,131.552,0.069813,0,0,0.034899,0.999391,10800,100,1),
(573788,176308,329,1,3466.64,-3298.56,132.741,-0.698132,0,0,0.34202,-0.939693,10800,100,1),
(573789,176308,329,1,4011.67,-3518.38,122.346,-0.698132,0,0,0.34202,-0.939693,10800,100,1),
(573790,176308,329,1,3696.27,-3195.51,127.796,2.51327,0,0,0.951057,0.309017,10800,100,1),
(573791,176308,329,1,3665.47,-3662.99,138.414,2.02458,0,0,0.848048,0.529919,10800,100,1),
(573792,176308,329,1,3669.82,-3263.99,127.804,-0.10472,0,0,0.052336,-0.99863,10800,100,1),
(573793,176308,329,1,3887.52,-3745.81,142.36,2.11185,0,0,0.870356,0.492424,10800,100,1),
(573794,176308,329,1,4113.99,-3383.44,117.806,2.98451,0,0,0.996917,0.078459,10800,100,1),
(573795,176308,329,1,3862.17,-3610.11,144.137,2.84489,0,0,0.989016,0.147809,10800,100,1),
(573796,176308,329,1,3720.45,-3502.32,130.548,2.04204,0,0,0.85264,0.522499,10800,100,1),
(573797,176308,329,1,3592.94,-3512.49,137.395,-0.663225,0,0,0.325568,-0.945519,10800,100,1),
(573798,176308,329,1,3477.72,-3397.27,138.636,1.41372,0,0,0.649448,0.760406,10800,100,1),
(573799,176308,329,1,3968.17,-3592.17,129.298,0.558505,0,0,0.275637,0.961262,10800,100,1),
(573800,176308,329,1,3546.42,-3307.08,130.52,-1.98968,0,0,0.838671,-0.544639,10800,100,1),
(573801,176308,329,1,3956.05,-3570.05,129.894,0.767945,0,0,0.374607,0.927184,10800,100,1),
(573802,176308,329,1,3704.46,-3168.81,127.617,2.87979,0,0,0.991445,0.130526,10800,100,1),
(573803,176308,329,1,4095.95,-3361.53,117.661,-2.30383,0,0,0.913545,-0.406737,10800,100,1),
(573804,176308,329,1,3695.37,-3301.16,128.532,2.79253,0,0,0.984808,0.173648,10800,100,1),
(573805,176308,329,1,3818.95,-3687.04,144.695,-0.10472,0,0,0.052336,-0.99863,10800,100,1),
(573806,176308,329,1,3973.82,-3419.91,120.918,1.29154,0,0,0.601815,0.798636,10800,100,1),
(573807,176308,329,1,3870.84,-3598.91,143.474,2.61799,0,0,0.965926,0.258819,10800,100,1),
(573808,176308,329,1,3672.29,-3523.02,137.733,2.6529,0,0,0.970296,0.241922,10800,100,1),
(573809,176308,329,1,3615.6,-3535.18,138.505,0.785398,0,0,0.382683,0.92388,10800,100,1),
(573810,176308,329,1,3521.19,-3409.08,134.254,0.785398,0,0,0.382683,0.92388,10800,100,1),
(573811,176308,329,1,4009.57,-3585.86,130.177,-1.91986,0,0,0.819152,-0.573576,10800,100,1),
(573812,176308,329,1,3561.1,-3307.54,130.66,-2.05949,0,0,0.857167,-0.515038,10800,100,1),
(573813,176308,329,1,4065.88,-3548.68,124.621,1.43117,0,0,0.656059,0.75471,10800,100,1),
(573814,176308,329,1,3622.79,-3196.69,131.094,0.855211,0,0,0.414693,0.909961,10800,100,1),
(573815,176308,329,1,3711.94,-3147.64,128.189,-2.94961,0,0,0.995396,-0.095846,10800,100,1),
(573816,176308,329,1,3658.95,-3364.85,126.05,-0.244346,0,0,0.121869,-0.992546,10800,100,1),
(573817,176308,329,1,3862.64,-3663.65,144.775,3.10669,0,0,0.999848,0.017452,10800,100,1),
(573818,176308,329,1,4066.38,-3455.35,120.555,-1.25664,0,0,0.587785,-0.809017,10800,100,1),
(573819,176308,329,1,3838.05,-3553.55,140.413,0.925024,0,0,0.446198,0.894934,10800,100,1),
(573820,176308,329,1,3729.11,-3450.53,130.433,-2.1293,0,0,0.87462,-0.48481,10800,100,1),
(573821,175534,329,1,3584.93,-3482.1,135.124,0.610865,0,0,0.300706,0.953717,10800,100,1),
(573822,175534,329,1,3508.78,-3372.3,135.379,-1.98968,0,0,0.838671,-0.544639,10800,100,1),
(573823,175534,329,1,3973.62,-3619.9,129.999,-2.37365,0,0,0.927184,-0.374607,10800,100,1),
(573824,175534,329,1,3486.79,-3331.54,131.38,1.46608,0,0,0.669131,0.743145,10800,100,1),
(573825,175534,329,1,3961.73,-3539.9,127.744,-0.244346,0,0,0.121869,-0.992546,10800,100,1),
(573826,175534,329,1,3666.63,-3182.46,126.252,-0.855212,0,0,0.414693,-0.909961,10800,100,1),
(573827,175534,329,1,3877.03,-3663.46,143.9,-1.67552,0,0,0.743145,-0.669131,10800,100,1),
(573828,175534,329,1,3636.53,-3347.54,125.592,0.715585,0,0,0.350207,0.936672,10800,100,1),
(573829,175534,329,1,3888.71,-3699.08,143.85,-0.383972,0,0,0.190809,-0.981627,10800,100,1),
(573830,175534,329,1,4104.72,-3435.93,117.802,2.74017,0,0,0.979925,0.199368,10800,100,1),
(573831,175534,329,1,3892.38,-3563.78,138.099,-2.28638,0,0,0.909961,-0.414693,10800,100,1),
(573832,175534,329,1,3738.43,-3477.54,131.393,-2.86234,0,0,0.990268,-0.139173,10800,100,1),
(573833,175534,329,1,3599.32,-3460.67,136.472,-2.21657,0,0,0.894934,-0.446198,10800,100,1),
(573834,175534,329,1,3476.95,-3363.85,136.242,-1.98968,0,0,0.838671,-0.544639,10800,100,1),
(573835,175534,329,1,3952.68,-3632.92,133.41,-2.51327,0,0,0.951057,-0.309017,10800,100,1),
(573836,175534,329,1,3581.11,-3351,129.513,1.6057,0,0,0.71934,0.694658,10800,100,1),
(573837,175534,329,1,4062.22,-3515.15,123.116,-2.04204,0,0,0.85264,-0.522498,10800,100,1),
(573838,175534,329,1,3656.34,-3210.08,128.257,1.44862,0,0,0.66262,0.748956,10800,100,1),
(573839,175534,329,1,3682.68,-3416.87,133.312,0.610865,0,0,0.300706,0.953717,10800,100,1),
(573840,175534,329,1,3668.9,-3284.14,128.53,0.034907,0,0,0.017452,0.999848,10800,100,1),
(573841,175534,329,1,3788.89,-3624.55,146.377,0.314159,0,0,0.156434,0.987688,10800,100,1),
(573842,175534,329,1,3998.96,-3448.72,122.307,0.628319,0,0,0.309017,0.951057,10800,100,1),
(573843,175534,329,1,3880.02,-3517.12,139.189,-2.58309,0,0,0.961262,-0.275637,10800,100,1),
(573844,175534,329,1,3630.3,-3469.46,138.793,-0.855212,0,0,0.414693,-0.909961,10800,100,1),
(573845,175534,329,1,3638.04,-3534.9,138.45,0,0,0,0,1,10800,100,1),
(573846,175534,329,1,3543.4,-3432.62,136.636,1.20428,0,0,0.566406,0.824126,10800,100,1),
(573847,175534,329,1,4011.06,-3646.39,131.552,0.069813,0,0,0.034899,0.999391,10800,100,1),
(573848,175534,329,1,3466.64,-3298.56,132.741,-0.698132,0,0,0.34202,-0.939693,10800,100,1),
(573849,175534,329,1,4011.67,-3518.38,122.346,-0.698132,0,0,0.34202,-0.939693,10800,100,1),
(573850,175534,329,1,3696.27,-3195.51,127.796,2.51327,0,0,0.951057,0.309017,10800,100,1),
(573851,175534,329,1,3665.47,-3662.99,138.414,2.02458,0,0,0.848048,0.529919,10800,100,1),
(573852,175534,329,1,3669.82,-3263.99,127.804,-0.10472,0,0,0.052336,-0.99863,10800,100,1),
(573853,175534,329,1,3887.52,-3745.81,142.36,2.11185,0,0,0.870356,0.492424,10800,100,1),
(573854,175534,329,1,4113.99,-3383.44,117.806,2.98451,0,0,0.996917,0.078459,10800,100,1),
(573855,175534,329,1,3862.17,-3610.11,144.137,2.84489,0,0,0.989016,0.147809,10800,100,1),
(573856,175534,329,1,3720.45,-3502.32,130.548,2.04204,0,0,0.85264,0.522499,10800,100,1),
(573857,175534,329,1,3592.94,-3512.49,137.395,-0.663225,0,0,0.325568,-0.945519,10800,100,1),
(573858,175534,329,1,3477.72,-3397.27,138.636,1.41372,0,0,0.649448,0.760406,10800,100,1),
(573859,175534,329,1,3968.17,-3592.17,129.298,0.558505,0,0,0.275637,0.961262,10800,100,1),
(573860,175534,329,1,3546.42,-3307.08,130.52,-1.98968,0,0,0.838671,-0.544639,10800,100,1),
(573861,175534,329,1,3956.05,-3570.05,129.894,0.767945,0,0,0.374607,0.927184,10800,100,1),
(573862,175534,329,1,3704.46,-3168.81,127.617,2.87979,0,0,0.991445,0.130526,10800,100,1),
(573863,175534,329,1,4095.95,-3361.53,117.661,-2.30383,0,0,0.913545,-0.406737,10800,100,1),
(573864,175534,329,1,3695.37,-3301.16,128.532,2.79253,0,0,0.984808,0.173648,10800,100,1),
(573865,175534,329,1,3818.95,-3687.04,144.695,-0.10472,0,0,0.052336,-0.99863,10800,100,1),
(573866,175534,329,1,3973.82,-3419.91,120.918,1.29154,0,0,0.601815,0.798636,10800,100,1),
(573867,175534,329,1,3870.84,-3598.91,143.474,2.61799,0,0,0.965926,0.258819,10800,100,1),
(573868,175534,329,1,3672.29,-3523.02,137.733,2.6529,0,0,0.970296,0.241922,10800,100,1),
(573869,175534,329,1,3615.6,-3535.18,138.505,0.785398,0,0,0.382683,0.92388,10800,100,1),
(573870,175534,329,1,3521.19,-3409.08,134.254,0.785398,0,0,0.382683,0.92388,10800,100,1),
(573871,175534,329,1,4009.57,-3585.86,130.177,-1.91986,0,0,0.819152,-0.573576,10800,100,1),
(573872,175534,329,1,3561.1,-3307.54,130.66,-2.05949,0,0,0.857167,-0.515038,10800,100,1),
(573873,175534,329,1,4065.88,-3548.68,124.621,1.43117,0,0,0.656059,0.75471,10800,100,1),
(573874,175534,329,1,3622.79,-3196.69,131.094,0.855211,0,0,0.414693,0.909961,10800,100,1),
(573875,175534,329,1,3711.94,-3147.64,128.189,-2.94961,0,0,0.995396,-0.095846,10800,100,1),
(573876,175534,329,1,3658.95,-3364.85,126.05,-0.244346,0,0,0.121869,-0.992546,10800,100,1),
(573877,175534,329,1,3862.64,-3663.65,144.775,3.10669,0,0,0.999848,0.017452,10800,100,1),
(573878,175534,329,1,4066.38,-3455.35,120.555,-1.25664,0,0,0.587785,-0.809017,10800,100,1),
(573879,175534,329,1,3838.05,-3553.55,140.413,0.925024,0,0,0.446198,0.894934,10800,100,1),
(573880,175534,329,1,3729.11,-3450.53,130.433,-2.1293,0,0,0.87462,-0.48481,10800,100,1),
(573881,176304,329,1,3584.93,-3482.1,135.124,0.610865,0,0,0.300706,0.953717,10800,100,1),
(573882,176304,329,1,3508.78,-3372.3,135.379,-1.98968,0,0,0.838671,-0.544639,10800,100,1),
(573883,176304,329,1,3973.62,-3619.9,129.999,-2.37365,0,0,0.927184,-0.374607,10800,100,1),
(573884,176304,329,1,3486.79,-3331.54,131.38,1.46608,0,0,0.669131,0.743145,10800,100,1),
(573885,176304,329,1,3961.73,-3539.9,127.744,-0.244346,0,0,0.121869,-0.992546,10800,100,1),
(573886,176304,329,1,3666.63,-3182.46,126.252,-0.855212,0,0,0.414693,-0.909961,10800,100,1),
(573887,176304,329,1,3877.03,-3663.46,143.9,-1.67552,0,0,0.743145,-0.669131,10800,100,1),
(573888,176304,329,1,3636.53,-3347.54,125.592,0.715585,0,0,0.350207,0.936672,10800,100,1),
(573889,176304,329,1,3888.71,-3699.08,143.85,-0.383972,0,0,0.190809,-0.981627,10800,100,1),
(573890,176304,329,1,4104.72,-3435.93,117.802,2.74017,0,0,0.979925,0.199368,10800,100,1),
(573891,176304,329,1,3892.38,-3563.78,138.099,-2.28638,0,0,0.909961,-0.414693,10800,100,1),
(573892,176304,329,1,3738.43,-3477.54,131.393,-2.86234,0,0,0.990268,-0.139173,10800,100,1),
(573893,176304,329,1,3599.32,-3460.67,136.472,-2.21657,0,0,0.894934,-0.446198,10800,100,1),
(573894,176304,329,1,3476.95,-3363.85,136.242,-1.98968,0,0,0.838671,-0.544639,10800,100,1),
(573895,176304,329,1,3952.68,-3632.92,133.41,-2.51327,0,0,0.951057,-0.309017,10800,100,1),
(573896,176304,329,1,3581.11,-3351,129.513,1.6057,0,0,0.71934,0.694658,10800,100,1),
(573897,176304,329,1,4062.22,-3515.15,123.116,-2.04204,0,0,0.85264,-0.522498,10800,100,1),
(573898,176304,329,1,3656.34,-3210.08,128.257,1.44862,0,0,0.66262,0.748956,10800,100,1),
(573899,176304,329,1,3682.68,-3416.87,133.312,0.610865,0,0,0.300706,0.953717,10800,100,1),
(573900,176304,329,1,3668.9,-3284.14,128.53,0.034907,0,0,0.017452,0.999848,10800,100,1),
(573901,176304,329,1,3788.89,-3624.55,146.377,0.314159,0,0,0.156434,0.987688,10800,100,1),
(573902,176304,329,1,3998.96,-3448.72,122.307,0.628319,0,0,0.309017,0.951057,10800,100,1),
(573903,176304,329,1,3880.02,-3517.12,139.189,-2.58309,0,0,0.961262,-0.275637,10800,100,1),
(573904,176304,329,1,3630.3,-3469.46,138.793,-0.855212,0,0,0.414693,-0.909961,10800,100,1),
(573905,176304,329,1,3638.04,-3534.9,138.45,0,0,0,0,1,10800,100,1),
(573906,176304,329,1,3543.4,-3432.62,136.636,1.20428,0,0,0.566406,0.824126,10800,100,1),
(573907,176304,329,1,4011.06,-3646.39,131.552,0.069813,0,0,0.034899,0.999391,10800,100,1),
(573908,176304,329,1,3466.64,-3298.56,132.741,-0.698132,0,0,0.34202,-0.939693,10800,100,1),
(573909,176304,329,1,4011.67,-3518.38,122.346,-0.698132,0,0,0.34202,-0.939693,10800,100,1),
(573910,176304,329,1,3696.27,-3195.51,127.796,2.51327,0,0,0.951057,0.309017,10800,100,1),
(573911,176304,329,1,3665.47,-3662.99,138.414,2.02458,0,0,0.848048,0.529919,10800,100,1),
(573912,176304,329,1,3669.82,-3263.99,127.804,-0.10472,0,0,0.052336,-0.99863,10800,100,1),
(573913,176304,329,1,3887.52,-3745.81,142.36,2.11185,0,0,0.870356,0.492424,10800,100,1),
(573914,176304,329,1,4113.99,-3383.44,117.806,2.98451,0,0,0.996917,0.078459,10800,100,1),
(573915,176304,329,1,3862.17,-3610.11,144.137,2.84489,0,0,0.989016,0.147809,10800,100,1),
(573916,176304,329,1,3720.45,-3502.32,130.548,2.04204,0,0,0.85264,0.522499,10800,100,1),
(573917,176304,329,1,3592.94,-3512.49,137.395,-0.663225,0,0,0.325568,-0.945519,10800,100,1),
(573918,176304,329,1,3477.72,-3397.27,138.636,1.41372,0,0,0.649448,0.760406,10800,100,1),
(573919,176304,329,1,3968.17,-3592.17,129.298,0.558505,0,0,0.275637,0.961262,10800,100,1),
(573920,176304,329,1,3546.42,-3307.08,130.52,-1.98968,0,0,0.838671,-0.544639,10800,100,1),
(573921,176304,329,1,3956.05,-3570.05,129.894,0.767945,0,0,0.374607,0.927184,10800,100,1),
(573922,176304,329,1,3704.46,-3168.81,127.617,2.87979,0,0,0.991445,0.130526,10800,100,1),
(573923,176304,329,1,4095.95,-3361.53,117.661,-2.30383,0,0,0.913545,-0.406737,10800,100,1),
(573924,176304,329,1,3695.37,-3301.16,128.532,2.79253,0,0,0.984808,0.173648,10800,100,1),
(573925,176304,329,1,3818.95,-3687.04,144.695,-0.10472,0,0,0.052336,-0.99863,10800,100,1),
(573926,176304,329,1,3973.82,-3419.91,120.918,1.29154,0,0,0.601815,0.798636,10800,100,1),
(573927,176304,329,1,3870.84,-3598.91,143.474,2.61799,0,0,0.965926,0.258819,10800,100,1),
(573928,176304,329,1,3672.29,-3523.02,137.733,2.6529,0,0,0.970296,0.241922,10800,100,1),
(573929,176304,329,1,3615.6,-3535.18,138.505,0.785398,0,0,0.382683,0.92388,10800,100,1),
(573930,176304,329,1,3521.19,-3409.08,134.254,0.785398,0,0,0.382683,0.92388,10800,100,1),
(573931,176304,329,1,4009.57,-3585.86,130.177,-1.91986,0,0,0.819152,-0.573576,10800,100,1),
(573932,176304,329,1,3561.1,-3307.54,130.66,-2.05949,0,0,0.857167,-0.515038,10800,100,1),
(573933,176304,329,1,4065.88,-3548.68,124.621,1.43117,0,0,0.656059,0.75471,10800,100,1),
(573934,176304,329,1,3622.79,-3196.69,131.094,0.855211,0,0,0.414693,0.909961,10800,100,1),
(573935,176304,329,1,3711.94,-3147.64,128.189,-2.94961,0,0,0.995396,-0.095846,10800,100,1),
(573936,176304,329,1,3658.95,-3364.85,126.05,-0.244346,0,0,0.121869,-0.992546,10800,100,1),
(573937,176304,329,1,3862.64,-3663.65,144.775,3.10669,0,0,0.999848,0.017452,10800,100,1),
(573938,176304,329,1,4066.38,-3455.35,120.555,-1.25664,0,0,0.587785,-0.809017,10800,100,1),
(573939,176304,329,1,3838.05,-3553.55,140.413,0.925024,0,0,0.446198,0.894934,10800,100,1),
(573940,176304,329,1,3729.11,-3450.53,130.433,-2.1293,0,0,0.87462,-0.48481,10800,100,1),
(573941,175535,329,1,3584.93,-3482.1,135.124,0.610865,0,0,0.300706,0.953717,10800,100,1),
(573942,175535,329,1,3508.78,-3372.3,135.379,-1.98968,0,0,0.838671,-0.544639,10800,100,1),
(573943,175535,329,1,3973.62,-3619.9,129.999,-2.37365,0,0,0.927184,-0.374607,10800,100,1),
(573944,175535,329,1,3486.79,-3331.54,131.38,1.46608,0,0,0.669131,0.743145,10800,100,1),
(573945,175535,329,1,3961.73,-3539.9,127.744,-0.244346,0,0,0.121869,-0.992546,10800,100,1),
(573946,175535,329,1,3666.63,-3182.46,126.252,-0.855212,0,0,0.414693,-0.909961,10800,100,1),
(573947,175535,329,1,3877.03,-3663.46,143.9,-1.67552,0,0,0.743145,-0.669131,10800,100,1),
(573948,175535,329,1,3636.53,-3347.54,125.592,0.715585,0,0,0.350207,0.936672,10800,100,1),
(573949,175535,329,1,3888.71,-3699.08,143.85,-0.383972,0,0,0.190809,-0.981627,10800,100,1),
(573950,175535,329,1,4104.72,-3435.93,117.802,2.74017,0,0,0.979925,0.199368,10800,100,1),
(573951,175535,329,1,3892.38,-3563.78,138.099,-2.28638,0,0,0.909961,-0.414693,10800,100,1),
(573952,175535,329,1,3738.43,-3477.54,131.393,-2.86234,0,0,0.990268,-0.139173,10800,100,1),
(573953,175535,329,1,3599.32,-3460.67,136.472,-2.21657,0,0,0.894934,-0.446198,10800,100,1),
(573954,175535,329,1,3476.95,-3363.85,136.242,-1.98968,0,0,0.838671,-0.544639,10800,100,1),
(573955,175535,329,1,3952.68,-3632.92,133.41,-2.51327,0,0,0.951057,-0.309017,10800,100,1),
(573956,175535,329,1,3581.11,-3351,129.513,1.6057,0,0,0.71934,0.694658,10800,100,1),
(573957,175535,329,1,4062.22,-3515.15,123.116,-2.04204,0,0,0.85264,-0.522498,10800,100,1),
(573958,175535,329,1,3656.34,-3210.08,128.257,1.44862,0,0,0.66262,0.748956,10800,100,1),
(573959,175535,329,1,3682.68,-3416.87,133.312,0.610865,0,0,0.300706,0.953717,10800,100,1),
(573960,175535,329,1,3668.9,-3284.14,128.53,0.034907,0,0,0.017452,0.999848,10800,100,1),
(573961,175535,329,1,3788.89,-3624.55,146.377,0.314159,0,0,0.156434,0.987688,10800,100,1),
(573962,175535,329,1,3998.96,-3448.72,122.307,0.628319,0,0,0.309017,0.951057,10800,100,1),
(573963,175535,329,1,3880.02,-3517.12,139.189,-2.58309,0,0,0.961262,-0.275637,10800,100,1),
(573964,175535,329,1,3630.3,-3469.46,138.793,-0.855212,0,0,0.414693,-0.909961,10800,100,1),
(573965,175535,329,1,3638.04,-3534.9,138.45,0,0,0,0,1,10800,100,1),
(573966,175535,329,1,3543.4,-3432.62,136.636,1.20428,0,0,0.566406,0.824126,10800,100,1),
(573967,175535,329,1,4011.06,-3646.39,131.552,0.069813,0,0,0.034899,0.999391,10800,100,1),
(573968,175535,329,1,3466.64,-3298.56,132.741,-0.698132,0,0,0.34202,-0.939693,10800,100,1),
(573969,175535,329,1,4011.67,-3518.38,122.346,-0.698132,0,0,0.34202,-0.939693,10800,100,1),
(573970,175535,329,1,3696.27,-3195.51,127.796,2.51327,0,0,0.951057,0.309017,10800,100,1),
(573971,175535,329,1,3665.47,-3662.99,138.414,2.02458,0,0,0.848048,0.529919,10800,100,1),
(573972,175535,329,1,3669.82,-3263.99,127.804,-0.10472,0,0,0.052336,-0.99863,10800,100,1),
(573973,175535,329,1,3887.52,-3745.81,142.36,2.11185,0,0,0.870356,0.492424,10800,100,1),
(573974,175535,329,1,4113.99,-3383.44,117.806,2.98451,0,0,0.996917,0.078459,10800,100,1),
(573975,175535,329,1,3862.17,-3610.11,144.137,2.84489,0,0,0.989016,0.147809,10800,100,1),
(573976,175535,329,1,3720.45,-3502.32,130.548,2.04204,0,0,0.85264,0.522499,10800,100,1),
(573977,175535,329,1,3592.94,-3512.49,137.395,-0.663225,0,0,0.325568,-0.945519,10800,100,1),
(573978,175535,329,1,3477.72,-3397.27,138.636,1.41372,0,0,0.649448,0.760406,10800,100,1),
(573979,175535,329,1,3968.17,-3592.17,129.298,0.558505,0,0,0.275637,0.961262,10800,100,1),
(573980,175535,329,1,3546.42,-3307.08,130.52,-1.98968,0,0,0.838671,-0.544639,10800,100,1),
(573981,175535,329,1,3956.05,-3570.05,129.894,0.767945,0,0,0.374607,0.927184,10800,100,1),
(573982,175535,329,1,3704.46,-3168.81,127.617,2.87979,0,0,0.991445,0.130526,10800,100,1),
(573983,175535,329,1,4095.95,-3361.53,117.661,-2.30383,0,0,0.913545,-0.406737,10800,100,1),
(573984,175535,329,1,3695.37,-3301.16,128.532,2.79253,0,0,0.984808,0.173648,10800,100,1),
(573985,175535,329,1,3818.95,-3687.04,144.695,-0.10472,0,0,0.052336,-0.99863,10800,100,1),
(573986,175535,329,1,3973.82,-3419.91,120.918,1.29154,0,0,0.601815,0.798636,10800,100,1),
(573987,175535,329,1,3870.84,-3598.91,143.474,2.61799,0,0,0.965926,0.258819,10800,100,1),
(573988,175535,329,1,3672.29,-3523.02,137.733,2.6529,0,0,0.970296,0.241922,10800,100,1),
(573989,175535,329,1,3615.6,-3535.18,138.505,0.785398,0,0,0.382683,0.92388,10800,100,1),
(573990,175535,329,1,3521.19,-3409.08,134.254,0.785398,0,0,0.382683,0.92388,10800,100,1),
(573991,175535,329,1,4009.57,-3585.86,130.177,-1.91986,0,0,0.819152,-0.573576,10800,100,1),
(573992,175535,329,1,3561.1,-3307.54,130.66,-2.05949,0,0,0.857167,-0.515038,10800,100,1),
(573993,175535,329,1,4065.88,-3548.68,124.621,1.43117,0,0,0.656059,0.75471,10800,100,1),
(573994,175535,329,1,3622.79,-3196.69,131.094,0.855211,0,0,0.414693,0.909961,10800,100,1),
(573995,175535,329,1,3711.94,-3147.64,128.189,-2.94961,0,0,0.995396,-0.095846,10800,100,1),
(573996,175535,329,1,3658.95,-3364.85,126.05,-0.244346,0,0,0.121869,-0.992546,10800,100,1),
(573997,175535,329,1,3862.64,-3663.65,144.775,3.10669,0,0,0.999848,0.017452,10800,100,1),
(573998,175535,329,1,4066.38,-3455.35,120.555,-1.25664,0,0,0.587785,-0.809017,10800,100,1),
(573999,175535,329,1,3838.05,-3553.55,140.413,0.925024,0,0,0.446198,0.894934,10800,100,1),
(574000,175535,329,1,3729.11,-3450.53,130.433,-2.1293,0,0,0.87462,-0.48481,10800,100,1),
(574001,176307,329,1,3584.93,-3482.1,135.124,0.610865,0,0,0.300706,0.953717,10800,100,1),
(574002,176307,329,1,3508.78,-3372.3,135.379,-1.98968,0,0,0.838671,-0.544639,10800,100,1),
(574003,176307,329,1,3973.62,-3619.9,129.999,-2.37365,0,0,0.927184,-0.374607,10800,100,1),
(574004,176307,329,1,3486.79,-3331.54,131.38,1.46608,0,0,0.669131,0.743145,10800,100,1),
(574005,176307,329,1,3961.73,-3539.9,127.744,-0.244346,0,0,0.121869,-0.992546,10800,100,1),
(574006,176307,329,1,3666.63,-3182.46,126.252,-0.855212,0,0,0.414693,-0.909961,10800,100,1),
(574007,176307,329,1,3877.03,-3663.46,143.9,-1.67552,0,0,0.743145,-0.669131,10800,100,1),
(574008,176307,329,1,3636.53,-3347.54,125.592,0.715585,0,0,0.350207,0.936672,10800,100,1),
(574009,176307,329,1,3888.71,-3699.08,143.85,-0.383972,0,0,0.190809,-0.981627,10800,100,1),
(574010,176307,329,1,4104.72,-3435.93,117.802,2.74017,0,0,0.979925,0.199368,10800,100,1),
(574011,176307,329,1,3892.38,-3563.78,138.099,-2.28638,0,0,0.909961,-0.414693,10800,100,1),
(574012,176307,329,1,3738.43,-3477.54,131.393,-2.86234,0,0,0.990268,-0.139173,10800,100,1),
(574013,176307,329,1,3599.32,-3460.67,136.472,-2.21657,0,0,0.894934,-0.446198,10800,100,1),
(574014,176307,329,1,3476.95,-3363.85,136.242,-1.98968,0,0,0.838671,-0.544639,10800,100,1),
(574015,176307,329,1,3952.68,-3632.92,133.41,-2.51327,0,0,0.951057,-0.309017,10800,100,1),
(574016,176307,329,1,3581.11,-3351,129.513,1.6057,0,0,0.71934,0.694658,10800,100,1),
(574017,176307,329,1,4062.22,-3515.15,123.116,-2.04204,0,0,0.85264,-0.522498,10800,100,1),
(574018,176307,329,1,3656.34,-3210.08,128.257,1.44862,0,0,0.66262,0.748956,10800,100,1),
(574019,176307,329,1,3682.68,-3416.87,133.312,0.610865,0,0,0.300706,0.953717,10800,100,1),
(574020,176307,329,1,3668.9,-3284.14,128.53,0.034907,0,0,0.017452,0.999848,10800,100,1),
(574021,176307,329,1,3788.89,-3624.55,146.377,0.314159,0,0,0.156434,0.987688,10800,100,1),
(574022,176307,329,1,3998.96,-3448.72,122.307,0.628319,0,0,0.309017,0.951057,10800,100,1),
(574023,176307,329,1,3880.02,-3517.12,139.189,-2.58309,0,0,0.961262,-0.275637,10800,100,1),
(574024,176307,329,1,3630.3,-3469.46,138.793,-0.855212,0,0,0.414693,-0.909961,10800,100,1),
(574025,176307,329,1,3638.04,-3534.9,138.45,0,0,0,0,1,10800,100,1),
(574026,176307,329,1,3543.4,-3432.62,136.636,1.20428,0,0,0.566406,0.824126,10800,100,1),
(574027,176307,329,1,4011.06,-3646.39,131.552,0.069813,0,0,0.034899,0.999391,10800,100,1),
(574028,176307,329,1,3466.64,-3298.56,132.741,-0.698132,0,0,0.34202,-0.939693,10800,100,1),
(574029,176307,329,1,4011.67,-3518.38,122.346,-0.698132,0,0,0.34202,-0.939693,10800,100,1),
(574030,176307,329,1,3696.27,-3195.51,127.796,2.51327,0,0,0.951057,0.309017,10800,100,1),
(574031,176307,329,1,3665.47,-3662.99,138.414,2.02458,0,0,0.848048,0.529919,10800,100,1),
(574032,176307,329,1,3669.82,-3263.99,127.804,-0.10472,0,0,0.052336,-0.99863,10800,100,1),
(574033,176307,329,1,3887.52,-3745.81,142.36,2.11185,0,0,0.870356,0.492424,10800,100,1),
(574034,176307,329,1,4113.99,-3383.44,117.806,2.98451,0,0,0.996917,0.078459,10800,100,1),
(574035,176307,329,1,3862.17,-3610.11,144.137,2.84489,0,0,0.989016,0.147809,10800,100,1),
(574036,176307,329,1,3720.45,-3502.32,130.548,2.04204,0,0,0.85264,0.522499,10800,100,1),
(574037,176307,329,1,3592.94,-3512.49,137.395,-0.663225,0,0,0.325568,-0.945519,10800,100,1),
(574038,176307,329,1,3477.72,-3397.27,138.636,1.41372,0,0,0.649448,0.760406,10800,100,1),
(574039,176307,329,1,3968.17,-3592.17,129.298,0.558505,0,0,0.275637,0.961262,10800,100,1),
(574040,176307,329,1,3546.42,-3307.08,130.52,-1.98968,0,0,0.838671,-0.544639,10800,100,1),
(574041,176307,329,1,3956.05,-3570.05,129.894,0.767945,0,0,0.374607,0.927184,10800,100,1),
(574042,176307,329,1,3704.46,-3168.81,127.617,2.87979,0,0,0.991445,0.130526,10800,100,1),
(574043,176307,329,1,4095.95,-3361.53,117.661,-2.30383,0,0,0.913545,-0.406737,10800,100,1),
(574044,176307,329,1,3695.37,-3301.16,128.532,2.79253,0,0,0.984808,0.173648,10800,100,1),
(574045,176307,329,1,3818.95,-3687.04,144.695,-0.10472,0,0,0.052336,-0.99863,10800,100,1),
(574046,176307,329,1,3973.82,-3419.91,120.918,1.29154,0,0,0.601815,0.798636,10800,100,1),
(574047,176307,329,1,3870.84,-3598.91,143.474,2.61799,0,0,0.965926,0.258819,10800,100,1),
(574048,176307,329,1,3672.29,-3523.02,137.733,2.6529,0,0,0.970296,0.241922,10800,100,1),
(574049,176307,329,1,3615.6,-3535.18,138.505,0.785398,0,0,0.382683,0.92388,10800,100,1),
(574050,176307,329,1,3521.19,-3409.08,134.254,0.785398,0,0,0.382683,0.92388,10800,100,1),
(574051,176307,329,1,4009.57,-3585.86,130.177,-1.91986,0,0,0.819152,-0.573576,10800,100,1),
(574052,176307,329,1,3561.1,-3307.54,130.66,-2.05949,0,0,0.857167,-0.515038,10800,100,1),
(574053,176307,329,1,4065.88,-3548.68,124.621,1.43117,0,0,0.656059,0.75471,10800,100,1),
(574054,176307,329,1,3622.79,-3196.69,131.094,0.855211,0,0,0.414693,0.909961,10800,100,1),
(574055,176307,329,1,3711.94,-3147.64,128.189,-2.94961,0,0,0.995396,-0.095846,10800,100,1),
(574056,176307,329,1,3658.95,-3364.85,126.05,-0.244346,0,0,0.121869,-0.992546,10800,100,1),
(574057,176307,329,1,3862.64,-3663.65,144.775,3.10669,0,0,0.999848,0.017452,10800,100,1),
(574058,176307,329,1,4066.38,-3455.35,120.555,-1.25664,0,0,0.587785,-0.809017,10800,100,1),
(574059,176307,329,1,3838.05,-3553.55,140.413,0.925024,0,0,0.446198,0.894934,10800,100,1),
(574060,176307,329,1,3729.11,-3450.53,130.433,-2.1293,0,0,0.87462,-0.48481,10800,100,1),
(574061,175536,329,1,3584.93,-3482.1,135.124,0.610865,0,0,0.300706,0.953717,10800,100,1),
(574062,175536,329,1,3508.78,-3372.3,135.379,-1.98968,0,0,0.838671,-0.544639,10800,100,1),
(574063,175536,329,1,3973.62,-3619.9,129.999,-2.37365,0,0,0.927184,-0.374607,10800,100,1),
(574064,175536,329,1,3486.79,-3331.54,131.38,1.46608,0,0,0.669131,0.743145,10800,100,1),
(574065,175536,329,1,3961.73,-3539.9,127.744,-0.244346,0,0,0.121869,-0.992546,10800,100,1),
(574066,175536,329,1,3666.63,-3182.46,126.252,-0.855212,0,0,0.414693,-0.909961,10800,100,1),
(574067,175536,329,1,3877.03,-3663.46,143.9,-1.67552,0,0,0.743145,-0.669131,10800,100,1),
(574068,175536,329,1,3636.53,-3347.54,125.592,0.715585,0,0,0.350207,0.936672,10800,100,1),
(574069,175536,329,1,3888.71,-3699.08,143.85,-0.383972,0,0,0.190809,-0.981627,10800,100,1),
(574070,175536,329,1,4104.72,-3435.93,117.802,2.74017,0,0,0.979925,0.199368,10800,100,1),
(574071,175536,329,1,3892.38,-3563.78,138.099,-2.28638,0,0,0.909961,-0.414693,10800,100,1),
(574072,175536,329,1,3738.43,-3477.54,131.393,-2.86234,0,0,0.990268,-0.139173,10800,100,1),
(574073,175536,329,1,3599.32,-3460.67,136.472,-2.21657,0,0,0.894934,-0.446198,10800,100,1),
(574074,175536,329,1,3476.95,-3363.85,136.242,-1.98968,0,0,0.838671,-0.544639,10800,100,1),
(574075,175536,329,1,3952.68,-3632.92,133.41,-2.51327,0,0,0.951057,-0.309017,10800,100,1),
(574076,175536,329,1,3581.11,-3351,129.513,1.6057,0,0,0.71934,0.694658,10800,100,1),
(574077,175536,329,1,4062.22,-3515.15,123.116,-2.04204,0,0,0.85264,-0.522498,10800,100,1),
(574078,175536,329,1,3656.34,-3210.08,128.257,1.44862,0,0,0.66262,0.748956,10800,100,1),
(574079,175536,329,1,3682.68,-3416.87,133.312,0.610865,0,0,0.300706,0.953717,10800,100,1),
(574080,175536,329,1,3668.9,-3284.14,128.53,0.034907,0,0,0.017452,0.999848,10800,100,1),
(574081,175536,329,1,3788.89,-3624.55,146.377,0.314159,0,0,0.156434,0.987688,10800,100,1),
(574082,175536,329,1,3998.96,-3448.72,122.307,0.628319,0,0,0.309017,0.951057,10800,100,1),
(574083,175536,329,1,3880.02,-3517.12,139.189,-2.58309,0,0,0.961262,-0.275637,10800,100,1),
(574084,175536,329,1,3630.3,-3469.46,138.793,-0.855212,0,0,0.414693,-0.909961,10800,100,1),
(574085,175536,329,1,3638.04,-3534.9,138.45,0,0,0,0,1,10800,100,1),
(574086,175536,329,1,3543.4,-3432.62,136.636,1.20428,0,0,0.566406,0.824126,10800,100,1),
(574087,175536,329,1,4011.06,-3646.39,131.552,0.069813,0,0,0.034899,0.999391,10800,100,1),
(574088,175536,329,1,3466.64,-3298.56,132.741,-0.698132,0,0,0.34202,-0.939693,10800,100,1),
(574089,175536,329,1,4011.67,-3518.38,122.346,-0.698132,0,0,0.34202,-0.939693,10800,100,1),
(574090,175536,329,1,3696.27,-3195.51,127.796,2.51327,0,0,0.951057,0.309017,10800,100,1),
(574091,175536,329,1,3665.47,-3662.99,138.414,2.02458,0,0,0.848048,0.529919,10800,100,1),
(574092,175536,329,1,3669.82,-3263.99,127.804,-0.10472,0,0,0.052336,-0.99863,10800,100,1),
(574093,175536,329,1,3887.52,-3745.81,142.36,2.11185,0,0,0.870356,0.492424,10800,100,1),
(574094,175536,329,1,4113.99,-3383.44,117.806,2.98451,0,0,0.996917,0.078459,10800,100,1),
(574095,175536,329,1,3862.17,-3610.11,144.137,2.84489,0,0,0.989016,0.147809,10800,100,1),
(574096,175536,329,1,3720.45,-3502.32,130.548,2.04204,0,0,0.85264,0.522499,10800,100,1),
(574097,175536,329,1,3592.94,-3512.49,137.395,-0.663225,0,0,0.325568,-0.945519,10800,100,1),
(574098,175536,329,1,3477.72,-3397.27,138.636,1.41372,0,0,0.649448,0.760406,10800,100,1),
(574099,175536,329,1,3968.17,-3592.17,129.298,0.558505,0,0,0.275637,0.961262,10800,100,1),
(574100,175536,329,1,3546.42,-3307.08,130.52,-1.98968,0,0,0.838671,-0.544639,10800,100,1),
(574101,175536,329,1,3956.05,-3570.05,129.894,0.767945,0,0,0.374607,0.927184,10800,100,1),
(574102,175536,329,1,3704.46,-3168.81,127.617,2.87979,0,0,0.991445,0.130526,10800,100,1),
(574103,175536,329,1,4095.95,-3361.53,117.661,-2.30383,0,0,0.913545,-0.406737,10800,100,1),
(574104,175536,329,1,3695.37,-3301.16,128.532,2.79253,0,0,0.984808,0.173648,10800,100,1),
(574105,175536,329,1,3818.95,-3687.04,144.695,-0.10472,0,0,0.052336,-0.99863,10800,100,1),
(574106,175536,329,1,3973.82,-3419.91,120.918,1.29154,0,0,0.601815,0.798636,10800,100,1),
(574107,175536,329,1,3870.84,-3598.91,143.474,2.61799,0,0,0.965926,0.258819,10800,100,1),
(574108,175536,329,1,3672.29,-3523.02,137.733,2.6529,0,0,0.970296,0.241922,10800,100,1),
(574109,175536,329,1,3615.6,-3535.18,138.505,0.785398,0,0,0.382683,0.92388,10800,100,1),
(574110,175536,329,1,3521.19,-3409.08,134.254,0.785398,0,0,0.382683,0.92388,10800,100,1),
(574111,175536,329,1,4009.57,-3585.86,130.177,-1.91986,0,0,0.819152,-0.573576,10800,100,1),
(574112,175536,329,1,3561.1,-3307.54,130.66,-2.05949,0,0,0.857167,-0.515038,10800,100,1),
(574113,175536,329,1,4065.88,-3548.68,124.621,1.43117,0,0,0.656059,0.75471,10800,100,1),
(574114,175536,329,1,3622.79,-3196.69,131.094,0.855211,0,0,0.414693,0.909961,10800,100,1),
(574115,175536,329,1,3711.94,-3147.64,128.189,-2.94961,0,0,0.995396,-0.095846,10800,100,1),
(574116,175536,329,1,3658.95,-3364.85,126.05,-0.244346,0,0,0.121869,-0.992546,10800,100,1),
(574117,175536,329,1,3862.64,-3663.65,144.775,3.10669,0,0,0.999848,0.017452,10800,100,1),
(574118,175536,329,1,4066.38,-3455.35,120.555,-1.25664,0,0,0.587785,-0.809017,10800,100,1),
(574119,175536,329,1,3838.05,-3553.55,140.413,0.925024,0,0,0.446198,0.894934,10800,100,1),
(574120,175536,329,1,3729.11,-3450.53,130.433,-2.1293,0,0,0.87462,-0.48481,10800,100,1),
(574121,176309,329,1,3584.93,-3482.1,135.124,0.610865,0,0,0.300706,0.953717,10800,100,1),
(574122,176309,329,1,3508.78,-3372.3,135.379,-1.98968,0,0,0.838671,-0.544639,10800,100,1),
(574123,176309,329,1,3973.62,-3619.9,129.999,-2.37365,0,0,0.927184,-0.374607,10800,100,1),
(574124,176309,329,1,3486.79,-3331.54,131.38,1.46608,0,0,0.669131,0.743145,10800,100,1),
(574125,176309,329,1,3961.73,-3539.9,127.744,-0.244346,0,0,0.121869,-0.992546,10800,100,1),
(574126,176309,329,1,3666.63,-3182.46,126.252,-0.855212,0,0,0.414693,-0.909961,10800,100,1),
(574127,176309,329,1,3877.03,-3663.46,143.9,-1.67552,0,0,0.743145,-0.669131,10800,100,1),
(574128,176309,329,1,3636.53,-3347.54,125.592,0.715585,0,0,0.350207,0.936672,10800,100,1),
(574129,176309,329,1,3888.71,-3699.08,143.85,-0.383972,0,0,0.190809,-0.981627,10800,100,1),
(574130,176309,329,1,4104.72,-3435.93,117.802,2.74017,0,0,0.979925,0.199368,10800,100,1),
(574131,176309,329,1,3892.38,-3563.78,138.099,-2.28638,0,0,0.909961,-0.414693,10800,100,1),
(574132,176309,329,1,3738.43,-3477.54,131.393,-2.86234,0,0,0.990268,-0.139173,10800,100,1),
(574133,176309,329,1,3599.32,-3460.67,136.472,-2.21657,0,0,0.894934,-0.446198,10800,100,1),
(574134,176309,329,1,3476.95,-3363.85,136.242,-1.98968,0,0,0.838671,-0.544639,10800,100,1),
(574135,176309,329,1,3952.68,-3632.92,133.41,-2.51327,0,0,0.951057,-0.309017,10800,100,1),
(574136,176309,329,1,3581.11,-3351,129.513,1.6057,0,0,0.71934,0.694658,10800,100,1),
(574137,176309,329,1,4062.22,-3515.15,123.116,-2.04204,0,0,0.85264,-0.522498,10800,100,1),
(574138,176309,329,1,3656.34,-3210.08,128.257,1.44862,0,0,0.66262,0.748956,10800,100,1),
(574139,176309,329,1,3682.68,-3416.87,133.312,0.610865,0,0,0.300706,0.953717,10800,100,1),
(574140,176309,329,1,3668.9,-3284.14,128.53,0.034907,0,0,0.017452,0.999848,10800,100,1),
(574141,176309,329,1,3788.89,-3624.55,146.377,0.314159,0,0,0.156434,0.987688,10800,100,1),
(574142,176309,329,1,3998.96,-3448.72,122.307,0.628319,0,0,0.309017,0.951057,10800,100,1),
(574143,176309,329,1,3880.02,-3517.12,139.189,-2.58309,0,0,0.961262,-0.275637,10800,100,1),
(574144,176309,329,1,3630.3,-3469.46,138.793,-0.855212,0,0,0.414693,-0.909961,10800,100,1),
(574145,176309,329,1,3638.04,-3534.9,138.45,0,0,0,0,1,10800,100,1),
(574146,176309,329,1,3543.4,-3432.62,136.636,1.20428,0,0,0.566406,0.824126,10800,100,1),
(574147,176309,329,1,4011.06,-3646.39,131.552,0.069813,0,0,0.034899,0.999391,10800,100,1),
(574148,176309,329,1,3466.64,-3298.56,132.741,-0.698132,0,0,0.34202,-0.939693,10800,100,1),
(574149,176309,329,1,4011.67,-3518.38,122.346,-0.698132,0,0,0.34202,-0.939693,10800,100,1),
(574150,176309,329,1,3696.27,-3195.51,127.796,2.51327,0,0,0.951057,0.309017,10800,100,1),
(574151,176309,329,1,3665.47,-3662.99,138.414,2.02458,0,0,0.848048,0.529919,10800,100,1),
(574152,176309,329,1,3669.82,-3263.99,127.804,-0.10472,0,0,0.052336,-0.99863,10800,100,1),
(574153,176309,329,1,3887.52,-3745.81,142.36,2.11185,0,0,0.870356,0.492424,10800,100,1),
(574154,176309,329,1,4113.99,-3383.44,117.806,2.98451,0,0,0.996917,0.078459,10800,100,1),
(574155,176309,329,1,3862.17,-3610.11,144.137,2.84489,0,0,0.989016,0.147809,10800,100,1),
(574156,176309,329,1,3720.45,-3502.32,130.548,2.04204,0,0,0.85264,0.522499,10800,100,1),
(574157,176309,329,1,3592.94,-3512.49,137.395,-0.663225,0,0,0.325568,-0.945519,10800,100,1),
(574158,176309,329,1,3477.72,-3397.27,138.636,1.41372,0,0,0.649448,0.760406,10800,100,1),
(574159,176309,329,1,3968.17,-3592.17,129.298,0.558505,0,0,0.275637,0.961262,10800,100,1),
(574160,176309,329,1,3546.42,-3307.08,130.52,-1.98968,0,0,0.838671,-0.544639,10800,100,1),
(574161,176309,329,1,3956.05,-3570.05,129.894,0.767945,0,0,0.374607,0.927184,10800,100,1),
(574162,176309,329,1,3704.46,-3168.81,127.617,2.87979,0,0,0.991445,0.130526,10800,100,1),
(574163,176309,329,1,4095.95,-3361.53,117.661,-2.30383,0,0,0.913545,-0.406737,10800,100,1),
(574164,176309,329,1,3695.37,-3301.16,128.532,2.79253,0,0,0.984808,0.173648,10800,100,1),
(574165,176309,329,1,3818.95,-3687.04,144.695,-0.10472,0,0,0.052336,-0.99863,10800,100,1),
(574166,176309,329,1,3973.82,-3419.91,120.918,1.29154,0,0,0.601815,0.798636,10800,100,1),
(574167,176309,329,1,3870.84,-3598.91,143.474,2.61799,0,0,0.965926,0.258819,10800,100,1),
(574168,176309,329,1,3672.29,-3523.02,137.733,2.6529,0,0,0.970296,0.241922,10800,100,1),
(574169,176309,329,1,3615.6,-3535.18,138.505,0.785398,0,0,0.382683,0.92388,10800,100,1),
(574170,176309,329,1,3521.19,-3409.08,134.254,0.785398,0,0,0.382683,0.92388,10800,100,1),
(574171,176309,329,1,4009.57,-3585.86,130.177,-1.91986,0,0,0.819152,-0.573576,10800,100,1),
(574172,176309,329,1,3561.1,-3307.54,130.66,-2.05949,0,0,0.857167,-0.515038,10800,100,1),
(574173,176309,329,1,4065.88,-3548.68,124.621,1.43117,0,0,0.656059,0.75471,10800,100,1),
(574174,176309,329,1,3622.79,-3196.69,131.094,0.855211,0,0,0.414693,0.909961,10800,100,1),
(574175,176309,329,1,3711.94,-3147.64,128.189,-2.94961,0,0,0.995396,-0.095846,10800,100,1),
(574176,176309,329,1,3658.95,-3364.85,126.05,-0.244346,0,0,0.121869,-0.992546,10800,100,1),
(574177,176309,329,1,3862.64,-3663.65,144.775,3.10669,0,0,0.999848,0.017452,10800,100,1),
(574178,176309,329,1,4066.38,-3455.35,120.555,-1.25664,0,0,0.587785,-0.809017,10800,100,1),
(574179,176309,329,1,3838.05,-3553.55,140.413,0.925024,0,0,0.446198,0.894934,10800,100,1),
(574180,176309,329,1,3729.11,-3450.53,130.433,-2.1293,0,0,0.87462,-0.48481,10800,100,1),
(574181,175537,329,1,3584.93,-3482.1,135.124,0.610865,0,0,0.300706,0.953717,10800,100,1),
(574182,175537,329,1,3508.78,-3372.3,135.379,-1.98968,0,0,0.838671,-0.544639,10800,100,1),
(574183,175537,329,1,3973.62,-3619.9,129.999,-2.37365,0,0,0.927184,-0.374607,10800,100,1),
(574184,175537,329,1,3486.79,-3331.54,131.38,1.46608,0,0,0.669131,0.743145,10800,100,1),
(574185,175537,329,1,3961.73,-3539.9,127.744,-0.244346,0,0,0.121869,-0.992546,10800,100,1),
(574186,175537,329,1,3666.63,-3182.46,126.252,-0.855212,0,0,0.414693,-0.909961,10800,100,1),
(574187,175537,329,1,3877.03,-3663.46,143.9,-1.67552,0,0,0.743145,-0.669131,10800,100,1),
(574188,175537,329,1,3636.53,-3347.54,125.592,0.715585,0,0,0.350207,0.936672,10800,100,1),
(574189,175537,329,1,3888.71,-3699.08,143.85,-0.383972,0,0,0.190809,-0.981627,10800,100,1),
(574190,175537,329,1,4104.72,-3435.93,117.802,2.74017,0,0,0.979925,0.199368,10800,100,1),
(574191,175537,329,1,3892.38,-3563.78,138.099,-2.28638,0,0,0.909961,-0.414693,10800,100,1),
(574192,175537,329,1,3738.43,-3477.54,131.393,-2.86234,0,0,0.990268,-0.139173,10800,100,1),
(574193,175537,329,1,3599.32,-3460.67,136.472,-2.21657,0,0,0.894934,-0.446198,10800,100,1),
(574194,175537,329,1,3476.95,-3363.85,136.242,-1.98968,0,0,0.838671,-0.544639,10800,100,1),
(574195,175537,329,1,3952.68,-3632.92,133.41,-2.51327,0,0,0.951057,-0.309017,10800,100,1),
(574196,175537,329,1,3581.11,-3351,129.513,1.6057,0,0,0.71934,0.694658,10800,100,1),
(574197,175537,329,1,4062.22,-3515.15,123.116,-2.04204,0,0,0.85264,-0.522498,10800,100,1),
(574198,175537,329,1,3656.34,-3210.08,128.257,1.44862,0,0,0.66262,0.748956,10800,100,1),
(574199,175537,329,1,3682.68,-3416.87,133.312,0.610865,0,0,0.300706,0.953717,10800,100,1),
(574200,175537,329,1,3668.9,-3284.14,128.53,0.034907,0,0,0.017452,0.999848,10800,100,1),
(574201,175537,329,1,3788.89,-3624.55,146.377,0.314159,0,0,0.156434,0.987688,10800,100,1),
(574202,175537,329,1,3998.96,-3448.72,122.307,0.628319,0,0,0.309017,0.951057,10800,100,1),
(574203,175537,329,1,3880.02,-3517.12,139.189,-2.58309,0,0,0.961262,-0.275637,10800,100,1),
(574204,175537,329,1,3630.3,-3469.46,138.793,-0.855212,0,0,0.414693,-0.909961,10800,100,1),
(574205,175537,329,1,3638.04,-3534.9,138.45,0,0,0,0,1,10800,100,1),
(574206,175537,329,1,3543.4,-3432.62,136.636,1.20428,0,0,0.566406,0.824126,10800,100,1),
(574207,175537,329,1,4011.06,-3646.39,131.552,0.069813,0,0,0.034899,0.999391,10800,100,1),
(574208,175537,329,1,3466.64,-3298.56,132.741,-0.698132,0,0,0.34202,-0.939693,10800,100,1),
(574209,175537,329,1,4011.67,-3518.38,122.346,-0.698132,0,0,0.34202,-0.939693,10800,100,1),
(574210,175537,329,1,3696.27,-3195.51,127.796,2.51327,0,0,0.951057,0.309017,10800,100,1),
(574211,175537,329,1,3665.47,-3662.99,138.414,2.02458,0,0,0.848048,0.529919,10800,100,1),
(574212,175537,329,1,3669.82,-3263.99,127.804,-0.10472,0,0,0.052336,-0.99863,10800,100,1),
(574213,175537,329,1,3887.52,-3745.81,142.36,2.11185,0,0,0.870356,0.492424,10800,100,1),
(574214,175537,329,1,4113.99,-3383.44,117.806,2.98451,0,0,0.996917,0.078459,10800,100,1),
(574215,175537,329,1,3862.17,-3610.11,144.137,2.84489,0,0,0.989016,0.147809,10800,100,1),
(574216,175537,329,1,3720.45,-3502.32,130.548,2.04204,0,0,0.85264,0.522499,10800,100,1),
(574217,175537,329,1,3592.94,-3512.49,137.395,-0.663225,0,0,0.325568,-0.945519,10800,100,1),
(574218,175537,329,1,3477.72,-3397.27,138.636,1.41372,0,0,0.649448,0.760406,10800,100,1),
(574219,175537,329,1,3968.17,-3592.17,129.298,0.558505,0,0,0.275637,0.961262,10800,100,1),
(574220,175537,329,1,3546.42,-3307.08,130.52,-1.98968,0,0,0.838671,-0.544639,10800,100,1),
(574221,175537,329,1,3956.05,-3570.05,129.894,0.767945,0,0,0.374607,0.927184,10800,100,1),
(574222,175537,329,1,3704.46,-3168.81,127.617,2.87979,0,0,0.991445,0.130526,10800,100,1),
(574223,175537,329,1,4095.95,-3361.53,117.661,-2.30383,0,0,0.913545,-0.406737,10800,100,1),
(574224,175537,329,1,3695.37,-3301.16,128.532,2.79253,0,0,0.984808,0.173648,10800,100,1),
(574225,175537,329,1,3818.95,-3687.04,144.695,-0.10472,0,0,0.052336,-0.99863,10800,100,1),
(574226,175537,329,1,3973.82,-3419.91,120.918,1.29154,0,0,0.601815,0.798636,10800,100,1),
(574227,175537,329,1,3870.84,-3598.91,143.474,2.61799,0,0,0.965926,0.258819,10800,100,1),
(574228,175537,329,1,3672.29,-3523.02,137.733,2.6529,0,0,0.970296,0.241922,10800,100,1),
(574229,175537,329,1,3615.6,-3535.18,138.505,0.785398,0,0,0.382683,0.92388,10800,100,1),
(574230,175537,329,1,3521.19,-3409.08,134.254,0.785398,0,0,0.382683,0.92388,10800,100,1),
(574231,175537,329,1,4009.57,-3585.86,130.177,-1.91986,0,0,0.819152,-0.573576,10800,100,1),
(574232,175537,329,1,3561.1,-3307.54,130.66,-2.05949,0,0,0.857167,-0.515038,10800,100,1),
(574233,175537,329,1,4065.88,-3548.68,124.621,1.43117,0,0,0.656059,0.75471,10800,100,1),
(574234,175537,329,1,3622.79,-3196.69,131.094,0.855211,0,0,0.414693,0.909961,10800,100,1),
(574235,175537,329,1,3711.94,-3147.64,128.189,-2.94961,0,0,0.995396,-0.095846,10800,100,1),
(574236,175537,329,1,3658.95,-3364.85,126.05,-0.244346,0,0,0.121869,-0.992546,10800,100,1),
(574237,175537,329,1,3862.64,-3663.65,144.775,3.10669,0,0,0.999848,0.017452,10800,100,1),
(574238,175537,329,1,4066.38,-3455.35,120.555,-1.25664,0,0,0.587785,-0.809017,10800,100,1),
(574239,175537,329,1,3838.05,-3553.55,140.413,0.925024,0,0,0.446198,0.894934,10800,100,1),
(574240,175537,329,1,3729.11,-3450.53,130.433,-2.1293,0,0,0.87462,-0.48481,10800,100,1);


