/*
BLACKROCK SPIRE DATA SYNC WITH CLASSIC DB
Added:
- 95 creatures
- 89 objects
- 452 movement waypoints
- 18 links
- 6 creature pools
- 141 creature addons
*/

-- shift 6 objects
SET @GUID = 5406; -- start of free guids
UPDATE `gameobject` SET `guid` = (@GUID) WHERE `guid` = 30277;
UPDATE `gameobject` SET `guid` = (@GUID := @GUID + '1') WHERE `guid` = 30278;
UPDATE `gameobject` SET `guid` = (@GUID := @GUID + '1') WHERE `guid` = 55007;
UPDATE `game_event_gameobject` SET `guid` = @GUID WHERE `event` = 21 AND `guid` = 55007;
UPDATE `gameobject` SET `guid` = (@GUID := @GUID + '1') WHERE `guid` = 55006;
UPDATE `game_event_gameobject` SET `guid` = @GUID WHERE `event` = 21 AND `guid` = 55006;
UPDATE `gameobject` SET `guid` = (@GUID := @GUID + '1') WHERE `guid` = 99907;
UPDATE `gameobject` SET `guid` = (@GUID := @GUID + '1') WHERE `guid` = 99911;

-- shift 63 creatures
SET @GUID := 84124; -- start of free guids
UPDATE `creature` SET `guid` = (@GUID) WHERE `guid` = 3526;
UPDATE `creature` SET `guid` = (@GUID := @GUID + '1') WHERE `guid` = 3527;
UPDATE `creature` SET `guid` = (@GUID := @GUID + '1') WHERE `guid` = 3538;
UPDATE `creature` SET `guid` = (@GUID := @GUID + '1') WHERE `guid` = 3537;
UPDATE `creature` SET `guid` = (@GUID := @GUID + '1') WHERE `guid` = 3536;
UPDATE `creature` SET `guid` = (@GUID := @GUID + '1') WHERE `guid` = 3535;
UPDATE `creature` SET `guid` = (@GUID := @GUID + '1') WHERE `guid` = 3534;
UPDATE `creature` SET `guid` = (@GUID := @GUID + '1') WHERE `guid` = 3533;
UPDATE `creature` SET `guid` = (@GUID := @GUID + '1') WHERE `guid` = 3532;
UPDATE `creature` SET `guid` = (@GUID := @GUID + '1') WHERE `guid` = 3531;
UPDATE `creature` SET `guid` = (@GUID := @GUID + '1') WHERE `guid` = 3530;
UPDATE `creature` SET `guid` = (@GUID := @GUID + '1') WHERE `guid` = 3529;
UPDATE `creature` SET `guid` = (@GUID := @GUID + '1') WHERE `guid` = 3528;
UPDATE `creature` SET `guid` = (@GUID := @GUID + '1') WHERE `guid` = 4813;
UPDATE `creature` SET `guid` = (@GUID := @GUID + '1') WHERE `guid` = 4805;
UPDATE `creature` SET `guid` = (@GUID := @GUID + '1') WHERE `guid` = 4817;
UPDATE `creature` SET `guid` = (@GUID := @GUID + '1') WHERE `guid` = 4816;
UPDATE `creature` SET `guid` = (@GUID := @GUID + '1') WHERE `guid` = 7745;
UPDATE `creature` SET `guid` = (@GUID := @GUID + '1') WHERE `guid` = 4815;
UPDATE `creature` SET `guid` = (@GUID := @GUID + '1') WHERE `guid` = 4814;
UPDATE `creature` SET `guid` = (@GUID := @GUID + '1') WHERE `guid` = 4812;
UPDATE `creature` SET `guid` = (@GUID := @GUID + '1') WHERE `guid` = 4811;
UPDATE `creature` SET `guid` = (@GUID := @GUID + '1') WHERE `guid` = 4810;
UPDATE `creature` SET `guid` = (@GUID := @GUID + '1') WHERE `guid` = 4809;
UPDATE `creature` SET `guid` = (@GUID := @GUID + '1') WHERE `guid` = 4808;
UPDATE `creature` SET `guid` = (@GUID := @GUID + '1') WHERE `guid` = 4807;
UPDATE `creature` SET `guid` = (@GUID := @GUID + '1') WHERE `guid` = 4806;
UPDATE `creature` SET `guid` = (@GUID := @GUID + '1') WHERE `guid` = 4804;
UPDATE `creature` SET `guid` = (@GUID := @GUID + '1') WHERE `guid` = 4803;
UPDATE `creature` SET `guid` = (@GUID := @GUID + '1') WHERE `guid` = 4802;
UPDATE `creature` SET `guid` = (@GUID := @GUID + '1') WHERE `guid` = 4818;
UPDATE `creature` SET `guid` = (@GUID := @GUID + '1') WHERE `guid` = 4819;
UPDATE `creature` SET `guid` = (@GUID := @GUID + '1') WHERE `guid` = 45842;
UPDATE `creature` SET `guid` = (@GUID := @GUID + '1') WHERE `guid` = 139973;
UPDATE `creature` SET `guid` = (@GUID := @GUID + '1') WHERE `guid` = 3539;
UPDATE `creature_movement` SET `id` = @GUID WHERE `id` = 3539;
UPDATE `creature` SET `guid` = (@GUID := @GUID + '1') WHERE `guid` = 3540;
UPDATE `creature_movement` SET `id` = @GUID WHERE `id` = 3540;
UPDATE `creature` SET `guid` = (@GUID := @GUID + '1') WHERE `guid` = 3541;
UPDATE `creature` SET `guid` = (@GUID := @GUID + '1') WHERE `guid` = 3542;
UPDATE `creature` SET `guid` = (@GUID := @GUID + '1') WHERE `guid` = 3543;
UPDATE `creature` SET `guid` = (@GUID := @GUID + '1') WHERE `guid` = 3544;
UPDATE `creature` SET `guid` = (@GUID := @GUID + '1') WHERE `guid` = 3545;
UPDATE `creature` SET `guid` = (@GUID := @GUID + '1') WHERE `guid` = 3546;
UPDATE `creature` SET `guid` = (@GUID := @GUID + '1') WHERE `guid` = 7746;
UPDATE `creature` SET `guid` = (@GUID := @GUID + '1') WHERE `guid` = 7744;
UPDATE `creature` SET `guid` = (@GUID := @GUID + '1') WHERE `guid` = 7747;
UPDATE `creature` SET `guid` = (@GUID := @GUID + '1') WHERE `guid` = 7748;
UPDATE `creature` SET `guid` = (@GUID := @GUID + '1') WHERE `guid` = 7749;
UPDATE `creature` SET `guid` = (@GUID := @GUID + '1') WHERE `guid` = 7750;
UPDATE `creature` SET `guid` = (@GUID := @GUID + '1') WHERE `guid` = 7751;
UPDATE `creature` SET `guid` = (@GUID := @GUID + '1') WHERE `guid` = 7752;
UPDATE `creature` SET `guid` = (@GUID := @GUID + '1') WHERE `guid` = 7753;
UPDATE `creature` SET `guid` = (@GUID := @GUID + '1') WHERE `guid` = 7754;
UPDATE `creature` SET `guid` = (@GUID := @GUID + '1') WHERE `guid` = 7755;
UPDATE `creature` SET `guid` = (@GUID := @GUID + '1') WHERE `guid` = 7756;
UPDATE `creature` SET `guid` = (@GUID := @GUID + '1') WHERE `guid` = 7757;
UPDATE `creature` SET `guid` = (@GUID := @GUID + '1') WHERE `guid` = 7758;
UPDATE `creature` SET `guid` = (@GUID := @GUID + '1') WHERE `guid` = 7759;
UPDATE `creature` SET `guid` = (@GUID := @GUID + '1') WHERE `guid` = 7760;
UPDATE `creature` SET `guid` = (@GUID := @GUID + '1') WHERE `guid` = 7761;
UPDATE `creature` SET `guid` = (@GUID := @GUID + '1') WHERE `guid` = 7762;
UPDATE `creature` SET `guid` = (@GUID := @GUID + '1') WHERE `guid` = 7763;
UPDATE `creature` SET `guid` = (@GUID := @GUID + '1') WHERE `guid` = 41877;

-- clear data
DELETE FROM `pool_template` WHERE `entry` IN (25483,25549,25550);
DELETE FROM `pool_creature` WHERE `pool_entry` IN (25483,25549,25550);
DELETE FROM `gameobject` WHERE `map` = 229;
DELETE FROM `creature_movement` WHERE `id` IN (SELECT `guid` FROM `creature` WHERE `map` = 229);
DELETE FROM `creature` WHERE `map` = 229;

DELETE FROM `creature_linking` WHERE `guid` IN (43561, 43565, 43771, 45491, 45773, 45792, 45801, 160057, 160064, 160142, 160143, 160159, 160207, 160208, 160230, 160254, 660087, 660088);
INSERT INTO `creature_linking` (`guid`,`master_guid`,`flag`) VALUES 
(160064,160063,515),
(160057,160056,515),
(160142,40272,515),
(160143,40272,515),
(160159,40272,515),
(160254,160244,515),
(160230,160244,515),
(160207,160244,515),
(160208,160244,515),
(660088,43560,515),
(43565,660086,515),
(43561,43560,515),
(660087,660086,515),
(43771,43763,515),
(45773,45490,515),
(45801,45490,515),
(45792,45787,515),
(45491,45787,515);

DELETE FROM `pool_template` WHERE `entry` IN (25549,1207,25469,25502,25503,25504,25573,25574,25483);
INSERT INTO `pool_template` (`entry`,`max_limit`,`description`) VALUES 
(25549,1,'Jed Runewatcher (10509) Blackrock Spire'),
(1207,1,'Ghok Bashguud (9718) - Blackrock Spire'),
(25469,1,'LBRS - Crystal Fang / Spire Spider'),
(25502,1,'Spirestone Battle Lord/Placeholder'),
(25503,1,'Spirestone Lord Magus/Placeholder'),
(25504,1,'Spirestone Butcher/Placeholder'),
(25573,1,'Lower Blackrock Spire - Tazz Alaor patrol'),
(25574,1,'Lower Blackrock Spire - Tazz Alaor patrol'),
(25483,1,'LBRS - Bannok Grimaxe');

DELETE FROM `pool_creature` WHERE `guid` IN (3527, 3528, 43507, 43516, 43517, 43519, 43521, 43523, 43561, 43565, 44020, 44337, 45763, 45799, 45800, 45843, 160129, 160257, 160364, 660087, 660088);
INSERT INTO `pool_creature` (`guid`,`pool_entry`,`chance`,`description`) VALUES 
(160129,25549,70,'Alternate creature to Jed Runewatcher (10509) Blackrock Spire'),
(160257,25549,30,'Jed Runewatcher (10509) Blackrock Spire'),
(160364,1207,15,'Ghok Bashguud (9718) - Blackrock Spire'),
(45763,1207,0,'Alternate to Ghok Bashguud (9718) - Blackrock Spire'),
(3527,25469,10,'LBRS - Crystal Fang / Spire Spider'),
(3528,25469,90,'LBRS - Crystal Fang / Spire Spider'),
(43517,25502,0,'Spirestone Battle Lord/Placeholder'),
(43519,25502,15,'Spirestone Battle Lord/Placeholder'),
(43516,25503,0,'Spirestone Lord Magus/Placeholder'),
(43521,25503,30,'Spirestone Lord Magus/Placeholder'),
(43507,25504,0,'Spirestone Butcher/Placeholder'),
(43523,25504,30,'Spirestone Butcher/Placeholder'),
(43561,25573,0,'Lower Blackrock Spire - Tazz Alaor patrol'),
(660088,25573,0,'Lower Blackrock Spire - Tazz Alaor patrol'),
(43565,25574,0,'Lower Blackrock Spire - Tazz Alaor patrol'),
(44020,25483,0,'LBRS - Bannok Grimaxe'),
(44337,25483,25,'LBRS - Bannok Grimaxe'),
(45843,25483,25,'LBRS - Bannok Grimaxe'),
(45799,1207,15,'Ghok Bashguud (9718) - Blackrock Spire'),
(45800,1207,0,'Alternate to Ghok Bashguud (9718) - Blackrock Spire'),
(660087,25574,0,'Lower Blackrock Spire - Tazz Alaor patrol');

DELETE FROM `creature_addon` WHERE `guid` IN (43478, 43479, 43484, 43485, 43530, 43531, 43532, 43533, 43534, 43535, 43536, 43537, 43539, 43545, 43544, 43546, 43547, 43548, 43549, 43550, 43551, 43552, 43568, 43577, 43757, 43765, 44009, 44020, 44154, 44271, 44308, 44311, 44312, 44314, 44316, 44317, 44318, 44319, 44320, 44324, 44329, 44327, 45776, 45771, 45777, 45784, 45800, 45799, 45795, 45843, 160052, 160053, 160058, 160066, 160072, 160074, 160075, 160076, 160078, 160221, 160222, 160237, 660081, 660082, 660092, 44337, 45775);
INSERT INTO `creature_addon` (`guid`,`mount`,`bytes1`,`b2_0_sheath`,`b2_1_flags`,`emote`,`moveflags`,`auras`) VALUES 
(43478,0,1,1,16,0,0,NULL),(43479,0,1,1,16,0,0,NULL),(43484,0,3,1,16,0,0,'6606'),(43485,0,3,1,16,0,0,'6606'),(43530,0,0,1,16,0,0,'13236'),
(43531,0,0,1,16,0,0,'13236'),(43532,0,0,1,16,0,0,'13236'),(43533,0,0,1,16,0,0,'13236'),(43534,0,1,1,16,0,0,NULL),(43535,0,1,1,16,0,0,NULL),
(43536,0,1,1,16,0,0,NULL),(43537,0,1,1,16,0,0,NULL),(43539,0,1,1,16,0,0,NULL),(43545,0,1,1,16,0,0,NULL),(43544,0,1,1,16,0,0,NULL),
(43546,0,0,1,16,0,0,'13236'),(43547,0,0,1,16,0,0,'13236'),(43548,0,0,1,16,0,0,'13236'),(43549,0,0,1,16,0,0,'13236'),(43550,0,8,1,16,0,0,'12380'),
(43551,0,8,1,16,0,0,'12380'),(43552,0,0,1,16,0,0,'12380'),(43568,0,0,1,16,0,0,'12380'),(43577,0,0,1,16,0,0,'12380'),(43757,0,0,1,16,0,0,'12380'),
(43765,0,3,1,16,0,0,'6606'),(44009,0,0,1,16,0,0,'13236'),(44020,0,1,1,16,0,0,''),(44154,0,0,1,16,0,0,'13236'),(44271,0,1,1,16,0,0,''),
(44308,0,1,1,16,0,0,''),(44311,0,3,1,16,0,0,'6606'),(44312,0,3,1,16,0,0,'6606'),(44314,0,1,1,16,0,0,''),(44316,0,3,1,16,0,0,'6606'),
(44317,0,3,1,16,0,0,'6606'),(44318,0,1,1,16,0,0,''),(44319,0,0,1,16,0,0,'12380'),(44320,0,0,1,16,0,0,'12380'),(44324,0,1,1,16,0,0,''),
(44329,0,1,1,16,0,0,''),(44327,0,3,1,16,0,0,'6606'),(45776,0,3,1,16,0,0,'6606'),(45771,0,3,1,16,0,0,'6606'),(45777,0,1,1,16,0,0,NULL),
(45784,0,3,1,16,0,0,'6606'),(45800,0,3,1,16,0,0,'6606'),(45799,0,3,1,16,0,0,'6606'),(45795,0,3,1,16,0,0,'6606'),(45843,0,1,1,16,0,0,''),
(160052,0,1,1,16,0,0,NULL),(160053,0,1,1,16,0,0,NULL),(160058,0,1,1,16,0,0,NULL),(160066,0,1,1,16,0,0,NULL),(160072,0,1,1,16,0,0,NULL),
(160074,0,1,1,16,0,0,NULL),(160075,0,1,1,16,0,0,NULL),(160076,0,1,1,16,0,0,NULL),(160078,0,1,1,16,0,0,NULL),(160221,0,1,1,16,0,0,NULL),
(160222,0,1,1,16,0,0,NULL),(160237,0,1,1,16,0,0,NULL),(660081,0,1,1,16,0,0,NULL),(660082,0,1,1,16,0,0,NULL),(660092,0,3,1,16,0,0,'6606'),
(44337,0,1,1,16,0,0,''),(45775,0,3,1,16,0,0,'6606');

DELETE FROM `creature_template_addon` WHERE `entry` IN (10363, 9240, 10221, 10220, 9818, 10316, 9816, 10899, 9819, 9096, 10083, 10762, 10740, 10366, 10372, 10319, 10430, 10299, 9098, 9097, 9045, 9258, 9416, 9257, 9201, 9199, 9198, 9200, 9196, 9218, 9217, 9236, 9219, 9267, 9239, 9269, 9265, 9241, 9268, 9266, 9259, 9261, 9262, 9260, 9264, 9263, 10374, 10376, 10375, 9216, 9692, 9693, 9717, 9716, 9696, 9736, 9568, 9583, 9718, 10177, 9237, 16044, 16048, 9596, 15560, 10814, 10257, 2110, 4076, 9197, 10799, 9817, 10317, 10318, 10371, 10509, 10596, 9701);
INSERT INTO `creature_template_addon` (`entry`,`mount`,`bytes1`,`b2_0_sheath`,`b2_1_flags`,`emote`,`moveflags`,`auras`) VALUES 
(10363,0,0,1,16,0,0,NULL),(9240,0,0,1,16,0,0,NULL),(10221,0,0,1,16,0,0,NULL),(10596,0,0,1,16,0,0,NULL),(9701,0,0,1,16,0,0,NULL),
(10220,0,0,1,16,0,0,NULL),(9818,0,0,1,16,0,0,NULL),(10316,0,0,1,16,0,0,NULL),(9816,0,0,1,16,0,0,NULL),(10899,0,0,1,16,0,0,NULL),
(9819,0,0,1,16,0,0,NULL),(9096,0,0,1,16,0,0,NULL),(10083,0,0,1,16,0,0,NULL),(10762,0,0,1,16,0,0,NULL),(10740,0,7,0,0,0,0,''),
(10366,0,0,1,16,0,0,NULL),(10372,0,0,1,16,0,0,NULL),(10319,0,0,1,16,0,0,NULL),(10430,0,0,1,16,0,0,NULL),(10299,0,8,1,16,0,0,NULL),
(9098,0,0,1,16,0,0,NULL),(9097,0,0,1,16,0,0,NULL),(9045,0,0,1,16,0,0,NULL),(9258,0,0,1,16,0,0,NULL),(9416,0,0,1,16,0,0,NULL),
(9257,0,0,1,16,0,0,NULL),(9201,0,0,1,16,0,0,NULL),(9199,0,0,1,16,0,0,NULL),(9198,0,0,1,16,0,0,NULL),(9200,0,0,1,16,0,0,NULL),
(9196,0,0,1,16,0,0,NULL),(9218,0,0,1,16,0,0,NULL),(9217,0,0,1,16,0,0,NULL),(9236,0,8,1,16,0,0,'12380'),(9219,0,0,1,16,0,0,NULL),
(9267,0,0,1,16,0,0,NULL),(9239,0,0,1,16,0,0,NULL),(9269,0,0,1,16,0,0,NULL),(9265,0,0,1,16,0,0,NULL),(9241,0,0,1,16,0,0,NULL),
(9268,0,0,1,16,0,0,NULL),(9266,0,0,1,16,0,0,NULL),(9259,0,0,1,16,0,0,NULL),(9261,0,0,1,16,0,0,NULL),(9262,0,0,1,16,0,0,NULL),
(9260,0,0,1,16,0,0,NULL),(9264,0,0,1,16,0,0,NULL),(9263,0,0,1,16,0,0,NULL),(10374,0,0,1,16,0,0,NULL),(10376,0,0,1,16,0,0,NULL),
(10375,0,0,1,16,0,0,NULL),(9216,0,0,1,16,0,0,NULL),(9692,0,0,1,16,0,0,NULL),(9693,0,0,1,16,0,0,NULL),(9717,0,0,1,16,0,0,NULL),
(9716,0,0,1,16,0,0,NULL),(9696,0,1536,1,40,0,0,NULL),(9736,0,0,1,16,0,0,NULL),(9568,0,0,1,16,0,0,NULL),(9583,0,0,1,16,0,0,NULL),
(9718,0,0,1,16,0,0,NULL),(10177,0,0,1,16,0,0,NULL),(9237,0,0,1,16,0,0,NULL),(16044,0,0,1,16,0,0,NULL),(16048,0,0,1,16,0,0,NULL),
(9596,0,0,1,16,0,0,NULL),(15560,0,0,1,16,0,0,'25824'),(10814,0,0,1,16,0,0,NULL),(10257,0,0,1,16,0,0,NULL),(9197,0,0,1,16,0,0,NULL),
(10799,0,0,1,16,0,0,NULL),(9817,0,0,1,16,0,0,NULL),(10317,0,0,1,16,0,0,NULL),(10318,0,0,1,16,0,0,NULL),(10371,0,0,1,16,0,0,NULL),
(10509,0,0,1,16,0,0,NULL);

DELETE FROM `creature_movement` WHERE `id` IN (3526, 4802, 40272, 40501, 40515, 41877, 42875, 42879, 43458, 43467, 43477, 43478, 43479, 43480, 43481, 43498, 43500, 43503, 43507, 43527, 43539, 43543, 43544, 43545, 43559, 43560, 43569, 43571, 43763, 43764, 43767, 43768, 44304, 44321, 44322, 44330, 44456, 45490, 45492, 45750, 45755, 45756, 45769, 45777, 45787, 45789, 160056, 160062, 160063, 160068, 160070, 160104, 160108, 160113, 160124, 160129, 160223, 160238, 160239, 160244, 160255, 660086, 660091, 660096);
INSERT INTO `creature_movement` (`id`,`point`,`position_x`,`position_y`,`position_z`,`waittime`,`script_id`,`textid1`,`textid2`,`textid3`,`textid4`,`textid5`,`emote`,`spell`,`orientation`,`model1`,`model2`) VALUES 
(4802,28,-53.3688,-431.997,78.2854,0,0,0,0,0,0,0,0,0,0,0,0),
(4802,27,-53.7135,-469.51,77.8413,0,0,0,0,0,0,0,0,0,0,0,0),
(4802,26,-57.2509,-477.311,77.9158,0,0,0,0,0,0,0,0,0,0,0,0),
(4802,25,-61.6685,-480.695,77.9158,0,0,0,0,0,0,0,0,0,0,0,0),
(4802,24,-68.0847,-485.191,77.9158,0,0,0,0,0,0,0,0,0,0,0,0),
(4802,23,-76.1309,-488.445,77.9158,0,0,0,0,0,0,0,0,0,0,0,0),
(4802,22,-78.755,-497.51,77.9866,0,0,0,0,0,0,0,0,0,0,0,0),
(4802,21,-77.5,-506.46,79.4722,0,0,0,0,0,0,0,0,0,0,0,0),
(4802,20,-73.2358,-515.496,81.09,0,0,0,0,0,0,0,0,0,0,0,0),
(4802,19,-65.7134,-519.569,82.9049,0,0,0,0,0,0,0,0,0,0,0,0),
(4802,18,-57.8619,-517.623,86.636,0,0,0,0,0,0,0,0,0,0,0,0),
(4802,17,-50.2694,-512.905,88.2413,0,0,0,0,0,0,0,0,0,0,0,0),
(4802,16,-47.6077,-508.537,88.6223,0,0,0,0,0,0,0,0,0,0,0,0),
(4802,15,-43.8517,-499.036,90.1431,0,0,0,0,0,0,0,0,0,0,0,0),
(4802,14,-33.9322,-488.698,90.6663,0,0,0,0,0,0,0,0,0,0,0,0),
(4802,13,-43.8517,-499.036,90.1431,0,0,0,0,0,0,0,0,0,0,0,0),
(4802,12,-47.6077,-508.537,88.6223,0,0,0,0,0,0,0,0,0,0,0,0),
(4802,11,-50.2694,-512.905,88.2413,0,0,0,0,0,0,0,0,0,0,0,0),
(4802,10,-57.8619,-517.623,86.636,0,0,0,0,0,0,0,0,0,0,0,0),
(4802,9,-65.7134,-519.569,82.9049,0,0,0,0,0,0,0,0,0,0,0,0),
(4802,8,-73.2358,-515.496,81.09,0,0,0,0,0,0,0,0,0,0,0,0),
(4802,7,-77.5,-506.46,79.4722,0,0,0,0,0,0,0,0,0,0,0,0),
(4802,6,-78.755,-497.51,77.9866,0,0,0,0,0,0,0,0,0,0,0,0),
(4802,5,-76.1309,-488.445,77.9158,0,0,0,0,0,0,0,0,0,0,0,0),
(4802,4,-68.0847,-485.191,77.9158,0,0,0,0,0,0,0,0,0,0,0,0),
(4802,3,-61.6685,-480.695,77.9158,0,0,0,0,0,0,0,0,0,0,0,0),
(4802,2,-57.2509,-477.311,77.9158,0,0,0,0,0,0,0,0,0,0,0,0),
(4802,1,-53.7135,-469.51,77.8413,0,0,0,0,0,0,0,0,0,0,0,0),
(43507,2,-36.5,-478.69,29.99,0,0,0,0,0,0,0,0,0,1.6,0,0),
(43507,1,-37.05,-387.07,31.8,0,0,0,0,0,0,0,0,0,4.65,0,0),
(41877,13,94.7496,-473.079,116.842,0,0,0,0,0,0,0,0,0,100,0,0),
(41877,12,83.4094,-474.271,116.842,0,0,0,0,0,0,0,0,0,100,0,0),
(41877,11,77.1173,-474.496,116.842,0,0,0,0,0,0,0,0,0,100,0,0),
(41877,10,64.8587,-474.58,113.951,0,0,0,0,0,0,0,0,0,100,0,0),
(41877,9,51.9036,-474.688,110.923,0,0,0,0,0,0,0,0,0,100,0,0),
(41877,8,65.0976,-474.578,113.951,0,0,0,0,0,0,0,0,0,100,0,0),
(41877,7,77.8913,-474.466,116.842,0,0,0,0,0,0,0,0,0,100,0,0),
(40272,1,225.99,-261.09,82.31,0,0,0,0,0,0,0,0,0,0,0,0),
(40272,2,226.573,-285.918,76.9924,0,0,0,0,0,0,0,0,0,0,0,0),
(40272,3,219.865,-285.862,76.9667,0,0,0,0,0,0,0,0,0,0,0,0),
(40272,4,226.573,-285.918,76.9924,0,0,0,0,0,0,0,0,0,0,0,0),
(40272,5,225.99,-261.09,82.31,0,0,0,0,0,0,0,0,0,0,0,0),
(40272,6,224.199,-258.98,82.134,0,0,0,0,0,0,0,0,0,0,0,0),
(40272,7,184.148,-258.888,91.546,0,0,0,0,0,0,0,0,0,0,0,0),
(40272,8,224.199,-258.98,82.134,0,0,0,0,0,0,0,0,0,0,0,0),
(40501,1,156.655,-261.057,110.911,0,0,0,0,0,0,0,0,0,0,0,0),
(40501,2,156.697,-270.709,110.945,0,0,0,0,0,0,0,0,0,0,0,0),
(40501,3,157.437,-283.381,110.653,0,0,0,0,0,0,0,0,0,0,0,0),
(40501,4,156.721,-302.091,110.655,0,0,0,0,0,0,0,0,0,0,0,0),
(40501,5,155.393,-316.954,110.658,0,0,0,0,0,0,0,0,0,0,0,0),
(40501,6,145.795,-316.889,110.658,0,0,0,0,0,0,0,0,0,0,0,0),
(40501,7,138.546,-312.556,110.971,0,0,0,0,0,0,0,0,0,0,0,0),
(40501,8,128.11,-312.561,110.948,0,0,0,0,0,0,0,0,0,0,0,0),
(40501,9,113.444,-312.323,106.436,0,0,0,0,0,0,0,0,0,0,0,0),
(40501,10,107.291,-311.159,106.436,0,0,0,0,0,0,0,0,0,0,0,0),
(40501,11,107.143,-305.034,106.436,0,0,0,0,0,0,0,0,0,0,0,0),
(40501,12,107.968,-294.352,106.436,0,0,0,0,0,0,0,0,0,0,0,0),
(40501,13,108.13,-273.961,106.436,0,0,0,0,0,0,0,0,0,0,0,0),
(40501,14,108.325,-262.696,106.436,0,0,0,0,0,0,0,0,0,0,0,0),
(40501,15,113.576,-260.461,106.436,0,0,0,0,0,0,0,0,0,0,0,0),
(40501,16,119.512,-259.629,108.912,0,0,0,0,0,0,0,0,0,0,0,0),
(40501,17,126.887,-258.807,110.95,0,0,0,0,0,0,0,0,0,0,0,0),
(40501,18,134.264,-256.577,110.872,0,0,0,0,0,0,0,0,0,0,0,0),
(40501,19,142.107,-253.858,110.808,0,0,0,0,0,0,0,0,0,0,0,0),
(40501,20,149.232,-254.785,110.835,0,0,0,0,0,0,0,0,0,0,0,0),
(40501,21,156.027,-256.98,110.873,0,0,0,0,0,0,0,0,0,0,0,0),
(41877,1,150.917,-475.661,116.84,0,0,0,0,0,0,0,0,0,100,0,0),
(41877,2,137.109,-474.652,116.842,0,0,0,0,0,0,0,0,0,100,0,0),
(41877,3,120.161,-474.673,116.842,0,0,0,0,0,0,0,0,0,100,0,0),
(41877,4,106.258,-474.643,116.842,0,0,0,0,0,0,0,0,0,100,0,0),
(41877,5,94.7496,-473.079,116.842,0,0,0,0,0,0,0,0,0,100,0,0),
(41877,6,83.685,-474.242,116.842,0,0,0,0,0,0,0,0,0,100,0,0),
(160056,4,18.7198,-332.48,48.7262,0,0,0,0,0,0,0,0,0,0,0,0),
(160056,5,18.6102,-346.358,48.6756,0,0,0,0,0,0,0,0,0,0,0,0),
(160056,6,20.2517,-349.204,48.6731,0,0,0,0,0,0,0,0,0,0,0,0),
(160056,7,35.1303,-349.151,48.6754,0,0,0,0,0,0,0,0,0,0,0,0),
(160056,8,37.1637,-352.389,48.6782,0,0,0,0,0,0,0,0,0,0,0,0),
(160056,9,37.2667,-364.091,48.6567,0,0,0,0,0,0,0,0,0,0,0,0),
(160056,10,37.1637,-352.389,48.6782,0,0,0,0,0,0,0,0,0,0,0,0),
(160056,11,35.1303,-349.151,48.6754,0,0,0,0,0,0,0,0,0,0,0,0),
(160056,12,20.2517,-349.204,48.6731,0,0,0,0,0,0,0,0,0,0,0,0),
(160056,13,18.6102,-346.358,48.6756,0,0,0,0,0,0,0,0,0,0,0,0),
(160056,14,18.7198,-332.48,48.7262,0,0,0,0,0,0,0,0,0,0,0,0),
(160056,15,22.0622,-329.214,48.7563,0,0,0,0,0,0,0,0,0,0,0,0),
(160056,16,34.5769,-329.267,53.6296,0,0,0,0,0,0,0,0,0,0,0,0),
(160056,17,41.5168,-327.276,53.7463,0,0,0,0,0,0,0,0,0,0,0,0),
(160056,1,41.5168,-327.276,53.7463,0,0,0,0,0,0,0,0,0,0,0,0),
(160056,3,22.0622,-329.214,48.7563,0,0,0,0,0,0,0,0,0,0,0,0),
(160056,2,34.5769,-329.267,53.6296,0,0,0,0,0,0,0,0,0,0,0,0),
(160056,18,53.4595,-325.36,53.916,0,0,0,0,0,0,0,0,0,0,0,0),
(160062,1,72.5072,-281.783,60.6237,0,0,0,0,0,0,0,0,0,0,0,0),
(160062,2,87.1247,-283.336,60.6086,29000,0,0,0,0,0,0,7,0,6.097,0,0),
(160062,3,86.7408,-283.049,60.6107,0,0,0,0,0,0,0,0,0,0,0,0),
(160062,4,70.9496,-282.071,60.6077,24000,0,0,0,0,0,0,69,0,3.777,0,0),
(160063,1,89.9381,-286.135,60.5951,0,0,0,0,0,0,0,0,0,0,0,0),
(160063,19,93.2917,-324.569,65.4635,0,0,0,0,0,0,0,0,0,0,0,0),
(160063,20,92.3302,-319.026,65.4952,0,0,0,0,0,0,0,0,0,0,0,0),
(160063,21,88.1107,-320.541,65.4697,0,0,0,0,0,0,0,0,0,0,0,0),
(160063,22,77.1285,-321.647,65.4606,0,0,0,0,0,0,0,0,0,0,0,0),
(160063,23,73.9044,-321.041,65.4619,0,0,0,0,0,0,0,0,0,0,0,0),
(160063,24,70.8984,-320.856,65.4615,0,0,0,0,0,0,0,0,0,0,0,0),
(160063,25,67.8924,-320.671,65.4611,0,0,0,0,0,0,0,0,0,0,0,0),
(160063,26,62.8699,-314.552,65.4635,0,0,0,0,0,0,0,0,0,0,0,0),
(160063,27,62.3815,-310.165,65.4635,0,0,0,0,0,0,0,0,0,0,0,0),
(160063,28,62.1636,-298.094,60.9048,0,0,0,0,0,0,0,0,0,0,0,0),
(160063,29,62.0786,-295.281,60.7565,0,0,0,0,0,0,0,0,0,0,0,0),
(160063,30,66.5189,-289.695,60.6581,0,0,0,0,0,0,0,0,0,0,0,0),
(160063,31,71.1994,-288.528,60.6103,0,0,0,0,0,0,0,0,0,0,0,0),
(160063,32,76.7199,-286.148,60.667,0,0,0,0,0,0,0,0,0,0,0,0),
(160063,18,95.2904,-329.295,65.0196,0,0,0,0,0,0,0,0,0,0,0,0),
(160063,17,94.9044,-337.612,61.8113,0,0,0,0,0,0,0,0,0,0,0,0),
(160063,16,95.9481,-341.314,60.702,0,0,0,0,0,0,0,0,0,0,0,0),
(160063,2,93.2999,-289.36,60.5976,0,0,0,0,0,0,0,0,0,0,0,0),
(160063,3,96.0648,-291.15,60.6264,0,0,0,0,0,0,0,0,0,0,0,0),
(160063,4,97.3805,-295.306,60.6733,0,0,0,0,0,0,0,0,0,0,0,0),
(160063,5,97.9475,-302.046,62.4287,0,0,0,0,0,0,0,0,0,0,0,0),
(160063,6,97.9478,-313.342,65.4635,0,0,0,0,0,0,0,0,0,0,0,0),
(160063,7,96.7286,-316.577,65.4871,0,0,0,0,0,0,0,0,0,0,0,0),
(160063,8,91.3134,-317.938,65.4901,0,0,0,0,0,0,0,0,0,0,0,0),
(160063,9,68.4867,-322.16,65.4549,0,0,0,0,0,0,0,0,0,0,0,0),
(160063,10,65.659,-322.929,65.4505,0,0,0,0,0,0,0,0,0,0,0,0),
(160063,11,66.5869,-327.411,65.4635,0,0,0,0,0,0,0,0,0,0,0,0),
(160063,12,66.2184,-330.474,64.5625,0,0,0,0,0,0,0,0,0,0,0,0),
(160063,13,66.7119,-333.154,63.5297,0,0,0,0,0,0,0,0,0,0,0,0),
(160063,14,66.7489,-344.389,60.702,0,0,0,0,0,0,0,0,0,0,0,0),
(160063,15,94.7288,-344.11,60.702,0,0,0,0,0,0,0,0,0,0,0,0),
(160063,33,83.9848,-287.04,60.643,0,0,0,0,0,0,0,0,0,0,0,0),
(160108,4,102.111,-255.036,106.436,0,0,0,0,0,0,0,0,0,100,0,0),
(160108,3,102.492,-284.08,106.436,0,0,0,0,0,0,0,0,0,100,0,0),
(160108,2,103.388,-312.501,106.436,0,0,0,0,0,0,0,0,0,100,0,0),
(160108,1,102.492,-284.08,106.436,0,0,0,0,0,0,0,0,0,100,0,0),
(160113,1,137.036,-318.309,70.9563,0,0,0,0,0,0,0,0,0,0,0,0),
(160113,13,206.769,-288.047,76.9327,0,0,0,0,0,0,0,0,0,0,0,0),
(160113,14,206.049,-300.881,76.9044,0,0,0,0,0,0,0,0,0,0,0,0),
(160113,15,203.805,-308.685,76.8987,0,0,0,0,0,0,0,0,0,0,0,0),
(160113,16,200.091,-314.903,76.892,0,0,0,0,0,0,0,0,0,0,0,0),
(160113,17,196.037,-321.532,76.8849,0,0,0,0,0,0,0,0,0,0,0,0),
(160113,18,187.264,-325.25,76.8738,0,0,0,0,0,0,0,0,0,0,0,0),
(160113,19,172.508,-330.708,71.6636,0,0,0,0,0,0,0,0,0,0,0,0),
(160113,20,157.819,-330.472,70.9563,0,0,0,0,0,0,0,0,0,0,0,0),
(160113,21,151.347,-332.406,70.9563,0,0,0,0,0,0,0,0,0,0,0,0),
(160113,12,205.403,-280.035,76.9363,0,0,0,0,0,0,0,0,0,0,0,0),
(160113,11,197.221,-281.635,76.9372,0,0,0,0,0,0,0,0,0,0,0,0),
(160113,2,139.625,-311.595,70.9563,0,0,0,0,0,0,0,0,0,0,0,0),
(160113,3,145.022,-306.612,70.9563,0,0,0,0,0,0,0,0,0,0,0,0),
(160113,4,155.634,-307.226,70.9563,0,0,0,0,0,0,0,0,0,0,0,0),
(160113,5,165.665,-309.29,70.9563,0,0,0,0,0,0,0,0,0,0,0,0),
(160113,6,179.918,-308.349,75.0044,0,0,0,0,0,0,0,0,0,0,0,0),
(160113,7,186.484,-307.375,76.8804,0,0,0,0,0,0,0,0,0,0,0,0),
(160113,8,190.417,-303.615,76.8863,0,0,0,0,0,0,0,0,0,0,0,0),
(160113,9,190,-295.833,76.9324,0,0,0,0,0,0,0,0,0,0,0,0),
(160113,10,192.748,-284.944,76.9366,0,0,0,0,0,0,0,0,0,0,0,0),
(160113,22,141.415,-328.32,70.9563,0,0,0,0,0,0,0,0,0,0,0,0),
(160124,4,151.826,-337.478,110.951,0,0,0,0,0,0,0,0,0,100,0,0),
(160124,3,151.43,-299.848,110.655,0,0,0,0,0,0,0,0,0,100,0,0),
(160124,2,151.483,-266.604,110.941,0,0,0,0,0,0,0,0,0,100,0,0),
(160124,1,151.43,-299.848,110.655,0,0,0,0,0,0,0,0,0,100,0,0),
(160129,20,144.41,-258.089,110.852,0,0,0,0,0,0,0,0,0,100,0,0),
(160129,19,147.933,-256.874,110.85,0,0,0,0,0,0,0,0,0,100,0,0),
(160129,18,153.333,-254.239,110.841,0,0,0,0,0,0,0,0,0,100,0,0),
(160129,17,160.883,-251.074,110.904,0,0,0,0,0,0,0,0,0,100,0,0),
(160129,16,162.619,-260.48,110.922,0,0,0,0,0,0,0,0,0,100,0,0),
(160129,15,161.626,-276.16,110.942,0,0,0,0,0,0,0,0,0,100,0,0),
(160129,14,161.54,-286.843,110.938,0,0,0,0,0,0,0,0,0,100,0,0),
(160129,13,161.931,-295.254,110.934,0,0,0,0,0,0,0,0,0,100,0,0),
(160129,12,164.066,-307.895,110.926,0,0,0,0,0,0,0,0,0,100,0,0),
(160129,11,164.349,-321.437,110.938,0,0,0,0,0,0,0,0,0,100,0,0),
(160129,10,161.285,-330.085,110.946,0,0,0,0,0,0,0,0,0,100,0,0),
(160129,9,156.734,-340.574,110.951,0,0,0,0,0,0,0,0,0,100,0,0),
(160129,8,151.986,-343.381,110.954,0,0,0,0,0,0,0,0,0,100,0,0),
(160129,7,145.867,-339.175,110.953,0,0,0,0,0,0,0,0,0,100,0,0),
(160129,6,141.56,-328.348,110.953,0,0,0,0,0,0,0,0,0,100,0,0),
(160129,5,140.202,-318.19,110.956,0,0,0,0,0,0,0,0,0,100,0,0),
(160129,4,138.366,-304.562,110.976,0,0,0,0,0,0,0,0,0,100,0,0),
(160129,3,139.064,-292.411,110.965,0,0,0,0,0,0,0,0,0,100,0,0),
(160129,2,139.325,-272.981,110.948,0,0,0,0,0,0,0,0,0,100,0,0),
(160129,1,142.226,-262.721,110.888,0,0,0,0,0,0,0,0,0,100,0,0),
(160223,1,41.0048,-479.188,110.932,0,0,0,0,0,0,0,0,0,0,0,0),
(160223,2,40.6946,-470.055,110.934,0,0,0,0,0,0,0,0,0,0,0,0),
(160223,3,28.987,-457.701,110.958,0,0,0,0,0,0,0,0,0,0,0,0),
(160223,4,19.4282,-458.143,110.948,0,0,0,0,0,0,0,0,0,0,0,0),
(160223,5,10.9487,-465.839,110.938,0,0,0,0,0,0,0,0,0,0,0,0),
(160223,6,12.0295,-481.36,110.935,0,0,0,0,0,0,0,0,0,0,0,0),
(160223,7,27.209,-487.106,110.949,0,0,0,0,0,0,0,0,0,0,0,0),
(160238,1,83.5422,-474.662,116.842,0,0,0,0,0,0,0,0,0,0,0,0),
(160238,2,93.117,-476.806,116.842,0,0,0,0,0,0,0,0,0,0,0,0),
(160238,3,93.1617,-484.36,116.842,0,0,0,0,0,0,0,0,0,0,0,0),
(160238,4,93.117,-476.806,116.842,0,0,0,0,0,0,0,0,0,0,0,0),
(160238,5,83.6851,-474.694,116.842,0,0,0,0,0,0,0,0,0,0,0,0),
(160238,6,70.9019,-474.603,115.496,0,0,0,0,0,0,0,0,0,0,0,0),
(160238,7,60.6071,-474.358,112.139,0,0,0,0,0,0,0,0,0,0,0,0),
(160238,8,45.0526,-476.175,110.926,0,0,0,0,0,0,0,0,0,0,0,0),
(160238,9,36.505,-483.864,110.939,0,0,0,0,0,0,0,0,0,0,0,0),
(160238,10,24.5104,-485.579,110.947,0,0,0,0,0,0,0,0,0,0,0,0),
(160238,11,12.3218,-481.582,110.936,0,0,0,0,0,0,0,0,0,0,0,0),
(160238,12,10.0676,-472.998,110.935,0,0,0,0,0,0,0,0,0,0,0,0),
(160238,13,17.3661,-456.806,110.947,0,0,0,0,0,0,0,0,0,0,0,0),
(160238,14,29.5697,-454.026,110.96,0,0,0,0,0,0,0,0,0,0,0,0),
(160238,15,35.4522,-454.598,110.943,0,0,0,0,0,0,0,0,0,0,0,0),
(160238,16,34.7464,-442.818,110.945,0,0,0,0,0,0,0,0,0,0,0,0),
(160238,17,33.5042,-417.918,110.712,0,0,0,0,0,0,0,0,0,0,0,0),
(160238,18,34.7464,-442.818,110.945,0,0,0,0,0,0,0,0,0,0,0,0),
(160238,19,35.4522,-454.598,110.943,0,0,0,0,0,0,0,0,0,0,0,0),
(160238,20,29.5697,-454.026,110.96,0,0,0,0,0,0,0,0,0,0,0,0),
(160238,21,17.3661,-456.806,110.947,0,0,0,0,0,0,0,0,0,0,0,0),
(160238,22,10.0676,-472.998,110.935,0,0,0,0,0,0,0,0,0,0,0,0),
(160238,23,12.3218,-481.582,110.936,0,0,0,0,0,0,0,0,0,0,0,0),
(160238,24,24.5104,-485.579,110.947,0,0,0,0,0,0,0,0,0,0,0,0),
(160238,25,36.505,-483.864,110.939,0,0,0,0,0,0,0,0,0,0,0,0),
(160238,26,45.0526,-476.175,110.926,0,0,0,0,0,0,0,0,0,0,0,0),
(160238,27,60.6071,-474.358,112.139,0,0,0,0,0,0,0,0,0,0,0,0),
(160238,28,70.9019,-474.603,115.496,0,0,0,0,0,0,0,0,0,0,0,0),
(160239,1,33.2388,-451.331,110.947,0,0,0,0,0,0,0,0,0,0,0,0),
(160239,2,27.8349,-467.173,110.954,0,0,0,0,0,0,0,0,0,0,0,0),
(160239,3,22.5882,-486.309,110.945,0,0,0,0,0,0,0,0,0,0,0,0),
(160239,4,21.3946,-495.946,110.941,0,0,0,0,0,0,0,0,0,0,0,0),
(160239,5,22.5882,-486.309,110.945,0,0,0,0,0,0,0,0,0,0,0,0),
(160239,6,27.8349,-467.173,110.954,0,0,0,0,0,0,0,0,0,0,0,0),
(160239,7,33.2388,-451.331,110.947,0,0,0,0,0,0,0,0,0,0,0,0),
(160239,8,32.9856,-441.198,110.948,0,0,0,0,0,0,0,0,0,0,0,0),
(160239,9,33.2187,-432.523,110.949,0,0,0,0,0,0,0,0,0,0,0,0),
(160239,10,32.9856,-441.198,110.948,0,0,0,0,0,0,0,0,0,0,0,0),
(160244,1,0.073367,-274.516,110.929,0,0,0,0,0,0,0,0,0,0,0,0),
(160244,2,-0.197867,-320.715,110.939,0,0,0,0,0,0,0,0,0,0,0,0),
(160244,3,32.9907,-344.613,110.943,0,0,0,0,0,0,0,0,0,0,0,0),
(160244,4,2.70391,-335.468,110.942,0,0,0,0,0,0,0,0,0,0,0,0),
(160244,5,21.5374,-315.253,110.945,0,0,0,0,0,0,0,0,0,0,0,0),
(160244,6,20.2498,-263.245,111.027,0,0,0,0,0,0,0,0,0,0,0,0),
(160244,7,21.5374,-315.253,110.945,0,0,0,0,0,0,0,0,0,0,0,0),
(160244,8,2.70391,-335.468,110.942,0,0,0,0,0,0,0,0,0,0,0,0),
(160244,9,32.9907,-344.613,110.943,0,0,0,0,0,0,0,0,0,0,0,0),
(160244,10,-0.199047,-320.916,110.942,0,0,0,0,0,0,0,0,0,0,0,0),
(160244,11,0.073367,-274.516,110.929,0,0,0,0,0,0,0,0,0,0,0,0),
(160244,12,17.7263,-263.467,110.943,0,0,0,0,0,0,0,0,0,0,0,0),
(160255,1,137.876,-449.432,121.975,0,0,0,0,0,0,0,0,0,0,0,0),
(160255,2,142.882,-447.466,121.975,0,0,0,0,0,0,0,0,0,0,0,0),
(160255,3,150.106,-447.552,121.975,0,0,0,0,0,0,0,0,0,0,0,0),
(160255,4,158.939,-447.841,121.975,0,0,0,0,0,0,0,0,0,0,0,0),
(160255,5,162.936,-450.315,121.975,0,0,0,0,0,0,0,0,0,0,0,0),
(160255,6,164.986,-455.795,121.975,0,0,0,0,0,0,0,0,0,0,0,0),
(160255,7,165.879,-465.25,116.954,0,0,0,0,0,0,0,0,0,0,0,0),
(160255,8,165.223,-470.568,116.829,0,0,0,0,0,0,0,0,0,0,0,0),
(160255,9,158.806,-470.375,116.826,0,0,0,0,0,0,0,0,0,0,0,0),
(160255,10,148.989,-470.486,116.816,0,0,0,0,0,0,0,0,0,0,0,0),
(160255,11,142.296,-471.539,116.839,0,0,0,0,0,0,0,0,0,0,0,0),
(160255,12,127.625,-473.384,116.845,0,0,0,0,0,0,0,0,0,0,0,0),
(160255,13,118.149,-473.105,116.842,0,0,0,0,0,0,0,0,0,0,0,0),
(160255,14,109.252,-473.191,116.842,0,0,0,0,0,0,0,0,0,0,0,0),
(160255,15,101.37,-473.117,116.842,0,0,0,0,0,0,0,0,0,0,0,0),
(160255,16,97.2847,-470.1,116.842,0,0,0,0,0,0,0,0,0,0,0,0),
(160255,17,93.7787,-464.77,116.842,0,0,0,0,0,0,0,0,0,0,0,0),
(160255,18,93.1996,-456.881,116.842,0,0,0,0,0,0,0,0,0,0,0,0),
(160255,19,93.0105,-447.581,113.951,0,0,0,0,0,0,0,0,0,0,0,0),
(160255,20,92.7964,-437.883,110.923,0,0,0,0,0,0,0,0,0,0,0,0),
(160255,21,92.9087,-447.432,113.951,0,0,0,0,0,0,0,0,0,0,0,0),
(160255,22,93.261,-456.932,116.842,0,0,0,0,0,0,0,0,0,0,0,0),
(160255,23,94.0509,-465.158,116.842,0,0,0,0,0,0,0,0,0,0,0,0),
(160255,24,97.3934,-470.372,116.842,0,0,0,0,0,0,0,0,0,0,0,0),
(160255,25,101.615,-473.2,116.842,0,0,0,0,0,0,0,0,0,0,0,0),
(160255,26,109.96,-473.221,116.842,0,0,0,0,0,0,0,0,0,0,0,0),
(160255,27,119.431,-472.966,116.842,0,0,0,0,0,0,0,0,0,0,0,0),
(160255,28,129.714,-473.405,116.844,0,0,0,0,0,0,0,0,0,0,0,0),
(160255,29,137.726,-471.057,116.836,0,0,0,0,0,0,0,0,0,0,0,0),
(160255,30,137.759,-466.307,116.807,0,0,0,0,0,0,0,0,0,0,0,0),
(160255,31,137.438,-458.164,121.874,0,0,0,0,0,0,0,0,0,0,0,0),
(3526,1,-127.151,-511.369,11.3636,0,0,0,0,0,0,0,0,0,100,0,0),
(3526,2,-127.429,-493.976,11.3567,0,0,0,0,0,0,0,0,0,100,0,0),
(3526,3,-127.005,-504.143,11.3607,0,0,0,0,0,0,0,0,0,100,0,0),
(3526,4,-126.588,-516.658,11.7612,0,0,0,0,0,0,0,0,0,100,0,0),
(3526,5,-126.609,-520.664,11.7612,0,0,0,0,0,0,0,0,0,100,0,0),
(3526,6,-122.625,-521.096,11.7612,0,0,0,0,0,0,0,0,0,100,0,0),
(3526,7,-116.24,-521.575,11.0583,0,0,0,0,0,0,0,0,0,100,0,0),
(3526,8,-104.837,-520.382,10.8036,0,0,0,0,0,0,0,0,0,100,0,0),
(3526,9,-116.714,-521.25,11.0689,0,0,0,0,0,0,0,0,0,100,0,0),
(3526,10,-125.462,-520.888,11.7612,0,0,0,0,0,0,0,0,0,100,0,0),
(3526,11,-127.024,-530.692,11.3652,0,0,0,0,0,0,0,0,0,100,0,0),
(3526,12,-126.508,-540.155,11.3652,0,0,0,0,0,0,0,0,0,100,0,0),
(3526,13,-126.758,-552.192,11.3652,0,0,0,0,0,0,0,0,0,100,0,0),
(3526,14,-127.207,-540.946,11.3652,0,0,0,0,0,0,0,0,0,100,0,0),
(3526,15,-126.976,-530.475,11.3652,0,0,0,0,0,0,0,0,0,100,0,0),
(3526,16,-127.018,-521.193,11.7612,0,0,0,0,0,0,0,0,0,100,0,0),
(3526,17,-130.026,-520.442,11.7612,0,0,0,0,0,0,0,0,0,100,0,0),
(3526,18,-136.242,-520.639,11.3496,0,0,0,0,0,0,0,0,0,100,0,0),
(3526,19,-141.835,-520.482,11.3498,0,0,0,0,0,0,0,0,0,100,0,0),
(3526,20,-133.624,-520.864,11.3495,0,0,0,0,0,0,0,0,0,100,0,0),
(3526,21,-127.177,-520.906,11.7612,0,0,0,0,0,0,0,0,0,100,0,0),
(44456,1,-29.4354,-374.537,49.2465,0,0,0,0,0,0,0,0,0,0,0,0),
(44456,2,-35.8591,-385.568,48.6559,0,0,0,0,0,0,0,0,0,0,0,0),
(44456,3,-46.1924,-393.206,49.2342,0,0,0,0,0,0,0,0,0,0,0,0),
(44456,4,-61.7472,-396.152,44.5767,0,0,0,0,0,0,0,0,0,0,0,0),
(44456,5,-88.6538,-400.578,37.8984,30000,0,0,0,0,0,0,0,0,100,0,0),
(44456,6,-54.4929,-392.754,46.3396,0,0,0,0,0,0,0,0,0,0,0,0),
(44456,7,-32.5814,-377.415,49.0143,0,0,0,0,0,0,0,0,0,0,0,0),
(44456,8,-25.1649,-365.964,50.3259,0,0,0,0,0,0,0,0,0,0,0,0),
(44456,9,-19.7295,-365.061,50.0607,0,0,0,0,0,0,0,0,0,0,0,0),
(44456,10,-19.7295,-365.061,50.0607,30000,0,0,0,0,0,0,0,0,5.5676,0,0),
(41877,14,106.258,-474.643,116.842,0,0,0,0,0,0,0,0,0,100,0,0),
(41877,15,120.161,-474.673,116.842,0,0,0,0,0,0,0,0,0,100,0,0),
(41877,16,137.109,-474.652,116.842,0,0,0,0,0,0,0,0,0,100,0,0),
(41877,17,150.917,-475.661,116.84,0,0,0,0,0,0,0,0,0,100,0,0),
(41877,18,165.273,-475.48,116.841,0,0,0,0,0,0,0,0,0,100,0,0),
(43503,1,-24.5393,-514.425,29.1633,0,0,0,0,0,0,0,0,0,2.98,0,0),
(43503,2,-24.5393,-514.425,29.1633,30000,0,0,0,0,0,0,0,0,2.98,0,0),
(43503,3,-49.8219,-513.863,29.1872,0,0,0,0,0,0,0,0,0,0.006,0,0),
(43503,4,-49.8219,-513.863,29.1872,30000,0,0,0,0,0,0,0,0,0.006,0,0),
(43559,2,-39.5975,-523.89,4.99262,30000,0,0,0,0,0,0,0,0,1.54599,0,0),
(43559,1,-39.1072,-547.149,16.1259,60000,0,0,0,0,0,0,0,0,4.97512,0,0),
(43527,1,0.260554,-461.397,16.0944,0,0,0,0,0,0,0,0,0,100,0,0),
(43527,2,-15.0689,-460.353,16.5795,0,0,0,0,0,0,0,0,0,100,0,0),
(43527,3,-18.8073,-451.51,16.5375,0,0,0,0,0,0,0,0,0,100,0,0),
(43527,4,-18.8073,-451.51,16.5375,30000,0,0,0,0,0,0,0,0,1.91276,0,0),
(43527,5,-15.0689,-460.353,16.5795,0,0,0,0,0,0,0,0,0,100,0,0),
(43560,13,-73.071,-511.362,-7.24224,0,0,0,0,0,0,0,0,0,100,0,0),
(43560,12,-73.5209,-493.969,-18.7939,0,0,0,0,0,0,0,0,0,100,0,0),
(43560,11,-66.0974,-487.162,-18.7888,0,0,0,0,0,0,0,0,0,100,0,0),
(43560,10,-20.2517,-487.616,-18.7884,0,0,0,0,0,0,0,0,0,100,0,0),
(43560,9,-12.1316,-496.549,-18.8041,0,0,0,0,0,0,0,0,0,100,0,0),
(43560,8,-12.4121,-533.184,-18.8115,0,0,0,0,0,0,0,0,0,100,0,0),
(43560,7,-14.7119,-539.48,-18.8016,0,0,0,0,0,0,0,0,0,100,0,0),
(43560,6,-28.4449,-548.863,-18.7938,0,0,0,0,0,0,0,0,0,100,0,0),
(43560,5,-63.2439,-549.406,-18.8121,0,0,0,0,0,0,0,0,0,100,0,0),
(43560,4,-73.1738,-545.779,-18.801,0,0,0,0,0,0,0,0,0,100,0,0),
(43560,3,-73.266,-540.061,-18.7952,0,0,0,0,0,0,0,0,0,100,0,0),
(43560,2,-73.8748,-523.169,-7.14292,0,0,0,0,0,0,0,0,0,100,0,0),
(43560,1,-73.9705,-517.234,-7.14286,0,0,0,0,0,0,0,0,0,100,0,0),
(660086,11,-1.0057,-511.03,-7.50127,0,0,0,0,0,0,0,0,0,100,0,0),
(660086,10,-1.51051,-494.902,-18.7939,0,0,0,0,0,0,0,0,0,100,0,0),
(660086,9,-9.20608,-485.38,-18.7867,0,0,0,0,0,0,0,0,0,100,0,0),
(660086,8,-56.0926,-485.742,-18.7886,0,0,0,0,0,0,0,0,0,100,0,0),
(660086,7,-63.058,-494.661,-18.8013,0,0,0,0,0,0,0,0,0,100,0,0),
(660086,6,-62.4642,-539.435,-18.8012,0,0,0,0,0,0,0,0,0,100,0,0),
(660086,5,-50.4526,-551.03,-18.8154,0,0,0,0,0,0,0,0,0,100,0,0),
(660086,4,-14.4936,-549.85,-18.7838,0,0,0,0,0,0,0,0,0,100,0,0),
(660086,3,-2.20902,-540.458,-18.7948,0,0,0,0,0,0,0,0,0,100,0,0),
(660086,2,-1.36125,-523.196,-7.14288,0,0,0,0,0,0,0,0,0,100,0,0),
(660086,1,-1.07454,-517.358,-7.14288,0,0,0,0,0,0,0,0,0,100,0,0),
(43764,1,-111.52,-495.227,-18.4569,0,0,0,0,0,0,0,0,0,100,0,0),
(43764,2,-109.897,-464.849,-18.935,0,0,0,0,0,0,0,0,0,100,0,0),
(43764,3,-84.6538,-439.251,-18.935,0,0,0,0,0,0,0,0,0,100,0,0),
(43764,4,-67.7803,-419.89,-18.935,0,0,0,0,0,0,0,0,0,100,0,0),
(43764,5,-60.7135,-417.953,-18.935,0,0,0,0,0,0,0,0,0,100,0,0),
(43764,6,-9.33271,-420.316,-18.935,0,0,0,0,0,0,0,0,0,100,0,0),
(43764,7,-2.23853,-422.439,-18.935,0,0,0,0,0,0,0,0,0,100,0,0),
(43764,8,-1.24425,-446.212,-18.9348,0,0,0,0,0,0,0,0,0,100,0,0),
(43764,9,19.8217,-447.426,-18.9344,0,0,0,0,0,0,0,0,0,100,0,0),
(43764,10,18.9313,-493.152,-18.4839,0,0,0,0,0,0,0,0,0,100,0,0),
(43764,11,15.5995,-504.353,-18.4058,0,0,0,0,0,0,0,0,0,100,0,0),
(43764,12,16.812,-512.32,-18.4636,0,0,0,0,0,0,0,0,0,100,0,0),
(43764,13,16.0119,-504.231,-18.4129,0,0,0,0,0,0,0,0,0,100,0,0),
(43764,14,19.2959,-492.924,-18.4924,0,0,0,0,0,0,0,0,0,100,0,0),
(43764,15,19.8417,-448.336,-18.9337,0,0,0,0,0,0,0,0,0,100,0,0),
(43764,16,-0.717553,-446.633,-18.9346,0,0,0,0,0,0,0,0,0,100,0,0),
(43764,17,-1.84241,-422.642,-18.934,0,0,0,0,0,0,0,0,0,100,0,0),
(43764,18,-9.30463,-420.401,-18.934,0,0,0,0,0,0,0,0,0,100,0,0),
(43764,19,-60.142,-418.227,-18.934,0,0,0,0,0,0,0,0,0,100,0,0),
(43764,20,-67.559,-420.346,-18.934,0,0,0,0,0,0,0,0,0,100,0,0),
(43764,21,-84.1578,-439.431,-18.934,0,0,0,0,0,0,0,0,0,100,0,0),
(43764,22,-109.429,-465.33,-18.934,0,0,0,0,0,0,0,0,0,100,0,0),
(43764,23,-111.255,-495.325,-18.4569,0,0,0,0,0,0,0,0,0,100,0,0),
(43767,1,-42.2135,-425.896,-18.935,30000,0,0,0,0,0,0,0,0,0.458297,0,0),
(43767,2,-53.331,-413.39,-18.935,30000,0,0,0,0,0,0,0,0,2.31105,0,0),
(43763,1,-111.096,-457.167,-18.9344,0,0,0,0,0,0,0,0,0,100,0,0),
(43763,2,-111.467,-475.042,-18.5396,0,0,0,0,0,0,0,0,0,100,0,0),
(43763,3,-110.836,-457.762,-18.9337,0,0,0,0,0,0,0,0,0,100,0,0),
(43763,4,-90.9376,-443.86,-18.9337,0,0,0,0,0,0,0,0,0,100,0,0),
(43763,5,-65.7253,-416.266,-18.9337,0,0,0,0,0,0,0,0,0,100,0,0),
(43763,6,-1.09983,-418.993,-18.7599,0,0,0,0,0,0,0,0,0,100,0,0),
(43763,7,0.389136,-443.609,-18.9341,0,0,0,0,0,0,0,0,0,100,0,0),
(43763,8,23.7566,-446.48,-18.9344,0,0,0,0,0,0,0,0,0,100,0,0),
(43763,9,20.0585,-473.347,-18.4169,0,0,0,0,0,0,0,0,0,100,0,0),
(43763,10,19.6364,-497.845,-18.4377,0,0,0,0,0,0,0,0,0,100,0,0),
(43763,11,16.803,-496.517,-18.383,0,0,0,0,0,0,0,0,0,100,0,0),
(43763,12,15.7945,-472.194,-18.5802,0,0,0,0,0,0,0,0,0,100,0,0),
(43763,13,19.5375,-449.353,-18.935,0,0,0,0,0,0,0,0,0,100,0,0),
(43763,14,-1.29326,-448.574,-18.935,0,0,0,0,0,0,0,0,0,100,0,0),
(43763,15,-4.66436,-423.75,-18.9339,0,0,0,0,0,0,0,0,0,100,0,0),
(43763,16,-24.7803,-420.808,-18.9339,0,0,0,0,0,0,0,0,0,100,0,0),
(43763,17,-65.957,-420.164,-18.9339,0,0,0,0,0,0,0,0,0,100,0,0),
(43763,18,-90.1233,-445.284,-18.9339,0,0,0,0,0,0,0,0,0,100,0,0),
(160068,1,8.8431,-326.523,48.8573,2000,909704,0,0,0,0,0,0,0,5.11381,0,0),
(160070,1,30.9196,-399.683,48.7868,2000,909702,0,0,0,0,0,0,0,0.698554,0,0),
(42875,1,61.1247,-437.231,42.1525,2000,909701,0,0,0,0,0,0,0,5.29322,0,0),
(42879,1,66.2,-508.76,29.41,2000,909702,0,0,0,0,0,0,0,3.18126,0,0),
(43458,1,41.61,-455.02,26.24,2000,909701,0,0,0,0,0,0,0,5.29083,0,0),
(43467,1,62.5,-565.17,30.79,2000,909703,0,0,0,0,0,0,0,3.24,0,0),
(43481,1,-7.73006,-586.411,29.1909,2000,909701,0,0,0,0,0,0,0,0.711965,0,0),
(43478,1,-63.9999,-572.651,29.1909,2000,909705,0,0,0,0,0,0,0,6.18384,0,0),
(43479,1,-70.37,-575.97,29.1909,2000,909706,0,0,0,0,0,0,0,1.57276,0,0),
(43477,1,-60.3966,-585.973,29.1909,2000,909703,0,0,0,0,0,0,0,0.580012,0,0),
(43480,1,-32.392,-558.642,29.1909,2000,909702,0,0,0,0,0,0,0,5.39921,0,0),
(43498,1,-67.1433,-534.974,29.1909,2000,909702,0,0,0,0,0,0,0,3.64778,0,0),
(43500,1,0.66,-525.45,29.48,2000,909701,0,0,0,0,0,0,0,0.79,0,0),
(43543,1,-57.92,-488.23,16.42,2000,926701,0,0,0,0,0,0,0,5.63,0,0),
(43571,1,-62.05,-457.34,-18.46,2000,924101,0,0,0,0,0,0,0,1.3,0,0),
(43544,1,-29.9323,-481.091,16.3433,2000,909705,0,0,0,0,0,0,0,6.26701,0,0),
(43545,1,-20.9982,-480.733,16.3041,2000,909706,0,0,0,0,0,0,0,3.15055,0,0),
(43539,1,-29.88,-474.56,16.57,2000,909707,0,0,0,0,0,0,0,6.19,0,0),
(43569,1,-1.69604,-479.888,-18.794,2000,924102,0,0,0,0,0,0,0,1.42591,0,0),
(660091,1,24.2473,-581.663,-18.6008,2000,925901,0,0,0,0,0,0,0,2.75245,0,0),
(660096,1,26.9751,-471.558,-18.4795,2000,925901,0,0,0,0,0,0,0,4.47248,0,0),
(43768,1,-36.5694,-424.192,-18.935,2000,925901,0,0,0,0,0,0,0,3.4648,0,0),
(44304,1,-80.9574,-451.587,-18.935,2000,925901,0,0,0,0,0,0,0,4.81018,0,0),
(44330,1,-106.142,-483.786,-18.4573,2000,926101,0,0,0,0,0,0,0,3.15535,0,0),
(44322,1,-143.435,-512.94,-18.4564,2000,926001,0,0,0,0,0,0,0,0.774024,0,0),
(44321,1,-142.639,-495.548,-18.4564,2000,926001,0,0,0,0,0,0,0,4.72143,0,0),
(45756,1,-175.165,-459.312,87.3903,2000,971602,0,0,0,0,0,0,0,0.814864,0,0),
(45750,1,-204.508,-463.535,87.3903,2000,971602,0,0,0,0,0,0,0,2.49248,0,0),
(45755,1,-202.722,-481.842,87.3903,2000,971602,0,0,0,0,0,0,0,3.18127,0,0),
(45492,1,-166.83,-328.162,64.4017,2000,971601,0,0,0,0,0,0,0,1.72829,0,0),
(45769,1,-117.003,-347.917,70.9524,2000,971602,0,0,0,0,0,0,0,3.51742,0,0),
(45777,1,-139.884,-307.624,70.9524,2000,909705,0,0,0,0,0,0,0,1.46596,0,0),
(45789,1,-114.808,-295.624,70.9524,2000,958301,0,0,0,0,0,0,0,2.52233,0,0),
(160104,1,-59.6305,-342.961,70.9415,2000,958301,0,0,0,0,0,0,0,1.32436,0,0),
(45490,1,-166.923,-331.402,64.401,0,0,0,0,0,0,0,0,0,100,0,0),
(45490,2,-167.266,-368.529,64.401,0,0,0,0,0,0,0,0,0,100,0,0),
(45490,3,-129.449,-369.073,57.4333,0,0,0,0,0,0,0,0,0,100,0,0),
(45490,4,-129.025,-369.201,57.4336,30000,0,0,0,0,0,0,0,0,6.23492,0,0),
(45490,5,-167.144,-368.785,64.4008,0,0,0,0,0,0,0,0,0,100,0,0),
(45490,6,-167.814,-406.761,76.1473,0,0,0,0,0,0,0,0,0,100,0,0),
(45490,7,-167.836,-422.339,76.1775,0,0,0,0,0,0,0,0,0,100,0,0),
(45490,8,-167.858,-444.913,87.3903,0,0,0,0,0,0,0,0,0,100,0,0),
(45490,9,-167.934,-449.224,87.3903,0,0,0,0,0,0,0,0,0,100,0,0),
(45490,10,-167.934,-449.224,87.3903,30000,0,0,0,0,0,0,0,0,4.72224,0,0),
(45490,11,-167.495,-422.653,76.3368,0,0,0,0,0,0,0,0,0,100,0,0),
(45490,12,-167.503,-405.515,75.6469,0,0,0,0,0,0,0,0,0,100,0,0),
(45490,13,-166.791,-383.119,64.4009,0,0,0,0,0,0,0,0,0,100,0,0),
(45490,14,-166.696,-368.118,64.4009,0,0,0,0,0,0,0,0,0,100,0,0),
(45490,15,-166.554,-331.74,64.4009,0,0,0,0,0,0,0,0,0,100,0,0),
(45787,1,-88.3541,-338.735,70.9511,0,0,0,0,0,0,0,0,0,100,0,0),
(45787,2,-95.7749,-315.78,70.9511,0,0,0,0,0,0,0,0,0,100,0,0),
(45787,3,-100.989,-308.099,70.9511,0,0,0,0,0,0,0,0,0,100,0,0),
(45787,4,-117.88,-305.061,70.9511,0,0,0,0,0,0,0,0,0,100,0,0),
(45787,5,-125.293,-309.045,70.9511,0,0,0,0,0,0,0,0,0,100,0,0),
(45787,6,-126.006,-325.409,70.9511,0,0,0,0,0,0,0,0,0,100,0,0),
(45787,7,-126.791,-343.417,70.9511,0,0,0,0,0,0,0,0,0,100,0,0),
(45787,8,-161.09,-343.884,64.4015,0,0,0,0,0,0,0,0,0,100,0,0),
(45787,9,-161.09,-343.884,64.4015,30000,0,0,0,0,0,0,0,0,3.16637,0,0),
(45787,10,-126.826,-343.941,70.9535,0,0,0,0,0,0,0,0,0,100,0,0),
(45787,11,-126.015,-325.003,70.9535,0,0,0,0,0,0,0,0,0,100,0,0),
(45787,12,-124.973,-309.631,70.9535,0,0,0,0,0,0,0,0,0,100,0,0),
(45787,13,-117.563,-305.382,70.9535,0,0,0,0,0,0,0,0,0,100,0,0),
(45787,14,-102.885,-307.827,70.9535,0,0,0,0,0,0,0,0,0,100,0,0),
(45787,15,-95.7647,-317.675,70.9535,0,0,0,0,0,0,0,0,0,100,0,0),
(45787,16,-89.6089,-338.514,70.9535,0,0,0,0,0,0,0,0,0,100,0,0),
(43559,3,-39.5765,-509.575,5.85662,0,0,0,0,0,0,0,0,0,4.75364,0,0),
(43559,4,-39.9944,-493.414,16.1884,0,0,0,0,0,0,0,0,0,100,0,0),
(43559,5,-47.6374,-472.98,16.3339,0,0,0,0,0,0,0,0,0,100,0,0),
(43559,6,-48.0896,-460.304,16.3986,0,0,0,0,0,0,0,0,0,100,0,0),
(43559,7,-8.38649,-461.06,16.7284,0,0,0,0,0,0,0,0,0,100,0,0),
(43559,8,-47.6948,-460.331,16.4026,0,0,0,0,0,0,0,0,0,100,0,0),
(43559,9,-47.7583,-472.839,16.3333,0,0,0,0,0,0,0,0,0,100,0,0),
(43559,10,-40.3668,-493.487,16.1866,0,0,0,0,0,0,0,0,0,100,0,0),
(43559,11,-39.5765,-509.575,5.85662,30000,0,0,0,0,0,0,0,0,4.75364,0,0),
(43559,12,-39.5975,-523.89,4.99262,0,0,0,0,0,0,0,0,0,1.54599,0,0),
(40515,1,134.314,-365.853,116.84,0,0,0,0,0,0,0,0,0,100,0,0),
(40515,2,159.69,-366.065,116.842,0,0,0,0,0,0,0,0,0,100,0,0),
(40515,3,164.673,-366.137,116.842,0,0,0,0,0,0,0,0,0,100,0,0),
(40515,4,159.69,-366.065,116.842,0,0,0,0,0,0,0,0,0,100,0,0),
(40515,5,134.314,-365.853,116.84,0,0,0,0,0,0,0,0,0,100,0,0),
(40515,6,113.681,-366.227,116.848,0,0,0,0,0,0,0,0,0,100,0,0);

DELETE FROM `dbscripts_on_creature_movement` WHERE `id` IN (909701,909702,909703,909704,909705,909706,909707,924101,926701,924102,925901,926101,926001,971601,971602,958301);
INSERT INTO `dbscripts_on_creature_movement` (`id`,`delay`,`command`,`datalong`,`datalong2`,`buddy_entry`,`search_radius`,`data_flags`,`dataint`,`dataint2`,`dataint3`,`dataint4`,`x`,`y`,`z`,`o`,`comments`) VALUES 
(909701,0,32,1,0,0,0,0,0,0,0,0,0,0,0,0,'pause WP movement'),
(909701,6,1,1,0,0,0,0,11,21,6,0,0,0,0,0,'Scarshield Legionnaire random emote'),
(909701,15,1,1,0,9257,15,0,11,1,1,274,0,0,0,0,'Scarshield Warlock random emote'),
(909701,21,1,1,0,9098,15,0,11,1,1,274,0,0,0,0,'Scarshield Spellbinder random emote'),
(909701,33,1,1,0,9097,15,0,11,1,1,274,0,0,0,0,'Scarshield Legionnaire random emote'),
(909701,50,32,0,0,0,0,0,0,0,0,0,0,0,0,0,'unpause WP movement'),
(909702,0,32,1,0,0,0,0,0,0,0,0,0,0,0,0,'pause WP movement'),
(909702,6,1,1,0,0,0,0,11,1,1,274,0,0,0,0,'Scarshield Legionnaire random emote'),
(909702,21,1,1,0,9045,15,0,11,1,1,274,0,0,0,0,'Scarshield Acolyte random emote'),
(909702,33,1,1,0,9098,15,0,11,1,1,274,0,0,0,0,'Scarshield Spellbinder random emote'),
(909702,50,32,0,0,0,0,0,0,0,0,0,0,0,0,0,'unpause WP movement'),
(909703,0,32,1,0,0,0,0,0,0,0,0,0,0,0,0,'pause WP movement'),
(909703,6,1,1,0,0,0,0,11,1,1,274,0,0,0,0,'Scarshield Legionnaire random emote'),
(909703,21,1,1,0,9045,15,0,11,1,1,274,0,0,0,0,'Scarshield Acolyte random emote'),
(909703,33,1,1,0,9257,15,0,11,1,1,274,0,0,0,0,'Scarshield Warlock random emote'),
(909703,50,32,0,0,0,0,0,0,0,0,0,0,0,0,0,'unpause WP movement'),
(909704,0,32,1,0,0,0,0,0,0,0,0,0,0,0,0,'pause WP movement'),
(909704,6,1,1,0,0,0,0,11,1,1,274,0,0,0,0,'Scarshield Legionnaire random emote'),
(909704,21,1,1,0,9257,15,0,11,1,1,274,0,0,0,0,'Scarshield Warlock random emote'),
(909704,33,1,1,0,9098,15,0,11,1,1,274,0,0,0,0,'Scarshield Spellbinder random emote'),
(909704,50,32,0,0,0,0,0,0,0,0,0,0,0,0,0,'unpause WP movement'),
(909705,0,32,1,0,0,0,0,0,0,0,0,0,0,0,0,'pause WP movement'),
(909705,2,1,7,0,0,0,0,0,0,0,0,0,0,0,0,'eat/drink emote'),
(909705,19,32,0,0,0,0,0,0,0,0,0,0,0,0,0,'unpause WP movement'),
(909706,0,32,1,0,0,0,0,0,0,0,0,0,0,0,0,'pause WP movement'),
(909706,9,1,7,0,0,0,0,0,0,0,0,0,0,0,0,'eat/drink emote'),
(909706,20,32,0,0,0,0,0,0,0,0,0,0,0,0,0,'unpause WP movement'),
(909707,0,32,1,0,0,0,0,0,0,0,0,0,0,0,0,'pause WP movement'),
(909707,18,1,7,0,0,0,0,0,0,0,0,0,0,0,0,'eat/drink emote'),
(909707,21,32,0,0,0,0,0,0,0,0,0,0,0,0,0,'unpause WP movement'),
(924101,0,32,1,0,0,0,0,0,0,0,0,0,0,0,0,'pause WP movement'),
(924101,6,1,1,0,0,0,0,11,21,6,0,0,0,0,0,'Smolderthorn Headhunter random emote'),
(924101,15,1,1,0,9269,15,0,11,1,1,274,0,0,0,0,'Smolderthorn Seer random emote'),
(924101,21,1,1,0,9241,15,0,11,1,1,274,0,0,0,0,'Smolderthorn Headhunter random emote'),
(924101,33,1,1,0,9266,15,0,11,1,1,274,0,0,0,0,'Smolderthorn Witch Doctor random emote'),
(924101,50,32,0,0,0,0,0,0,0,0,0,0,0,0,0,'unpause WP movement'),
(926701,0,32,1,0,0,0,0,0,0,0,0,0,0,0,0,'pause WP movement'),
(926701,6,1,1,0,0,0,0,11,1,1,274,0,0,0,0,'Smolderthorn Axe Thrower random emote'),
(926701,21,1,1,0,9267,15,0,11,1,1,274,0,0,0,0,'Smolderthorn Axe Thrower random emote'),
(926701,33,1,1,0,9240,15,0,11,1,1,274,0,0,0,0,'Smolderthorn Shadow Priest random emote'),
(926701,50,32,0,0,0,0,0,0,0,0,0,0,0,0,0,'unpause WP movement'),
(924102,0,32,1,0,0,0,0,0,0,0,0,0,0,0,0,'pause WP movement'),
(924102,6,1,1,0,0,0,0,11,1,1,274,0,0,0,0,'Smolderthorn Headhunter random emote'),
(924102,21,1,1,0,9269,15,0,11,1,1,274,0,0,0,0,'Smolderthorn Seer random emote'),
(924102,33,1,1,0,9240,15,0,11,1,1,274,0,0,0,0,'Smolderthorn Shadow Priest random emote'),
(924102,50,32,0,0,0,0,0,0,0,0,0,0,0,0,0,'unpause WP movement'),
(925901,0,32,1,0,0,0,0,0,0,0,0,0,0,0,0,'pause WP movement'),
(925901,6,1,1,0,0,0,0,11,1,1,274,0,0,0,0,'Firebrand Grunt random emote'),
(925901,21,1,1,0,9261,15,0,11,1,1,274,0,0,0,0,'Firebrand Darkweaver random emote'),
(925901,33,1,1,0,9262,15,0,11,1,1,274,0,0,0,0,'Firebrand Evoker random emote'),
(925901,50,32,0,0,0,0,0,0,0,0,0,0,0,0,0,'unpause WP movement'),
(926101,0,32,1,0,0,0,0,0,0,0,0,0,0,0,0,'pause WP movement'),
(926101,6,1,1,0,0,0,0,11,1,1,274,0,0,0,0,'Firebrand Darkweaver random emote'),
(926101,21,1,1,0,9259,15,0,11,1,1,274,0,0,0,0,'Firebrand Grunt random emote'),
(926101,50,32,0,0,0,0,0,0,0,0,0,0,0,0,0,'unpause WP movement'),
(926001,0,32,1,0,0,0,0,0,0,0,0,0,0,0,0,'pause WP movement'),
(926001,6,1,1,0,0,0,0,11,1,1,274,0,0,0,0,'Firebrand Legionnaire random emote'),
(926001,21,1,1,0,9263,15,0,11,1,1,274,0,0,0,0,'Firebrand Dreadweaver random emote'),
(926001,33,1,1,0,9264,15,0,11,1,1,274,0,0,0,0,'Firebrand Pyromancer random emote'),
(926001,50,32,0,0,0,0,0,0,0,0,0,0,0,0,0,'unpause WP movement'),
(971601,0,32,1,0,0,0,0,0,0,0,0,0,0,0,0,'pause WP movement'),
(971601,6,1,1,0,0,0,0,11,1,1,274,0,0,0,0,'Bloodaxe Warmonger random emote'),
(971601,21,1,1,0,9716,15,0,11,1,1,274,0,0,0,0,'Bloodaxe Warmonger random emote'),
(971601,33,1,1,0,9693,15,0,11,1,1,274,0,0,0,0,'Bloodaxe Evoker random emote'),
(971601,50,32,0,0,0,0,0,0,0,0,0,0,0,0,0,'unpause WP movement'),
(971602,0,32,1,0,0,0,0,0,0,0,0,0,0,0,0,'pause WP movement'),
(971602,6,1,1,0,0,0,0,11,1,1,274,0,0,0,0,'Bloodaxe Warmonger random emote'),
(971602,21,1,1,0,9716,15,0,11,1,1,274,0,0,0,0,'Bloodaxe Warmonger random emote'),
(971602,33,1,1,0,9717,15,0,11,1,1,274,0,0,0,0,'Bloodaxe Summoner random emote'),
(971602,50,32,0,0,0,0,0,0,0,0,0,0,0,0,0,'unpause WP movement'),
(958301,0,32,1,0,0,0,0,0,0,0,0,0,0,0,0,'pause WP movement'),
(958301,6,1,1,0,0,0,0,11,1,1,274,0,0,0,0,'Bloodaxe Veteran random emote'),
(958301,33,1,1,0,9693,15,0,11,1,1,274,0,0,0,0,'Bloodaxe Evoker random emote'),
(958301,50,32,0,0,0,0,0,0,0,0,0,0,0,0,0,'unpause WP movement');

DELETE FROM `creature_movement_template` WHERE `entry` IN (9219, 9736, 10509, 10799, 10899); 
INSERT INTO `creature_movement_template` (`entry`,`point`,`position_x`,`position_y`,`position_z`,`waittime`,`script_id`,`textid1`,`textid2`,`textid3`,`textid4`,`textid5`,`emote`,`spell`,`orientation`,`model1`,`model2`) VALUES 
(10509,20,144.41,-258.089,110.852,0,0,0,0,0,0,0,0,0,100,0,0),
(10509,19,147.933,-256.874,110.85,0,0,0,0,0,0,0,0,0,100,0,0),
(10509,18,153.333,-254.239,110.841,0,0,0,0,0,0,0,0,0,100,0,0),
(10509,17,160.883,-251.074,110.904,0,0,0,0,0,0,0,0,0,100,0,0),
(10509,16,162.619,-260.48,110.922,0,0,0,0,0,0,0,0,0,100,0,0),
(10509,15,161.626,-276.16,110.942,0,0,0,0,0,0,0,0,0,100,0,0),
(10509,14,161.54,-286.843,110.938,0,0,0,0,0,0,0,0,0,100,0,0),
(10509,13,161.931,-295.254,110.934,0,0,0,0,0,0,0,0,0,100,0,0),
(10509,12,164.066,-307.895,110.926,0,0,0,0,0,0,0,0,0,100,0,0),
(10509,11,164.349,-321.437,110.938,0,0,0,0,0,0,0,0,0,100,0,0),
(10509,10,161.285,-330.085,110.946,0,0,0,0,0,0,0,0,0,100,0,0),
(10509,9,156.734,-340.574,110.951,0,0,0,0,0,0,0,0,0,100,0,0),
(10509,8,151.986,-343.381,110.954,0,0,0,0,0,0,0,0,0,100,0,0),
(10509,7,145.867,-339.175,110.953,0,0,0,0,0,0,0,0,0,100,0,0),
(10509,6,141.56,-328.348,110.953,0,0,0,0,0,0,0,0,0,100,0,0),
(10509,5,140.202,-318.19,110.956,0,0,0,0,0,0,0,0,0,100,0,0),
(10509,4,138.366,-304.562,110.976,0,0,0,0,0,0,0,0,0,100,0,0),
(10509,3,139.064,-292.411,110.965,0,0,0,0,0,0,0,0,0,100,0,0),
(10509,2,139.325,-272.981,110.948,0,0,0,0,0,0,0,0,0,100,0,0),
(10509,1,142.226,-262.721,110.888,0,0,0,0,0,0,0,0,0,100,0,0),
(10799,42,46.0185,-387.002,48.691,0,0,0,0,0,0,0,0,0,100,0,0),
(10799,41,49.903,-402.132,48.8059,0,0,0,0,0,0,0,0,0,100,0,0),
(10799,40,58.416,-418.709,45.0265,0,0,0,0,0,0,0,0,0,100,0,0),
(10799,39,71.5898,-436.815,41.4104,0,0,0,0,0,0,0,0,0,100,0,0),
(10799,38,78.6633,-463.245,35.4812,0,0,0,0,0,0,0,0,0,100,0,0),
(10799,37,81.104,-479.903,30.8624,0,0,0,0,0,0,0,0,0,100,0,0),
(10799,36,73.2636,-487.857,27.8915,0,0,0,0,0,0,0,0,0,100,0,0),
(10799,35,54.376,-489.401,28.6535,0,0,0,0,0,0,0,0,0,100,0,0),
(10799,34,44.7168,-491.037,29.5888,0,0,0,0,0,0,0,0,0,100,0,0),
(10799,33,52.6077,-511.56,29.211,0,0,0,0,0,0,0,0,0,100,0,0),
(10799,32,50.5416,-533.727,26.7394,0,0,0,0,0,0,0,0,0,100,0,0),
(10799,31,50.2001,-560.155,30.5562,0,0,0,0,0,0,0,0,0,100,0,0),
(10799,30,50.4628,-576.035,30.583,0,0,0,0,0,0,0,0,0,100,0,0),
(10799,29,39.6786,-579.51,31.07,0,0,0,0,0,0,0,0,0,100,0,0),
(10799,28,17.4221,-578.22,26.653,0,0,0,0,0,0,0,0,0,100,0,0),
(10799,27,-5.46575,-576.065,29.1909,0,0,0,0,0,0,0,0,0,100,0,0),
(10799,26,-27.1342,-574.506,29.1909,0,0,0,0,0,0,0,0,0,100,0,0),
(10799,25,-47.6682,-572.61,29.1909,0,0,0,0,0,0,0,0,0,100,0,0),
(10799,24,-60.4448,-573.658,29.1909,0,0,0,0,0,0,0,0,0,100,0,0),
(10799,23,-43.3451,-571.067,29.1909,0,0,0,0,0,0,0,0,0,100,0,0),
(10799,22,-36.4804,-563.528,29.1909,0,0,0,0,0,0,0,0,0,100,0,0),
(10799,21,-48.5064,-537.174,29.1909,0,0,0,0,0,0,0,0,0,100,0,0),
(10799,20,-36.4804,-563.528,29.1909,0,0,0,0,0,0,0,0,0,100,0,0),
(10799,19,-43.3451,-571.067,29.1909,0,0,0,0,0,0,0,0,0,100,0,0),
(10799,18,-60.4448,-573.658,29.1909,0,0,0,0,0,0,0,0,0,100,0,0),
(10799,17,-47.6682,-572.61,29.1909,0,0,0,0,0,0,0,0,0,100,0,0),
(10799,16,-27.1342,-574.506,29.1909,0,0,0,0,0,0,0,0,0,100,0,0),
(10799,15,-5.46575,-576.065,29.1909,0,0,0,0,0,0,0,0,0,100,0,0),
(10799,14,17.7085,-578.237,26.5612,0,0,0,0,0,0,0,0,0,100,0,0),
(10799,13,39.6786,-579.51,31.07,0,0,0,0,0,0,0,0,0,100,0,0),
(10799,12,50.4628,-576.035,30.583,0,0,0,0,0,0,0,0,0,100,0,0),
(10799,11,50.2001,-560.155,30.5562,0,0,0,0,0,0,0,0,0,100,0,0),
(10799,10,50.5839,-533.18,26.7767,0,0,0,0,0,0,0,0,0,100,0,0),
(10799,9,52.6077,-511.56,29.211,0,0,0,0,0,0,0,0,0,100,0,0),
(10799,8,44.7168,-491.037,29.5888,0,0,0,0,0,0,0,0,0,100,0,0),
(10799,7,54.6114,-489.382,28.6716,0,0,0,0,0,0,0,0,0,100,0,0),
(10799,6,73.2636,-487.857,27.8915,0,0,0,0,0,0,0,0,0,100,0,0),
(10799,5,81.104,-479.903,30.8624,0,0,0,0,0,0,0,0,0,100,0,0),
(10799,4,78.6633,-463.245,35.4812,0,0,0,0,0,0,0,0,0,100,0,0),
(10799,3,71.5898,-436.815,41.4104,0,0,0,0,0,0,0,0,0,100,0,0),
(10799,2,58.416,-418.709,45.0265,0,0,0,0,0,0,0,0,0,100,0,0),
(10799,1,49.903,-402.132,48.8059,0,0,0,0,0,0,0,0,0,100,0,0),
(10899,1,140.872,-243.59,110.826,0,0,0,0,0,0,0,0,0,0,0,0),
(10899,2,140.034,-244.993,110.804,7000,0,0,0,0,0,0,69,0,5.714,0,0),
(10899,3,140.031,-247.348,110.773,0,0,0,0,0,0,0,0,0,0,0,0),
(10899,4,142.018,-248.934,110.779,0,0,0,0,0,0,0,0,0,0,0,0),
(10899,5,144.882,-250.299,110.788,0,0,0,0,0,0,0,0,0,0,0,0),
(10899,6,148.933,-246.427,110.862,0,0,0,0,0,0,0,0,0,0,0,0),
(10899,7,152.118,-245.322,110.9,0,0,0,0,0,0,0,0,0,0,0,0),
(10899,8,159.539,-248.629,110.923,48000,0,0,0,0,0,0,133,0,0.648,0,0),
(10899,9,155.153,-243.632,110.926,0,0,0,0,0,0,0,0,0,0,0,0),
(10899,10,148.945,-243.166,110.897,0,0,0,0,0,0,0,0,0,0,0,0),
(10899,11,147.221,-242.018,110.895,70000,0,0,0,0,0,0,28,0,1.539,0,0),
(10899,12,144.955,-246.962,110.824,0,0,0,0,0,0,0,0,0,0,0,0),
(10899,13,147.965,-244.265,110.877,0,0,0,0,0,0,0,0,0,0,0,0),
(10899,14,149.641,-243.561,110.899,0,0,0,0,0,0,0,0,0,0,0,0),
(10899,15,147.806,-248.505,110.831,0,0,0,0,0,0,0,0,0,0,0,0),
(10899,16,148.333,-245.98,110.862,0,0,0,0,0,0,0,0,0,0,0,0),
(10899,17,152.27,-246.428,110.89,0,0,0,0,0,0,0,0,0,0,0,0),
(10899,18,147.781,-243.522,110.884,0,0,0,0,0,0,0,0,0,0,0,0),
(10899,19,148.172,-245.329,110.868,0,0,0,0,0,0,0,0,0,0,0,0),
(10899,20,149.042,-247.2,110.855,0,0,0,0,0,0,0,0,0,0,0,0),
(10899,21,150.123,-244.737,110.89,0,0,0,0,0,0,0,0,0,0,0,0),
(10899,22,145.179,-242.707,110.871,0,0,0,0,0,0,0,0,0,0,0,0),
(9219,1,-37.05,-387.07,31.8,0,0,0,0,0,0,0,0,0,4.65,0,0),
(9219,2,-36.5,-478.69,29.99,0,0,0,0,0,0,0,0,0,1.6,0,0),
(9736,1,-203.919,-478.136,87.3903,0,0,0,0,0,0,0,0,0,100,0,0),
(9736,2,-203.919,-478.136,87.3903,30000,0,0,0,0,0,0,0,0,3.96512,0,0),
(9736,3,-190.85,-475.262,87.3903,0,0,0,0,0,0,0,0,0,100,0,0),
(9736,4,-190.85,-475.262,87.3903,30000,0,0,0,0,0,0,0,0,5.67179,0,0),
(9736,5,-203.945,-478.389,87.3903,0,0,0,0,0,0,0,0,0,100,0,0),
(9736,6,-203.945,-478.389,87.3903,10000,0,0,0,0,0,0,0,0,3.96512,0,0),
(9736,7,-198.345,-469.427,87.3903,0,0,0,0,0,0,0,0,0,100,0,0),
(9736,8,-199.085,-461.425,87.3903,0,0,0,0,0,0,0,0,0,100,0,0),
(9736,9,-202.575,-459.329,87.3903,0,0,0,0,0,0,0,0,0,100,0,0),
(9736,10,-202.575,-459.329,87.3903,30000,0,0,0,0,0,0,0,0,3.68709,0,0),
(9736,11,-198.198,-461.802,87.3903,0,0,0,0,0,0,0,0,0,100,0,0),
(9736,12,-198.053,-469.986,87.3903,0,0,0,0,0,0,0,0,0,100,0,0);

DELETE FROM `creature` WHERE `guid` IN (40153, 40154, 40169, 40245, 40246, 40247, 40248, 40249, 40250, 40263, 40272, 40278, 40279, 40280, 40281, 40282, 40451, 40452, 40453, 40458, 40501, 40502, 40515, 41723, 41781, 41783, 41790, 41821, 41822, 41875, 41876, 42158, 42159, 42575, 42576, 42613, 42798, 42877, 42876, 42875, 42879, 42880, 42887, 42888, 42889, 43456, 43457, 43458, 43459, 43460, 43461, 43462, 43463, 43464, 43465, 43466, 43467, 43468, 43469, 43473, 43471, 43472, 43470, 43475, 43476, 43477, 43478, 43479, 43480, 43486, 43483, 43484, 43485, 43481, 43487, 43488, 43489, 43490, 43491, 43492, 43494, 43495, 43496, 43497, 43498, 43499, 43500, 43501, 43502, 43503, 43504, 43505, 43506, 43507, 43508, 43509, 43510, 43511, 43512, 43513, 43514, 43515, 43516, 43517, 43518, 43519, 43520, 43521, 43522, 43523, 43524, 43525, 43526, 43527, 43528, 43529, 43530, 43531, 43532, 43533, 43534, 43535, 43536, 43537, 43538, 43539, 43540, 43541, 43542, 43543, 43545, 43544, 43546, 43547, 43548, 43549, 43550, 43551, 43552, 43553, 43554, 43555, 43556, 43557, 43558, 43559, 43560, 43561, 43562, 43564, 43565, 43566, 43567, 43568, 43569, 43570, 43571, 43572, 43573, 43574, 43575, 43576, 43577, 43578, 43707, 43748, 43750, 43749, 43751, 43752, 43753, 43754, 43755, 43756, 43757, 43758, 43759, 43760, 43761, 660096, 43763, 43764, 43765, 43767, 43768, 43771, 44007, 44009, 44020, 44078, 44149, 44150, 44151, 44152, 44153, 44154, 44269, 44270, 44271, 44304, 44305, 44306, 44307, 44308, 44309, 44310, 44311, 44312, 44313, 44314, 44316, 44317, 44318, 44319, 44320, 44321, 44322, 44323, 44324, 44325, 44326, 44334, 44333, 44329, 44330, 44327, 43766, 3526, 3527, 3538, 3537, 3536, 3535, 3534, 3533, 3532, 3531, 3530, 3529, 3528, 44456, 45490, 45786, 45734, 45741, 45742, 45743, 45744, 45745, 45746, 45747, 45749, 45750, 45751, 45752, 45753, 45754, 45755, 45756, 45757, 4813, 4805, 4817, 4816, 45769, 45776, 45771, 45801, 45787, 45792, 45491, 45803, 45789, 45774, 45765, 45785, 45492, 45763, 45780, 45790, 45777, 45794, 45793, 45784, 45800, 45799, 45795, 45766, 45805, 45804, 7745, 4815, 4814, 4812, 4811, 4810, 4809, 4808, 4807, 4806, 4804, 4803, 4802, 4818, 4819, 45835, 45836, 45837, 45839, 45840, 45841, 45842, 45843, 78383, 90975, 90976, 139973, 160016, 160017, 160018, 160019, 160020, 160021, 160022, 160023, 160024, 160025, 160026, 160027, 160028, 160029, 160030, 160031, 160032, 160033, 160034, 160035, 160036, 160041, 160042, 160043, 160044, 160045, 160046, 160047, 160048, 160049, 160050, 160051, 160052, 160053, 160054, 160055, 160056, 160057, 160058, 160059, 160060, 160061, 160062, 160063, 160064, 160065, 160066, 160068, 160069, 160070, 160071, 160072, 160073, 160074, 160075, 160076, 160077, 160078, 160079, 160080, 160081, 160082, 160083, 160084, 160085, 160086, 160087, 160088, 160089, 160090, 160091, 160092, 160093, 160094, 160095, 160096, 160097, 160098, 160099, 160100, 45783, 160103, 160104, 160105, 160106, 160107, 160108, 160109, 160110, 160111, 160112, 160113, 160114, 160115, 160116, 160117, 160118, 160119, 160120, 160121, 160122, 160123, 160124, 160125, 160126, 160128, 160129, 160130, 160131, 160132, 160133, 160134, 160135, 160136, 160137, 160138, 160139, 160140, 160141, 160142, 160143, 160144, 160145, 160146, 160147, 160148, 160149, 160150, 160151, 160152, 160153, 160154, 160155, 160156, 160157, 160158, 160159, 160160, 160161, 160162, 160163, 160164, 160165, 160166, 160167, 160168, 160169, 160170, 160171, 160173, 160175, 160176, 160177, 160178, 160179, 160180, 160182, 160183, 160185, 160186, 160187, 160188, 160189, 160190, 160191, 160192, 160193, 160194, 160195, 160196, 160197, 160198, 160199, 160200, 160201, 160202, 160203, 160204, 160205, 160206, 160207, 160208, 160209, 160210, 160211, 160212, 160213, 160214, 160215, 160216, 160217, 160218, 160219, 160220, 160221, 160222, 160223, 160224, 160225, 160226, 160227, 160228, 160230, 160231, 160232, 160233, 160234, 160235, 160236, 160237, 160238, 160239, 160240, 160241, 160242, 160243, 160244, 160245, 160246, 160247, 160248, 160249, 160250, 160251, 160252, 160253, 160254, 160255, 160256, 160257, 160364, 3539, 3540, 3541, 3542, 3543, 3544, 3545, 3546, 7746, 7744, 7747, 7748, 7749, 7750, 7751, 7752, 7753, 7754, 7755, 7756, 7757, 7758, 7759, 7760, 7761, 7762, 7763, 160172, 41877, 660086, 660088, 660087, 42878, 43474, 43482, 660075, 660079, 660081, 660082, 43563, 660089, 660090, 660091, 660092, 44008, 44019, 44337, 45762, 45768, 45775, 45773, 45748);
INSERT INTO `creature` (`guid`,`id`,`map`,`modelid`,`equipment_id`,`position_x`,`position_y`,`position_z`,`orientation`,`spawntimesecs`,`spawndist`,`currentwaypoint`,`curhealth`,`curmana`,`DeathState`,`MovementType`) VALUES 
(40153,10363,229,0,0,34.76,-285.31,111.13,3.21,1000000,0,0,80925,0,0,0),
(40154,9240,229,0,0,-47.73,-460.24,16.58,6,10800,0,0,6273,2117,0,2),
(40169,10221,229,0,0,-195.348,-325.77,64.4244,1.59871,3600,3,0,3082,0,0,1),
(40245,10220,229,0,0,-193.914,-338.148,64.4879,0.657799,1000000,0,0,23688,0,0,0),
(40246,10221,229,0,0,-195.647,-320.721,64.4244,4.7403,3600,3,0,3082,0,0,1),
(40247,10221,229,0,0,-185.807,-316.438,64.4244,2.69277,3600,3,0,3082,0,0,1),
(40248,10221,229,0,0,-191.883,-323.207,64.4244,3.14202,3600,3,0,3082,0,0,1),
(40249,10221,229,0,0,-188.584,-319.751,64.4244,1.77778,3600,3,0,3082,0,0,1),
(40250,10221,229,0,0,-192.129,-317.311,64.4244,0.261964,3600,3,0,3082,0,0,1),
(40263,9818,229,0,0,222.666,-334.586,77.06,3.07178,10800,0,0,7107,2369,0,0),
(40272,9818,229,0,0,225.99,-261.09,82.31,4.72,10800,0,6,7107,2369,0,2),
(40278,10316,229,0,0,162.442,-258.9,91.47,2.98,10800,0,0,7402,0,0,0),
(40279,10316,229,0,0,162.466,-240.764,91.468,3.81,10800,0,0,7402,0,0,0),
(40280,10316,229,0,0,144.375,-240.826,91.471,4.65,10800,0,0,7402,0,0,0),
(40281,10316,229,0,0,126.353,-240.77,91.47,5.47,10800,0,0,7402,0,0,0),
(40282,10316,229,0,0,126.294,-258.731,91.47,6.22,10800,0,0,7402,0,0,0),
(40451,10316,229,0,0,126.402,-276.79,91.47,0.68,10800,0,0,7402,0,0,0),
(40452,10316,229,0,0,162.4,-276.824,91.47,2.33,10800,0,0,7402,0,0,0),
(40453,9816,229,0,0,144.59,-258.05,96.5,6.16,1000000,0,0,24416,0,0,0),
(40458,10899,229,0,0,140.98,-249.36,110.95,0.02,1000000,0,0,12576,0,0,2),
(40501,9819,229,0,0,107.33,-285.62,106.62,3,10800,0,0,8883,0,0,2),
(40502,9096,229,0,0,105.175,-327.111,106.519,2.53073,10800,0,0,14355,0,0,0),
(40515,10083,229,0,0,113.681,-366.227,116.848,0.0138518,10800,0,0,18312,0,0,2),
(41723,9819,229,0,0,87.5,-426.621,111.006,5.91667,10800,0,0,8883,0,0,0),
(41781,10762,229,0,0,71.6325,-421.346,110.795,2.68781,10800,0,0,15260,0,0,0),
(41783,10762,229,0,0,71.7459,-419.106,111.144,3.75246,10800,0,0,15260,0,0,0),
(41790,10740,229,0,0,70.5436,-420.443,110.847,0.750492,10800,0,0,16432,7383,0,0),
(41821,10366,229,0,0,93.01,-492.67,117.02,1.5,10800,0,0,18312,0,0,0),
(41822,10372,229,0,0,88.63,-481.08,117.02,1.65,10800,0,0,18312,0,0,0),
(41875,10319,229,0,0,168.75,-478.41,117.02,3.05,10800,0,0,12208,0,0,0),
(41876,10319,229,0,0,168.88,-471.83,117.02,3.12,10800,0,0,12208,0,0,0),
(42158,10366,229,0,0,27.66,-429.07,111.11,1.63,10800,0,0,18312,0,0,0),
(42159,10366,229,0,0,39.82,-429.08,111.11,1.46,10800,0,0,18312,0,0,0),
(42575,10366,229,0,0,10.86,-490.99,111.12,0.67,10800,0,0,18312,0,0,0),
(42576,10366,229,0,0,8.53,-488.08,111.11,0.69,10800,0,0,18312,0,0,0),
(42613,10430,229,0,0,87.38,-554.12,111.1,2.58,1000000,0,0,80925,0,0,0),
(42798,10299,229,0,0,56.797,-400.285,64.348,3.169,10800,0,0,7599,0,0,0),
(42877,9098,229,0,0,67.391,-440.77,40.992,3.40276,7200,0,0,6273,4234,0,0),
(42876,9097,229,0,0,66.684,-442.869,40.768,2.83099,7200,0,0,7599,0,0,0),
(42875,9097,229,0,0,61.1247,-437.231,42.1525,5.29322,7200,0,0,7599,0,0,2),
(42879,9097,229,0,0,66.2,-508.76,29.41,3.18126,10800,0,0,7599,0,0,2),
(42880,9098,229,0,0,59.14,-509.15,29.36,0.1669,10800,0,0,6078,4082,0,0),
(42887,9045,229,0,0,62.34,-506.72,29.36,4.82745,10800,0,0,6078,2041,0,0),
(42888,9258,229,0,0,44.95,-495.62,29.43,0.72,10800,0,0,7599,0,0,0),
(42889,9416,229,0,0,41.68,-494.48,30.16,0.22,10800,0,0,3189,0,0,0),
(43456,9416,229,0,0,47.23,-498.17,29.38,1.42,10800,0,0,3189,0,0,0),
(43457,9097,229,0,0,41.68,-460.86,24.66,0.81956,10800,0,0,7599,0,0,0),
(43458,9097,229,0,0,41.61,-455.02,26.24,5.29083,10800,0,0,7599,0,0,2),
(43459,9098,229,0,0,46.05,-455.24,26.06,4.01221,10800,0,0,6078,4082,0,0),
(43460,9257,229,0,0,46.17,-461.07,24.49,2.1571,10800,0,0,6078,2041,0,0),
(43461,9097,229,0,0,62.2,-458.45,24.82,3.69,10800,0,0,7599,0,0,0),
(43462,9098,229,0,0,62.49,-463.61,25.4,3.33,10800,0,0,6078,4082,0,0),
(43463,9258,229,0,0,65.98,-470.9,26.07,3.22,10800,0,0,7599,0,0,0),
(43464,9416,229,0,0,61.73,-472.86,26.34,3,10800,0,0,3189,0,0,0),
(43465,9416,229,0,0,62.06,-468.93,25.94,3.63,10800,0,0,3189,0,0,0),
(43466,9045,229,0,0,62.11,-561.1,30.79,3.24,10800,0,0,6078,2041,0,0),
(43467,9097,229,0,0,62.5,-565.17,30.79,3.24,10800,0,0,7599,0,0,2),
(43468,9097,229,0,0,81.73,-580.41,30.79,4.55571,10800,0,0,7599,0,0,0),
(43469,9097,229,0,0,81.24,-583.87,30.79,1.48402,10800,0,0,7599,0,0,0),
(43473,9098,229,0,0,71.28,-587.309,30.604,6.21996,7200,0,0,6273,4234,0,0),
(43471,9257,229,0,0,57.94,-560.1,30.77,6.07,10800,0,0,6078,2041,0,0),
(43472,9257,229,0,0,56.67,-565.77,30.77,0.16,10800,0,0,6078,2041,0,0),
(43470,9257,229,0,0,75.5058,-587.496,30.604,3.12235,7200,0,0,6273,2117,0,0),
(43475,9257,229,0,0,-8.47001,-581.302,29.1909,5.28141,7200,0,0,6273,2117,0,0),
(43476,9045,229,0,0,-52.6788,-585.094,29.1909,2.93307,7200,0,0,6078,2041,0,0),
(43477,9097,229,0,0,-60.3966,-585.973,29.1909,0.580012,7200,0,0,7599,0,0,2),
(43478,9097,229,0,0,-63.9999,-572.651,29.1909,6.18384,7200,0,0,7599,0,0,2),
(43479,9097,229,0,0,-70.37,-575.97,29.1909,1.57276,7200,0,0,7599,0,0,2),
(43480,9097,229,0,0,-32.392,-558.642,29.1909,5.39921,7200,0,0,7842,0,0,2),
(43486,9098,229,0,0,-2.46548,-580.496,29.1909,4.07033,7200,0,0,6273,4234,0,0),
(43483,9098,229,0,0,-27.0788,-563.404,29.1909,2.86316,7200,0,0,6273,4234,0,0),
(43484,9097,229,0,0,-37.8278,-585.13,29.1909,1.47773,7200,0,0,7599,0,0,0),
(43485,9097,229,0,0,-34.1753,-585.505,29.1909,6.24981,7200,0,0,7599,0,0,0),
(43481,9097,229,0,0,-7.73006,-586.411,29.1909,0.711965,7200,0,0,7599,0,0,2),
(43487,9045,229,0,0,-31.7166,-564.232,29.1909,0.821129,7200,0,0,6273,2117,0,0),
(43488,9257,229,0,0,-53.7342,-579.435,29.1909,3.91796,7200,0,0,6078,2041,0,0),
(43489,9098,229,0,0,-57.2777,-586.384,29.1909,1.41175,7200,0,0,6078,4082,0,0),
(43490,9258,229,0,0,-45.94,-554.16,29.37,5.51,10800,0,0,7599,0,0,0),
(43491,9416,229,0,0,-43.61,-555.03,29.37,5.48,10800,0,0,3189,0,0,0),
(43492,9416,229,0,0,-45.76,-557.21,29.37,5.54,10800,0,0,3189,0,0,0),
(43494,9416,229,0,0,-58.96,-550.4,29.37,0.89,10800,0,0,3189,0,0,0),
(43495,9416,229,0,0,-62.87,-545.28,29.37,0.46,10800,0,0,3189,0,0,0),
(43496,9045,229,0,0,-68.4459,-539.299,29.1909,2.17437,7200,0,0,6273,2117,0,0),
(43497,9098,229,0,0,-73.8189,-537.626,29.1909,0.107986,7200,0,0,6078,4082,0,0),
(43498,9097,229,0,0,-67.1433,-534.974,29.1909,3.64778,7200,0,0,7599,0,0,2),
(43499,9097,229,0,0,5.88,-523.11,29.63,3.44,10800,0,0,7599,0,0,0),
(43500,9097,229,0,0,0.66,-525.45,29.48,0.79,10800,0,0,7599,0,0,2),
(43501,9257,229,0,0,-1.35,-519.49,29.43,6.01,10800,0,0,6078,2041,0,0),
(43502,9098,229,0,0,5.24,-518.2,29.53,3.97,10800,0,0,6078,4082,0,0),
(43503,9201,229,0,0,-25.12,-514.43,29.34,2.98,10800,0,0,10130,10205,0,2),
(43504,9199,229,0,0,-40.56,-497.78,29.33,4.66,10800,0,0,12665,0,0,0),
(43505,9199,229,0,0,-32.96,-497.65,29.32,4.73,10800,0,0,12665,0,0,0),
(43506,9201,229,0,0,-30.7344,-429.156,31.7927,3.94546,7200,0,0,10130,10205,0,0),
(43507,9199,229,0,0,-37.05,-387.07,31.8,4.65,10800,0,0,12665,0,0,2),
(43508,9198,229,0,0,-41.34,-380.41,31.8,4.82,10800,2,0,10455,10585,0,1),
(43509,9201,229,0,0,-44.9234,-363.5,31.6182,0.687995,7200,0,0,10455,10585,0,0),
(43510,9200,229,0,0,-14.58,-352.69,31.8,3.1,10800,2,0,12665,10205,0,1),
(43511,9201,229,0,0,-25.5023,-346.151,31.6168,1.98312,7200,0,0,10455,10585,0,0),
(43512,9200,229,0,0,-14.17,-326.66,31.75,3.11,10800,2,0,12665,0,0,1),
(43513,9198,229,0,0,-47.66,-316.76,43.24,5.57,10800,0,0,10455,10585,0,0),
(43514,9198,229,0,0,-26.74,-304.02,31.8,6.17,10800,0,0,10455,10585,0,0),
(43515,9201,229,0,0,-20.1226,-307.731,31.6163,2.21873,7200,0,0,10455,10585,0,0),
(43516,9201,229,0,0,-58.87,-320.75,44.13,5.53,10800,0,0,10130,10205,0,0),
(43517,9200,229,0,0,-52.41,-306.9,43.34,5.53,10800,0,0,12665,0,0,0),
(43518,9196,229,0,0,-22.79,-300.68,31.8,4.65,1000000,0,0,23688,0,0,0),
(43519,9218,229,0,0,-52.41,-306.9,43.34,5.53,1000000,0,0,17226,0,0,0),
(43520,9200,229,0,0,-44.1083,-429.344,31.7916,5.42672,7200,0,0,12665,0,0,0),
(43521,9217,229,0,0,-58.87,-320.75,44.13,5.53,1000000,0,0,13782,13734,0,0),
(43522,9236,229,0,0,-121.19,-482.18,24.71,3.17578,1000000,0,0,20673,2289,0,0),
(43523,9219,229,0,0,-37.05,-387.07,31.8,4.65,1000000,0,0,16704,0,0,2),
(43524,9267,229,0,0,3.42,-456.99,16.19,4.66,10800,0,0,7842,0,0,0),
(43525,9267,229,0,0,-4.32,-459.09,16.34,0.14,10800,0,0,7842,0,0,0),
(43526,9239,229,0,0,-4.35,-462.66,16.34,6.28,10800,0,0,6273,2117,0,0),
(43527,9240,229,0,0,0.02,-461.27,16.28,3.03,10800,0,0,6273,2117,0,2),
(43528,9239,229,0,0,-17.9,-446.31,16.6,4.66,10800,0,0,6273,2117,0,0),
(43529,9239,229,0,0,-22.12,-447.82,16.64,5.84,10800,0,0,6273,2117,0,0),
(43530,9240,229,0,0,-33.19,-450.39,16.67,3.75,10800,0,0,6273,2117,0,0),
(43531,9269,229,0,0,-33.64,-453.58,16.65,2.4,10800,0,0,6477,2163,0,0),
(43532,9265,229,0,0,-37.39,-453.54,16.64,0.64,10800,0,0,6477,2163,0,0),
(43533,9239,229,0,0,-37.54,-450.66,16.66,5.75,10800,0,0,6273,2117,0,0),
(43534,9240,229,0,0,-53.5,-454.29,16.54,2.25,10800,0,0,6273,2117,0,0),
(43535,9240,229,0,0,-57.63,-454.18,16.52,0.69,10800,0,0,6273,2117,0,0),
(43536,9239,229,0,0,-57.56,-450.45,16.53,5.57,10800,0,0,6273,2117,0,0),
(43537,9267,229,0,0,-53.76,-450.59,16.56,4,10800,0,0,7842,0,0,0),
(43538,9240,229,0,0,-56.52,-471.59,16.48,6.26,10800,0,0,6273,2117,0,0),
(43539,9240,229,0,0,-29.88,-474.56,16.57,6.19,10800,0,0,6273,2117,0,2),
(43540,9240,229,0,0,-53.81,-488.18,16.42,3.92,10800,0,0,6273,2117,0,0),
(43541,9267,229,0,0,-53.59,-491.35,16.37,2.89,10800,0,0,7842,0,0,0),
(43542,9240,229,0,0,-57.66,-490.86,16.41,0.63,10800,0,0,6273,2117,0,0),
(43543,9267,229,0,0,-57.92,-488.23,16.42,5.63,10800,0,0,7842,0,0,2),
(43545,9267,229,0,0,-20.9982,-480.733,16.3041,3.15055,7200,0,0,7842,0,0,2),
(43544,9267,229,0,0,-29.9323,-481.091,16.3433,6.26701,7200,0,0,8097,0,0,2),
(43546,9269,229,0,0,-106.491,-488.549,24.2551,3.12944,7200,0,0,6681,2241,0,0),
(43547,9265,229,0,0,-108.969,-486.557,24.2551,4.65311,7200,0,0,6477,2163,0,0),
(43548,9239,229,0,0,-108.768,-475.778,24.2549,1.60891,7200,0,0,6477,2163,0,0),
(43549,9240,229,0,0,-106.384,-473.381,24.2549,3.19541,7200,0,0,6273,2117,0,0),
(43550,9240,229,0,0,-125.67,-473.79,24.44,4.74422,10800,0,0,6273,2117,0,0),
(43551,9240,229,0,0,-125.34,-489.88,24.44,1.63325,10800,0,0,6273,2117,0,0),
(43552,9265,229,0,0,-35.08,-513.08,4.69,3.82,10800,0,0,6477,2163,0,0),
(43553,9269,229,0,0,-44.5597,-521.677,4.50925,0.779523,7200,0,0,6477,2163,0,0),
(43554,9269,229,0,0,-44.4268,-513.147,4.50927,5.64349,7200,0,0,6681,2241,0,0),
(43555,9240,229,0,0,-35.05,-521.75,4.69,2.48,10800,0,0,6273,2117,0,0),
(43556,9267,229,0,0,-33.3368,-552.47,16.1143,3.02969,7200,0,0,8097,0,0,0),
(43557,9267,229,0,0,-40.495,-552.886,16.1286,0.352268,7200,0,0,8097,0,0,0),
(43558,9240,229,0,0,-35.3191,-548.441,16.1143,4.47325,7200,0,0,6273,2117,0,0),
(43559,9239,229,0,0,-39.0271,-547.342,16.1255,4.97512,7200,0,0,6477,2163,0,2),
(43560,9241,229,0,0,-72.9836,-517.218,-7.14286,4.7285,7200,0,0,8352,0,0,2),
(43561,9268,229,0,0,-76.7771,-517.279,-7.14286,4.7285,7200,0,0,8613,0,0,0),
(43562,9268,229,0,0,-42.1008,-527.685,-18.4778,2.12491,7200,5,0,8613,0,0,1),
(43564,9268,229,0,0,-37.0854,-507.072,-18.7812,5.36782,7200,5,0,8352,0,0,1),
(43565,9268,229,0,0,-4.77,-517.7,-6.96,2.78,10800,0,0,8352,0,0,0),
(43566,9240,229,0,0,-4.16821,-477.159,-18.7882,5.8587,7200,0,0,6273,2117,0,0),
(43567,9269,229,0,0,-0.912777,-476.174,-18.7933,4.13553,7200,0,0,6477,2163,0,0),
(43568,9240,229,0,0,-7.052,-474.52,-18.778,1.60419,7200,0,0,6477,2163,0,0),
(43569,9241,229,0,0,-1.69604,-479.888,-18.794,1.42591,7200,0,0,8097,0,0,2),
(43570,9266,229,0,0,-57.48,-454.82,-18.46,2.55,10800,0,0,6477,2163,0,0),
(43571,9241,229,0,0,-62.05,-457.34,-18.46,1.3,10800,0,0,8097,0,0,2),
(43572,9269,229,0,0,-61.82,-449.36,-18.46,5.17,10800,0,0,6477,2163,0,0),
(43573,9268,229,0,0,-41.33,-448.37,-18.46,4.76,10800,0,0,8352,0,0,0),
(43574,9240,229,0,0,-29.3655,-473.768,-18.7656,4.67667,7200,0,0,6477,2163,0,0),
(43575,9241,229,0,0,-58.68,-450.553,-18.6442,4.32324,7200,0,0,8352,0,0,0),
(43576,9240,229,0,0,-71.3291,-578.313,-18.8578,4.18635,7200,0,0,6273,2117,0,0),
(43577,9265,229,0,0,-42.036,-581.509,-18.84,4.30046,7200,0,0,6477,2163,0,0),
(43578,9266,229,0,0,-41.1078,-576.433,-18.8398,0.0357499,7200,0,0,6477,2163,0,0),
(43707,9266,229,0,0,-37.1037,-576.521,-18.8406,3.23075,7200,0,0,6477,2163,0,0),
(43748,9266,229,0,0,-74.6853,-578.084,-18.8531,5.41,7200,0,0,6477,2163,0,0),
(43750,9241,229,0,0,-19.0644,-557.877,-18.778,4.6806,7200,0,0,8097,0,0,0),
(43749,9241,229,0,0,-19.2464,-563.486,-18.7757,1.56728,7200,0,0,8097,0,0,0),
(43751,9241,229,0,0,-38.63,-525.21,-18.63,1.59,10800,5,0,8097,0,0,1),
(43752,9266,229,0,0,-43.84,-519.52,-18.63,0,10800,5,0,6477,2163,0,1),
(43753,9241,229,0,0,-33.38,-519.36,-18.63,3.09,10800,5,0,8097,0,0,1),
(43754,9239,229,0,0,-38.25,-514.12,-18.63,4.72,10800,5,0,6273,2117,0,1),
(43755,9269,229,0,0,-33.635,-472.792,-18.7668,0.88791,7200,0,0,6477,2163,0,0),
(43756,9266,229,0,0,-32.8316,-477.702,-18.7734,3.14907,7200,0,0,6681,2241,0,0),
(43757,9240,229,0,0,-35.417,-477.805,-18.7734,0.0451778,7200,0,0,6273,2117,0,0),
(43758,9240,229,0,0,-75.1835,-582.664,-18.8456,0.769083,7200,0,0,6273,2117,0,0),
(43759,9269,229,0,0,-79.0262,-579.281,-18.8349,2.98783,7200,0,0,6681,2241,0,0),
(43760,9266,229,0,0,-22.8984,-557.704,-18.7822,6.22312,7200,0,0,6477,2163,0,0),
(43761,9269,229,0,0,-30.8244,-580.121,-18.8525,5.23194,7200,0,0,6681,2241,0,0),
(660096,9259,229,0,0,26.9751,-471.558,-18.4795,4.47248,7200,0,0,8097,0,0,2),
(43763,9259,229,0,0,-109.985,-456.958,-18.9344,4.69159,7200,0,0,8097,0,0,2),
(43764,9259,229,0,0,-111.52,-495.227,-18.4569,1.48874,7200,0,0,8097,0,0,2),
(43765,9259,229,0,0,-16.0105,-407.241,-18.9344,6.2404,7200,0,0,8352,0,0,0),
(43767,9259,229,0,0,-41.9485,-425.748,-18.935,0.458297,7200,0,0,8097,0,0,2),
(43768,9259,229,0,0,-36.5694,-424.192,-18.935,3.4648,7200,0,0,8352,0,0,2),
(43771,9261,229,0,0,-112.677,-458.12,-18.9344,4.69159,7200,0,0,6477,2163,0,0),
(44007,9261,229,0,0,-23.0763,-407.473,-18.935,4.70572,7200,0,0,6477,2163,0,0),
(44009,9261,229,0,0,-56.3033,-407.741,-18.9349,5.06701,7200,0,0,6681,2241,0,0),
(44020,9259,229,0,0,-74.91,-405.03,-18.76,5.22,10800,0,0,8097,0,0,0),
(44078,9261,229,0,0,-38.6279,-427.411,-18.935,1.96469,7200,0,0,6477,2163,0,0),
(44149,9262,229,0,0,-42.426,-422.135,-18.935,5.43458,7200,0,0,6477,3244,0,0),
(44150,9262,229,0,0,-52.1838,-411.215,-18.935,3.17656,7200,0,0,6681,3361,0,0),
(44151,9262,229,0,0,-26.8415,-412.158,-18.9344,0.788159,7200,0,0,6681,3361,0,0),
(44152,9262,229,0,0,30.1009,-474.712,-18.6041,3.16793,7200,0,0,6477,3244,0,0),
(44153,9261,229,0,0,25.39,-477.23,-18.32,1.32,10800,0,0,6477,2163,0,0),
(44154,9261,229,0,0,34.0536,-491.542,-18.9058,4.95864,7200,0,0,6477,2163,0,0),
(44269,9262,229,0,0,28.345,-494.843,-18.7528,1.02144,7200,0,0,6477,3244,0,0),
(44270,9259,229,0,0,28.5412,-491.049,-18.7405,5.15027,7200,0,0,8352,0,0,0),
(44271,9259,229,0,0,-115.351,-425.966,-18.9349,4.79055,7200,0,0,8352,0,0,0),
(44304,9259,229,0,0,-80.9574,-451.587,-18.935,4.81018,7200,0,0,8097,0,0,2),
(44305,9262,229,0,0,-77.619,-452.602,-18.935,3.55826,7200,0,0,6477,3244,0,0),
(44306,9259,229,0,0,-84.647,-452.275,-18.9348,0.0388896,7200,0,0,8352,0,0,0),
(44307,9261,229,0,0,-82.5495,-454.355,-18.9348,1.00729,7200,0,0,6681,2241,0,0),
(44308,9259,229,0,0,-94.53,-436.52,-18.76,3.39,10800,0,0,8097,0,0,0),
(44309,9262,229,0,0,-96.723,-440.326,-18.935,1.56413,7200,0,0,6477,3244,0,0),
(44310,9261,229,0,0,-96.6062,-434.567,-18.935,4.5243,7200,0,0,6681,2241,0,0),
(44311,9262,229,0,0,-94.2403,-421.059,-18.935,6.19406,7200,0,0,6477,3244,0,0),
(44312,9259,229,0,0,-94.9831,-424.653,-18.935,5.92388,7200,0,0,8097,0,0,0),
(44313,9262,229,0,0,-109.82,-434.25,-18.76,3.18598,10800,0,0,6477,3244,0,0),
(44314,9261,229,0,0,-114.098,-434.593,-18.9349,0.0773761,7200,0,0,6477,2163,0,0),
(44316,9259,229,0,0,-119.271,-427.243,-18.9349,0.8345,7200,0,0,8097,0,0,0),
(44317,9261,229,0,0,-119.079,-421.583,-18.9349,6.17756,7200,0,0,6477,2163,0,0),
(44318,9260,229,0,0,-88.41,-463.18,-18.76,2.93,10800,0,0,8352,0,0,0),
(44319,9264,229,0,0,-156.567,-495.882,-18.4564,2.97942,7200,0,0,6681,2241,0,0),
(44320,9263,229,0,0,-158.99,-499.009,-18.4564,2.61185,7200,0,0,6681,2241,0,0),
(44321,9260,229,0,0,-142.639,-495.548,-18.4564,4.72143,7200,0,0,8613,0,0,2),
(44322,9260,229,0,0,-143.435,-512.94,-18.4564,0.774024,7200,0,0,8613,0,0,2),
(44323,9263,229,0,0,-143.495,-510.424,-18.4564,5.57438,7200,0,0,6681,2241,0,0),
(44324,9263,229,0,0,-146.468,-497.174,-18.4564,6.17913,7200,0,0,6681,2241,0,0),
(44325,9264,229,0,0,-141.446,-499.833,-18.4564,2.61656,7200,0,0,6681,2241,0,0),
(44326,9264,229,0,0,-140.14,-512.166,-18.456,2.83726,7200,0,0,6681,2241,0,0),
(44334,9262,229,0,0,-117.666,-479.186,-18.4573,5.29713,7200,0,0,6477,3244,0,0),
(44333,9261,229,0,0,-115.015,-483.19,-18.4573,2.22151,7200,0,0,6477,2163,0,0),
(44329,9259,229,0,0,-111.718,-484.087,-18.4573,5.88854,7200,0,0,8352,0,0,0),
(44330,9261,229,0,0,-106.142,-483.786,-18.4573,3.15535,7200,0,0,6477,2163,0,2),
(44327,9259,229,0,0,-100.732,-491.571,-18.4573,1.68901,7200,0,0,8097,0,0,0),
(43766,9259,229,0,0,33.681,-473.821,-18.6236,1.49503,7200,0,0,8097,0,0,0),
(3526,10374,229,0,0,-127.297,-520.325,11.7612,1.58678,7200,0,0,8352,0,0,2),
(3527,10376,229,0,0,-138.318,-468.999,13.8768,0.20657,7200,2,0,9156,0,0,1),
(3538,10375,229,0,0,-104.987,-548.24,2.40518,4.1877,7200,3,0,2614,0,0,1),
(3537,10375,229,0,0,-144.252,-486.798,12.2607,3.24965,7200,3,0,2614,0,0,1),
(3536,10375,229,0,0,-138.021,-483.627,11.5026,4.64374,7200,3,0,2614,0,0,1),
(3535,10375,229,0,0,-142.43,-473.287,14.7701,0.926899,7200,3,0,2614,0,0,1),
(3534,10375,229,0,0,-136.728,-474.423,12.8312,2.08202,7200,3,0,2614,0,0,1),
(3533,10374,229,0,0,-146.663,-538.03,7.5195,2.93344,7200,2,0,8352,0,0,1),
(3532,10374,229,0,0,-139.079,-543.96,7.28465,1.5445,7200,2,0,8352,0,0,1),
(3531,10374,229,0,0,-109.584,-558.254,5.97215,5.01608,7200,2,0,8352,0,0,1),
(3530,10374,229,0,0,-115.997,-546.753,2.13922,5.82792,7200,2,0,8352,0,0,1),
(3529,10374,229,0,0,-143.059,-478.358,12.8284,0.798163,7200,2,0,8352,0,0,1),
(3528,10374,229,0,0,-138.318,-468.999,13.8768,0.20657,7200,2,0,8352,0,0,1),
(44456,9216,229,0,0,-19.7833,-365.125,50.1377,5.49779,7200,0,0,13920,0,0,2),
(45490,9692,229,0,0,-166.923,-331.402,64.401,1.55629,7200,0,0,8352,0,0,2),
(45786,9693,229,0,0,-163.763,-324.845,64.4017,3.04383,7200,0,0,6891,2289,0,0),
(45734,9717,229,0,0,-164.702,-414.037,76.1473,3.1687,7200,2,0,6681,2241,0,1),
(45741,9716,229,0,0,-168.363,-416.843,76.1473,1.57277,7200,2,0,8613,0,0,1),
(45742,9716,229,0,0,-168.491,-410.858,76.1473,4.65782,7200,2,0,8352,0,0,1),
(45743,9717,229,0,0,-175.122,-454.259,87.3903,5.69062,7200,0,0,6681,2241,0,0),
(45744,9716,229,0,0,-171.586,-460.339,87.3903,1.59791,7200,0,0,8613,0,0,0),
(45745,9692,229,0,0,-165.81,-459.49,87.57,2.31,10800,0,0,8352,0,0,0),
(45746,9696,229,0,0,-166.59,-462.11,87.57,2.31,10800,0,0,2699,0,0,0),
(45747,9696,229,0,0,-163.2,-458.92,87.57,2.34,10800,0,0,2699,0,0,0),
(45749,9736,229,0,0,-203.989,-478.353,87.3903,3.84964,28800,0,0,23688,0,0,2),
(45750,9716,229,0,0,-204.508,-463.535,87.3903,2.49248,7200,0,0,8352,0,0,2),
(45751,9716,229,0,0,-206.131,-458.016,87.3903,4.69395,7200,0,0,8352,0,0,0),
(45752,9717,229,0,0,-208.295,-463.045,87.3903,0.938958,7200,0,0,6891,2289,0,0),
(45753,9717,229,0,0,-207.791,-477.928,87.3903,5.14162,7200,0,0,6891,2289,0,0),
(45754,9716,229,0,0,-207.922,-482.942,87.3903,0.937386,7200,0,0,8352,0,0,0),
(45755,9716,229,0,0,-202.722,-481.842,87.3903,3.18127,7200,0,0,8352,0,0,2),
(45756,9716,229,0,0,-175.165,-459.312,87.3903,0.814864,7200,0,0,8352,0,0,2),
(45757,9568,229,0,0,-22.6325,-486.186,90.7531,3.14159,1000000,0,0,33572,0,0,0),
(4813,9216,229,0,0,-49.0348,-427.765,77.8322,1.64061,7200,0,0,13920,0,0,0),
(4805,9216,229,0,0,-79.4547,-523.615,82.6267,0.80285,7200,0,0,13920,0,0,0),
(4817,9696,229,0,0,-38.1504,-519.232,88.0403,3.36848,7200,0,0,2699,0,0,0),
(4816,9693,229,0,0,-47.775,-520.564,87.5643,1.30227,7200,0,0,6891,2289,0,0),
(45769,9716,229,0,0,-117.003,-347.917,70.9524,3.51742,7200,0,0,8613,0,0,2),
(45776,9583,229,0,0,-144.06,-300.461,70.9524,4.78584,7200,0,0,8883,0,0,0),
(45771,9583,229,0,0,-135.985,-298.889,70.9525,3.46716,7200,0,0,8613,0,0,0),
(45801,9696,229,0,0,-165.692,-329.882,64.4008,4.79843,7200,0,0,2784,0,0,0),
(45787,9692,229,0,0,-88.3541,-338.735,70.9511,1.8791,7200,0,0,8613,0,0,2),
(45792,9696,229,0,0,-89.2504,-339.809,70.9524,2.06288,7200,0,0,2699,0,0,0),
(45491,9696,229,0,0,-86.8814,-338.539,70.9524,2.06288,7200,0,0,2784,0,0,0),
(45803,9693,229,0,0,-119.934,-294.888,70.9524,0.42924,7200,0,0,6891,2289,0,0),
(45789,9583,229,0,0,-114.808,-295.624,70.9524,2.52233,7200,0,0,8613,0,0,2),
(45774,9717,229,0,0,-87.6315,-341.359,70.9524,6.16241,7200,0,0,6681,2241,0,0),
(45765,9716,229,0,0,-93.9198,-352.221,70.9524,2.32574,7200,0,0,8352,0,0,0),
(45785,9716,229,0,0,-169.543,-324.113,64.4017,6.07546,7200,0,0,8613,0,0,0),
(45492,9716,229,0,0,-166.83,-328.162,64.4017,1.72829,7200,0,0,8352,0,0,2),
(45763,9716,229,0,0,-93.816,-347.709,70.9524,4.12352,7200,0,0,8613,0,0,0),
(45780,9717,229,0,0,-90.6146,-304.129,70.9524,1.9482,7200,8,0,6891,2289,0,1),
(45790,9693,229,0,0,-117.101,-291.242,70.9524,4.42299,7200,0,0,6891,2289,0,0),
(45777,9716,229,0,0,-139.884,-307.624,70.9524,1.46596,7200,0,0,8352,0,0,2),
(45794,9696,229,0,0,-80.3922,-340.294,70.9524,2.22285,7200,0,0,2784,0,0,0),
(45793,9696,229,0,0,-86.1008,-344.653,70.9524,2.22285,7200,0,0,2699,0,0,0),
(45784,9583,229,0,0,-56.4305,-299.876,70.9413,3.96801,7200,0,0,8613,0,0,0),
(45800,9583,229,0,0,-50.3003,-298.146,70.9406,6.24567,7200,0,0,8613,0,0,0),
(45799,9718,229,0,0,-50.3003,-298.146,70.9406,6.24567,28800,0,0,8883,0,0,0),
(45795,9583,229,0,0,-46.2715,-299.369,70.9406,4.84137,7200,0,0,8613,0,0,0),
(45766,9692,229,0,0,-83.1993,-342.576,70.9524,2.65953,7200,0,0,8352,0,0,0),
(45805,9693,229,0,0,-60.9919,-337.156,70.9415,5.29612,7200,0,0,7107,2369,0,0),
(45804,9583,229,0,0,-56.2781,-338.82,70.9415,3.66563,7200,0,0,8613,0,0,0),
(7745,10177,229,0,0,-68.8686,-343.093,55.116,1.81514,7200,2,0,3876,0,0,1),
(4815,9268,229,0,0,-49.6838,-514.303,88.396,5.44524,7200,0,0,8352,0,0,0),
(4814,9583,229,0,0,-43.5588,-515.171,88.5866,3.70166,7200,0,0,8613,0,0,0),
(4812,9583,229,0,0,-56.9907,-427.546,77.8323,1.44862,7200,0,0,8613,0,0,0),
(4811,9268,229,0,0,-63.3201,-485.629,77.9991,0.85521,7200,0,0,8352,0,0,0),
(4810,9583,229,0,0,-58.8099,-481.005,77.9991,4.41568,7200,0,0,8613,0,0,0),
(4809,9693,229,0,0,-57.4802,-487.082,77.9991,3.22886,7200,0,0,6891,2289,0,0),
(4808,9696,229,0,0,-51.8879,-483.818,77.9991,1.88496,7200,0,0,2699,0,0,0),
(4807,9692,229,0,0,-49.4956,-482.156,77.9991,2.37365,7200,0,0,8352,0,0,0),
(4806,9696,229,0,0,-47.1127,-480.153,77.9991,2.82743,7200,0,0,2699,0,0,0),
(4804,9268,229,0,0,-77.5619,-516.932,81.4632,4.5204,7200,0,0,8352,0,0,0),
(4803,9693,229,0,0,-72.4302,-520.961,82.3316,3.40339,7200,0,0,6891,2289,0,0),
(4802,9583,229,0,0,-53.6383,-442.827,78.2854,4.70957,7200,0,0,8613,0,0,2),
(4818,9696,229,0,0,-36.2227,-523.632,87.432,3.56047,7200,0,0,2699,0,0,0),
(4819,9692,229,0,0,-37.5607,-521.641,87.716,3.45575,7200,0,0,8352,0,0,0),
(45835,10221,229,0,0,-193.167,-333.018,64.4237,0.774047,3600,3,0,3082,0,0,1),
(45836,10221,229,0,0,-189.506,-338.428,64.4237,0.781901,3600,3,0,3082,0,0,1),
(45837,10221,229,0,0,-191.318,-327.289,64.4237,0.0946771,3600,3,0,3082,0,0,1),
(45839,10221,229,0,0,-189.877,-314.318,64.4244,5.66943,3600,3,0,3082,0,0,1),
(45840,9237,229,0,0,-10.045,-458.635,-18.645,3.23153,1000000,0,0,28710,0,0,0),
(45841,16044,229,0,0,-15.9034,-455.282,-18.6442,3.15971,450,0,0,42,0,0,0),
(45842,16048,229,0,0,44.7101,-536.049,110.936,1.56143,450,0,0,3052,0,0,0),
(45843,9596,229,0,0,-26.6918,-428.557,-18.935,2.25881,3600,0,0,8883,0,0,0),
(78383,15560,229,0,0,31.5467,-401.319,48.6986,1.68414,25,0,0,3857,5751,0,0),
(90975,10814,229,0,0,31.706,-293.848,110.947,3.18881,7200,0,0,23688,0,0,0),
(90976,10814,229,0,0,30.8434,-278.412,110.945,3.18881,7200,0,0,23688,0,0,0),
(139973,10257,229,0,0,-11.2826,-551.121,16.2167,1.24757,10800,0,0,8774,0,0,0),
(160016,2110,229,0,0,57.878,-423.529,44.183,2.71643,120,5,0,1,0,0,1),
(160017,2110,229,0,0,94.9047,-368.988,117.515,0.482208,120,5,0,1,0,0,1),
(160018,2110,229,0,0,149.303,-262.18,110.901,1.94468,120,5,0,1,0,0,1),
(160019,2110,229,0,0,37.0828,-394.079,48.6343,3.63181,120,5,0,1,0,0,1),
(160020,2110,229,0,0,34.075,-374.541,48.6548,0.246422,120,5,0,1,0,0,1),
(160021,2110,229,0,0,-31.4703,-373.27,49.6087,0.318198,120,5,0,1,0,0,1),
(160022,2110,229,0,0,-55.0202,-326.92,70.942,1.63094,120,5,0,1,0,0,1),
(160023,2110,229,0,0,4.95625,-296.38,110.945,5.84245,120,5,0,1,0,0,1),
(160024,2110,229,0,0,-13.4976,-342.71,110.941,2.8313,120,5,0,1,0,0,1),
(160025,4076,229,0,0,139.954,-340.737,110.961,0.868892,120,5,0,8,0,0,1),
(160026,4076,229,0,0,17.7903,-326.493,110.943,3.70002,120,5,0,8,0,0,1),
(160027,4076,229,0,0,168.071,-424.094,110.472,3.03863,120,5,0,8,0,0,1),
(160028,4076,229,0,0,72.3656,-408.384,64.4311,5.58505,120,5,0,8,0,0,1),
(160029,4076,229,0,0,148.746,-321.861,110.94,1.58655,120,5,0,8,0,0,1),
(160030,4076,229,0,0,155.793,-301.34,110.655,0.169371,120,5,0,8,0,0,1),
(160031,4076,229,0,0,81.0487,-363.022,116.842,2.21464,120,5,0,8,0,0,1),
(160032,4076,229,0,0,8.89274,-264.88,110.943,3.5286,120,5,0,8,0,0,1),
(160033,4076,229,0,0,28.6155,-291.079,110.943,2.3785,120,5,0,8,0,0,1),
(160034,4076,229,0,0,-0.153835,-260.828,110.943,3.36014,120,5,0,8,0,0,1),
(160035,4076,229,0,0,135.851,-414.177,110.472,6.22106,120,5,0,8,0,0,1),
(160036,4076,229,0,0,-16.0931,-392.404,48.5157,1.31929,120,5,0,8,0,0,1),
(160041,9045,229,0,0,8.43384,-253.377,65.4404,5.46288,10800,0,0,6078,2041,0,0),
(160042,9045,229,0,0,17.8031,-277.089,65.3758,1.12928,10800,4,0,6078,2041,0,1),
(160043,9045,229,0,0,57.8383,-310.132,54.0015,3.57792,10800,0,0,6078,2041,0,0),
(160044,9045,229,0,0,80.0859,-353.866,60.702,4.12093,10800,0,0,6078,2041,0,0),
(160045,9045,229,0,0,81.9819,-315.561,55.7843,5.85476,10800,4,0,6078,2041,0,1),
(160046,9045,229,0,0,48.0625,-257.407,65.4592,0.418879,10800,0,0,6078,2041,0,0),
(160047,9045,229,0,0,107.633,-311.387,54.0037,2.67035,10800,0,0,6078,2041,0,0),
(160048,9045,229,0,0,29.0992,-396.495,48.8011,4.53786,10800,0,0,6078,2041,0,0),
(160049,9045,229,0,0,107.412,-329.583,54.0033,5.20108,10800,0,0,6078,2041,0,0),
(160050,9097,229,0,0,69.6397,-278.318,60.6777,0.296706,10800,0,0,7599,0,0,0),
(160051,9097,229,0,0,9.05815,-257.731,65.4136,0.698132,10800,0,0,7599,0,0,0),
(160052,9097,229,0,0,90.2249,-280.722,60.6818,4.83456,10800,0,0,7599,0,0,0),
(160053,9097,229,0,0,66.2384,-274.532,60.7346,6.23082,10800,0,0,7599,0,0,0),
(160054,9097,229,0,0,18.861,-285.759,65.3758,5.17706,10800,5,0,7599,0,0,1),
(160055,9097,229,0,0,12.9029,-279,65.3829,5.19926,10800,5,0,7599,0,0,1),
(160056,9097,229,0,0,52.8444,-312.811,54.0037,0.575959,10800,0,0,7599,0,0,2),
(160057,9097,229,0,0,52.1843,-307.34,54.0019,5.25344,10800,0,0,7599,0,0,0),
(160058,9097,229,0,0,46.6778,-270.906,65.3656,3.29382,10800,0,0,7599,0,0,0),
(160059,9097,229,0,0,45.1149,-280.844,65.3549,4.18092,10800,4,0,7599,0,0,1),
(160060,9097,229,0,0,74.9769,-319.471,55.7844,6.20161,10800,4,0,7599,0,0,1),
(160061,9097,229,0,0,51.8909,-287.351,65.4592,3.03687,10800,0,0,7599,0,0,0),
(160062,9097,229,0,0,70.9496,-282.071,60.6077,3.89208,10800,0,0,7599,0,0,2),
(160063,9097,229,0,0,80.2358,-286.308,60.6998,0.152765,10800,0,0,7599,0,0,2),
(160064,9097,229,0,0,83.9848,-287.04,60.6998,3.38829,10800,0,0,7599,0,0,0),
(160065,9097,229,0,0,71.373,-346.424,60.702,6.12824,10800,0,0,7599,0,0,0),
(160066,9097,229,0,0,51.745,-307.42,53.919,5.666,10800,0,0,7599,0,0,0),
(160068,9097,229,0,0,8.8431,-326.523,48.8573,5.11381,10800,0,0,7599,0,0,2),
(160069,9097,229,0,0,81.6109,-325.341,55.8671,1.79769,10800,0,0,7599,0,0,0),
(160070,9097,229,0,0,30.9196,-399.683,48.7868,2.8416,10800,0,0,7599,0,0,2),
(160071,9097,229,0,0,90.1113,-354.348,60.7854,4.4855,10800,0,0,7599,0,0,0),
(160072,9097,229,0,0,91.5369,-361.906,60.7854,2.25148,10800,0,0,7599,0,0,0),
(160073,9097,229,0,0,102.172,-308.932,54.0022,5.91667,10800,0,0,7599,0,0,0),
(160074,9097,229,0,0,107.024,-306.314,54.0037,4.2237,10800,0,0,7599,0,0,0),
(160075,9097,229,0,0,94.6544,-275.047,60.7526,3.14159,10800,0,0,7599,0,0,0),
(160076,9097,229,0,0,107.279,-324.247,54.0037,3.50811,10800,0,0,7599,0,0,0),
(160077,9097,229,0,0,14.2494,-254.14,65.4355,3.68265,10800,0,0,7599,0,0,0),
(160078,9097,229,0,0,6.909,-271.978,65.4107,0.20944,10800,0,0,7599,0,0,0),
(160079,9098,229,0,0,57.5052,-314.922,54.0019,2.26893,10800,0,0,6078,4082,0,0),
(160080,9098,229,0,0,44.0753,-274.978,65.3712,2.98813,10800,4,0,6078,4082,0,1),
(160081,9098,229,0,0,85.1054,-358.043,60.702,3.21588,10800,0,0,6078,4082,0,0),
(160082,9098,229,0,0,52.4136,-255.367,65.4592,3.63029,10800,0,0,6078,4082,0,0),
(160083,9098,229,0,0,12.893,-329.743,48.8472,3.15905,10800,0,0,6078,4082,0,0),
(160084,9098,229,0,0,102.43,-314.698,54.0012,1.06465,10800,0,0,6078,4082,0,0),
(160085,9098,229,0,0,26.0838,-398.582,48.8248,6.07375,10800,0,0,6078,4082,0,0),
(160086,9098,229,0,0,105.506,-332.577,54.0028,6.23082,10800,0,0,6078,4082,0,0),
(160087,9098,229,0,0,14.1216,-259.228,65.4331,2.35619,10800,0,0,6078,4082,0,0),
(160088,9197,229,0,0,-22.3431,-395.947,48.6226,2.7924,7200,1,0,11135,11205,0,1),
(160089,9197,229,0,0,-16.8941,-385.101,48.9515,0.593412,7200,1,0,11135,11205,0,1),
(160090,9197,229,0,0,-40.6361,-372.216,50.5612,0.855211,7200,1,0,11135,11205,0,1),
(160091,9216,229,0,0,-29.912,-388.997,48.7112,1.81514,7200,1,0,13920,0,0,1),
(160092,9216,229,0,0,-44.3139,-364.787,52.0571,1.8326,7200,1,0,13920,0,0,1),
(160093,9216,229,0,0,-22.8555,-377.87,49.0487,6.16101,7200,1,0,13920,0,0,1),
(160094,9257,229,0,0,9.25125,-332.557,48.7951,1.23918,10800,0,0,6078,2041,0,0),
(160095,9258,229,0,0,42.2404,-400.9,48.789,1.39626,10800,0,0,7599,0,0,0),
(160096,9258,229,0,0,18.6335,-319.564,48.9254,4.69494,10800,0,0,7599,0,0,0),
(160097,9416,229,0,0,44.2465,-401.75,48.8482,1.41372,10800,0,0,3189,0,0,0),
(160098,9416,229,0,0,39.9758,-401.308,48.734,1.37881,10800,0,0,3189,0,0,0),
(160099,9416,229,0,0,15.7057,-319.695,48.9296,4.81711,10800,0,0,3189,0,0,0),
(160100,9416,229,0,0,21.6264,-319.307,48.9218,4.59022,10800,0,0,3189,0,0,0),
(45783,9717,229,0,0,-51.6103,-304.008,70.9413,1.59768,7200,0,0,6891,2289,0,0),
(160103,9692,229,0,0,-48.3513,-331.665,71.0322,2.98451,10800,0,0,8352,0,0,0),
(160104,9583,229,0,0,-59.6305,-342.961,70.9415,1.32436,7200,0,0,8883,0,0,2),
(160105,9696,229,0,0,-48.098,-329.209,71.0323,3.07178,10800,0,0,2699,0,0,0),
(160106,9696,229,0,0,-48.495,-335.444,71.0313,2.23402,10800,0,0,2699,0,0,0),
(160107,10799,229,0,0,44.4994,-372.649,48.7903,4.89366,7200,0,0,3857,0,0,2),
(160108,9096,229,0,0,102.164,-253.798,106.517,4.7232,10800,0,0,14355,0,0,2),
(160109,9096,229,0,0,100.743,-246.005,106.519,2.6529,10800,0,0,14355,0,0,0),
(160110,9096,229,0,0,94.5186,-256.703,91.5369,6.26573,10800,0,0,14355,0,0,0),
(160111,9096,229,0,0,101.678,-237.667,106.519,3.54302,10800,0,0,14355,0,0,0),
(160112,9096,229,0,0,96.1789,-268.54,91.5311,1.37881,10800,0,0,14355,0,0,0),
(160113,9096,229,0,0,137.036,-318.309,70.9563,5.08041,10800,0,0,14355,0,0,2),
(160114,9096,229,0,0,150.644,-315.391,70.9563,5.66602,10800,5,0,14355,0,0,1),
(160115,9096,229,0,0,195.742,-314.75,76.8874,3.92974,10800,5,0,14355,0,0,1),
(160116,9096,229,0,0,197.965,-292.812,76.9322,0.638528,10800,5,0,14355,0,0,1),
(160117,9096,229,0,0,136.282,-308.682,111.073,0.279253,10800,0,0,14355,0,0,0),
(160118,9096,229,0,0,165.521,-394.921,122.059,4.67748,10800,0,0,14355,0,0,0),
(160119,9096,229,0,0,167.357,-340.571,111.034,2.79253,10800,0,0,14355,0,0,0),
(160120,9096,229,0,0,157.819,-330.472,70.9563,3.1255,10800,5,0,14355,0,0,1),
(160121,9096,229,0,0,138.316,-395.086,122.059,4.76475,10800,0,0,14355,0,0,0),
(160122,9096,229,0,0,128.02,-315.29,111.029,2.98451,10800,0,0,14355,0,0,0),
(160123,9096,229,0,0,137.12,-338.784,111.045,0.645772,10800,0,0,14355,0,0,0),
(160124,9096,229,0,0,151.826,-337.478,110.951,1.61005,10800,0,0,14355,0,0,2),
(160125,9096,229,0,0,92.245,-427.635,111.006,3.15905,10800,0,0,14355,0,0,0),
(160126,9096,229,0,0,97.9175,-333.681,106.519,1.93731,10800,0,0,14355,0,0,0),
(160128,9096,229,0,0,103.098,-364.339,116.926,5.86431,10800,0,0,14355,0,0,0),
(160129,9817,229,0,0,144.583,-257.865,110.915,4.26042,10800,0,0,7107,2369,0,2),
(160130,9817,229,0,0,163.503,-247.514,111.026,2.09439,120,0,0,7107,2369,0,0),
(160131,9817,229,0,0,234.324,-306.764,77.0605,2.44346,10800,0,0,7107,2369,0,0),
(160132,9817,229,0,0,232.84,-297.491,77.0546,4.08407,10800,0,0,7107,2369,0,0),
(160133,9817,229,0,0,154.429,-289.456,71.0298,6.17846,10800,0,0,7107,2369,0,0),
(160134,9817,229,0,0,159.043,-288.596,71.0319,3.64774,10800,0,0,7107,2369,0,0),
(160135,9817,229,0,0,125.033,-346.358,71.0462,1.6057,10800,0,0,7107,2369,0,0),
(160136,9817,229,0,0,124.872,-334.523,71.0431,4.69494,10800,0,0,7107,2369,0,0),
(160137,9817,229,0,0,159.006,-347.022,71.0129,0.802851,10800,0,0,7107,2369,0,0),
(160138,9817,229,0,0,190.633,-263.959,77.0332,0.959931,10800,0,0,7107,2369,0,0),
(160139,9817,229,0,0,128.322,-295.045,71.0612,3.87463,10800,0,0,7107,2369,0,0),
(160140,9817,229,0,0,120.166,-295.049,71.0618,5.49779,10800,0,0,7107,2369,0,0),
(160141,9817,229,0,0,215.52,-337.733,76.9524,3.10669,10800,0,0,7107,2369,0,0),
(160142,9817,229,0,0,223.16,-257.427,82.3018,4.6804,10800,0,0,7107,2369,0,0),
(160143,9817,229,0,0,228.41,-257.581,82.1291,4.68053,10800,0,0,7107,2369,0,0),
(160144,9817,229,0,0,90.0266,-367.406,117.519,2.51327,10800,0,0,7107,2369,0,0),
(160145,9817,229,0,0,172.879,-365.445,116.926,2.84489,10800,0,0,7107,2369,0,0),
(160146,9817,229,0,0,85.7341,-373.624,116.926,0.680678,10800,0,0,7107,2369,0,0),
(160147,9817,229,0,0,92.4034,-419.884,110.923,2.60951,10800,0,0,7107,2369,0,0),
(160148,9817,229,0,0,178.113,-364.09,116.926,4.95674,10800,0,0,7107,2369,0,0),
(160149,9818,229,0,0,159.269,-245.613,111.026,6.23082,10800,0,0,7107,2369,0,0),
(160150,9818,229,0,0,223.704,-297.484,77.0515,5.46288,10800,0,0,7107,2369,0,0),
(160151,9818,229,0,0,224.405,-307.493,77.0506,0.785398,10800,0,0,7107,2369,0,0),
(160152,9818,229,0,0,156.815,-283.34,71.0354,1.98968,10800,0,0,7107,2369,0,0),
(160153,9818,229,0,0,119.028,-340.441,71.046,0.0349066,10800,0,0,7107,2369,0,0),
(160154,9818,229,0,0,130.432,-340.068,71.0431,3.1765,10800,0,0,7107,2369,0,0),
(160155,9818,229,0,0,188.856,-258.877,77.0358,6.07375,10800,0,0,7107,2369,0,0),
(160156,9818,229,0,0,121.719,-301.577,71.056,0.750492,10800,0,0,7107,2369,0,0),
(160157,9818,229,0,0,151.103,-358.37,71.0217,1.20428,10800,0,0,7107,2369,0,0),
(160158,9818,229,0,0,212.137,-339.792,76.9863,1.15192,10800,0,0,7107,2369,0,0),
(160159,9818,229,0,0,225.988,-257.48,82.1147,4.67958,10800,0,0,7107,2369,0,0),
(160160,9818,229,0,0,85.6391,-366.95,116.926,0.802851,10800,0,0,7107,2369,0,0),
(160161,9818,229,0,0,169.916,-367.142,116.926,1.13446,10800,0,0,7107,2369,0,0),
(160162,9818,229,0,0,89.0475,-420.604,110.922,0.948393,10800,0,0,7107,2369,0,0),
(160163,9818,229,0,0,179.995,-365.894,116.926,3.19395,10800,0,0,7107,2369,0,0),
(160164,9819,229,0,0,168.431,-288.574,111.025,2.9147,10800,0,0,8883,0,0,0),
(160165,9819,229,0,0,168.53,-282.207,111.025,3.38594,10800,0,0,8883,0,0,0),
(160166,9819,229,0,0,168.467,-285.358,111.025,3.15905,10800,0,0,8883,0,0,0),
(160167,9819,229,0,0,162.63,-243.074,111.034,4.32842,10800,0,0,8883,0,0,0),
(160168,9819,229,0,0,142.862,-272.084,111.027,6.21337,10800,0,0,8883,0,0,0),
(160169,9819,229,0,0,142.973,-277.891,111.027,0.139626,10800,0,0,8883,0,0,0),
(160170,9819,229,0,0,142.902,-275.03,111.027,0.0349066,10800,0,0,8883,0,0,0),
(160171,9818,229,0,0,87.1749,-363.085,117.796,4.72984,10800,0,0,8883,0,0,0),
(160173,9819,229,0,0,157.249,-291.752,71.0334,1.69297,10800,0,0,8883,0,0,0),
(160175,9819,229,0,0,157.88,-359.291,71.0256,1.53589,10800,0,0,8883,0,0,0),
(160176,9819,229,0,0,194.615,-255.949,77.0194,4.31096,10800,0,0,8883,0,0,0),
(160177,9819,229,0,0,195.222,-271.913,77.0306,3.78736,10800,0,0,8883,0,0,0),
(160178,9819,229,0,0,191.329,-272.01,77.0306,5.61996,10800,0,0,8883,0,0,0),
(160179,9819,229,0,0,122.052,-293.157,71.0618,5.49779,10800,0,0,8883,0,0,0),
(160180,9819,229,0,0,150.514,-354.058,71.0197,5.21853,10800,0,0,8883,0,0,0),
(160182,9819,229,0,0,141.71,-299.483,111.032,0.0349066,10800,0,0,8883,0,0,0),
(160183,9819,229,0,0,141.763,-302.243,111.032,0.122173,10800,0,0,8883,0,0,0),
(160185,9819,229,0,0,170.606,-362.353,116.924,4.86947,10800,0,0,8883,0,0,0),
(160186,9819,229,0,0,177.831,-367.561,116.926,1.15192,10800,0,0,8883,0,0,0),
(160187,9819,229,0,0,141.792,-296.81,111.031,6.23082,10800,0,0,8883,0,0,0),
(160188,9819,229,0,0,161.538,-320.877,111.025,3.12414,10800,0,0,8883,0,0,0),
(160189,9819,229,0,0,161.471,-314.998,111.022,3.19395,10800,0,0,8883,0,0,0),
(160190,9819,229,0,0,161.449,-317.886,111.023,3.1765,10800,0,0,8883,0,0,0),
(160191,9819,229,0,0,149.201,-252.045,110.908,1.20428,10800,0,0,8883,0,0,0),
(160192,9819,229,0,0,91.7421,-416.045,110.923,4.09627,10800,0,0,8883,0,0,0),
(160193,9819,229,0,0,149.249,-249.037,110.908,4.86947,10800,0,0,8883,0,0,0),
(160194,10083,229,0,0,161.314,-393.649,122.059,4.86947,10800,0,0,6891,2289,0,0),
(160195,10083,229,0,0,163.388,-345.262,111.035,1.85005,10800,0,0,6891,2289,0,0),
(160196,10083,229,0,0,140.759,-342.796,111.05,1.39626,10800,0,0,6891,2289,0,0),
(160197,10083,229,0,0,141.698,-394.829,122.059,4.86947,10800,0,0,6891,2289,0,0),
(160198,10083,229,0,0,136.424,-316.189,111.064,0.0174533,10800,0,0,6891,2289,0,0),
(160199,10083,229,0,0,128.294,-309.379,111.032,3.35103,10800,0,0,6891,2289,0,0),
(160200,10083,229,0,0,81.0064,-284.353,91.5332,5.95157,10800,1,0,6891,2289,0,1),
(160201,10083,229,0,0,74.9968,-316.266,91.5203,1.44344,10800,1,0,6891,2289,0,1),
(160202,10083,229,0,0,102.802,-332.121,106.519,2.21657,10800,0,0,6891,2289,0,0),
(160203,10317,229,0,0,164.434,-285.266,111.026,0,10800,0,0,15260,0,0,0),
(160204,10317,229,0,0,-9.2655,-265.803,111.027,5.67232,10800,0,0,15260,0,0,0),
(160205,10317,229,0,0,30.4171,-332.907,111.027,4.76475,10800,0,0,15260,0,0,0),
(160206,10317,229,0,0,37.3332,-333.779,111.027,4.66003,10800,0,0,15260,0,0,0),
(160207,10317,229,0,0,24.4352,-268.222,111.027,2.83062,10800,0,0,15260,0,0,0),
(160208,10317,229,0,0,16.4384,-269.506,111.027,0.921553,10800,0,0,15260,0,0,0),
(160209,10317,229,0,0,-13.7762,-274.926,111.027,5.89921,10800,0,0,15260,0,0,0),
(160210,10317,229,0,0,146.275,-275.064,111.027,3.10669,10800,0,0,15260,0,0,0),
(160211,10317,229,0,0,158.335,-317.906,110.735,0.0349066,10800,0,0,15260,0,0,0),
(160212,10317,229,0,0,144.601,-299.439,110.735,3.08923,10800,0,0,15260,0,0,0),
(160213,10317,229,0,0,97.52,-480.134,116.842,5.56261,10800,0,0,15260,0,0,0),
(160214,10317,229,0,0,38.3995,-449.673,110.948,0.364839,10800,0,0,15260,0,0,0),
(160215,10317,229,0,0,34.606,-492.847,110.952,4.41198,10800,0,0,15260,0,0,0),
(160216,10317,229,0,0,29.507,-385.555,110.748,5.42797,10800,0,0,15260,0,0,0),
(160217,10318,229,0,0,38.164,-385.48,110.798,4.18879,10800,0,0,15260,0,0,0),
(160218,10318,229,0,0,-8.14168,-341.893,111.027,0.767945,10800,0,0,15260,0,0,0),
(160219,10318,229,0,0,40.8485,-453.153,110.941,0.95231,10800,0,0,15260,0,0,0),
(160220,10318,229,0,0,29.7336,-492.837,110.952,5.05601,10800,0,0,15260,0,0,0),
(160221,10318,229,0,0,26.2074,-471.869,110.956,3.10178,10800,0,0,15260,0,0,0),
(160222,10318,229,0,0,21.385,-471.687,110.956,0.001029,10800,0,0,15260,0,0,0),
(160223,10318,229,0,0,41.0048,-479.188,110.932,5.05601,10800,0,0,15260,0,0,2),
(160224,10318,229,0,0,-5.02656,-352.543,111.027,0.959931,10800,0,0,15260,0,0,0),
(160225,10319,229,0,0,40.012,-434.539,110.959,1.52763,10800,0,0,12208,0,0,0),
(160226,10319,229,0,0,27.9355,-434.259,110.958,1.55318,10800,0,0,12208,0,0,0),
(160227,10319,229,0,0,-3.29208,-259.911,111.027,5.48033,10800,0,0,12208,0,0,0),
(160228,10319,229,0,0,40.669,-330.527,111.027,4.62512,10800,0,0,12208,0,0,0),
(160230,10319,229,0,0,16.7259,-259.339,111.027,5.44596,10800,0,0,12208,0,0,0),
(160231,10319,229,0,0,-18.4047,-338.186,111.027,0.593412,10800,0,0,12208,0,0,0),
(160232,10319,229,0,0,30.4783,-381.184,110.766,4.97419,10800,0,0,12208,0,0,0),
(160233,10319,229,0,0,122.05,-471.58,117.02,4.68,10800,0,0,12208,0,0,0),
(160234,10319,229,0,0,112.37,-478.28,117.02,1.64,10800,0,0,12208,0,0,0),
(160235,10319,229,0,0,11.5631,-465.026,110.939,2.76657,10800,0,0,12208,0,0,0),
(160236,10319,229,0,0,11.787,-459.402,110.939,3.40745,10800,0,0,12208,0,0,0),
(160237,10319,229,0,0,23.2415,-470.123,110.956,4.59183,10800,0,0,12208,0,0,0),
(160238,10319,229,0,0,83.5422,-474.662,116.842,4.68,10800,0,0,12208,0,0,2),
(160239,10319,229,0,0,33.2388,-451.331,110.947,1.64,10800,0,0,12208,0,0,2),
(160240,10319,229,0,0,37.0285,-381.152,110.768,4.29351,10800,0,0,12208,0,0,0),
(160241,10366,229,0,0,30.7608,-498.281,110.951,1.6034,10800,0,0,18312,0,0,0),
(160242,10366,229,0,0,44.8667,-448.338,110.937,3.66744,10800,0,0,18312,0,0,0),
(160243,10371,229,0,0,33.9682,-327.537,111.027,4.72984,10800,0,0,19422,0,0,0),
(160244,10371,229,0,0,20.2498,-263.245,111.027,3.65105,10800,0,6,19422,0,0,2),
(160245,10371,229,0,0,-16.0222,-263.335,111.027,5.70723,10800,0,0,19422,0,0,0),
(160246,10371,229,0,0,8.65487,-449.891,110.937,5.46285,10800,0,0,19422,0,0,0),
(160247,10371,229,0,0,-10.6943,-350.008,111.027,0.855211,10800,0,0,19422,0,0,0),
(160248,10372,229,0,0,-6.88011,-252.37,111.027,5.42797,10800,0,0,18312,0,0,0),
(160249,10372,229,0,0,26.4126,-327.414,111.027,4.79965,10800,0,0,18312,0,0,0),
(160250,10372,229,0,0,-15.5815,-344.315,111.027,0.715585,10800,0,0,18312,0,0,0),
(160251,10372,229,0,0,16.2824,-449.795,110.948,4.05856,10800,0,0,18312,0,0,0),
(160252,10372,229,0,0,6.22494,-461.476,110.932,0.00589,10800,0,0,18312,0,0,0),
(160253,10372,229,0,0,23.0049,-476.629,110.956,1.52171,10800,0,0,18312,0,0,0),
(160254,10372,229,0,0,23.718,-258.244,111.031,3.46037,10800,0,0,18312,0,0,0),
(160255,10319,229,0,0,137.876,-449.432,121.975,1.64,10800,0,0,12208,0,0,2),
(160256,10318,229,0,0,100.648,-480.02,116.843,3.13337,10800,0,0,15260,0,0,0),
(160257,10509,229,0,0,144.583,-257.865,110.915,4.26042,1000000,0,0,8883,0,0,2),
(160364,9718,229,0,0,-94.917,-339.754,70.9524,1.55013,7200,5,0,8883,0,0,1),
(3539,10375,229,0,0,-103.748,-553.987,4.86079,4.82585,7200,3,0,2614,0,0,1),
(3540,10375,229,0,0,-110.213,-551.456,3.32568,4.70706,7200,3,0,2614,0,0,1),
(3541,10375,229,0,0,-116.352,-553.506,4.88814,5.40101,7200,3,0,2614,0,0,1),
(3542,10375,229,0,0,-135.254,-538.651,7.12265,7.14486,7200,3,0,2614,0,0,1),
(3543,10375,229,0,0,-141.288,-537.482,6.93766,5.60251,7200,3,0,2614,0,0,1),
(3544,10375,229,0,0,-147.48,-544.562,7.88285,1.10246,7200,3,0,2614,0,0,1),
(3545,10375,229,0,0,-139.028,-532.19,6.68119,2.22122,7200,3,0,2614,0,0,1),
(3546,10596,229,0,0,-135.51,-565.85,10.17,0.67,1000000,2,0,23688,0,0,1),
(7746,10177,229,0,0,-73.5343,-331.947,56.8824,3.94444,7200,2,0,3876,0,0,1),
(7744,10177,229,0,0,-66.8659,-352.762,54.4785,1.0821,7200,2,0,3876,0,0,1),
(7747,10177,229,0,0,-72.0317,-347.075,54.8219,1.36136,7200,2,0,3876,0,0,1),
(7748,10177,229,0,0,-71.569,-358.213,54.5978,2.3911,7200,2,0,3876,0,0,1),
(7749,10177,229,0,0,-75.4103,-341.562,55.3937,4.90438,7200,2,0,3876,0,0,1),
(7750,10177,229,0,0,-79.7917,-328.192,58.547,5.95157,7200,2,0,3876,0,0,1),
(7751,10177,229,0,0,-102.763,-349.062,60.7782,1.51844,7200,2,0,3876,0,0,1),
(7752,10177,229,0,0,-108.382,-341.04,61.1785,1.64061,7200,2,0,3876,0,0,1),
(7753,10177,229,0,0,-107.424,-351.94,59.7058,4.4855,7200,2,0,3876,0,0,1),
(7754,10177,229,0,0,-112.261,-336.356,62.3371,4.92183,7200,2,0,3876,0,0,1),
(7755,10177,229,0,0,-110.012,-356.647,58.5433,4.36332,7200,2,0,3876,0,0,1),
(7756,10177,229,0,0,-111.704,-348.742,60.0788,0.82031,7200,2,0,3876,0,0,1),
(7757,10177,229,0,0,-108.927,-364.601,56.6248,1.0472,7200,2,0,3876,0,0,1),
(7758,9701,229,0,0,-77.2828,-324.738,59.1126,4.99164,7200,2,0,3876,0,0,1),
(7759,9701,229,0,0,-80.2467,-313.909,59.7635,0.45379,7200,2,0,3876,0,0,1),
(7760,9701,229,0,0,-80.8737,-298.923,61.8178,5.18363,7200,2,0,3876,0,0,1),
(7761,9701,229,0,0,-109.429,-324.918,64.3253,0.03491,7200,2,0,3876,0,0,1),
(7762,9701,229,0,0,-112.332,-331.009,63.2146,3.07178,7200,2,0,3876,0,0,1),
(7763,9701,229,0,0,-112.9,-323.074,64.3181,5.41052,7200,2,0,3876,0,0,1),
(160172,9819,229,0,0,212.101,-336.132,76.9559,5.09636,10800,0,0,8883,0,0,0),
(41877,10366,229,0,0,165.226,-475.206,116.841,3.14108,10800,0,0,18312,0,0,2),
(660086,9241,229,0,0,-1.07454,-517.358,-7.14288,4.66332,7200,0,0,8097,0,0,2),
(660088,9265,229,0,0,-76.7771,-517.279,-7.14286,4.7285,7200,0,0,6477,2163,0,0),
(660087,9265,229,0,0,-4.98251,-517.704,-7.14246,4.70072,7200,0,0,6477,2163,0,0),
(42878,9257,229,0,0,65.1742,-437.335,41.803,4.35387,7200,0,0,6273,2117,0,0),
(43474,9097,229,0,0,-2.27374,-587.212,29.1909,2.32046,7200,0,0,7599,0,0,0),
(43482,9258,229,0,0,-60.5682,-548.082,29.1909,0.690753,7200,0,0,7599,0,0,0),
(660075,9200,229,0,0,-38.0091,-405.164,31.5373,1.24134,7200,0,0,12665,0,0,0),
(660079,9200,229,0,0,-30.519,-364.791,31.6182,1.34537,7200,2,0,12665,0,0,1),
(660081,9266,229,0,0,-41.2865,-457.887,-18.6442,0.00433396,7200,0,0,6681,2241,0,0),
(660082,9241,229,0,0,-37.2773,-461.396,-18.6442,2.44535,7200,0,0,8352,0,0,0),
(43563,9269,229,0,0,-16.367,-557.751,-18.775,3.05325,7200,0,0,6477,2163,0,0),
(660089,9262,229,0,0,21.0812,-577.884,-18.6008,4.93743,7200,0,0,6681,3361,0,0),
(660090,9261,229,0,0,19.9416,-583.695,-18.6008,1.26648,7200,0,0,6681,2241,0,0),
(660091,9259,229,0,0,24.2473,-581.663,-18.6008,2.75245,7200,0,0,8352,0,0,2),
(660092,9259,229,0,0,22.9569,-567.826,-18.6008,2.71711,7200,0,0,8352,0,0,0),
(44008,9262,229,0,0,-61.0062,-412.273,-18.9348,1.29317,7200,0,0,6477,3244,0,0),
(44019,9261,229,0,0,-61.5615,-407.644,-18.9348,5.31284,7200,0,0,6477,2163,0,0),
(44337,9596,229,0,0,-74.7427,-405.157,-18.9348,5.15026,28800,0,0,8883,0,0,0),
(45762,9717,229,0,0,-122.095,-347.072,70.9524,5.27986,7200,0,0,6681,2241,0,0),
(45768,9716,229,0,0,-124,-351.438,70.9524,0.361695,7200,0,0,8613,0,0,0),
(45775,9583,229,0,0,-137.597,-302.617,70.9524,2.91659,7200,0,0,8883,0,0,0),
(45773,9696,229,0,0,-168.377,-330.114,64.4008,4.79843,7200,0,0,2784,0,0,0),
(45748,9716,229,0,0,-188.459,-477.045,87.3903,5.61679,7200,0,0,8352,0,0,0);

DELETE FROM `gameobject` WHERE `guid` IN (15235, 15236, 15237, 15238, 15239, 15240, 15242, 15243, 15244, 15245, 15246, 15247, 15565, 15566, 15567, 15568, 15569, 15570, 30277, 30278, 35790, 35792, 267, 35868, 35869, 35870, 35871, 35872, 35873, 55274, 55007, 55006, 81163, 81187, 82353, 82354, 82355, 82356, 82357, 82358, 82359, 82360, 82361, 82362, 82363, 82364, 82365, 82366, 82367, 82368, 82369, 82370, 82371, 82372, 82373, 82374, 82375, 82376, 82377, 82378, 82379, 82380, 82381, 82382, 82383, 82384, 82385, 82386, 82387, 82388, 82389, 82390, 82391, 82392, 82393, 82394, 82395, 82396, 82397, 82398, 82399, 82400, 82401, 82402, 82403, 82404, 82405, 82406, 82407, 82408, 82409, 82410, 82411, 82412, 82413, 82414, 82415, 82416, 82417, 82418, 82419, 82420, 82421, 82422, 82423, 82424, 82425, 82426, 82427, 82428, 82429, 82430, 82431, 82432, 82433, 82434, 82435, 82436, 82437, 82438, 82439, 82440, 82441, 82442, 82443, 82444, 82445, 82446, 82447, 82448, 82449, 82450, 82451, 82452, 82453, 82454, 82455, 82456, 82457, 82458, 82459, 82460, 82461, 82462, 82463, 82464, 82465, 82466, 82467, 82468, 82469, 82470, 82471, 82472, 82473, 82474, 82475, 82476, 82477, 82478, 82479, 82480, 82481, 82482, 82483, 82484, 82485, 82486, 82487, 82488, 82489, 82490, 82491, 82492, 82493, 82494, 82495, 82496, 82497, 82498, 82499, 82500, 82501, 82502, 82503, 82504, 82505, 82506, 82507, 82508, 82509, 82510, 82511, 82512, 82513, 82514, 82515, 82516, 82517, 82518, 82519, 82520, 82521, 82522, 82523, 82524, 82525, 82526, 82527, 82528, 82529, 82530, 82531, 82532, 82533, 82534, 82535, 82536, 82537, 82538, 82539, 82540, 82541, 82542, 82543, 82544, 82545, 82546, 82547, 82548, 82549, 82550, 82551, 82552, 82553, 82554, 82555, 82556, 82557, 82558, 82559, 82560, 82561, 82562, 82563, 82564, 82565, 82566, 82567, 82568, 82569, 82570, 82571, 82572, 82574, 82575, 82576, 82577, 82578, 82579, 82580, 82581, 82582, 82583, 82584, 82585, 82586, 82587, 82588, 82589, 82590, 82591, 82592, 82593, 82594, 82595, 82596, 82597, 82598, 82599, 82600, 82601, 82602, 82603, 82604, 82605, 82606, 82607, 82608, 82609, 82610, 82611, 82612, 82613, 82614, 82615, 82616, 82617, 87855, 87857, 87858, 87859, 87860, 87861, 87862, 87863, 87864, 87865, 87867, 87871, 87872, 87873, 87874, 87875, 87876, 87895, 87896, 87897, 87898, 87899, 87900, 87901, 87902, 87903, 87904, 87905, 87906, 87907, 87908, 87909, 87911, 87913, 87914, 87915, 87916, 87917, 87918, 87919, 87920, 87921, 87922, 87923, 87924, 87925, 87926, 87927, 87928, 87929, 87930, 87931, 87932, 87933, 87934, 87935, 87936, 87951, 87952, 87953, 87954, 87955, 87956, 87957, 87958, 87959, 87960, 87961, 87962, 87963, 87964, 87965, 87966, 87967, 87968, 87969, 87970, 87971, 87972, 87976, 87977, 87978, 92224, 92226, 99791, 99901, 99905, 99907, 99911, 268, 269, 270, 87950, 87973, 66197, 66201, 66203, 66204, 66208, 66209, 66210, 66211);
INSERT INTO `gameobject` (`guid`,`id`,`map`,`position_x`,`position_y`,`position_z`,`orientation`,`rotation0`,`rotation1`,`rotation2`,`rotation3`,`spawntimesecs`,`animprogress`,`state`) VALUES 
(15235,136930,229,155.768,-450.239,121.964,1.5708,0,0,0.707107,0.707107,120,0,1),
(15236,136929,229,152.587,-396.408,121.964,4.7124,0,0,-0.707107,0.707107,120,0,1),
(15237,136929,229,150.609,-396.408,121.964,4.7124,0,0,-0.707107,0.707107,120,0,1),
(15238,136929,229,157.753,-450.158,121.964,1.5708,0,0,0.707107,0.707107,120,0,1),
(15239,136930,229,157.778,-389.954,121.964,4.7124,0,0,-0.707107,0.707107,120,0,1),
(15240,136929,229,155.816,-390.035,121.964,4.7124,0,0,-0.707107,0.707107,120,0,1),
(15242,136929,229,145.176,-390.035,121.964,4.7124,0,0,-0.707107,0.707107,120,0,1),
(15243,136929,229,152.32,-444.305,121.964,1.5708,0,0,0.707107,0.707107,120,0,1),
(15244,136929,229,150.342,-444.305,121.964,1.5708,0,0,0.707107,0.707107,120,0,1),
(15245,136929,229,147.113,-450.158,121.964,1.5708,0,0,0.707107,0.707107,120,0,1),
(15246,136930,229,145.151,-450.239,121.964,1.5708,0,0,0.707107,0.707107,120,0,1),
(15247,136930,229,147.161,-389.954,121.964,4.7124,0,0,-0.707107,0.707107,120,0,1),
(15565,136931,229,153.36,-386.169,121.964,4.7124,0,0,-0.707107,0.707107,120,0,1),
(15566,136931,229,149.569,-454.687,121.964,1.5708,0,0,0.707107,0.707107,120,0,1),
(15567,136931,229,153.253,-454.707,121.964,1.5708,0,0,0.707107,0.707107,120,0,1),
(15568,136945,229,-174.134,-342.773,64.3939,3.14159,0,0,1,0,120,0,1),
(15569,136931,229,149.676,-386.148,121.964,4.7124,0,0,-0.707107,0.707107,120,0,1),
(15570,136945,229,-172.352,-462.842,87.3983,4.6775,0,0,-0.71934,0.694658,120,0,1),
(30277,175949,229,-128.234,-482.381,25.7435,6.27245,0,0,0.00536574,-0.999986,43200,100,1),
(30278,175950,229,-11.1345,-465.705,-16.8553,1.5577,0,0,0.69938,0.71475,43200,100,1),
(35790,175194,229,192.74,-258.394,76.8603,0,0,0,0,1,180,255,0),
(35792,175970,229,147.228,-240.436,112.205,4.66492,0,0,0.72369,-0.690125,250,0,1),
(267,175785,229,-10.5242,-391.338,48.8214,0,0,0,-0.874619,0.48481,0,0,1),
(35868,176090,229,-20.8789,-364.483,-31.5237,4.75759,0,0,0.690947,-0.722905,25,0,1),
(35869,179880,229,41.8915,-285.414,110.958,3.04222,0,0,0.998766,0.0496642,25,0,1),
(35870,175606,229,-135.543,-528.703,6.53392,0.660128,0,0,0.324104,0.946022,250,0,1),
(35871,175606,229,-139.313,-527.232,6.43271,0.798332,0,0,0.38865,0.921386,250,0,1),
(35872,175606,229,-152.326,-547.679,8.4167,4.22659,0,0,0.85642,-0.51628,250,0,1),
(35873,175606,229,-103.921,-572.89,9.6253,1.67797,0,0,0.743966,0.668218,250,0,1),
(55274,181288,229,-15.5284,-364.131,49.6099,6.23491,0,0,0,0,180,100,1),
(55007,181376,229,-15.5284,-364.131,49.6099,6.23491,0,0,0,0,180,100,1),
(55006,181347,229,-15.5284,-364.131,49.6099,6.23491,0,0,0,0,180,100,1),
(81163,175245,229,75.9989,-334.744,91.5107,-0.104719,0,0,0,1,180,255,1),
(81187,177606,229,75.9989,-334.744,91.5107,-0.104719,0,0,0,1,180,255,1),
(82353,175124,229,208.798,-433.633,110.888,-2.82743,0,0,0,1,300,255,1),
(82354,175124,229,199.588,-433.807,110.885,1.11701,0,0,0,1,300,255,1),
(82355,175124,229,211.617,-434.677,110.888,-1.55334,0,0,0,1,300,255,1),
(82356,175124,229,213.577,-419.533,110.95,0.628317,0,0,0,1,300,255,1),
(82357,175124,229,212.636,-432.306,110.892,-0.174532,0,0,0,1,300,255,1),
(82358,175124,229,112.297,-390.178,110.863,-0.122173,0,0,0,1,300,255,1),
(82359,175124,229,115.812,-453.057,110.863,-1.98967,0,0,0,1,300,255,1),
(82360,175124,229,220.87,-411.346,110.993,-2.47837,0,0,0,1,300,255,1),
(82361,175124,229,222.093,-432.25,110.901,0,0,0,0,1,300,255,1),
(82362,175124,229,69.6914,-332.161,91.4867,1.13446,0,0,0,1,300,255,1),
(82363,175124,229,72.0531,-325.809,91.4542,1.43117,0,0,0,1,300,255,1),
(82364,175124,229,79.7866,-325.953,91.4456,1.6057,0,0,0,1,300,255,1),
(82365,175124,229,81.9745,-335.984,91.5223,-1.50098,0,0,0,1,300,255,1),
(82366,175124,229,83.9509,-325.865,91.4455,-2.96704,0,0,0,1,300,255,1),
(82367,175124,229,80.9162,-328.544,91.4511,-2.09439,0,0,0,1,300,255,1),
(82368,175124,229,83.0306,-333.103,91.4893,-0.209439,0,0,0,1,300,255,1),
(82369,175124,229,70.5072,-334.149,91.5052,0.610864,0,0,0,1,300,255,1),
(82370,175124,229,72.0026,-328.392,91.461,-1.43117,0,0,0,1,300,255,1),
(82371,175124,229,79.0012,-331.653,91.471,-2.33874,0,0,0,1,300,255,1),
(82372,175124,229,107.189,-287.66,91.5163,0.750491,0,0,0,1,300,255,1),
(82373,175124,229,58.8178,-334.107,91.5048,0.977383,0,0,0,1,300,255,1),
(82374,175124,229,94.9171,-288.644,91.4455,2.96704,0,0,0,1,300,255,1),
(82375,175124,229,75.1779,-292.906,91.4446,1.98967,0,0,0,1,300,255,1),
(82376,175124,229,64.204,-268.474,93.2454,-1.5708,0,0,0,1,300,255,1),
(82377,175124,229,53.2813,-334.795,91.4969,2.75761,0,0,0,1,300,255,1),
(82378,175124,229,72.069,-276.632,92.2983,2.61799,0,0,0,1,300,255,1),
(82379,175124,229,53.6084,-256.727,96.1586,-1.72787,0,0,0,1,300,255,1),
(82380,175124,229,56.8515,-253.343,96.9626,-0.087266,0,0,0,1,300,255,1),
(82381,175124,229,87.8955,-288.976,91.4468,-1.13446,0,0,0,1,300,255,1),
(82382,175124,229,219.995,-399.617,111.068,-2.61799,0,0,0,1,300,255,1),
(82383,175124,229,222.736,-410.477,110.998,-1.20428,0,0,0,1,300,255,1),
(82384,175124,229,214.32,-408.951,110.968,2.96704,0,0,0,1,300,255,1),
(82385,175124,229,220.824,-398.357,111.076,1.98967,0,0,0,1,300,255,1),
(82386,175124,229,200.743,-409.406,110.885,-1.37881,0,0,0,1,300,255,1),
(82387,175124,229,210.654,-391.83,111.142,1.91986,0,0,0,1,300,255,1),
(82388,175124,229,199.616,-410.272,110.886,-2.93214,0,0,0,1,300,255,1),
(82389,175124,229,217.875,-392.087,111.127,0.90757,0,0,0,1,300,255,1),
(82390,175124,229,221.701,-420.444,110.953,1.64061,0,0,0,1,300,255,1),
(82391,175124,229,224.213,-412.157,110.991,1.58825,0,0,0,1,300,255,1),
(82392,175124,229,81.0718,-330.129,91.4551,-1.02974,0,0,0,1,300,255,1),
(82393,175124,229,72.026,-331.225,91.4723,-2.68781,0,0,0,1,300,255,1),
(82394,175124,229,79.072,-328.433,91.4529,-0.541051,0,0,0,1,300,255,1),
(82395,175124,229,83.2161,-327.69,91.4462,-0.296705,0,0,0,1,300,255,1),
(82396,175124,229,69.9306,-326.64,91.4588,2.89724,0,0,0,1,300,255,1),
(82397,175124,229,69.9912,-329.339,91.4658,-0.401425,0,0,0,1,300,255,1),
(82398,175124,229,81.7656,-326.14,91.4455,2.46091,0,0,0,1,300,255,1),
(82399,175124,229,81.0063,-332.454,91.4814,-2.51327,0,0,0,1,300,255,1),
(82400,175124,229,82.9415,-330.608,91.4542,0.698132,0,0,0,1,300,255,1),
(82401,175124,229,73.5452,-324.156,91.4481,0.453785,0,0,0,1,300,255,1),
(82402,175124,229,55.442,-254.351,97.1978,0.541051,0,0,0,1,300,255,1),
(82403,175124,229,66.8018,-302.481,91.4515,3.14159,0,0,0,1,300,255,1),
(82404,175124,229,82.9601,-249.989,91.4709,-1.64061,0,0,0,1,300,255,1),
(82405,175124,229,74.1004,-291.837,91.442,-0.401425,0,0,0,1,300,255,1),
(82406,175124,229,104.404,-299.438,91.4757,0.680677,0,0,0,1,300,255,1),
(82407,175124,229,104.213,-289.411,91.4732,1.50098,0,0,0,1,300,255,1),
(82408,175124,229,74.2068,-273.591,91.6428,-1.39626,0,0,0,1,300,255,1),
(82409,175124,229,70.9291,-304.97,91.4315,3.03684,0,0,0,1,300,255,1),
(82410,175124,229,77.3179,-266.196,91.4775,-1.16937,0,0,0,1,300,255,1),
(82411,175124,229,101.517,-311.471,91.4455,-1.58825,0,0,0,1,300,255,1),
(82412,175124,229,205.199,-401.573,111.082,0.261798,0,0,0,1,300,255,1),
(82413,175124,229,213.311,-410.503,110.963,2.14675,0,0,0,1,300,255,1),
(82414,175124,229,220.602,-418.447,110.961,-1.22173,0,0,0,1,300,255,1),
(82415,175124,229,114.806,-450.286,110.863,0.767944,0,0,0,1,300,255,1),
(82416,175124,229,198.346,-432.692,110.885,-2.05949,0,0,0,1,300,255,1),
(82417,175124,229,204.402,-400.307,111.092,-2.19912,0,0,0,1,300,255,1),
(82418,175124,229,220.181,-401.405,111.055,-1.98967,0,0,0,1,300,255,1),
(82419,175124,229,203.082,-401.453,111.087,-1.06465,0,0,0,1,300,255,1),
(82420,175124,229,189.834,-451.31,110.863,-2.86233,0,0,0,1,300,255,1),
(82421,175124,229,222.219,-428.908,110.916,2.79252,0,0,0,1,300,255,1),
(82422,175124,229,65.2965,-267.93,93.0764,0.349065,0,0,0,1,300,255,1),
(82423,175124,229,68.1218,-302.416,91.4389,3.12412,0,0,0,1,300,255,1),
(82424,175124,229,85.9751,-250.81,91.4645,-2.93214,0,0,0,1,300,255,1),
(82425,175124,229,105.543,-284.794,91.4924,-2.23402,0,0,0,1,300,255,1),
(82426,175124,229,86.6694,-276.929,91.4556,0.628317,0,0,0,1,300,255,1),
(82427,175124,229,90.2851,-290.926,91.4458,0.610864,0,0,0,1,300,255,1),
(82428,175124,229,68.2518,-314.875,91.4335,1.36136,0,0,0,1,300,255,1),
(82429,175124,229,61.0567,-313.922,91.505,-0.680679,0,0,0,1,300,255,1),
(82430,175124,229,66.4828,-315.487,91.4474,-2.35619,0,0,0,1,300,255,1),
(82431,175124,229,83.9541,-315.109,91.4341,-0.541051,0,0,0,1,300,255,1),
(82432,175124,229,186.987,-389.476,110.863,-1.53589,0,0,0,1,300,255,1),
(82433,175124,229,219.679,-393.405,111.114,-1.98967,0,0,0,1,300,255,1),
(82434,175124,229,207.267,-434.716,110.887,0.226892,0,0,0,1,300,255,1),
(82435,175124,229,208.006,-422.069,110.929,-1.51844,0,0,0,1,300,255,1),
(82436,175124,229,220.173,-391.63,111.126,1.36136,0,0,0,1,300,255,1),
(82437,175124,229,199.281,-431.434,110.885,-2.44346,0,0,0,1,300,255,1),
(82438,175124,229,218.954,-392.579,111.121,1.91986,0,0,0,1,300,255,1),
(82439,175124,229,189.08,-388.611,110.863,-0.296705,0,0,0,1,300,255,1),
(82440,175124,229,201.847,-432.209,110.885,1.44862,0,0,0,1,300,255,1),
(82441,175124,229,209.286,-391.27,111.149,-2.94959,0,0,0,1,300,255,1),
(82442,175124,229,62.4955,-334.331,91.5069,-0.349065,0,0,0,1,300,255,1),
(82443,175124,229,73.1332,-306.736,91.4127,-0.645772,0,0,0,1,300,255,1),
(82444,175124,229,65.9878,-303.634,91.4694,-2.61799,0,0,0,1,300,255,1),
(82445,175124,229,80.4842,-316.636,91.438,-0.855211,0,0,0,1,300,255,1),
(82446,175124,229,51.8635,-316.614,91.5209,-0.593412,0,0,0,1,300,255,1),
(82447,175124,229,106.015,-287.215,91.4993,-2.54818,0,0,0,1,300,255,1),
(82448,175124,229,87.8127,-314.716,91.4443,3.01941,0,0,0,1,300,255,1),
(82449,175124,229,56.7615,-332.325,91.4652,-1.06465,0,0,0,1,300,255,1),
(82450,175124,229,63.3079,-317.114,91.4715,-3.08918,0,0,0,1,300,255,1),
(82451,175124,229,204.115,-393.598,111.142,-0.645772,0,0,0,1,300,255,1),
(82452,175124,229,202.891,-394.925,111.134,-2.80997,0,0,0,1,300,255,1),
(82453,175124,229,211.907,-420.136,110.945,1.93731,0,0,0,1,300,255,1),
(82454,175124,229,188.003,-452.538,110.863,1.3439,0,0,0,1,300,255,1),
(82455,175124,229,197.889,-409.417,110.885,-1.51844,0,0,0,1,300,255,1),
(82456,175124,229,204.39,-395.495,111.127,-1.29154,0,0,0,1,300,255,1),
(82457,175124,229,221.281,-400.066,111.063,0.977383,0,0,0,1,300,255,1),
(82458,175124,229,223.579,-419.323,110.959,-1.88495,0,0,0,1,300,255,1),
(82459,175124,229,221.348,-409.122,111.003,-2.07694,0,0,0,1,300,255,1),
(82460,175124,229,203.856,-403.369,111.071,-1.15192,0,0,0,1,300,255,1),
(82461,175124,229,87.8612,-303.152,91.4444,-1.79769,0,0,0,1,300,255,1),
(82462,175124,229,107.871,-297.008,91.5257,3.05433,0,0,0,1,300,255,1),
(82463,175124,229,105.655,-314.233,91.4928,3.05433,0,0,0,1,300,255,1),
(82464,175124,229,89.9268,-301.831,91.4451,0.541051,0,0,0,1,300,255,1),
(82465,175124,229,72.141,-285.906,91.9452,-1.01229,0,0,0,1,300,255,1),
(82466,175124,229,77.2751,-262.143,91.4799,-1.25664,0,0,0,1,300,255,1),
(82467,175124,229,93.6733,-290.12,91.4455,-0.750491,0,0,0,1,300,255,1),
(82468,175124,229,97.1963,-310.891,91.4455,-3.03684,0,0,0,1,300,255,1),
(82469,175124,229,65.5835,-305.105,91.4853,1.09956,0,0,0,1,300,255,1),
(82470,175124,229,60.8484,-318.053,91.4709,1.48353,0,0,0,1,300,255,1),
(82471,175124,229,200.72,-431.708,110.885,1.78023,0,0,0,1,300,255,1),
(82472,175124,229,208.166,-418.361,110.933,2.21656,0,0,0,1,300,255,1),
(82473,175124,229,212.459,-418.521,110.953,2.9845,0,0,0,1,300,255,1),
(82474,175124,229,223.817,-429.41,110.914,-0.174532,0,0,0,1,300,255,1),
(82475,175124,229,223.978,-432.85,110.899,1.88495,0,0,0,1,300,255,1),
(82476,175124,229,187.741,-387.874,110.863,1.13446,0,0,0,1,300,255,1),
(82477,175124,229,209.563,-419.84,110.939,-0.541051,0,0,0,1,300,255,1),
(82478,175124,229,220.162,-421.225,110.948,-1.76278,0,0,0,1,300,255,1),
(82479,175124,229,202.572,-392.328,111.154,-1.36136,0,0,0,1,300,255,1),
(82480,175124,229,55.3531,-249.984,97.0487,-2.65289,0,0,0,1,300,255,1),
(82481,175124,229,48.8127,-337.076,91.5302,2.26892,0,0,0,1,300,255,1),
(82482,175124,229,84.112,-268.795,91.4617,-2.87979,0,0,0,1,300,255,1),
(82483,175124,229,94.5641,-281.093,91.4455,2.51327,0,0,0,1,300,255,1),
(82484,175124,229,88.0984,-333.163,91.4844,1.43117,0,0,0,1,300,255,1),
(82485,175124,229,85.834,-295.414,91.4477,2.77507,0,0,0,1,300,255,1),
(82486,175124,229,54.5722,-336.735,91.5293,-1.13446,0,0,0,1,300,255,1),
(82487,175124,229,107.928,-299.948,91.5265,2.00713,0,0,0,1,300,255,1),
(82488,175124,229,82.7643,-267.748,91.4651,-3.01941,0,0,0,1,300,255,1),
(82489,175124,229,78.59,-266.496,91.4746,2.00713,0,0,0,1,300,255,1),
(82490,175124,229,188.126,-450.82,110.863,1.48353,0,0,0,1,300,255,1),
(82491,175124,229,206.904,-419.79,110.925,-0.750491,0,0,0,1,300,255,1),
(82492,175124,229,207.935,-420.02,110.93,-0.174532,0,0,0,1,300,255,1),
(82493,175124,229,209.072,-435.188,110.885,-2.94959,0,0,0,1,300,255,1),
(82494,175124,229,222.816,-430.971,110.907,-0.261798,0,0,0,1,300,255,1),
(82495,175124,229,210.485,-393.288,111.132,-0.122173,0,0,0,1,300,255,1),
(82496,175124,229,203.281,-398.872,111.105,2.86233,0,0,0,1,300,255,1),
(82497,175124,229,220.836,-393.649,111.11,-1.97222,0,0,0,1,300,255,1),
(82498,175124,229,113.018,-451.804,110.863,2.82743,0,0,0,1,300,255,1),
(82499,175124,229,200.125,-407.846,110.885,2.87979,0,0,0,1,300,255,1),
(82500,175124,229,60.1851,-270.196,93.6818,-2.26892,0,0,0,1,300,255,1),
(82501,175124,229,87.2811,-254.392,91.4618,0.034906,0,0,0,1,300,255,1),
(82502,175124,229,84.5943,-291.008,91.4483,-2.21656,0,0,0,1,300,255,1),
(82503,175124,229,95.5179,-311.558,91.4455,-1.06465,0,0,0,1,300,255,1),
(82504,175124,229,61.9452,-270.148,93.5453,-1.16937,0,0,0,1,300,255,1),
(82505,175124,229,57.859,-336.093,91.5233,-2.23402,0,0,0,1,300,255,1),
(82506,175124,229,88.6913,-301.07,91.4447,0.366518,0,0,0,1,300,255,1),
(82507,175124,229,76.0065,-264.973,91.4807,1.64061,0,0,0,1,300,255,1),
(82508,175124,229,77.7013,-295.117,91.4437,-1.11701,0,0,0,1,300,255,1),
(82509,175124,229,212.067,-392.173,111.137,-0.558504,0,0,0,1,300,255,1),
(82510,175124,229,115.411,-389.923,110.863,-0.837757,0,0,0,1,300,255,1),
(82511,175124,229,197.826,-407.93,110.885,-2.16421,0,0,0,1,300,255,1),
(82512,175124,229,80.7881,-253.589,91.4755,-2.14675,0,0,0,1,300,255,1),
(82513,175124,229,85.6677,-314.024,91.436,-2.07694,0,0,0,1,300,255,1),
(82514,175124,229,92.6068,-281.835,91.4455,-2.9845,0,0,0,1,300,255,1),
(82515,175124,229,74.7522,-275.849,91.6503,0.95993,0,0,0,1,300,255,1),
(82516,175124,229,51.5754,-315.042,91.5225,2.14675,0,0,0,1,300,255,1),
(82517,175124,229,96.3418,-280.518,91.4455,0.139624,0,0,0,1,300,255,1),
(82518,175124,229,106.199,-299.793,91.5014,-1.20428,0,0,0,1,300,255,1),
(82519,175124,229,91.8307,-291.349,91.4455,-3.08918,0,0,0,1,300,255,1),
(82520,175124,229,74.4491,-307.403,91.4144,-0.733038,0,0,0,1,300,255,1),
(82521,175124,229,49.5659,-314.368,91.5337,-2.35619,0,0,0,1,300,255,1),
(82522,175124,229,102.871,-296.658,91.4538,-1.62316,0,0,0,1,300,255,1),
(82523,175124,229,89.0992,-290.133,91.4463,1.53589,0,0,0,1,300,255,1),
(82524,175124,229,106.956,-310.151,91.5121,2.74016,0,0,0,1,300,255,1),
(82525,175124,229,69.4599,-303.627,91.438,-1.39626,0,0,0,1,300,255,1),
(82526,175124,229,96.0628,-287.47,91.4455,1.71042,0,0,0,1,300,255,1),
(82527,175124,229,102.414,-304.376,91.4466,0.017452,0,0,0,1,300,255,1),
(82528,175124,229,85.5635,-293.523,91.4479,1.309,0,0,0,1,300,255,1),
(82529,175124,229,63.5717,-336.638,91.5284,0.069812,0,0,0,1,300,255,1),
(82530,175124,229,81.8175,-317.4,91.4399,0.174532,0,0,0,1,300,255,1),
(82531,175124,229,59.4191,-337.406,91.5356,-0.471238,0,0,0,1,300,255,1),
(82532,175124,229,90.5754,-320.019,91.4455,1.20428,0,0,0,1,300,255,1),
(82533,175124,229,71.7949,-278.165,92.4567,2.23402,0,0,0,1,300,255,1),
(82534,175124,229,90.3071,-332.646,91.4737,2.61799,0,0,0,1,300,255,1),
(82535,175124,229,87.9231,-280.001,91.4471,-2.70526,0,0,0,1,300,255,1),
(82536,175124,229,79.5689,-291.474,91.4493,-0.174532,0,0,0,1,300,255,1),
(82537,175124,229,91.8609,-301.935,91.4455,0.733038,0,0,0,1,300,255,1),
(82538,175124,229,97.1258,-281.949,91.4455,-1.27409,0,0,0,1,300,255,1),
(82539,175124,229,88.8089,-316.134,91.4447,-0.698132,0,0,0,1,300,255,1),
(82540,175124,229,59.7561,-310.905,91.5367,-0.767944,0,0,0,1,300,255,1),
(82541,175124,229,105.491,-297.968,91.4915,-3.07177,0,0,0,1,300,255,1),
(82542,175124,229,90.4836,-280.375,91.4457,-0.087266,0,0,0,1,300,255,1),
(82543,175124,229,105.029,-300.911,91.4845,1.5708,0,0,0,1,300,255,1),
(82544,175124,229,86.8536,-289.913,91.4473,-2.49582,0,0,0,1,300,255,1),
(82545,175124,229,76.2422,-277.381,91.4738,-0.785397,0,0,0,1,300,255,1),
(82546,175124,229,89.0041,-251.208,91.4582,2.94959,0,0,0,1,300,255,1),
(82547,175124,229,56.7882,-269.273,93.7193,-0.994837,0,0,0,1,300,255,1),
(82548,175124,229,74.0389,-287.331,91.4488,-1.01229,0,0,0,1,300,255,1),
(82549,175124,229,59.1689,-255.103,96.8158,1.0821,0,0,0,1,300,255,1),
(82550,175124,229,79.7089,-266.052,91.4724,-0.663223,0,0,0,1,300,255,1),
(82551,175124,229,92.1251,-279.851,91.4455,-1.67551,0,0,0,1,300,255,1),
(82552,175124,229,90.9577,-303.899,91.4455,0.122173,0,0,0,1,300,255,1),
(82553,175124,229,61.0127,-315.653,91.4848,0.733038,0,0,0,1,300,255,1),
(82554,175124,229,79.2062,-262.497,91.4758,-2.1293,0,0,0,1,300,255,1),
(82555,175124,229,104.602,-287.997,91.4788,-1.97222,0,0,0,1,300,255,1),
(82556,175124,229,104.377,-312.261,91.4739,1.90241,0,0,0,1,300,255,1),
(82557,175124,229,77.4822,-292.28,91.447,-0.087266,0,0,0,1,300,255,1),
(82558,175124,229,92.1155,-334.861,91.5066,0.453785,0,0,0,1,300,255,1),
(82559,175124,229,52.6492,-254.144,97.3261,-1.81514,0,0,0,1,300,255,1),
(82560,175124,229,82.5312,-315.925,91.4361,1.71042,0,0,0,1,300,255,1),
(82561,175124,229,54.2656,-255.435,96.8589,1.3439,0,0,0,1,300,255,1),
(82562,175124,229,76.8647,-275.632,91.4778,2.32129,0,0,0,1,300,255,1),
(82563,175124,229,95.4615,-313.584,91.4455,0.855211,0,0,0,1,300,255,1),
(82564,175124,229,84.5061,-248.377,91.4676,1.78023,0,0,0,1,300,255,1),
(82565,175124,229,113.93,-389.215,110.863,-0.785397,0,0,0,1,300,255,1),
(82566,175124,229,112.297,-390.178,110.863,-0.122173,0,0,0,1,300,255,1),
(82567,175886,229,-34.7324,-589.615,30.9339,0,0,0,0.725374,0.688355,180,255,1),
(82568,175886,229,-36.2977,-589.617,31.0103,0,0,0,0.522498,0.852641,180,255,1),
(82569,175886,229,-37.1093,-589.641,30.9548,0,0,0,0.601814,0.798636,180,255,1),
(82570,175886,229,-35.6387,-589.632,30.9825,0,0,0,-0.833885,0.551938,180,255,1),
(82571,175886,229,-37.7856,-589.64,30.9964,0,0,0,-0.999657,0.0262017,180,255,1),
(82572,175886,229,-34.5386,-589.635,30.9964,0,0,0,-0.292372,0.956305,180,255,1),
(82574,175382,229,67.1283,-297.421,91.4255,-0.034906,0,0,0,1,180,255,1),
(82575,175385,229,65.4179,-280.416,94.0465,0.069812,0,0,0,1,180,255,1),
(82576,175153,229,113.751,-258.945,91.5603,0,0,0,1,0,180,100,1),
(82577,176454,229,60.5715,-562.501,30.4811,3.14159,0,0,1,0,180,255,1),
(82578,176455,229,52.2037,-470.448,25.1121,3.14148,0,0,1,0,180,255,1),
(82579,176456,229,-60.6476,-584.383,29.1115,3.14159,0,0,1,0,180,255,1),
(82580,176458,229,-114.982,-421.897,-18.9179,3.14159,0,0,1,0,180,255,1),
(82581,175946,229,45.1933,-259.712,106.533,3.14159,0,0,1,0,180,100,1),
(82582,176459,229,68.6479,-270.903,60.7375,3.14159,0,0,1,0,180,255,1),
(82583,176461,229,69.3254,-265.102,60.6044,3.14159,0,0,1,0,180,255,1),
(82584,176462,229,90.4803,-283.217,60.7002,3.14159,0,0,1,0,180,255,1),
(82585,176463,229,91.6333,-262.053,60.7002,3.14159,0,0,1,0,180,255,1),
(82586,175185,229,194.235,-420.225,110.761,3.14159,0,0,1,0,180,100,1),
(82587,175186,229,92.9595,-435.59,110.954,-1.5708,0,0,0.702595,-0.71159,180,100,1),
(82588,175187,229,144.37,-299.198,91.4701,0,0,0,1,0,180,255,1),
(82589,175705,229,175.127,-258.945,91.5603,0,0,0,1,0,180,100,0),
(82590,175706,229,144.445,-280.941,91.5476,1.58825,0,0,0,1,180,255,1),
(82591,175195,229,124.779,-298.037,70.8526,0.785397,0,0,0.377,1,180,255,0),
(82592,175196,229,228.803,-301.542,76.8812,-1.5708,0,0,1,0,180,255,0),
(82593,175197,229,125.358,-340.465,70.8752,2.35619,0,0,0,0,180,255,0),
(82594,175198,229,215.157,-334.733,76.8124,-2.35619,0,0,0,0,180,255,0),
(82595,175199,229,155.334,-353.045,70.8337,3.14159,0,0,1,0,180,255,0),
(82596,175200,229,155.321,-286.074,70.8763,0,0,0,1,0,180,255,0),
(82597,164725,229,126.879,-319.109,70.935,3.14159,0,0,1,0,180,100,1),
(82598,164726,229,108.036,-420.331,110.954,3.14159,0,0,1,0,180,100,0),
(82599,175244,229,216.443,-286.135,76.9406,3.14159,0,0,1,0,180,100,1),
(82600,175266,229,144.375,-240.826,91.4713,0,0,0,1,0,180,255,1),
(82601,175267,229,126.426,-240.77,91.4701,0,0,0,1,0,180,255,1),
(82602,175268,229,162.31,-240.765,91.4688,0,0,0,1,0,180,255,1),
(82603,175269,229,126.337,-258.731,91.4701,0,0,0,1,0,180,255,1),
(82604,175270,229,162.395,-258.904,91.4701,0,0,0,1,0,180,255,1),
(82605,175271,229,126.314,-276.79,91.4701,0,0,0,1,0,180,255,1),
(82606,175272,229,162.401,-276.824,91.4701,0,0,0,1,0,180,255,1),
(82607,175528,229,100.257,-313.14,66.5453,3.14159,0,0,1,0,180,255,1),
(82608,175529,229,100.257,-324.88,66.5453,3.14159,0,0,1,0,180,255,1),
(82609,175530,229,110.215,-324.88,68.0355,3.14159,0,0,1,0,180,255,1),
(82610,175531,229,110.215,-313.14,68.0355,3.14159,0,0,1,0,180,255,1),
(82611,175532,229,120.462,-324.88,73.5331,3.14159,0,0,1,0,180,255,1),
(82612,175533,229,120.462,-313.14,73.5331,3.14159,0,0,1,0,180,255,1),
(82613,176089,229,-18.8626,-360.394,-31.4268,2.51327,0,0,0,1,180,255,1),
(82614,175334,229,-32.4305,-403.26,-18.935,-2.26892,0,0,0,1,180,255,1),
(82615,175607,229,20.4895,-438.857,-18.7827,-2.26892,0,0,0,1,180,255,1),
(82616,175608,229,23.8203,-440.806,-18.7587,1.43117,0,0,0,1,180,255,1),
(82617,175609,229,20.9914,-443.119,-18.9183,1.0821,0,0,0,1,180,255,1),
(87855,175947,229,45.1933,-312.52,106.533,3.14159,0,0,0,0,180,100,1),
(87857,176447,229,35.2499,-505.634,110.914,-3.13874,0,0,0,0,120,0,1),
(87858,176448,229,31.283,-505.634,110.914,1.57142,0,0,0,0,120,0,1),
(87859,176449,229,27.4453,-505.634,110.914,-0.261172,0,0,0,0,120,0,1),
(87860,176450,229,21.5668,-506.581,110.914,-1.57017,0,0,0,0,120,0,1),
(87861,176451,229,18.0824,-505.634,110.914,-3.13874,0,0,0,0,120,0,1),
(87862,176452,229,24.542,-504.736,110.914,-2.35556,0,0,0,0,120,0,1),
(87863,136950,229,72.8373,-265.63,60.7365,3.14159,0,0,0,0,120,0,1),
(87864,136952,229,69.9731,-329.868,55.8721,3.14159,0,0,0,0,120,0,1),
(87865,136955,229,56.3641,-306.158,54.0157,3.14159,0,0,0,0,120,0,1),
(87867,176460,229,70.5435,-257.169,60.7401,3.12412,0,0,0,0,120,0,1),
(87871,136922,229,88.2152,-415.1,110.957,2.72271,0,0,0,0,120,0,1),
(87872,136923,229,87.4498,-468.454,116.887,2.72271,0,0,0,0,120,0,1),
(87873,136925,229,40.7229,-586.71,30.6817,1.74533,0,0,0,0,120,0,1),
(87874,136926,229,43.3149,-572.476,30.6817,1.74533,0,0,0,0,120,0,1),
(87875,136927,229,4.75705,-567.073,29.2222,1.74533,0,0,0,0,120,0,1),
(87876,136928,229,8.39204,-583.677,29.2222,1.74533,0,0,0,0,120,0,1),
(87895,136947,229,16.9937,-253.821,65.4498,3.14159,0,0,0,0,120,0,1),
(87896,136948,229,8.17041,-268.98,65.4498,3.14159,0,0,0,0,120,0,1),
(87897,136949,229,51.2451,-274.133,65.4498,3.14159,0,0,0,0,120,0,1),
(87898,136951,229,68.8802,-283.794,60.7365,3.14159,0,0,0,0,120,0,1),
(87899,136954,229,16.1674,-280.865,9.61726,3.14159,0,0,0,0,120,0,1),
(87900,136957,229,117.454,-254.291,91.5711,2.72271,0,0,0,0,120,0,1),
(87901,136959,229,125.656,-280.808,91.5711,2.72271,0,0,0,0,120,0,1),
(87902,136961,229,46.4689,-309.649,91.5711,2.72271,0,0,0,0,120,0,1),
(87903,136962,229,106.177,-265.953,91.5711,-1.46608,0,0,0,0,120,0,1),
(87904,136963,229,107.69,-253.095,91.5711,2.72271,0,0,0,0,120,0,1),
(87905,136964,229,82.5879,-364.586,116.859,2.72271,0,0,0,0,120,0,1),
(87906,153464,229,-36.1176,-583.828,-18.8201,1.97222,0,0,0,0,7200,0,1),
(87907,153469,229,-73.9985,-453.335,-18.935,-3.08918,0,0,0,0,120,0,1),
(87908,153469,229,-84.2677,-350.104,70.9524,1.91986,0,0,0,0,120,0,1),
(87909,153469,229,86.8551,-587.501,30.6085,2.63544,0,0,0,0,120,0,1),
(87911,175334,229,33.7166,-466.067,-18.4651,-1.53589,0,0,0,0,120,0,1),
(87913,175588,229,-139.523,-525.879,6.36398,-2.426,0,0,0,0,120,0,1),
(87914,175606,229,-100.23,-529.537,-5.77381,-0.436332,0,0,0,0,120,0,1),
(87915,175606,229,-100.325,-523.847,10.7029,2.11185,0,0,0,0,120,0,1),
(87916,175606,229,-101.886,-521.985,-7.84199,-0.0349063,0,0,0,0,120,0,1),
(87917,175606,229,-102.465,-575.651,9.90089,2.47837,0,0,0,0,120,0,1),
(87918,175606,229,-112.21,-569.506,10.1992,2.18166,0,0,0,0,120,0,1),
(87919,175606,229,-125.229,-576.664,13.7726,-0.296705,0,0,0,0,120,0,1),
(87920,175606,229,-126.746,-514.164,-12.147,3.10665,0,0,0,0,120,0,1),
(87921,175606,229,-129.514,-441.7,24.4328,0.977383,0,0,0,0,120,0,1),
(87922,175606,229,-131.57,-439.602,22.8934,-1.13446,0,0,0,0,120,0,1),
(87923,175606,229,-131.805,-526.784,6.55651,-2.28638,0,0,0,0,120,0,1),
(87924,175606,229,-132.261,-474.848,9.82244,-2.82743,0,0,0,0,120,0,1),
(87925,175606,229,-132.404,-514.961,-15.9374,-1.79769,0,0,0,0,120,0,1),
(87926,175606,229,-138.894,-439.497,24.8088,1.76278,0,0,0,0,120,0,1),
(87927,175606,229,-139.153,-434.738,23.1123,-2.74016,0,0,0,0,120,0,1),
(87928,175606,229,-144.505,-441.603,23.1016,0.331611,0,0,0,0,120,0,1),
(87929,175606,229,-146.907,-441.463,22.4744,-0.802851,0,0,0,0,120,0,1),
(87930,175606,229,-147.881,-448.549,20.0911,1.32645,0,0,0,0,120,0,1),
(87931,175606,229,-150.104,-470.008,16.2278,1.76278,0,0,0,0,120,0,1),
(87932,175606,229,-153.788,-515.227,-15.9504,-0.95993,0,0,0,0,120,0,1),
(87933,175606,229,-154.378,-552.234,9.91885,-2.05949,0,0,0,0,120,0,1),
(87934,175606,229,-154.592,-525.219,8.16182,2.04204,0,0,0,0,120,0,1),
(87935,175606,229,-154.77,-541.317,9.02217,-0.104719,0,0,0,0,120,0,1),
(87936,175606,229,-154.889,-570.339,10.0172,2.47837,0,0,0,0,120,0,1),
(87951,176425,229,60.0724,-511.967,29.2143,-3.13874,0,0,0,0,120,0,1),
(87952,176426,229,56.9335,-556.048,30.6604,-3.13874,0,0,0,0,120,0,1),
(87953,176427,229,53.1921,-461.07,24.3897,-3.1415,0,0,0,0,120,0,1),
(87954,176428,229,-63.2568,-581.483,29.2934,-3.1415,0,0,0,0,120,0,1),
(87955,176429,229,-37.6863,-551.822,16.2163,3.14159,0,0,0,0,120,0,1),
(87956,176430,229,-25.3349,-478.438,17.2504,3.14159,0,0,0,0,120,0,1),
(87957,176431,229,-46.3865,-448.61,-18.5644,3.14159,0,0,0,0,120,0,1),
(87958,176432,229,-2.64242,-579.144,-18.7609,3.14159,0,0,0,0,120,0,1),
(87959,176433,229,26.982,-583.365,-18.5153,3.14159,0,0,0,0,120,0,1),
(87960,176434,229,35.6424,-550.73,-18.411,3.14159,0,0,0,0,120,0,1),
(87961,176435,229,33.1643,-471.047,-18.5059,3.14159,0,0,0,0,120,0,1),
(87962,176436,229,31.9839,-495.349,-18.8984,-3.13874,0,0,0,0,120,0,1),
(87963,176437,229,-39.3852,-424.878,-18.8471,3.14159,0,0,0,0,120,0,1),
(87964,176438,229,-23.2051,-410.609,-18.8984,3.14159,0,0,0,0,120,0,1),
(87965,176439,229,-76.0975,-418.801,-18.9234,-1.83259,0,0,0,0,120,0,1),
(87966,176440,229,-59.9712,-409.641,-18.8443,3.14159,0,0,0,0,120,0,1),
(87967,176441,229,-79.5309,-453.927,-18.8332,3.14159,0,0,0,0,120,0,1),
(87968,176442,229,-15.4378,-368.781,49.4936,3.14085,0,0,0,0,120,0,1),
(87969,176443,229,-121.137,-296.445,71.0397,3.14159,0,0,0,0,120,0,1),
(87970,176444,229,-137.264,-305.605,70.9606,-1.83259,0,0,0,0,120,0,1),
(87971,176445,229,-59.1198,-339.829,70.9606,-1.83259,0,0,0,0,120,0,1),
(87972,176446,229,-87.3357,-348.37,71.0397,3.14159,0,0,0,0,120,0,1),
(87976,176457,229,-115.273,-428.518,-18.701,3.14159,0,0,0,0,120,0,1),
(87977,175334,229,-78.5492,-402.515,-18.935,5.53805,0,0,0.36401,-0.931395,25,100,1),
(87978,175334,229,-9.06949,-462.313,-18.6442,3.13474,0,0,0.999994,0.00342519,25,100,1),
(92224,153464,229,183.647,-369.15,117.143,2.44346,0,0,0.939692,0.342021,7200,255,1),
(92226,153469,229,-20.2914,-361.811,50.6356,-1.64061,0,0,-0.731354,0.681998,86400,255,1),
(99791,175621,229,-14.456,-395.729,48.5219,2.16916,0,0,0,1,180,255,1),
(99901,300059,229,-23.97,-451.98,-18.64,0,0,0,0,0,180,0,1),
(99905,300063,229,25.92,-537.7,110.93,0,0,0,0,0,180,0,1),
(99907,300064,229,-23.97,-451.98,-18.64,0,0,0,0,0,180,0,1),
(99911,300064,229,25.92,-537.7,110.93,0,0,0,0,0,180,0,1),
(268,175785,229,-12.2736,-446.629,-18.6443,0,0,0,0.91706,0.39875,0,0,1),
(269,175785,229,-18.376,-299.271,31.6183,0,0,0,0.999657,0.0262017,0,0,1),
(270,175785,229,-16.1217,-492.558,90.6585,0,0,0,0.366501,0.930418,0,0,1),
(87950,136966,229,229.028,-307.81,76.9668,2.72271,0,0,0.978148,0.207912,120,0,1),
(87973,136965,229,215.773,-341.663,76.8612,1.92859,0,0,0.821647,0.569997,120,0,1),
(66197,175571,229,-47.9095,-369.089,51.5425,1.37881,0,0,0.400546,-0.916277,-65,255,1),
(66201,175571,229,-27.8804,-385.891,48.5067,3.7001,0,0,0.400546,-0.916277,-65,255,1),
(66203,175571,229,-13.7275,-384.816,48.9746,3.68265,0,0,0.400546,-0.916277,-65,255,1),
(66204,175571,229,-12.3689,-376.475,49.335,5.044,0,0,0.835255,-0.549863,-65,255,1),
(66208,175571,229,-24.8824,-369.619,49.7059,3.4034,0,0,0.835255,-0.549863,-65,255,1),
(66209,175571,229,-34.5437,-370.233,50.3396,5.35816,0,0,0.835255,-0.549863,-65,255,1),
(66210,175584,229,-14.3415,-395.729,48.5381,2.86233,0,0,0.839392,0.543527,-7200,255,1),
(66211,175589,229,-14.3415,-395.729,48.5381,2.86233,0,0,0.839392,0.543527,30,255,1);

-- Made NPC 9707 (Scarshield Portal) unselectable, unattackable, unable to attack or move
UPDATE creature_template SET UnitFlags=256+512+33554432 WHERE Entry=9707;

