-- Kil'sorrow Fortress Rework

-- ----------------------------------
-- Spawns
-- ----------------------------------
DELETE FROM creature_movement WHERE id IN(SELECT guid FROM creature WHERE id IN(17148,17147,17146,18033));
DELETE FROM creature_linking WHERE guid IN(SELECT guid FROM creature WHERE id IN(17148,17147,17146,18033));
DELETE FROM creature_addon WHERE guid IN(SELECT guid FROM creature WHERE id IN(17148,17147,17146,18033));
DELETE FROM creature WHERE id IN(17148,17147,17146,18033);
INSERT INTO creature (guid, id, map, spawnMask, modelid, equipment_id, position_x, position_y, position_z, orientation, spawntimesecsmin, spawntimesecsmax, spawndist, currentwaypoint, curhealth, curmana, DeathState, MovementType) VALUES
-- Kil'sorrow Spellbinder
(151770,17146,530,1,0,0,-2988.963,6544.788,97.80074,5.479566,300,300,0,0,4892,2846,0,2), -- Pat 1
(151771,17146,530,1,0,0,-2790.542,6463.538,113.2004,2.024582,300,300,0,0,4892,2846,0,0), -- Pool 1
(151772,17146,530,1,0,0,-2851.465,6442.333,82.76097,0.1919862,300,300,0,0,4892,2846,0,2), -- Pool 2
(151773,17146,530,1,0,0,-2940.157,6331.498,88.37616,2.583087,300,300,0,0,4892,2846,0,2), -- Pool 3
(151774,17146,530,1,0,0,-2784.064,6464.784,64.80181,0.5585054,300,300,0,0,4892,2846,0,2), -- Pool 4
(151775,17146,530,1,0,0,-2856.643,6553.497,40.62695,2.566524,300,300,0,0,4892,2846,0,2), -- Pat 2
(151776,17146,530,1,0,0,-3014.77,6524.487,99.27354,2.932153,300,300,0,0,4892,2846,0,2), -- Pool 5
(151777,17146,530,1,0,0,-3018.984,6515.626,113.0427,3.246312,300,300,0,0,4892,2846,0,0),
(151778,17146,530,1,0,0,-2895.743,6476.679,87.25183,0.6108652,300,300,0,0,4892,2846,0,2),
(151779,17146,530,1,0,0,-2902.252,6456.314,82.74509,3.822271,300,300,0,0,4892,2846,0,0),
(151780,17146,530,1,0,0,-2894.214,6461.795,101.6347,1.448623,300,300,0,0,4892,2846,0,0), -- Pool 6
(151781,17146,530,1,0,0,-2976.344,6310.463,87.79397,4.415683,300,300,0,0,4892,2846,0,2), -- Pool 7
(151782,17146,530,1,0,0,-2891.762,6394.602,82.13757,2.268928,300,300,0,0,4892,2846,0,0), -- Channeler 1
(151783,17146,530,1,0,0,-2891.599,6406.182,82.13757,4.258604,300,300,0,0,4892,2846,0,0), -- Channeler 2
(151784,17146,530,1,0,0,-2902.995,6394.525,82.13757,0.5061455,300,300,0,0,4892,2846,0,0), -- Channeler 3
(151785,17146,530,1,0,0,-2903.005,6406.204,82.13757,5.550147,300,300,0,0,4892,2846,0,0), -- Channeler 4
(151786,17146,530,1,0,0,-2932.095,6329.07,88.55088,0.289823,300,300,0,0,4892,2846,0,2), -- Pat 3
(151787,17146,530,1,0,0,-2936.754,6354.426,88.35891,0.1396263,300,300,0,0,4892,2846,0,0),
(151788,17146,530,1,0,0,-2876.743,6318.747,81.37247,5.299649,300,300,0,0,4892,2846,0,2), -- Pat 4
(151789,17146,530,1,0,0,-2787.949,6434.54,61.93983,3.179073,300,300,0,0,4892,2846,0,2), -- Pat 5
(151790,17146,530,1,0,0,-2787.105,6414.782,62.24106,3.246312,300,300,0,0,4892,2846,0,0), -- Pool 8
(151791,17146,530,1,0,0,-2784.442,6397.672,62.22513,2.426008,300,300,0,0,4892,2846,0,0),
(151792,17146,530,1,0,0,-2783.241,6468.619,78.55157,0.4886922,300,300,0,0,4892,2846,0,0),
-- Kil'sorrow Cultist
(151795,17147,530,1,0,0,-2894.214,6461.795,101.6347,1.448623,300,300,0,0,4731,2790,0,0), -- Pool 6
(151796,17147,530,1,0,0,-3014.77,6524.487,99.27354,2.932153,300,300,0,0,4731,2790,0,2), -- Pool 5
(151797,17147,530,1,0,0,-2991.852,6542.166,97.76133,5.479566,300,300,0,0,4731,2790,0,0), -- Pat 1
(151798,17147,530,1,0,0,-2976.344,6310.463,87.79397,4.415683,300,300,0,0,4731,2790,0,2), -- Pool 7
(151799,17147,530,1,0,0,-2787.105,6414.782,62.24106,3.246312,300,300,0,0,4731,2790,0,0), -- Pool 8
(151800,17147,530,1,0,0,-2807.707,6546.409,37.51176,2.513274,300,300,0,0,4731,2790,0,0),
(151801,17147,530,1,0,0,-2820.765,6553.808,37.36116,1.012291,300,300,0,0,4731,2790,0,0),
(151802,17147,530,1,0,0,-2805.874,6532.633,37.1154,4.991642,300,300,0,0,4731,2790,0,0),
(151803,17147,530,1,0,0,-2842.269,6545.651,37.60523,4.18879,300,300,0,0,4731,2790,0,0),
(151804,17147,530,1,0,0,-2854.097,6556.861,40.69091,2.566524,300,300,0,0,4731,2790,0,0), -- Pat 2
(151805,17147,530,1,0,0,-3015.753,6525.96,147.7604,2.181662,300,300,0,0,4731,2790,0,0),
(151806,17147,530,1,0,0,-3005.46,6511.977,99.27354,4.869469,300,300,0,0,4731,2790,0,0),
(151807,17147,530,1,0,0,-2890.321,6479.694,87.25183,3.508112,300,300,0,0,4731,2790,0,2),
(151808,17147,530,1,0,0,-2851.465,6442.333,82.76097,0.1919862,300,300,0,0,4731,2790,0,2), -- Pool 2
(151809,17147,530,1,0,0,-2885.076,6455.331,82.74509,4.764749,300,300,0,0,4731,2790,0,0),
(151810,17147,530,1,0,0,-2933.334,6332.127,88.41886,0.289823,300,300,0,0,4731,2790,0,0), -- Pat 3
(151811,17147,530,1,0,0,-2940.157,6331.498,88.37616,2.583087,300,300,0,0,4731,2790,0,2), -- Pool 3
(151812,17147,530,1,0,0,-2934.687,6346.611,88.36388,2.844887,300,300,0,0,4731,2790,0,2),
(151813,17147,530,1,0,0,-2874.124,6321.271,81.32599,5.299649,300,300,0,0,4731,2790,0,0), -- Pat 4
(151814,17147,530,1,0,0,-2788.271,6432.196,61.91058,3.179073,300,300,0,0,4731,2790,0,0), -- Pat 5
(151815,17147,530,1,0,0,-2790.542,6463.538,113.2004,2.024582,300,300,0,0,4731,2790,0,0), -- Pool 1
(151816,17147,530,1,0,0,-2784.064,6464.784,64.80181,0.5585054,300,300,0,0,4731,2790,0,2), -- Pool 4
(151817,17147,530,1,0,0,-2798.8,6470.604,64.80181,2.024582,300,300,0,0,4731,2790,0,0),
-- Kil'sorrow Deathsworn
(151820,17148,530,1,0,0,-2856.583,6504.629,60.67842,2.146755,300,300,0,0,5914,0,0,0),
(151821,17148,530,1,0,0,-2928.831,6498.774,82.56452,1.605703,300,300,0,0,5914,0,0,0),
(151822,17148,530,1,0,0,-2812.186,6495.231,61.6686,1.064651,300,300,0,0,5914,0,0,0),
(151823,17148,530,1,0,0,-2798.379,6487.408,61.11187,1.239184,300,300,0,0,5914,0,0,0),
(151824,17148,530,1,0,0,-2882.799,6589.051,71.62231,0.08726646,300,300,0,0,5914,0,0,0),
(151825,17148,530,1,0,0,-3005.358,6537.166,97.62743,2.286381,300,300,0,0,5914,0,0,0),
(151826,17148,530,1,0,0,-2992.263,6523.733,97.69567,5.340707,300,300,0,0,5914,0,0,0),
(151827,17148,530,1,0,0,-2913.37,6468.708,82.73711,2.443461,300,300,0,0,5914,0,0,0),
(151828,17148,530,1,0,0,-2892.389,6438.345,82.53609,4.764749,300,300,0,0,5914,0,0,0),
(151829,17148,530,1,0,0,-2876.286,6471.958,82.71751,0.3490658,300,300,0,0,5914,0,0,0),
(151830,17148,530,1,0,0,-3008.354,6333.463,96.15496,0.9075712,300,300,0,0,5914,0,0,0),
(151831,17148,530,1,0,0,-2961.997,6347.458,96.22903,2.80998,300,300,0,0,5914,0,0,0),
(151832,17148,530,1,0,0,-2926.415,6376.465,88.33572,0.3839724,300,300,0,0,5914,0,0,0),
(151833,17148,530,1,0,0,-3022.95,6381.061,96.23733,5.864306,300,300,0,0,5914,0,0,0),
(151834,17148,530,1,0,0,-2931.189,6390.049,87.48715,0.2792527,300,300,0,0,5914,0,0,0),
(151835,17148,530,1,0,0,-2978.76,6368.46,96.41105,3.420845,300,300,0,0,5914,0,0,0),
(151836,17148,530,1,0,0,-2976.685,6394.951,96.2292,4.153883,300,300,0,0,5914,0,0,0),
(151837,17148,530,1,0,0,-3006.67,6359.978,96.41213,0.296706,300,300,0,0,5914,0,0,0),
(151838,17148,530,1,0,0,-2966.771,6446.897,84.94991,0.122173,300,300,0,0,5914,0,0,0),
(151839,17148,530,1,0,0,-2965.665,6455.078,85.35271,6.265732,300,300,0,0,5914,0,0,0),
(151840,17148,530,1,0,0,-2879.417,6297.637,83.01257,1.012291,300,300,0,0,5914,0,0,0),
(151841,17148,530,1,0,0,-2872.189,6331.886,83.54768,5.235988,300,300,0,0,5914,0,0,0),
(151842,17148,530,1,0,0,-2801.319,6285.324,80.01627,5.602507,300,300,0,0,5914,0,0,0),
(151843,17148,530,1,0,0,-2878.573,6301.913,106.6982,0.1570796,300,300,0,0,5914,0,0,0),
(151844,17148,530,1,0,0,-2880.966,6326.733,83.57169,5.288348,300,300,0,0,5914,0,0,0),
(151845,17148,530,1,0,0,-2825.231,6296.938,63.57265,1.500983,300,300,0,0,5914,0,0,0),
(151846,17148,530,1,0,0,-2889.647,6286.453,100.1778,4.468043,300,300,0,0,5914,0,0,0),
(151847,17148,530,1,0,0,-2809.611,6282.521,86.51013,5.340707,300,300,0,0,5914,0,0,0),
(151848,17148,530,1,0,0,-2867.147,6411.196,80.82471,6.178465,300,300,0,0,5914,0,0,0),
(151849,17148,530,1,0,0,-2792.22,6340.887,64.34957,2.460914,300,300,0,0,5914,0,0,0),
(151850,17148,530,1,0,0,-2808.341,6459.118,63.5396,2.565634,300,300,0,0,5914,0,0,0),
(151851,17148,530,1,0,0,-2793.033,6447.556,63.58101,5.707227,300,300,0,0,5914,0,0,0),
(151852,17148,530,1,0,0,-2863.783,6383.393,80.91174,0,300,300,0,0,5914,0,0,0),
(151853,17148,530,1,0,0,-2773.028,6423.945,59.51208,6.143559,300,300,0,0,5914,0,0,0),
(151854,17148,530,1,0,0,-2771.933,6436.231,59.03028,6.091199,300,300,0,0,5914,0,0,0),
-- Dark Worg
(151860,18033,530,1,0,0,-2826.488,6532.077,37.35713,1.134464,300,300,0,0,5715,0,0,0),
(151861,18033,530,1,0,0,-2831.952,6534.338,37.35278,1.117011,300,300,0,0,5715,0,0,0),
(151862,18033,530,1,0,0,-2820.928,6530.772,37.36835,1.134464,300,300,0,0,5715,0,0,0),
(151863,18033,530,1,0,0,-2980.176,6457.415,85.40536,2.129302,300,300,0,0,5715,0,0,0),
(151864,18033,530,1,0,0,-2972.681,6442.888,85.37833,5.253441,300,300,0,0,5715,0,0,0),
(151865,18033,530,1,0,0,-2978.174,6442.417,85.35538,2.513274,300,300,0,0,5715,0,0,0),
(151866,18033,530,1,0,0,-2805.346,6550.335,37.51204,0.2395059,300,300,2,0,5715,0,0,1),
(151867,18033,530,1,0,0,-2841.842,6551.489,37.87073,2.910677,300,300,2,0,5715,0,0,1),
(151868,18033,530,1,0,0,-2836.967,6535.952,37.32853,1.117011,300,300,0,0,5715,0,0,0),
(151869,18033,530,1,0,0,-2823.062,6559.021,37.39921,5.480334,300,300,2,0,5715,0,0,1),
(151870,18033,530,1,0,0,-2807.774,6527.055,37.86325,6.256686,300,300,2,0,5715,0,0,1),
(151871,18033,530,1,0,0,-2974.004,6458.518,85.37632,3.909538,300,300,0,0,5715,0,0,0),
(151872,18033,530,1,0,0,-2982.863,6466.938,86.50768,0.6398769,300,300,2,0,5715,0,0,1),
(151873,18033,530,1,0,0,-3007.882,6450.285,86.27869,0.7400471,300,300,2,0,5715,0,0,1),
(151874,18033,530,1,0,0,-2985.119,6456.887,85.44939,5.707227,300,300,0,0,5715,0,0,0),
(151875,18033,530,1,0,0,-3005.894,6428.44,86.22183,5.909983,300,300,2,0,5715,0,0,1),
(151876,18033,530,1,0,0,-2981.59,6429.545,87.49316,5.742297,300,300,2,0,5715,0,0,1),
(151877,18033,530,1,0,0,-2984.245,6441.967,85.35538,4.590216,300,300,0,0,5715,0,0,0),
(151878,18033,530,1,0,0,-2989.795,6440.897,85.35538,1.727876,300,300,0,0,5715,0,0,0),
(151879,18033,530,1,0,0,-2990.699,6455.542,85.35754,3.071779,300,300,0,0,5715,0,0,0);

-- ----------------------------------
-- Addons
-- ----------------------------------
INSERT INTO `creature_addon` (`guid`, `mount`, `bytes1`, `b2_0_sheath`, `b2_1_flags`, `emote`, `moveflags`, `auras`) VALUES 
(151782, 0, 0, 1, 16, 0, 0, '31902'),
(151783, 0, 0, 1, 16, 0, 0, '31902'),
(151784, 0, 0, 1, 16, 0, 0, '31902'),
(151785, 0, 0, 1, 16, 0, 0, '31902'),
(151806, 0, 0, 1, 16, 69, 0, '16592'),
(151817, 0, 0, 1, 16, 69, 0, '16592');

UPDATE `creature_template_addon` SET `auras`='16592' WHERE `entry`=18391;

-- ----------------------------------
-- Pools
-- ----------------------------------
DELETE FROM pool_template WHERE entry BETWEEN 398 AND 407;
INSERT INTO pool_template (entry, max_limit, description) VALUES
(398,1,'Kil''sorrow Spellbinder/Cultist 1'),
(399,1,'Kil''sorrow Spellbinder/Cultist 2'),
(400,1,'Kil''sorrow Spellbinder/Cultist 3'),
(401,1,'Kil''sorrow Spellbinder/Cultist 4'),
(402,1,'Kil''sorrow Spellbinder/Cultist 5'),
(403,1,'Kil''sorrow Spellbinder/Cultist 6'),
(404,1,'Kil''sorrow Spellbinder/Cultist 7'),
(405,1,'Kil''sorrow Spellbinder/Cultist 8'),
(406,3,'Kil''sorrow Fortress Dark Worg Stable 1'),
(407,1,'Kil''sorrow Fortress Dark Worg Stable 2');

DELETE FROM pool_creature WHERE pool_entry BETWEEN 398 AND 407;
INSERT INTO pool_creature (guid, pool_entry, chance, description) VALUES
(151771,398,50,'Kil''Sorrow Spellbinder 1'),
(151815,398,50,'Kil''Sorrow Cultist 1'),

(151772,399,50,'Kil''Sorrow Spellbinder 2'),
(151808,399,50,'Kil''Sorrow Cultist 2'),

(151773,400,50,'Kil''Sorrow Spellbinder 3'),
(151811,400,50,'Kil''Sorrow Cultist 3'),

(151774,401,50,'Kil''Sorrow Spellbinder 4'),
(151816,401,50,'Kil''Sorrow Cultist 4'),

(151776,402,50,'Kil''Sorrow Spellbinder 5'),
(151796,402,50,'Kil''Sorrow Cultist 5'),

(151780,403,50,'Kil''Sorrow Spellbinder 6'),
(151795,403,50,'Kil''Sorrow Cultist 6'),

(151781,404,50,'Kil''Sorrow Spellbinder 7'),
(151798,404,50,'Kil''Sorrow Cultist 7'),

(151790,405,50,'Kil''Sorrow Spellbinder 8'),
(151799,405,50,'Kil''Sorrow Cultist 8'),

(151864,406,0,'Dark Worg Stable 1 Spawn 1'),
(151865,406,0,'Dark Worg Stable 1 Spawn 2'),
(151877,406,0,'Dark Worg Stable 1 Spawn 3'),
(151878,406,0,'Dark Worg Stable 1 Spawn 4'),
(151879,406,0,'Dark Worg Stable 1 Spawn 5'),
(151874,406,0,'Dark Worg Stable 1 Spawn 6'),
(151863,406,0,'Dark Worg Stable 1 Spawn 7'),
(151871,406,0,'Dark Worg Stable 1 Spawn 8'),

(151862,407,0,'Dark Worg Stable 2 Spawn 1'),
(151860,407,0,'Dark Worg Stable 2 Spawn 2'),
(151861,407,0,'Dark Worg Stable 2 Spawn 3'),
(151868,407,0,'Dark Worg Stable 2 Spawn 4');

-- ----------------------------------
-- Linking
-- ----------------------------------

INSERT INTO creature_linking (guid, master_guid, flag) VALUES
(151797,151770,512),
(151804,151775,512),
(151810,151786,512),
(151813,151788,512),
(151814,151789,512);

-- ----------------------------------
-- Waypoints
-- ----------------------------------
INSERT INTO `creature_movement` (`id`,`point`,`position_x`,`position_y`,`position_z`,`waittime`,`script_id`,`orientation`) VALUES
(151770,1,-2981.053,6533.41,97.79256,0,0,0),
(151770,2,-2982.886,6518.872,96.93003,0,0,0),
(151770,3,-2972.279,6499.877,91.33967,0,0,0),
(151770,4,-2947.446,6466.739,84.1551,0,0,0),
(151770,5,-2943.927,6460.137,83.43241,0,0,0),
(151770,6,-2929.056,6459.67,82.58634,0,0,0),
(151770,7,-2923.442,6433.533,82.46134,0,0,0),
(151770,8,-2913.055,6413.213,82.4074,0,0,0),
(151770,9,-2899.292,6416.391,82.04545,0,0,0),
(151770,10,-2879.884,6432.936,82.39103,0,0,0),
(151770,11,-2866.552,6441.649,82.75547,0,0,0),
(151770,12,-2857.816,6444.058,82.75547,0,0,0),
(151770,13,-2858.218,6466.858,82.75233,0,0,0),
(151770,14,-2857.816,6444.058,82.75547,0,0,0),
(151770,15,-2866.552,6441.649,82.75547,0,0,0),
(151770,16,-2879.884,6432.936,82.39103,0,0,0),
(151770,17,-2899.292,6416.391,82.04545,0,0,0),
(151770,18,-2913.055,6413.213,82.4074,0,0,0),
(151770,19,-2923.442,6433.533,82.46134,0,0,0),
(151770,20,-2929.056,6459.67,82.58634,0,0,0),
(151770,21,-2943.927,6460.137,83.43241,0,0,0),
(151770,22,-2947.446,6466.739,84.1551,0,0,0),
(151770,23,-2972.279,6499.877,91.33967,0,0,0),
(151770,24,-2982.886,6518.872,96.93003,0,0,0),
(151770,25,-2981.053,6533.41,97.79256,0,0,0),
(151770,26,-2989.642,6543.227,97.79256,0,0,0),
(151770,27,-2999.918,6546.718,97.91756,0,0,0),
(151770,28,-2989.642,6543.227,97.79256,0,0,0),

(151775,1,-2878.803,6570.991,49.01436,0,0,0),
(151775,2,-2899.833,6556.306,55.69653,0,0,0),
(151775,3,-2924.472,6533.658,69.22276,0,0,0),
(151775,4,-2932.699,6517.645,76.73616,0,0,0),
(151775,5,-2933.261,6499.875,81.98237,0,0,0),
(151775,6,-2928.819,6466.733,82.45881,0,0,0),
(151775,7,-2933.374,6459.891,82.71134,0,0,0),
(151775,8,-2947.001,6458.422,83.78898,0,0,0),
(151775,9,-2951.366,6451.252,84.06266,0,0,0),
(151775,10,-2966.403,6450.863,84.96134,0,0,0),
(151775,11,-2951.366,6451.252,84.06266,0,0,0),
(151775,12,-2947.001,6458.422,83.78898,0,0,0),
(151775,13,-2933.374,6459.891,82.71134,0,0,0),
(151775,14,-2928.819,6466.733,82.45881,0,0,0),
(151775,15,-2933.261,6499.875,81.98237,0,0,0),
(151775,16,-2932.741,6517.529,76.60457,0,0,0),
(151775,17,-2924.472,6533.658,69.22276,0,0,0),
(151775,18,-2899.833,6556.306,55.69653,0,0,0),
(151775,19,-2878.803,6570.991,49.01436,0,0,0),
(151775,20,-2855.749,6555.862,40.85206,0,0,0),

(151789,1,-2800.375,6432.741,62.70899,0,0,0),
(151789,2,-2813.894,6437.624,63.46805,0,0,0),
(151789,3,-2822.089,6466.063,63.05643,0,0,0),
(151789,4,-2833.535,6486.23,62.87733,0,0,0),
(151789,5,-2845.4,6500.211,62.02013,0,0,0),
(151789,6,-2866.895,6523.676,56.61101,0,0,0),
(151789,7,-2875.24,6533.176,54.37968,0,0,0),
(151789,8,-2889.303,6558.567,52.30542,0,0,0),
(151789,9,-2886.375,6580.407,49.82686,0,0,0),
(151789,10,-2889.297,6558.6,52.20752,0,0,0),
(151789,11,-2875.24,6533.176,54.37968,0,0,0),
(151789,12,-2866.895,6523.676,56.61101,0,0,0),
(151789,13,-2845.4,6500.211,62.02013,0,0,0),
(151789,14,-2833.535,6486.23,62.87733,0,0,0),
(151789,15,-2822.089,6466.063,63.05643,0,0,0),
(151789,16,-2813.894,6437.624,63.46805,0,0,0),
(151789,17,-2800.375,6432.741,62.70899,0,0,0),
(151789,18,-2782.428,6431.978,61.04139,0,0,0),

(151788,1,-2867.439,6307.764,77.54279,0,0,0),
(151788,2,-2833.449,6304.563,65.49826,0,0,0),
(151788,3,-2820.251,6313.478,63.65468,0,0,0),
(151788,4,-2811.064,6333.319,63.71547,0,0,0),
(151788,5,-2800.327,6352.1,63.54148,0,0,0),
(151788,6,-2792.213,6366.481,63.53901,0,0,0),
(151788,7,-2799.676,6388.983,63.19019,0,0,0),
(151788,8,-2800.321,6399.666,62.34266,0,0,0),
(151788,9,-2796.054,6424.335,62.25868,0,0,0),
(151788,10,-2800.321,6399.666,62.34266,0,0,0),
(151788,11,-2799.676,6388.983,63.19019,0,0,0),
(151788,12,-2792.213,6366.481,63.53901,0,0,0),
(151788,13,-2800.327,6352.1,63.54148,0,0,0),
(151788,14,-2811.064,6333.319,63.71547,0,0,0),
(151788,15,-2820.251,6313.478,63.65468,0,0,0),
(151788,16,-2833.449,6304.563,65.49826,0,0,0),
(151788,17,-2867.439,6307.764,77.54279,0,0,0),
(151788,18,-2878.416,6326.375,83.02692,0,0,0),

(151786,1,-2923.53,6348.927,88.30698,0,0,0),
(151786,2,-2911.74,6366.638,86.12277,0,0,0),
(151786,3,-2911.893,6383.025,84.73821,0,0,0),
(151786,4,-2900.083,6384.457,82.65923,0,0,0),
(151786,5,-2866.759,6392.461,80.9828,0,0,0),
(151786,6,-2853.948,6386.78,79.65498,0,0,0),
(151786,7,-2842.023,6385.775,79.38105,0,0,0),
(151786,8,-2857.746,6387.74,80.24799,0,0,0),
(151786,9,-2857.456,6398.598,79.31879,0,0,0),
(151786,10,-2834.581,6418.426,71.13242,0,0,0),
(151786,11,-2819.072,6434.312,64.01407,0,0,0),
(151786,12,-2834.581,6418.426,71.13242,0,0,0),
(151786,13,-2857.456,6398.598,79.31879,0,0,0),
(151786,14,-2857.746,6387.74,80.24799,0,0,0),
(151786,15,-2842.023,6385.775,79.38105,0,0,0),
(151786,16,-2853.948,6386.78,79.65498,0,0,0),
(151786,17,-2866.759,6392.461,80.9828,0,0,0),
(151786,18,-2900.083,6384.457,82.65923,0,0,0),
(151786,19,-2911.893,6383.025,84.73821,0,0,0),
(151786,20,-2911.74,6366.638,86.12277,0,0,0),
(151786,21,-2923.53,6348.927,88.30698,0,0,0),
(151786,22,-2932.352,6330.253,88.43297,0,0,0),

(151773,1,-2945.232,6323.478,89.62395,0,0,100),
(151773,2,-2959.155,6319.953,88.50652,0,0,100),
(151773,3,-2967.078,6318.835,87.68221,0,0,100),
(151773,4,-2968.813,6321.961,88.57487,18000,1714602,100),
(151773,5,-2960.756,6319.746,88.10429,0,0,100),
(151773,6,-2960.174,6317.34,88.76093,7000,1714603,100),
(151773,7,-2946.525,6321.191,89.73332,0,0,100),
(151773,8,-2937.746,6326.745,89.08513,0,0,100),
(151773,9,-2935.963,6330.98,88.382,0,0,100),
(151773,10,-2939.063,6332.813,88.37883,25000,1714601,100),

(151811,1,-2945.232,6323.478,89.62395,0,0,100),
(151811,2,-2959.155,6319.953,88.50652,0,0,100),
(151811,3,-2967.078,6318.835,87.68221,0,0,100),
(151811,4,-2968.813,6321.961,88.57487,18000,1714602,100),
(151811,5,-2960.756,6319.746,88.10429,0,0,100),
(151811,6,-2960.174,6317.34,88.76093,7000,1714603,100),
(151811,7,-2946.525,6321.191,89.73332,0,0,100),
(151811,8,-2937.746,6326.745,89.08513,0,0,100),
(151811,9,-2935.963,6330.98,88.382,0,0,100),
(151811,10,-2939.063,6332.813,88.37883,25000,1714601,100),

(151781,1,-2976.344,6310.463,87.79397,21000,1714604,4.223697),
(151781,2,-2976.344,6310.463,87.79397,7000,1714605,3.490659),

(151798,1,-2976.344,6310.463,87.79397,21000,1714604,4.223697),
(151798,2,-2976.344,6310.463,87.79397,7000,1714605,3.490659),

(151812,1,-2934.687,6346.611,88.36388,52000,0,0.2792527),
(151812,2,-2934.687,6346.611,88.36388,28000,1714606,2.844887),
(151812,3,-2934.687,6346.611,88.36388,29000,1714607,4.555309),

(151772,1,-2851.465,6442.333,82.75547,17000,1714608,0.1919862),
(151772,2,-2854.688,6441.146,82.75547,7000,1714609,100),

(151808,1,-2851.465,6442.333,82.75547,17000,1714608,0.1919862),
(151808,2,-2854.688,6441.146,82.75547,7000,1714609,100),

(151778,1,-2895.74,6476.68,87.2518,4400,1714610,0.610865),

(151807,1,-2890.32,6479.69,87.2518,4600,1714610,3.50811),

(151776,1,-3014.77,6524.487,99.27354,39000,1714611,2.932153),
(151776,2,-3014.77,6524.487,99.27354,37000,1714612,2.932153),
(151776,3,-3014.77,6524.487,99.27354,23000,1714613,2.932153),

(151796,1,-3014.77,6524.487,99.27354,39000,1714611,2.932153),
(151796,2,-3014.77,6524.487,99.27354,37000,1714612,2.932153),
(151796,3,-3014.77,6524.487,99.27354,23000,1714613,2.932153),

(151816,1,-2784.064,6464.784,64.80181,39000,1714611,0.5585054),
(151816,2,-2784.064,6464.784,64.80181,37000,1714612,0.5585054),
(151816,3,-2784.064,6464.784,64.80181,23000,1714613,0.5585054),

(151774,1,-2784.064,6464.784,64.80181,39000,1714611,0.5585054),
(151774,2,-2784.064,6464.784,64.80181,37000,1714612,0.5585054),
(151774,3,-2784.064,6464.784,64.80181,23000,1714613,0.5585054);

-- ----------------------------------
-- DBScripts
-- ----------------------------------
DELETE FROM `dbscripts_on_creature_movement` WHERE `id` BETWEEN 1714601 AND 1714613;
INSERT INTO `dbscripts_on_creature_movement` (`id`,`delay`,`command`,`datalong`,`datalong2`,`datalong3`,`dataint`,`dataint2`,`dataint3`,`dataint4`,`buddy_entry`,`search_radius`,`data_flags`,`comments`,`x`,`y`,`z`,`o`) VALUES
(1714601,0,1,69,0,0,0,0,0,0,0,0,0,'Kil''Sorrow Spellbinder/Cultist - STATE_USESTANDING',0,0,0,0),
(1714601,24,1,0,0,0,0,0,0,0,0,0,0,'Kil''Sorrow Spellbinder/Cultist - ONESHOT_NONE',0,0,0,0),

(1714602,0,1,69,0,0,0,0,0,0,0,0,0,'Kil''Sorrow Spellbinder/Cultist - STATE_USESTANDING',0,0,0,0),
(1714602,17,1,0,0,0,0,0,0,0,0,0,0,'Kil''Sorrow Spellbinder/Cultist - ONESHOT_NONE',0,0,0,0),

(1714603,1,1,25,0,0,0,0,0,0,0,0,0,'Kil''Sorrow Spellbinder/Cultist - OneShotPoint',0,0,0,0),
(1714603,4,1,21,0,0,0,0,0,0,0,0,0,'Kil''Sorrow Spellbinder/Cultist - OneShotApplaud',0,0,0,0),

(1714604,0,1,69,0,0,0,0,0,0,0,0,0,'Kil''Sorrow Spellbinder/Cultist - STATE_USESTANDING',0,0,0,0),
(1714604,20,1,0,0,0,0,0,0,0,0,0,0,'Kil''Sorrow Spellbinder/Cultist - ONESHOT_NONE',0,0,0,0),

(1714605,1,1,25,0,0,0,0,0,0,0,0,0,'Kil''Sorrow Spellbinder/Cultist - OneShotPoint',0,0,0,0),
(1714605,5,1,6,0,0,0,0,0,0,0,0,0,'Kil''Sorrow Spellbinder/Cultist - OneShotQuestion',0,0,0,0),

(1714606,0,28,1,0,0,0,0,0,0,0,0,0,'Kil''Sorrow Spellbinder/Cultist - Stand State Sit',0,0,0,0),
(1714606,27,28,0,0,0,0,0,0,0,0,0,0,'Kil''Sorrow Spellbinder/Cultist - Stand State Stand',0,0,0,0),

(1714607,1,1,69,0,0,0,0,0,0,0,0,0,'Kil''Sorrow Spellbinder/Cultist - STATE_USESTANDING',0,0,0,0),
(1714607,28,1,0,0,0,0,0,0,0,0,0,0,'Kil''Sorrow Spellbinder/Cultist - ONESHOT_NONE',0,0,0,0),

(1714608,0,1,69,0,0,0,0,0,0,0,0,0,'Kil''Sorrow Spellbinder/Cultist - STATE_USESTANDING',0,0,0,0),
(1714608,16,1,0,0,0,0,0,0,0,0,0,0,'Kil''Sorrow Spellbinder/Cultist - ONESHOT_NONE',0,0,0,0),

(1714609,1,1,25,0,0,0,0,0,0,0,0,0,'Kil''Sorrow Spellbinder/Cultist - OneShotPoint',0,0,0,0),
(1714609,5,1,5,0,0,0,0,0,0,0,0,0,'Kil''Sorrow Spellbinder/Cultist - OneShotExclamation',0,0,0,0),

(1714610,0,1,0,0,0,274,273,396,6,0,0,0,'Kil''Sorrow Spellbinder/Cultist - Random Emote',0,0,0,0),

(1714611,0,1,25,0,0,0,0,0,0,0,0,0,'Kil''Sorrow Spellbinder/Cultist - OneShotPoint',0,0,0,0),
(1714611,0,42,0,0,0,12742,0,0,0,0,0,0,'Kil''Sorrow Spellbinder/Cultist - Equip 12742',0,0,0,0),

(1714612,0,1,25,0,0,0,0,0,0,0,0,0,'Kil''Sorrow Spellbinder/Cultist - OneShotPoint',0,0,0,0),
(1714612,0,42,0,0,0,12862,0,0,0,0,0,0,'Kil''Sorrow Spellbinder/Cultist - Equip 12862',0,0,0,0),

(1714613,0,1,25,0,0,0,0,0,0,0,0,0,'Kil''Sorrow Spellbinder/Cultist - OneShotPoint',0,0,0,0),
(1714613,0,42,0,0,0,12868,0,0,0,0,0,0,'Kil''Sorrow Spellbinder/Cultist - Equip 12868',0,0,0,0);



