-- Zeb'nuwa
-- Rework all spawns, add paths and add pooling

-- ----------------------
-- Templates
-- ----------------------
UPDATE creature_template SET SpeedWalk=(2.5/2.5), SpeedRun=(8/7) WHERE entry=16358; -- Kel'gash the Wicked

-- ----------------------
-- Spawns
-- ----------------------

DELETE FROM `gameobject` WHERE `guid` IN(200039,200040,200041) AND id IN(181325,181326,181327);
INSERT INTO `gameobject` (`guid`, `id`, `map`, `spawnMask`,`position_x`, `position_y`, `position_z`, `orientation`, `rotation0`, `rotation1`, `rotation2`, `rotation3`, `spawntimesecsmin`, `spawntimesecsmax`, `animprogress`, `state`) VALUES 
(200039, 181325, 530, 1, 6810.514, -7413.837, 47.01349, 3.141593, 0, 0, -1, 0, 180, 180, 255, 1),
(200040, 181326, 530, 1, 6772.437, -7350.587, 48.96166, 3.141593, 0, 0, -1, 0, 180, 180, 255, 1),
(200041, 181327, 530, 1, 6610.271, -7352.757, 54.1082, 3.141593, 0, 0, -1, 0, 180, 180, 255, 1);

DELETE FROM creature WHERE id IN(16346,16345);
INSERT INTO creature (guid, id, map, spawnMask, modelid, equipment_id, position_x, position_y, position_z, orientation, spawntimesecsmin, spawntimesecsmax, spawndist, currentwaypoint, curhealth, curmana, DeathState, MovementType) VALUES
-- Shadowpine Hexxer
(152291,16346,530,1,0,0,6500.579,-7455.829,86.24481,2.234021,300,300,0,0,350,390,0,0), -- Pool 1
(152292,16346,530,1,0,0,6539.508,-7416.446,67.69685,0.801134,300,300,0,0,350,390,0,2), -- Pat 4, Pool 2
(152293,16346,530,1,0,0,6550.973,-7413.134,65.63799,0.3779932,300,300,7,0,350,390,0,1), -- Pool 3
(152294,16346,530,1,0,0,6616.819,-7316.603,52.23096,2.504628,300,300,7,0,350,390,0,1), -- Pool 4
(152295,16346,530,1,0,0,6716.526,-7316.276,52.76197,2.369511,300,300,7,0,350,390,0,1), -- Pool 5
(152296,16346,530,1,0,0,6796.171,-7337.428,49.89156,3.717551,300,300,0,0,350,390,0,0), -- Pool 6
(152297,16346,530,1,0,0,6950.909,-7479.964,47.83493,2.600541,300,300,7,0,350,390,0,1), -- Pool 7
(152298,16346,530,1,0,0,6985.871,-7539.855,61.84544,4.235015,300,300,0,0,350,390,0,2), -- Pat 1, Pool 8
(152299,16346,530,1,0,0,7064.538,-7539.898,45.89008,2.059489,300,300,0,0,350,390,0,0), -- Pool 9
(152300,16346,530,1,0,0,7052.569,-7520.293,46.25074,1.356169,300,300,0,0,350,390,0,2), -- Pat 2, Pool 10
(152301,16346,530,1,0,0,7117.026,-7481.017,47.78175,0.5873695,300,300,7,0,350,390,0,1), -- Pool 11
(152302,16346,530,1,0,0,7163.499,-7580.247,48.84246,2.042035,300,300,0,0,350,390,0,0), -- Not Pooled
(152303,16346,530,1,0,0,7184.877,-7546.474,49.15612,3.24549,300,300,7,0,350,390,0,1), -- Not pooled
(152304,16346,530,1,0,0,7150.115,-7556.663,48.05929,4.625123,300,300,0,0,350,390,0,0), -- Not pooled
(152305,16346,530,1,0,0,7083.45,-7450.578,47.69181,4.041921,300,300,7,0,350,390,0,1), -- Not pooled
(152306,16346,530,1,0,0,7008.822,-7528.72,61.86026,6.265732,300,300,0,0,350,390,0,0), -- Pool 12
(152307,16346,530,1,0,0,7017.94,-7450.167,46.54,5.686336,300,300,7,0,350,390,0,1), -- Not pooled
(152308,16346,530,1,0,0,6985.834,-7519.013,61.98864,1.675516,300,300,0,0,350,390,0,0), -- Not pooled
(152309,16346,530,1,0,0,7034.176,-7541.151,45.86117,1.099557,300,300,0,0,350,390,0,0), -- Not pooled
(152310,16346,530,1,0,0,7048.891,-7484.406,46.57567,2.844592,300,300,7,0,350,390,0,1), -- Pool 13
(152311,16346,530,1,0,0,6787.351,-7416.75,47.57154,0.3141593,300,300,0,0,350,390,0,0), -- Not pooled
(152312,16346,530,1,0,0,6813.1,-7437.244,47.74209,1.448623,300,300,0,0,350,390,0,0), -- Pool 14
(152313,16346,530,1,0,0,6807.389,-7385.572,47.40294,5.445427,300,300,0,0,350,390,0,0), -- Not pooled
(152314,16346,530,1,0,0,6843.569,-7409.947,46.43814,3.04766,300,300,0,0,350,390,0,2), -- Pat 3, Pool 15
(152315,16346,530,1,0,0,6817.987,-7348.165,48.21628,0.4202323,300,300,7,0,350,390,0,1), -- Pool 16
(152316,16346,530,1,0,0,6814.851,-7315.854,46.95663,2.473046,300,300,7,0,350,390,0,1), -- Pool 17
(152317,16346,530,1,0,0,6848.546,-7385.624,46.41573,3.514666,300,300,7,0,350,390,0,1), -- Not Pooled
(152318,16346,530,1,0,0,6722.099,-7430.497,51.26733,1.466077,300,300,0,0,350,390,0,0), -- Not pooled
(152319,16346,530,1,0,0,6749.981,-7384.851,51.17376,3.329032,300,300,7,0,350,390,0,1), -- Not pooled
(152320,16346,530,1,0,0,6660.446,-7390.407,57.63844,4.956735,300,300,0,0,350,390,0,0), -- Pool 18
(152321,16346,530,1,0,0,6677.816,-7401.397,70.57837,6.248279,300,300,0,0,350,390,0,0), -- Not pooled
(152322,16346,530,1,0,0,6716.414,-7384.34,52.1568,1.426579,300,300,7,0,350,390,0,1), -- Not pooled
(152323,16346,530,1,0,0,6653.56,-7406.253,70.74104,1.664477,300,300,0,0,350,390,0,2), -- Pat 5, Pool 19
(152324,16346,530,1,0,0,6650.969,-7319.237,52.23096,0.6743814,300,300,7,0,350,390,0,1), -- Not pooled
(152325,16346,530,1,0,0,6610.522,-7349.642,54.05907,4.468043,300,300,0,0,350,390,0,0), -- Pool 20
(152326,16346,530,1,0,0,6586.106,-7283.458,52.40438,5.62297,300,300,7,0,350,390,0,1), -- Not pooled
(152327,16346,530,1,0,0,6634.077,-7363.211,54.55651,2.75762,300,300,0,0,350,390,0,0), -- Pool 21
(152328,16346,530,1,0,0,6611.231,-7375.106,54.84311,1.500983,300,300,0,0,350,390,0,0), -- Not pooled
(152329,16346,530,1,0,0,6506.879,-7452.853,73.13995,5.113815,300,300,0,0,350,390,0,0), -- Pool 22
(152330,16346,530,1,0,0,6579.082,-7380.639,58.49048,0.8059714,300,300,7,0,350,390,0,1), -- Not pooled
(152331,16346,530,1,0,0,6501.684,-7445.166,73.13995,4.276057,300,300,0,0,350,390,0,0), -- Not pooled
-- Shadowpine Catlord
(152332,16345,530,1,0,0,7008.822,-7528.72,61.86026,6.265732,300,300,0,0,377,408,0,0), -- Pool 12
(152333,16345,530,1,0,0,6660.446,-7390.407,57.63844,4.956735,300,300,0,0,377,408,0,0), -- Pool 18
(152334,16345,530,1,0,0,6506.879,-7452.853,73.13995,5.113815,300,300,0,0,377,408,0,0), -- Pool 22
(152335,16345,530,1,0,0,6634.077,-7363.211,54.55651,2.75762,300,300,0,0,377,408,0,0), -- Pool 21
(152336,16345,530,1,0,0,6817.987,-7348.165,48.21628,2.676475,300,300,7,0,377,408,0,1), -- Pool 16
(152337,16345,530,1,0,0,6813.1,-7437.244,47.74209,1.448623,300,300,0,0,377,408,0,0), -- Pool 14
(152338,16345,530,1,0,0,6843.569,-7409.947,46.43814,3.04766,300,300,0,0,377,408,0,2), -- Pat 3, Pool 15
(152339,16345,530,1,0,0,6814.851,-7315.854,46.95663,4.028666,300,300,7,0,377,408,0,1), -- Pool 17
(152340,16345,530,1,0,0,7135.538,-7580.939,48.88337,1.186824,300,300,0,0,377,408,0,0), -- Not pooled
(152341,16345,530,1,0,0,7116.601,-7548.761,47.78175,2.479396,300,300,7,0,377,408,0,1), -- Not pooled
(152342,16345,530,1,0,0,7096.573,-7528.338,48.49631,4.555309,300,300,0,0,377,408,0,0), -- Not pooled
(152343,16345,530,1,0,0,7149.042,-7514.316,47.78175,5.299111,300,300,7,0,377,408,0,1), -- Not pooled
(152344,16345,530,1,0,0,7117.026,-7481.017,47.78175,1.342424,300,300,7,0,377,408,0,1), -- Pool 11
(152345,16345,530,1,0,0,7048.891,-7484.406,46.57567,2.477417,300,300,7,0,377,408,0,1), -- Pool 13
(152346,16345,530,1,0,0,7052.569,-7520.293,46.25074,1.356169,300,300,0,0,377,408,0,2), -- Pat 2, Pool 10
(152347,16345,530,1,0,0,6997.334,-7459.843,47.37888,3.752458,300,300,0,0,377,408,0,0), -- Not pooled
(152348,16345,530,1,0,0,6985.871,-7539.855,61.84544,4.235015,300,300,0,0,377,408,0,2), -- Pat 1, Pool 8
(152349,16345,530,1,0,0,6950.909,-7479.964,47.83493,1.405771,300,300,7,0,377,408,0,1), -- Pool 7
(152350,16345,530,1,0,0,7064.538,-7539.898,45.89008,2.059489,300,300,0,0,377,408,0,0), -- Pool 9
(152351,16345,530,1,0,0,6990.909,-7536.767,48.92687,1.745329,300,300,0,0,377,408,0,0), -- Not pooled
(152352,16345,530,1,0,0,6948.322,-7447.857,47.58634,2.3955,300,300,7,0,377,408,0,1), -- Not pooled
(152353,16345,530,1,0,0,6772.323,-7322.282,49.89156,4.101524,300,300,0,0,377,408,0,0), -- Not pooled
(152354,16345,530,1,0,0,6783.987,-7385.604,49.44264,4.678174,300,300,7,0,377,408,0,1), -- Not pooled
(152355,16345,530,1,0,0,6830.69,-7436.723,46.84937,1.902409,300,300,0,0,377,408,0,0), -- Not pooled
(152356,16345,530,1,0,0,6796.171,-7337.428,49.89156,3.717551,300,300,0,0,377,408,0,0), -- Pool 6
(152357,16345,530,1,0,0,6662.502,-7385.842,70.55701,1.553343,300,300,0,0,377,408,0,0), -- Not pooled
(152358,16345,530,1,0,0,6716.23,-7351.887,53.55331,2.492079,300,300,7,0,377,408,0,1), -- Not pooled
(152359,16345,530,1,0,0,6743.168,-7430.301,50.41813,4.939282,300,300,0,0,377,408,0,0), -- Not pooled
(152360,16345,530,1,0,0,6716.526,-7316.276,52.76197,3.806461,300,300,7,0,377,408,0,1), -- Pool 5
(152361,16345,530,1,0,0,6649.229,-7286.746,52.23096,1.762573,300,300,7,0,377,408,0,1), -- Not pooled
(152362,16345,530,1,0,0,6653.56,-7406.253,70.74104,1.664477,300,300,0,0,377,408,0,2), -- Pat 5, Pool 19
(152363,16345,530,1,0,0,6681.729,-7318.629,52.23097,0.7818556,300,300,7,0,377,408,0,1), -- Not pooled
(152364,16345,530,1,0,0,6616.819,-7316.603,52.23096,1.911081,300,300,7,0,377,408,0,1), -- Pool 4
(152365,16345,530,1,0,0,6592.692,-7331.265,55.11469,1.919862,300,300,0,0,377,408,0,0), -- Not pooled
(152366,16345,530,1,0,0,6539.508,-7416.446,67.69685,0.801134,300,300,0,0,377,408,0,2), -- Pat 4, Pool 2
(152367,16345,530,1,0,0,6500.579,-7455.829,86.24481,2.234021,300,300,0,0,377,408,0,0), -- Pool 1
(152368,16345,530,1,0,0,6610.522,-7349.642,54.05907,4.468043,300,300,0,0,377,408,0,0), -- Pool 20
(152369,16345,530,1,0,0,6550.973,-7413.134,65.63799,5.082168,300,300,7,0,377,408,0,1); -- Pool 3

-- ----------------------
-- Pools
-- ----------------------

DELETE FROM pool_template WHERE entry BETWEEN 431 AND 452;
INSERT INTO pool_template (entry, max_limit, description) VALUES
(431,1,'Zeb''Nowa - Shadowpine Catlord/Hexxer 1'),
(432,1,'Zeb''Nowa - Shadowpine Catlord/Hexxer 2'),
(433,1,'Zeb''Nowa - Shadowpine Catlord/Hexxer 3'),
(434,1,'Zeb''Nowa - Shadowpine Catlord/Hexxer 4'),
(435,1,'Zeb''Nowa - Shadowpine Catlord/Hexxer 5'),
(436,1,'Zeb''Nowa - Shadowpine Catlord/Hexxer 6'),
(437,1,'Zeb''Nowa - Shadowpine Catlord/Hexxer 7'),
(438,1,'Zeb''Nowa - Shadowpine Catlord/Hexxer 8'),
(439,1,'Zeb''Nowa - Shadowpine Catlord/Hexxer 9'),
(440,1,'Zeb''Nowa - Shadowpine Catlord/Hexxer 10'),
(441,1,'Zeb''Nowa - Shadowpine Catlord/Hexxer 11'),
(442,1,'Zeb''Nowa - Shadowpine Catlord/Hexxer 12'),
(443,1,'Zeb''Nowa - Shadowpine Catlord/Hexxer 13'),
(444,1,'Zeb''Nowa - Shadowpine Catlord/Hexxer 14'),
(445,1,'Zeb''Nowa - Shadowpine Catlord/Hexxer 15'),
(446,1,'Zeb''Nowa - Shadowpine Catlord/Hexxer 16'),
(447,1,'Zeb''Nowa - Shadowpine Catlord/Hexxer 17'),
(448,1,'Zeb''Nowa - Shadowpine Catlord/Hexxer 18'),
(449,1,'Zeb''Nowa - Shadowpine Catlord/Hexxer 19'),
(450,1,'Zeb''Nowa - Shadowpine Catlord/Hexxer 20'),
(451,1,'Zeb''Nowa - Shadowpine Catlord/Hexxer 21'),
(452,1,'Zeb''Nowa - Shadowpine Catlord/Hexxer 22');

DELETE FROM pool_creature WHERE pool_entry BETWEEN 431 AND 452;
INSERT INTO pool_creature (guid, pool_entry, chance, description) VALUES
(152291,431,50,'Zeb''Nowa - Shadowpine Hexxer 1'),
(152367,431,50,'Zeb''Nowa - Shadowpine Catlord 1'),

(152292,432,50,'Zeb''Nowa - Shadowpine Hexxer 2'),
(152366,432,50,'Zeb''Nowa - Shadowpine Catlord 2'),

(152293,433,50,'Zeb''Nowa - Shadowpine Hexxer 3'),
(152369,433,50,'Zeb''Nowa - Shadowpine Catlord 3'),

(152294,434,50,'Zeb''Nowa - Shadowpine Hexxer 4'),
(152364,434,50,'Zeb''Nowa - Shadowpine Catlord 4'),

(152295,435,50,'Zeb''Nowa - Shadowpine Hexxer 5'),
(152360,435,50,'Zeb''Nowa - Shadowpine Catlord 5'),

(152296,436,50,'Zeb''Nowa - Shadowpine Hexxer 6'),
(152356,436,50,'Zeb''Nowa - Shadowpine Catlord 6'),

(152297,437,50,'Zeb''Nowa - Shadowpine Hexxer 7'),
(152349,437,50,'Zeb''Nowa - Shadowpine Catlord 7'),

(152298,438,50,'Zeb''Nowa - Shadowpine Hexxer 8'),
(152348,438,50,'Zeb''Nowa - Shadowpine Catlord 8'),

(152299,439,50,'Zeb''Nowa - Shadowpine Hexxer 9'),
(152350,439,50,'Zeb''Nowa - Shadowpine Catlord 9'),

(152300,440,50,'Zeb''Nowa - Shadowpine Hexxer 10'),
(152346,440,50,'Zeb''Nowa - Shadowpine Catlord 10'),

(152301,441,50,'Zeb''Nowa - Shadowpine Hexxer 11'),
(152344,441,50,'Zeb''Nowa - Shadowpine Catlord 11'),

(152306,442,50,'Zeb''Nowa - Shadowpine Hexxer 12'),
(152332,442,50,'Zeb''Nowa - Shadowpine Catlord 12'),

(152310,443,50,'Zeb''Nowa - Shadowpine Hexxer 13'),
(152345,443,50,'Zeb''Nowa - Shadowpine Catlord 13'),

(152312,444,50,'Zeb''Nowa - Shadowpine Hexxer 14'),
(152337,444,50,'Zeb''Nowa - Shadowpine Catlord 14'),

(152314,445,50,'Zeb''Nowa - Shadowpine Hexxer 15'),
(152338,445,50,'Zeb''Nowa - Shadowpine Catlord 15'),

(152315,446,50,'Zeb''Nowa - Shadowpine Hexxer 16'),
(152336,446,50,'Zeb''Nowa - Shadowpine Catlord 16'),

(152316,447,50,'Zeb''Nowa - Shadowpine Hexxer 17'),
(152339,447,50,'Zeb''Nowa - Shadowpine Catlord 17'),

(152320,448,50,'Zeb''Nowa - Shadowpine Hexxer 18'),
(152333,448,50,'Zeb''Nowa - Shadowpine Catlord 18'),

(152323,449,50,'Zeb''Nowa - Shadowpine Hexxer 19'),
(152362,449,50,'Zeb''Nowa - Shadowpine Catlord 19'),

(152325,450,50,'Zeb''Nowa - Shadowpine Hexxer 20'),
(152368,450,50,'Zeb''Nowa - Shadowpine Catlord 20'),

(152327,451,50,'Zeb''Nowa - Shadowpine Hexxer 21'),
(152335,451,50,'Zeb''Nowa - Shadowpine Catlord 21'),

(152329,452,50,'Zeb''Nowa - Shadowpine Hexxer 22'),
(152334,452,50,'Zeb''Nowa - Shadowpine Catlord 22');

-- ----------------------
-- Paths
-- ----------------------

-- Pat 1.1
DELETE FROM `creature_movement` WHERE `id`=152298;
INSERT INTO `creature_movement` (`id`,`point`,`position_x`,`position_y`,`position_z`,`waittime`,`script_id`,`orientation`) VALUES
(152298,1,6981.897,-7547.537,61.8286,0,0,0),
(152298,2,6989.535,-7552.494,59.41551,0,0,0),
(152298,3,6999.896,-7552.047,56.28938,0,0,0),
(152298,4,6996.502,-7538.88,56.288,0,0,0),
(152298,5,7002.264,-7533.874,53.50019,0,0,0),
(152298,6,7002.215,-7528.097,49.74519,0,0,0),
(152298,7,6992.991,-7522.231,48.84354,0,0,0),
(152298,8,6987.096,-7510.236,48.83638,0,0,0),
(152298,9,6984.375,-7495.834,45.79904,0,0,0),
(152298,10,6972.151,-7467.01,47.04904,0,0,0),
(152298,11,6981.916,-7440.968,47.30861,0,0,0),
(152298,12,6972.124,-7466.882,47.04904,0,0,0),
(152298,13,6986.206,-7490.85,46.08444,0,0,0),
(152298,14,7021.828,-7503.566,45.89935,0,0,0),
(152298,15,7049.295,-7519.16,45.85497,0,0,0),
(152298,16,7021.828,-7503.566,45.89935,0,0,0),
(152298,17,6986.206,-7490.85,46.08444,0,0,0),
(152298,18,6972.124,-7466.882,47.04904,0,0,0),
(152298,19,6981.916,-7440.968,47.30861,0,0,0),
(152298,20,6972.151,-7467.01,47.04904,0,0,0),
(152298,21,6983.799,-7495.741,45.74777,0,0,0),
(152298,22,6987.096,-7510.236,48.83638,0,0,0),
(152298,23,6992.991,-7522.231,48.84354,0,0,0),
(152298,24,7002.215,-7528.097,49.74519,0,0,0),
(152298,25,7002.264,-7533.874,53.50019,0,0,0),
(152298,26,6996.502,-7538.88,56.288,0,0,0),
(152298,27,6999.844,-7551.848,56.28206,0,0,0),
(152298,28,6989.535,-7552.494,59.41551,0,0,0),
(152298,29,6981.897,-7547.537,61.8286,0,0,0),
(152298,30,6986.944,-7539.802,61.7621,0,0,0);

-- Pat 1.2
DELETE FROM `creature_movement` WHERE `id`=152348;
INSERT INTO `creature_movement` (`id`,`point`,`position_x`,`position_y`,`position_z`,`waittime`,`script_id`,`orientation`) VALUES
(152348,1,6981.897,-7547.537,61.8286,0,0,0),
(152348,2,6989.535,-7552.494,59.41551,0,0,0),
(152348,3,6999.896,-7552.047,56.28938,0,0,0),
(152348,4,6996.502,-7538.88,56.288,0,0,0),
(152348,5,7002.264,-7533.874,53.50019,0,0,0),
(152348,6,7002.215,-7528.097,49.74519,0,0,0),
(152348,7,6992.991,-7522.231,48.84354,0,0,0),
(152348,8,6987.096,-7510.236,48.83638,0,0,0),
(152348,9,6984.375,-7495.834,45.79904,0,0,0),
(152348,10,6972.151,-7467.01,47.04904,0,0,0),
(152348,11,6981.916,-7440.968,47.30861,0,0,0),
(152348,12,6972.124,-7466.882,47.04904,0,0,0),
(152348,13,6986.206,-7490.85,46.08444,0,0,0),
(152348,14,7021.828,-7503.566,45.89935,0,0,0),
(152348,15,7049.295,-7519.16,45.85497,0,0,0),
(152348,16,7021.828,-7503.566,45.89935,0,0,0),
(152348,17,6986.206,-7490.85,46.08444,0,0,0),
(152348,18,6972.124,-7466.882,47.04904,0,0,0),
(152348,19,6981.916,-7440.968,47.30861,0,0,0),
(152348,20,6972.151,-7467.01,47.04904,0,0,0),
(152348,21,6983.799,-7495.741,45.74777,0,0,0),
(152348,22,6987.096,-7510.236,48.83638,0,0,0),
(152348,23,6992.991,-7522.231,48.84354,0,0,0),
(152348,24,7002.215,-7528.097,49.74519,0,0,0),
(152348,25,7002.264,-7533.874,53.50019,0,0,0),
(152348,26,6996.502,-7538.88,56.288,0,0,0),
(152348,27,6999.844,-7551.848,56.28206,0,0,0),
(152348,28,6989.535,-7552.494,59.41551,0,0,0),
(152348,29,6981.897,-7547.537,61.8286,0,0,0),
(152348,30,6986.944,-7539.802,61.7621,0,0,0);

-- Pat 2.1
DELETE FROM `creature_movement` WHERE `id`=152300;
INSERT INTO `creature_movement` (`id`,`point`,`position_x`,`position_y`,`position_z`,`waittime`,`script_id`,`orientation`) VALUES
(152300,1,7061.141,-7480.873,47.76456,0,0,0),
(152300,2,7086.888,-7469.198,47.87947,0,0,0),
(152300,3,7120.253,-7478.431,47.95727,0,0,0),
(152300,4,7158.033,-7495.03,48.4225,0,0,0),
(152300,5,7183.479,-7508.463,50.49898,0,0,0),
(152300,6,7193.087,-7526.864,48.45894,0,0,0),
(152300,7,7182.279,-7550.295,49.41834,0,0,0),
(152300,8,7149.923,-7553.127,48.06218,0,0,0),
(152300,9,7123.225,-7541.275,47.77497,0,0,0),
(152300,10,7107.776,-7519.825,48.06849,0,0,0),
(152300,11,7078.566,-7522.566,47.6736,0,0,0),
(152300,12,7054.718,-7515.056,45.82531,0,0,0);

-- Pat 2.2
DELETE FROM `creature_movement` WHERE `id`=152346;
INSERT INTO `creature_movement` (`id`,`point`,`position_x`,`position_y`,`position_z`,`waittime`,`script_id`,`orientation`) VALUES
(152346,1,7061.141,-7480.873,47.76456,0,0,0),
(152346,2,7086.888,-7469.198,47.87947,0,0,0),
(152346,3,7120.253,-7478.431,47.95727,0,0,0),
(152346,4,7158.033,-7495.03,48.4225,0,0,0),
(152346,5,7183.479,-7508.463,50.49898,0,0,0),
(152346,6,7193.087,-7526.864,48.45894,0,0,0),
(152346,7,7182.279,-7550.295,49.41834,0,0,0),
(152346,8,7149.923,-7553.127,48.06218,0,0,0),
(152346,9,7123.225,-7541.275,47.77497,0,0,0),
(152346,10,7107.776,-7519.825,48.06849,0,0,0),
(152346,11,7078.566,-7522.566,47.6736,0,0,0),
(152346,12,7054.718,-7515.056,45.82531,0,0,0);

-- Pat 3.1
DELETE FROM `creature_movement` WHERE `id`=152314;
INSERT INTO `creature_movement` (`id`,`point`,`position_x`,`position_y`,`position_z`,`waittime`,`script_id`,`orientation`) VALUES
(152314,1,6816.644,-7407.396,48.21939,0,0,0),
(152314,2,6790.03,-7391.276,47.95456,0,0,0),
(152314,3,6775.287,-7359.67,49.27048,0,0,0),
(152314,4,6760.449,-7356.145,48.84367,0,0,0),
(152314,5,6736.911,-7385.608,51.53582,0,0,0),
(152314,6,6706.392,-7408.471,51.19869,0,0,0),
(152314,7,6736.911,-7385.608,51.53582,0,0,0),
(152314,8,6760.449,-7356.145,48.84367,0,0,0),
(152314,9,6775.287,-7359.67,49.27048,0,0,0),
(152314,10,6790.03,-7391.276,47.95456,0,0,0),
(152314,11,6816.644,-7407.396,48.21939,0,0,0),
(152314,12,6843.5,-7409.588,46.4158,0,0,0);

-- Pat 3.2
DELETE FROM `creature_movement` WHERE `id`=152338;
INSERT INTO `creature_movement` (`id`,`point`,`position_x`,`position_y`,`position_z`,`waittime`,`script_id`,`orientation`) VALUES
(152338,1,6816.644,-7407.396,48.21939,0,0,0),
(152338,2,6790.03,-7391.276,47.95456,0,0,0),
(152338,3,6775.287,-7359.67,49.27048,0,0,0),
(152338,4,6760.449,-7356.145,48.84367,0,0,0),
(152338,5,6736.911,-7385.608,51.53582,0,0,0),
(152338,6,6706.392,-7408.471,51.19869,0,0,0),
(152338,7,6736.911,-7385.608,51.53582,0,0,0),
(152338,8,6760.449,-7356.145,48.84367,0,0,0),
(152338,9,6775.287,-7359.67,49.27048,0,0,0),
(152338,10,6790.03,-7391.276,47.95456,0,0,0),
(152338,11,6816.644,-7407.396,48.21939,0,0,0),
(152338,12,6843.5,-7409.588,46.4158,0,0,0);

-- Pat 4.1
DELETE FROM `creature_movement` WHERE `id`=152292;
INSERT INTO `creature_movement` (`id`,`point`,`position_x`,`position_y`,`position_z`,`waittime`,`script_id`,`orientation`) VALUES
(152292,1,6558.991,-7396.349,61.79305,0,0,0),
(152292,2,6584.465,-7368.215,56.64576,0,0,0),
(152292,3,6598.534,-7348.974,54.28678,0,0,0),
(152292,4,6615.359,-7339.764,53.56255,0,0,0),
(152292,5,6647.187,-7348.865,53.18269,0,0,0),
(152292,6,6682.19,-7368.343,54.08907,0,0,0),
(152292,7,6703.269,-7370.278,53.04815,0,0,0),
(152292,8,6728.651,-7395.892,51.54815,0,0,0),
(152292,9,6753.04,-7417.468,51.44706,0,0,0),
(152292,10,6728.651,-7395.892,51.54815,0,0,0),
(152292,11,6703.269,-7370.278,53.04815,0,0,0),
(152292,12,6682.19,-7368.343,54.08907,0,0,0),
(152292,13,6647.187,-7348.865,53.18269,0,0,0),
(152292,14,6615.359,-7339.764,53.56255,0,0,0),
(152292,15,6598.534,-7348.974,54.28678,0,0,0),
(152292,16,6584.465,-7368.215,56.64576,0,0,0),
(152292,17,6558.991,-7396.349,61.79305,0,0,0),
(152292,18,6542.071,-7417.913,67.30096,0,0,0);

-- Pat 4.2
DELETE FROM `creature_movement` WHERE `id`=152366;
INSERT INTO `creature_movement` (`id`,`point`,`position_x`,`position_y`,`position_z`,`waittime`,`script_id`,`orientation`) VALUES
(152366,1,6558.991,-7396.349,61.79305,0,0,0),
(152366,2,6584.465,-7368.215,56.64576,0,0,0),
(152366,3,6598.534,-7348.974,54.28678,0,0,0),
(152366,4,6615.359,-7339.764,53.56255,0,0,0),
(152366,5,6647.187,-7348.865,53.18269,0,0,0),
(152366,6,6682.19,-7368.343,54.08907,0,0,0),
(152366,7,6703.269,-7370.278,53.04815,0,0,0),
(152366,8,6728.651,-7395.892,51.54815,0,0,0),
(152366,9,6753.04,-7417.468,51.44706,0,0,0),
(152366,10,6728.651,-7395.892,51.54815,0,0,0),
(152366,11,6703.269,-7370.278,53.04815,0,0,0),
(152366,12,6682.19,-7368.343,54.08907,0,0,0),
(152366,13,6647.187,-7348.865,53.18269,0,0,0),
(152366,14,6615.359,-7339.764,53.56255,0,0,0),
(152366,15,6598.534,-7348.974,54.28678,0,0,0),
(152366,16,6584.465,-7368.215,56.64576,0,0,0),
(152366,17,6558.991,-7396.349,61.79305,0,0,0),
(152366,18,6542.071,-7417.913,67.30096,0,0,0);

-- Pat 5.1
DELETE FROM `creature_movement` WHERE `id`=152323;
INSERT INTO `creature_movement` (`id`,`point`,`position_x`,`position_y`,`position_z`,`waittime`,`script_id`,`orientation`) VALUES
(152323,1,6652.225,-7392.04,70.47366,0,0,0),
(152323,2,6645.212,-7388.861,70.53851,0,0,0),
(152323,3,6641.339,-7398.835,67.98103,0,0,0),
(152323,4,6643.847,-7409.514,64.99554,0,0,0),
(152323,5,6656.481,-7402.094,64.99205,0,0,0),
(152323,6,6660.882,-7406.816,62.74853,0,0,0),
(152323,7,6667.702,-7405.815,58.3944,0,0,0),
(152323,8,6674.52,-7392.116,57.5551,0,0,0),
(152323,9,6686.496,-7386.052,57.5435,0,0,0),
(152323,10,6701.096,-7375.452,52.98748,0,0,0),
(152323,11,6713.958,-7335.453,52.83438,0,0,0),
(152323,12,6705.365,-7304.641,51.35052,0,0,0),
(152323,13,6667.696,-7315.061,52.24347,0,0,0),
(152323,14,6656.718,-7350.432,53.86433,0,0,0),
(152323,15,6671.56,-7365.549,55.21917,0,0,0),
(152323,16,6700.926,-7375.479,52.79815,0,0,0),
(152323,17,6687.011,-7386.022,57.5435,0,0,0),
(152323,18,6674.511,-7391.929,57.5551,0,0,0),
(152323,19,6667.743,-7405.689,58.30771,0,0,0),
(152323,20,6661.009,-7406.887,62.68232,0,0,0),
(152323,21,6656.467,-7402.083,64.99275,0,0,0),
(152323,22,6643.857,-7409.591,64.99513,0,0,0),
(152323,23,6641.331,-7398.935,67.93543,0,0,0),
(152323,24,6645.214,-7388.875,70.53832,0,0,0),
(152323,25,6652.309,-7391.977,70.47366,0,0,0),
(152323,26,6662.746,-7386.941,70.47369,0,0,0),
(152323,27,6672.836,-7390.348,70.59593,0,0,0),
(152323,28,6674.759,-7402.299,70.48702,0,0,0),
(152323,29,6665.353,-7409.669,70.42125,0,0,0),
(152323,30,6653.061,-7404.968,70.65191,0,0,0);

-- Pat 5.2
DELETE FROM `creature_movement` WHERE `id`=152362;
INSERT INTO `creature_movement` (`id`,`point`,`position_x`,`position_y`,`position_z`,`waittime`,`script_id`,`orientation`) VALUES
(152362,1,6652.225,-7392.04,70.47366,0,0,0),
(152362,2,6645.212,-7388.861,70.53851,0,0,0),
(152362,3,6641.339,-7398.835,67.98103,0,0,0),
(152362,4,6643.847,-7409.514,64.99554,0,0,0),
(152362,5,6656.481,-7402.094,64.99205,0,0,0),
(152362,6,6660.882,-7406.816,62.74853,0,0,0),
(152362,7,6667.702,-7405.815,58.3944,0,0,0),
(152362,8,6674.52,-7392.116,57.5551,0,0,0),
(152362,9,6686.496,-7386.052,57.5435,0,0,0),
(152362,10,6701.096,-7375.452,52.98748,0,0,0),
(152362,11,6713.958,-7335.453,52.83438,0,0,0),
(152362,12,6705.365,-7304.641,51.35052,0,0,0),
(152362,13,6667.696,-7315.061,52.24347,0,0,0),
(152362,14,6656.718,-7350.432,53.86433,0,0,0),
(152362,15,6671.56,-7365.549,55.21917,0,0,0),
(152362,16,6700.926,-7375.479,52.79815,0,0,0),
(152362,17,6687.011,-7386.022,57.5435,0,0,0),
(152362,18,6674.511,-7391.929,57.5551,0,0,0),
(152362,19,6667.743,-7405.689,58.30771,0,0,0),
(152362,20,6661.009,-7406.887,62.68232,0,0,0),
(152362,21,6656.467,-7402.083,64.99275,0,0,0),
(152362,22,6643.857,-7409.591,64.99513,0,0,0),
(152362,23,6641.331,-7398.935,67.93543,0,0,0),
(152362,24,6645.214,-7388.875,70.53832,0,0,0),
(152362,25,6652.309,-7391.977,70.47366,0,0,0),
(152362,26,6662.746,-7386.941,70.47369,0,0,0),
(152362,27,6672.836,-7390.348,70.59593,0,0,0),
(152362,28,6674.759,-7402.299,70.48702,0,0,0),
(152362,29,6665.353,-7409.669,70.42125,0,0,0),
(152362,30,6653.061,-7404.968,70.65191,0,0,0);

