UPDATE creature_template SET SpeedWalk=(2.5/2.5), SpeedRun=(8/7) WHERE entry IN(16344,16469);


DELETE FROM creature WHERE id IN(16344,16469);
INSERT INTO creature (guid, id, map, spawnMask, modelid, equipment_id, position_x, position_y, position_z, orientation, spawntimesecsmin, spawntimesecsmax, spawndist, currentwaypoint, curhealth, curmana, DeathState, MovementType) VALUES
-- Shadowpine Headhunter
(152370,16344,530,1,0,0,7415.768,-7815.705,145.0606,2.252193,300,300,5,0,386,0,0,1), -- Pool 1
(152371,16344,530,1,0,0,7422.853,-7923.249,157.1437,2.495821,300,300,0,0,386,0,0,0), -- Pool 2
(152372,16344,530,1,0,0,7392.21,-7930.51,158.7997,0.7853982,300,300,0,0,386,0,0,0), -- Pool 3
(152373,16344,530,1,0,0,7451.208,-7978.112,159.0215,5.718613,300,300,5,0,386,0,0,1), -- Pool 4
(152374,16344,530,1,0,0,7447.426,-7848.057,154.1749,0.3015755,300,300,5,0,386,0,0,1), -- Pool 5
(152375,16344,530,1,0,0,7485.4,-7848.958,153.5959,1.256637,300,300,5,0,386,0,0,1), -- Pool 6
(152376,16344,530,1,0,0,7351.321,-7820.854,148.0578,1.48353,300,300,0,0,386,0,0,0), -- Pool 7
(152377,16344,530,1,0,0,7419.236,-7783.987,139.3956,4.980129,300,300,5,0,386,0,0,1), -- Pool 8
(152378,16344,530,1,0,0,7243.535,-7799.12,148.6665,3.764764,300,300,5,0,386,0,0,1), -- Pool 9
(152379,16344,530,1,0,0,7280.241,-7721.441,149.2798,3.386423,300,300,5,0,386,0,0,1), -- Pool 10
(152380,16344,530,1,0,0,7283.747,-7825.28,151.4969,1.082104,300,300,0,0,386,0,0,0), -- Pool 11
(152381,16344,530,1,0,0,7299.016,-7818.042,151.6078,2.076942,300,300,0,0,386,0,0,0), -- Pool 12
(152382,16344,530,1,0,0,7257.978,-7751.002,150.0515,0.7434557,300,300,0,0,386,0,0,2), -- Pool 13, Pat 1
(152383,16344,530,1,0,0,7316.434,-7749.913,150.193,2.655375,300,300,5,0,386,0,0,1), -- Pool 14
(152384,16344,530,1,0,0,7277.894,-7781.605,163.1289,5.916666,300,300,0,0,386,0,0,0), -- Not pooled
(152385,16344,530,1,0,0,7284.977,-7762.824,163.0204,0.6283185,300,300,0,0,386,0,0,0), -- Pool 15
(152386,16344,530,1,0,0,7267.646,-7765.635,150.1019,0.7679449,300,300,0,0,386,0,0,0), -- Not pooled
(152387,16344,530,1,0,0,7240.626,-7761.362,147.9993,4.858146,300,300,0,0,386,0,0,2), -- Pool 16, Pat 2
(152388,16344,530,1,0,0,7303.018,-7781.799,147.9993,1.047198,300,300,0,0,386,0,0,0), -- Pool 17
(152389,16344,530,1,0,0,7360.366,-7832.708,148.1338,1.32645,300,300,0,0,386,0,0,0), -- Not pooled
(152390,16344,530,1,0,0,7416.536,-7881.026,157.7263,3.088683,300,300,5,0,386,0,0,1), -- Pool 18
(152391,16344,530,1,0,0,7384.82,-7789.476,148.0061,5.936723,300,300,5,0,386,0,0,1), -- Pool 19
(152392,16344,530,1,0,0,7512.636,-7820.24,147.9263,4.310284,300,300,5,0,386,0,0,1), -- Pool 20
(152393,16344,530,1,0,0,7379.521,-7888.095,155.4846,3.246312,300,300,0,0,386,0,0,0), -- Pool 21
(152394,16344,530,1,0,0,7405.499,-7989.741,161.2887,2.809098,300,300,0,0,386,0,0,2), -- Pool 22, Pat 3
(152395,16344,530,1,0,0,7452.45,-7888.83,158.6644,5.811946,300,300,0,0,386,0,0,0), -- Pool 23
(152396,16344,530,1,0,0,7401.941,-7975.172,161.3328,0.8028514,300,300,0,0,386,0,0,0), -- Not pooled
(152397,16344,530,1,0,0,7411.854,-7846.055,151.3382,1.870534,300,300,5,0,386,0,0,1), -- Pool 24
(152398,16344,530,1,0,0,7425.339,-7965.402,174.3473,0.7853982,300,300,0,0,386,0,0,0), -- Pool 25
(152399,16344,530,1,0,0,7486.737,-7889.981,159.1365,3.106686,300,300,0,0,386,0,0,0), -- Not pooled
(152400,16344,530,1,0,0,7466.088,-7933.677,160.0998,0.01745329,300,300,0,0,386,0,0,0), -- Not pooled
-- Shadowpine Shadowcaster
(152405,16469,530,1,0,0,7405.499,-7989.741,161.2887,2.809098,300,300,0,0,350,390,0,2), -- Pool 22, Pat 3
(152406,16469,530,1,0,0,7411.854,-7846.055,151.3382,2.305245,300,300,5,0,350,390,0,1), -- Pool 24
(152407,16469,530,1,0,0,7284.977,-7762.824,163.0204,0.6283185,300,300,0,0,350,390,0,0), -- Pool 15
(152408,16469,530,1,0,0,7240.626,-7761.362,147.9993,4.858146,300,300,0,0,350,390,0,2), -- Pool 16, Pat 2
(152409,16469,530,1,0,0,7425.339,-7965.402,174.3473,0.7853982,300,300,0,0,350,390,0,0), -- Pool 25
(152410,16469,530,1,0,0,7512.636,-7820.24,147.9263,4.625163,300,300,5,0,350,390,0,1), -- Pool 20
(152411,16469,530,1,0,0,7303.018,-7781.799,147.9993,1.047198,300,300,0,0,350,390,0,0), -- Pool 17
(152412,16469,530,1,0,0,7257.978,-7751.002,150.0515,0.7434557,300,300,0,0,350,390,0,2), -- Pool 13, Pat 1
(152413,16469,530,1,0,0,7316.434,-7749.913,150.193,3.910245,300,300,5,0,350,390,0,1), -- Pool 14
(152414,16469,530,1,0,0,7299.016,-7818.042,151.6078,2.076942,300,300,0,0,350,390,0,0), -- Pool 12
(152415,16469,530,1,0,0,7280.241,-7721.441,149.2798,4.003805,300,300,5,0,350,390,0,1), -- Pool 10
(152416,16469,530,1,0,0,7275.17,-7759.247,150.1019,3.787364,300,300,0,0,350,390,0,0), -- Not pooled
(152417,16469,530,1,0,0,7384.82,-7789.476,148.0061,5.766915,300,300,5,0,350,390,0,1), -- Pool 19
(152418,16469,530,1,0,0,7264.244,-7759.489,163.2228,1.797689,300,300,0,0,350,390,0,0), -- Not pooled
(152419,16469,530,1,0,0,7283.747,-7825.28,151.4969,1.082104,300,300,0,0,350,390,0,0), -- Pool 11
(152420,16469,530,1,0,0,7334.448,-7823.753,147.3573,0.6632251,300,300,0,0,350,390,0,0), -- Not pooled
(152421,16469,530,1,0,0,7243.535,-7799.12,148.6665,5.156096,300,300,5,0,350,390,0,1), -- Pool 9
(152422,16469,530,1,0,0,7419.236,-7783.987,139.3956,5.271454,300,300,5,0,350,390,0,1), -- Pool 8
(152423,16469,530,1,0,0,7351.321,-7820.854,148.0578,1.48353,300,300,0,0,350,390,0,0), -- Pool 7
(152424,16469,530,1,0,0,7415.768,-7815.705,145.0606,5.759191,300,300,5,0,350,390,0,1), -- Pool 1
(152425,16469,530,1,0,0,7452.45,-7888.83,158.6644,5.811946,300,300,0,0,350,390,0,0), -- Pool 23
(152426,16469,530,1,0,0,7379.521,-7888.095,155.4846,3.246312,300,300,0,0,350,390,0,0), -- Pool 21
(152427,16469,530,1,0,0,7385.241,-7837.181,147.7531,3.769911,300,300,0,0,350,390,0,0), -- Not pooled
(152428,16469,530,1,0,0,7447.426,-7848.057,154.1749,2.184373,300,300,5,0,350,390,0,1), -- Pool 5
(152429,16469,530,1,0,0,7416.536,-7881.026,157.7263,4.166202,300,300,5,0,350,390,0,1), -- Pool 18
(152430,16469,530,1,0,0,7474.079,-7908.469,159.3931,2.268928,300,300,0,0,350,390,0,0), -- Not pooled
(152431,16469,530,1,0,0,7407.708,-7953.319,174.3745,1.58825,300,300,0,0,350,390,0,0), -- Not pooled
(152432,16469,530,1,0,0,7451.208,-7978.112,159.0215,0.06651405,300,300,5,0,350,390,0,1), -- Pool 4
(152433,16469,530,1,0,0,7485.4,-7848.958,153.5959,5.925844,300,300,5,0,350,390,0,1), -- Pool 6
(152434,16469,530,1,0,0,7392.21,-7930.51,158.7997,0.7853982,300,300,0,0,350,390,0,0), -- Pool 3
(152435,16469,530,1,0,0,7422.853,-7923.249,157.1437,2.495821,300,300,0,0,350,390,0,0); -- Pool 2


DELETE FROM pool_template WHERE entry BETWEEN 298 AND 322;
INSERT INTO pool_template (entry, max_limit, description) VALUES
(298,1,'Zeb''Tela - Shadowpine Headhunter/Shadowcaster 1'),
(299,1,'Zeb''Tela - Shadowpine Headhunter/Shadowcaster 2'),
(300,1,'Zeb''Tela - Shadowpine Headhunter/Shadowcaster 3'),
(301,1,'Zeb''Tela - Shadowpine Headhunter/Shadowcaster 4'),
(302,1,'Zeb''Tela - Shadowpine Headhunter/Shadowcaster 5'),
(303,1,'Zeb''Tela - Shadowpine Headhunter/Shadowcaster 6'),
(304,1,'Zeb''Tela - Shadowpine Headhunter/Shadowcaster 7'),
(305,1,'Zeb''Tela - Shadowpine Headhunter/Shadowcaster 8'),
(306,1,'Zeb''Tela - Shadowpine Headhunter/Shadowcaster 9'),
(307,1,'Zeb''Tela - Shadowpine Headhunter/Shadowcaster 10'),
(308,1,'Zeb''Tela - Shadowpine Headhunter/Shadowcaster 11'),
(309,1,'Zeb''Tela - Shadowpine Headhunter/Shadowcaster 12'),
(310,1,'Zeb''Tela - Shadowpine Headhunter/Shadowcaster 13'),
(311,1,'Zeb''Tela - Shadowpine Headhunter/Shadowcaster 14'),
(312,1,'Zeb''Tela - Shadowpine Headhunter/Shadowcaster 15'),
(313,1,'Zeb''Tela - Shadowpine Headhunter/Shadowcaster 16'),
(314,1,'Zeb''Tela - Shadowpine Headhunter/Shadowcaster 17'),
(315,1,'Zeb''Tela - Shadowpine Headhunter/Shadowcaster 18'),
(316,1,'Zeb''Tela - Shadowpine Headhunter/Shadowcaster 19'),
(317,1,'Zeb''Tela - Shadowpine Headhunter/Shadowcaster 20'),
(318,1,'Zeb''Tela - Shadowpine Headhunter/Shadowcaster 21'),
(319,1,'Zeb''Tela - Shadowpine Headhunter/Shadowcaster 22'),
(320,1,'Zeb''Tela - Shadowpine Headhunter/Shadowcaster 23'),
(321,1,'Zeb''Tela - Shadowpine Headhunter/Shadowcaster 24'),
(322,1,'Zeb''Tela - Shadowpine Headhunter/Shadowcaster 25');

DELETE FROM pool_creature WHERE pool_entry BETWEEN 298 AND 322;
INSERT INTO pool_creature (guid, pool_entry, chance, description) VALUES
(152370,298,50,'Zeb''Tela - Shadowpine Headhunter 1'),
(152424,298,50,'Zeb''Tela - Shadowpine Shadowcaster 1'),

(152371,299,50,'Zeb''Tela - Shadowpine Headhunter 2'),
(152435,299,50,'Zeb''Tela - Shadowpine Shadowcaster 2'),

(152372,300,50,'Zeb''Tela - Shadowpine Headhunter 3'),
(152434,300,50,'Zeb''Tela - Shadowpine Shadowcaster 3'),

(152373,301,50,'Zeb''Tela - Shadowpine Headhunter 4'),
(152432,301,50,'Zeb''Tela - Shadowpine Shadowcaster 4'),

(152374,302,50,'Zeb''Tela - Shadowpine Headhunter 5'),
(152428,302,50,'Zeb''Tela - Shadowpine Shadowcaster 5'),

(152375,303,50,'Zeb''Tela - Shadowpine Headhunter 6'),
(152433,303,50,'Zeb''Tela - Shadowpine Shadowcaster 6'),

(152376,304,50,'Zeb''Tela - Shadowpine Headhunter 7'),
(152423,304,50,'Zeb''Tela - Shadowpine Shadowcaster 7'),

(152377,305,50,'Zeb''Tela - Shadowpine Headhunter 8'),
(152422,305,50,'Zeb''Tela - Shadowpine Shadowcaster 8'),

(152378,306,50,'Zeb''Tela - Shadowpine Headhunter 9'),
(152421,306,50,'Zeb''Tela - Shadowpine Shadowcaster 9'),

(152379,307,50,'Zeb''Tela - Shadowpine Headhunter 10'),
(152415,307,50,'Zeb''Tela - Shadowpine Shadowcaster 10'),

(152380,308,50,'Zeb''Tela - Shadowpine Headhunter 11'),
(152419,308,50,'Zeb''Tela - Shadowpine Shadowcaster 11'),

(152381,309,50,'Zeb''Tela - Shadowpine Headhunter 12'),
(152414,309,50,'Zeb''Tela - Shadowpine Shadowcaster 12'),

(152382,310,50,'Zeb''Tela - Shadowpine Headhunter 13'),
(152412,310,50,'Zeb''Tela - Shadowpine Shadowcaster 13'),

(152383,311,50,'Zeb''Tela - Shadowpine Headhunter 14'),
(152413,311,50,'Zeb''Tela - Shadowpine Shadowcaster 14'),

(152385,312,50,'Zeb''Tela - Shadowpine Headhunter 15'),
(152407,312,50,'Zeb''Tela - Shadowpine Shadowcaster 15'),

(152387,313,50,'Zeb''Tela - Shadowpine Headhunter 16'),
(152408,313,50,'Zeb''Tela - Shadowpine Shadowcaster 16'),

(152388,314,50,'Zeb''Tela - Shadowpine Headhunter 17'),
(152411,314,50,'Zeb''Tela - Shadowpine Shadowcaster 17'),

(152390,315,50,'Zeb''Tela - Shadowpine Headhunter 18'),
(152429,315,50,'Zeb''Tela - Shadowpine Shadowcaster 18'),

(152391,316,50,'Zeb''Tela - Shadowpine Headhunter 19'),
(152417,316,50,'Zeb''Tela - Shadowpine Shadowcaster 19'),

(152392,317,50,'Zeb''Tela - Shadowpine Headhunter 20'),
(152410,317,50,'Zeb''Tela - Shadowpine Shadowcaster 20'),

(152393,318,50,'Zeb''Tela - Shadowpine Headhunter 21'),
(152426,318,50,'Zeb''Tela - Shadowpine Shadowcaster 21'),

(152394,319,50,'Zeb''Tela - Shadowpine Headhunter 22'),
(152405,319,50,'Zeb''Tela - Shadowpine Shadowcaster 22'),

(152395,320,50,'Zeb''Tela - Shadowpine Headhunter 23'),
(152425,320,50,'Zeb''Tela - Shadowpine Shadowcaster 23'),

(152397,321,50,'Zeb''Tela - Shadowpine Headhunter 24'),
(152406,321,50,'Zeb''Tela - Shadowpine Shadowcaster 24'),

(152398,322,50,'Zeb''Tela - Shadowpine Headhunter 25'),
(152409,322,50,'Zeb''Tela - Shadowpine Shadowcaster 25');

-- Pat 1
DELETE FROM `creature_movement` WHERE `id` IN(152382,152412);
INSERT INTO `creature_movement` (`id`,`point`,`position_x`,`position_y`,`position_z`,`waittime`,`script_id`,`orientation`) VALUES
(152382,1,7263.636,-7745.799,150.0287,0,0,0),
(152382,2,7274.558,-7743.899,150.0747,0,0,0),
(152382,3,7286.541,-7746.862,149.8697,0,0,0),
(152382,4,7295.229,-7756.679,150.0068,0,0,0),
(152382,5,7297.967,-7767.881,150.0805,0,0,0),
(152382,6,7293.822,-7781.938,150.0426,0,0,0),
(152382,7,7289.056,-7785.704,150.0068,0,0,0),
(152382,8,7281.838,-7777.582,150.0184,0,0,0),
(152382,9,7268.979,-7774.613,150.0184,0,0,0),
(152382,10,7265.916,-7769.981,154.0397,0,0,0),
(152382,11,7265.446,-7763.79,157.1712,0,0,0),
(152382,12,7267.784,-7761.606,157.4745,0,0,0),
(152382,13,7259.445,-7751.206,157.4712,0,0,0),
(152382,14,7268.294,-7746.613,160.318,0,0,0),
(152382,15,7278.926,-7748.219,163.0027,0,0,0),
(152382,16,7277.524,-7757.76,162.937,0,0,0),
(152382,17,7263.038,-7761.821,163.1216,0,0,0),
(152382,18,7262.12,-7774.912,162.9085,0,0,0),
(152382,19,7275.001,-7780.826,162.9766,0,0,0),
(152382,20,7285.948,-7774.407,163.0243,0,0,0),
(152382,21,7283.971,-7762.127,162.937,0,0,0),
(152382,22,7277.48,-7757.589,162.937,0,0,0),
(152382,23,7278.775,-7748.22,163.0017,0,0,0),
(152382,24,7268.541,-7746.446,160.4317,0,0,0),
(152382,25,7259.372,-7751.316,157.4675,0,0,0),
(152382,26,7267.987,-7761.756,157.4616,0,0,0),
(152382,27,7265.296,-7763.809,157.1333,0,0,0),
(152382,28,7265.972,-7769.656,154.2948,0,0,0),
(152382,29,7268.964,-7774.558,150.0184,0,0,0),
(152382,30,7281.743,-7777.399,150.0184,0,0,0),
(152382,31,7288.985,-7785.499,150.0082,0,0,0),
(152382,32,7285.067,-7789.728,150.0129,0,0,0),
(152382,33,7273.737,-7792.133,150.0937,0,0,0),
(152382,34,7260.405,-7786.957,150.2634,0,0,0),
(152382,35,7251.755,-7777.361,149.9899,0,0,0),
(152382,36,7249.858,-7766.422,149.8425,0,0,0),
(152382,37,7253.851,-7754.848,149.861,0,0,0),
(152382,38,7258.202,-7750.879,149.9777,0,0,0),

(152412,1,7263.636,-7745.799,150.0287,0,0,0),
(152412,2,7274.558,-7743.899,150.0747,0,0,0),
(152412,3,7286.541,-7746.862,149.8697,0,0,0),
(152412,4,7295.229,-7756.679,150.0068,0,0,0),
(152412,5,7297.967,-7767.881,150.0805,0,0,0),
(152412,6,7293.822,-7781.938,150.0426,0,0,0),
(152412,7,7289.056,-7785.704,150.0068,0,0,0),
(152412,8,7281.838,-7777.582,150.0184,0,0,0),
(152412,9,7268.979,-7774.613,150.0184,0,0,0),
(152412,10,7265.916,-7769.981,154.0397,0,0,0),
(152412,11,7265.446,-7763.79,157.1712,0,0,0),
(152412,12,7267.784,-7761.606,157.4745,0,0,0),
(152412,13,7259.445,-7751.206,157.4712,0,0,0),
(152412,14,7268.294,-7746.613,160.318,0,0,0),
(152412,15,7278.926,-7748.219,163.0027,0,0,0),
(152412,16,7277.524,-7757.76,162.937,0,0,0),
(152412,17,7263.038,-7761.821,163.1216,0,0,0),
(152412,18,7262.12,-7774.912,162.9085,0,0,0),
(152412,19,7275.001,-7780.826,162.9766,0,0,0),
(152412,20,7285.948,-7774.407,163.0243,0,0,0),
(152412,21,7283.971,-7762.127,162.937,0,0,0),
(152412,22,7277.48,-7757.589,162.937,0,0,0),
(152412,23,7278.775,-7748.22,163.0017,0,0,0),
(152412,24,7268.541,-7746.446,160.4317,0,0,0),
(152412,25,7259.372,-7751.316,157.4675,0,0,0),
(152412,26,7267.987,-7761.756,157.4616,0,0,0),
(152412,27,7265.296,-7763.809,157.1333,0,0,0),
(152412,28,7265.972,-7769.656,154.2948,0,0,0),
(152412,29,7268.964,-7774.558,150.0184,0,0,0),
(152412,30,7281.743,-7777.399,150.0184,0,0,0),
(152412,31,7288.985,-7785.499,150.0082,0,0,0),
(152412,32,7285.067,-7789.728,150.0129,0,0,0),
(152412,33,7273.737,-7792.133,150.0937,0,0,0),
(152412,34,7260.405,-7786.957,150.2634,0,0,0),
(152412,35,7251.755,-7777.361,149.9899,0,0,0),
(152412,36,7249.858,-7766.422,149.8425,0,0,0),
(152412,37,7253.851,-7754.848,149.861,0,0,0),
(152412,38,7258.202,-7750.879,149.9777,0,0,0);

-- Pat 2
DELETE FROM `creature_movement` WHERE `id` IN(152387,152408);
INSERT INTO `creature_movement` (`id`,`point`,`position_x`,`position_y`,`position_z`,`waittime`,`script_id`,`orientation`) VALUES
(152387,1,7244.145,-7785.327,148.0409,0,0,0),
(152387,2,7266.115,-7801.619,150.4717,0,0,0),
(152387,3,7289.626,-7805.563,150.614029,0,0,0), -- z value adjusted, original: 148.2607
(152387,4,7313.885,-7802.264,148.965607,0,0,0), -- z value adjusted, original: 148.2865
(152387,5,7344.303,-7800.052,147.986,0,0,0),
(152387,6,7373.667,-7814.48,148.0962,0,0,0),
(152387,7,7402.539,-7839.222,148.8595,0,0,0),
(152387,8,7410.999,-7868.424,155.4284,0,0,0),
(152387,9,7417.26,-7894.823,158.8827,0,0,0),
(152387,10,7434.577,-7923.838,156.6411,0,0,0),
(152387,11,7443.708,-7952.688,157.7671,0,0,0),
(152387,12,7443.184,-7979.566,158.6324,0,0,0),
(152387,13,7423.186,-7998.043,159.6248,0,0,0),
(152387,14,7446.202,-7981.197,159.1159,0,0,0),
(152387,15,7452.198,-7950.149,159.4769,0,0,0),
(152387,16,7449.242,-7919.368,158.269,0,0,0),
(152387,17,7462.926,-7890.606,158.7027,0,0,0),
(152387,18,7471.363,-7872.48,158.8564,0,0,0),
(152387,19,7498.077,-7843.409,152.1342,0,0,0),
(152387,20,7461.347,-7837.513,153.5142,0,0,0),
(152387,21,7424.885,-7815.739,146.1147,0,0,0),
(152387,22,7392.112,-7802.233,146.9148,0,0,0),
(152387,23,7374.019,-7794.571,148.5378,0,0,0),
(152387,24,7342.48,-7791.645,148.1499,0,0,0),
(152387,25,7328.245,-7790.271,148.0465,0,0,0),
(152387,26,7307.406,-7750.549,149.4016,0,0,0),
(152387,27,7328.245,-7790.271,148.0465,0,0,0),
(152387,28,7342.48,-7791.645,148.1499,0,0,0),
(152387,29,7374.019,-7794.571,148.5378,0,0,0),
(152387,30,7392.112,-7802.233,146.9148,0,0,0),
(152387,31,7424.885,-7815.739,146.1147,0,0,0),
(152387,32,7461.347,-7837.513,153.5142,0,0,0),
(152387,33,7498.077,-7843.409,152.1342,0,0,0),
(152387,34,7471.438,-7872.315,158.7119,0,0,0),
(152387,35,7462.926,-7890.606,158.7027,0,0,0),
(152387,36,7449.242,-7919.368,158.269,0,0,0),
(152387,37,7452.198,-7950.149,159.4769,0,0,0),
(152387,38,7446.202,-7981.197,159.1159,0,0,0),
(152387,39,7423.186,-7998.043,159.6248,0,0,0),
(152387,40,7443.184,-7979.566,158.6324,0,0,0),
(152387,41,7443.708,-7952.688,157.7671,0,0,0),
(152387,42,7434.577,-7923.838,156.6411,0,0,0),
(152387,43,7417.26,-7894.823,158.8827,0,0,0),
(152387,44,7410.999,-7868.424,155.4284,0,0,0),
(152387,45,7402.539,-7839.222,148.8595,0,0,0),
(152387,46,7373.667,-7814.48,148.0962,0,0,0),
(152387,47,7344.303,-7800.052,147.986,0,0,0),
(152387,48,7313.885,-7802.264,149.0074,0,0,0),
(152387,49,7289.626,-7805.563,150.614029,0,0,0), -- z value adjusted, original: 148.2607
(152387,50,7266.115,-7801.619,150.4943,0,0,0),
(152387,51,7244.145,-7785.327,148.0409,0,0,0),
(152387,52,7242.072,-7760.24,148.002,0,0,0),

(152408,1,7244.145,-7785.327,148.0409,0,0,0),
(152408,2,7266.115,-7801.619,150.4717,0,0,0),
(152408,3,7289.626,-7805.563,150.614029,0,0,0), -- z value adjusted, original: 148.2607
(152408,4,7313.885,-7802.264,148.965607,0,0,0), -- z value adjusted, original: 148.2865
(152408,5,7344.303,-7800.052,147.986,0,0,0),
(152408,6,7373.667,-7814.48,148.0962,0,0,0),
(152408,7,7402.539,-7839.222,148.8595,0,0,0),
(152408,8,7410.999,-7868.424,155.4284,0,0,0),
(152408,9,7417.26,-7894.823,158.8827,0,0,0),
(152408,10,7434.577,-7923.838,156.6411,0,0,0),
(152408,11,7443.708,-7952.688,157.7671,0,0,0),
(152408,12,7443.184,-7979.566,158.6324,0,0,0),
(152408,13,7423.186,-7998.043,159.6248,0,0,0),
(152408,14,7446.202,-7981.197,159.1159,0,0,0),
(152408,15,7452.198,-7950.149,159.4769,0,0,0),
(152408,16,7449.242,-7919.368,158.269,0,0,0),
(152408,17,7462.926,-7890.606,158.7027,0,0,0),
(152408,18,7471.363,-7872.48,158.8564,0,0,0),
(152408,19,7498.077,-7843.409,152.1342,0,0,0),
(152408,20,7461.347,-7837.513,153.5142,0,0,0),
(152408,21,7424.885,-7815.739,146.1147,0,0,0),
(152408,22,7392.112,-7802.233,146.9148,0,0,0),
(152408,23,7374.019,-7794.571,148.5378,0,0,0),
(152408,24,7342.48,-7791.645,148.1499,0,0,0),
(152408,25,7328.245,-7790.271,148.0465,0,0,0),
(152408,26,7307.406,-7750.549,149.4016,0,0,0),
(152408,27,7328.245,-7790.271,148.0465,0,0,0),
(152408,28,7342.48,-7791.645,148.1499,0,0,0),
(152408,29,7374.019,-7794.571,148.5378,0,0,0),
(152408,30,7392.112,-7802.233,146.9148,0,0,0),
(152408,31,7424.885,-7815.739,146.1147,0,0,0),
(152408,32,7461.347,-7837.513,153.5142,0,0,0),
(152408,33,7498.077,-7843.409,152.1342,0,0,0),
(152408,34,7471.438,-7872.315,158.7119,0,0,0),
(152408,35,7462.926,-7890.606,158.7027,0,0,0),
(152408,36,7449.242,-7919.368,158.269,0,0,0),
(152408,37,7452.198,-7950.149,159.4769,0,0,0),
(152408,38,7446.202,-7981.197,159.1159,0,0,0),
(152408,39,7423.186,-7998.043,159.6248,0,0,0),
(152408,40,7443.184,-7979.566,158.6324,0,0,0),
(152408,41,7443.708,-7952.688,157.7671,0,0,0),
(152408,42,7434.577,-7923.838,156.6411,0,0,0),
(152408,43,7417.26,-7894.823,158.8827,0,0,0),
(152408,44,7410.999,-7868.424,155.4284,0,0,0),
(152408,45,7402.539,-7839.222,148.8595,0,0,0),
(152408,46,7373.667,-7814.48,148.0962,0,0,0),
(152408,47,7344.303,-7800.052,147.986,0,0,0),
(152408,48,7313.885,-7802.264,149.0074,0,0,0),
(152408,49,7289.626,-7805.563,150.614029,0,0,0), -- z value adjusted, original: 148.2607
(152408,50,7266.115,-7801.619,150.4943,0,0,0),
(152408,51,7244.145,-7785.327,148.0409,0,0,0),
(152408,52,7242.072,-7760.24,148.002,0,0,0);

-- Pat 3
DELETE FROM `creature_movement` WHERE `id` IN(152394,152405);
INSERT INTO `creature_movement` (`id`,`point`,`position_x`,`position_y`,`position_z`,`waittime`,`script_id`,`orientation`) VALUES
(152394,1,7398.235,-7987.233,161.264,0,0,0),
(152394,2,7390.521,-7979.592,161.2804,0,0,0),
(152394,3,7385.227,-7969.678,161.0849,0,0,0),
(152394,4,7388.707,-7956.606,161.2379,0,0,0),
(152394,5,7395.522,-7947.336,161.3157,0,0,0),
(152394,6,7409.83,-7942.267,161.271,0,0,0),
(152394,7,7414.193,-7944.009,161.2392,0,0,0),
(152394,8,7412.561,-7951.635,161.2495,0,0,0),
(152394,9,7418.325,-7966.836,161.2495,0,0,0),
(152394,10,7416.762,-7971.569,164.8916,0,0,0),
(152394,11,7415.125,-7973.941,166.4643,0,0,0),
(152394,12,7411.688,-7975.506,168.455,0,0,0),
(152394,13,7409.043,-7974.643,168.673,0,0,0),
(152394,14,7406.079,-7988.408,168.6893,0,0,0),
(152394,15,7396.55,-7984.079,171.5066,0,0,0),
(152394,16,7391.742,-7975.288,174.23,0,0,0),
(152394,17,7398.657,-7969.906,174.168,0,0,0),
(152394,18,7401.412,-7959.694,174.168,0,0,0),
(152394,19,7409.541,-7954.944,174.2515,0,0,0),
(152394,20,7419.049,-7957.564,174.2188,0,0,0),
(152394,21,7422.388,-7966.502,174.2122,0,0,0),
(152394,22,7419.164,-7975.819,174.0588,0,0,0),
(152394,23,7409.298,-7978.346,174.3375,0,0,0),
(152394,24,7399.116,-7970.755,174.168,0,0,0),
(152394,25,7391.34,-7974.584,174.2331,0,0,0),
(152394,26,7396.579,-7984.086,171.4959,0,0,0),
(152394,27,7406.011,-7988.429,168.689,0,0,0),
(152394,28,7409.036,-7974.905,168.6751,0,0,0),
(152394,29,7411.732,-7975.667,168.4427,0,0,0),
(152394,30,7415.118,-7973.879,166.4418,0,0,0),
(152394,31,7416.681,-7971.393,164.7773,0,0,0),
(152394,32,7418.236,-7966.99,161.2495,0,0,0),
(152394,33,7412.587,-7951.576,161.2495,0,0,0),
(152394,34,7414.264,-7944.118,161.2394,0,0,0),
(152394,35,7420.396,-7944.385,161.2406,0,0,0),
(152394,36,7429.63,-7952.786,161.3233,0,0,0),
(152394,37,7433.213,-7966.144,161.4819,0,0,0),
(152394,38,7430.912,-7977.678,161.2379,0,0,0),
(152394,39,7423.58,-7985.981,161.0901,0,0,0),
(152394,40,7412.281,-7990.248,161.0986,0,0,0),
(152394,41,7405.365,-7989.331,161.224,0,0,0),

(152405,1,7398.235,-7987.233,161.264,0,0,0),
(152405,2,7390.521,-7979.592,161.2804,0,0,0),
(152405,3,7385.227,-7969.678,161.0849,0,0,0),
(152405,4,7388.707,-7956.606,161.2379,0,0,0),
(152405,5,7395.522,-7947.336,161.3157,0,0,0),
(152405,6,7409.83,-7942.267,161.271,0,0,0),
(152405,7,7414.193,-7944.009,161.2392,0,0,0),
(152405,8,7412.561,-7951.635,161.2495,0,0,0),
(152405,9,7418.325,-7966.836,161.2495,0,0,0),
(152405,10,7416.762,-7971.569,164.8916,0,0,0),
(152405,11,7415.125,-7973.941,166.4643,0,0,0),
(152405,12,7411.688,-7975.506,168.455,0,0,0),
(152405,13,7409.043,-7974.643,168.673,0,0,0),
(152405,14,7406.079,-7988.408,168.6893,0,0,0),
(152405,15,7396.55,-7984.079,171.5066,0,0,0),
(152405,16,7391.742,-7975.288,174.23,0,0,0),
(152405,17,7398.657,-7969.906,174.168,0,0,0),
(152405,18,7401.412,-7959.694,174.168,0,0,0),
(152405,19,7409.541,-7954.944,174.2515,0,0,0),
(152405,20,7419.049,-7957.564,174.2188,0,0,0),
(152405,21,7422.388,-7966.502,174.2122,0,0,0),
(152405,22,7419.164,-7975.819,174.0588,0,0,0),
(152405,23,7409.298,-7978.346,174.3375,0,0,0),
(152405,24,7399.116,-7970.755,174.168,0,0,0),
(152405,25,7391.34,-7974.584,174.2331,0,0,0),
(152405,26,7396.579,-7984.086,171.4959,0,0,0),
(152405,27,7406.011,-7988.429,168.689,0,0,0),
(152405,28,7409.036,-7974.905,168.6751,0,0,0),
(152405,29,7411.732,-7975.667,168.4427,0,0,0),
(152405,30,7415.118,-7973.879,166.4418,0,0,0),
(152405,31,7416.681,-7971.393,164.7773,0,0,0),
(152405,32,7418.236,-7966.99,161.2495,0,0,0),
(152405,33,7412.587,-7951.576,161.2495,0,0,0),
(152405,34,7414.264,-7944.118,161.2394,0,0,0),
(152405,35,7420.396,-7944.385,161.2406,0,0,0),
(152405,36,7429.63,-7952.786,161.3233,0,0,0),
(152405,37,7433.213,-7966.144,161.4819,0,0,0),
(152405,38,7430.912,-7977.678,161.2379,0,0,0),
(152405,39,7423.58,-7985.981,161.0901,0,0,0),
(152405,40,7412.281,-7990.248,161.0986,0,0,0),
(152405,41,7405.365,-7989.331,161.224,0,0,0);



