-- The Exodar - spirits
-- Missing spawns 
-- missing added - UDB free guids reused
DELETE FROM creature WHERE guid IN (60970,60971,60973,60977,60985,60995,61015,61020,61022,61025,61028,61031,61039,61042,61047,61065,61081,61085,61088,61090,61094,61098,61105,61125,61150,61154,61155,61158,61166,61172,61173,61175,61176,61177,61178,61188,61194,61214,61215,61217,61221,61222,61320,61322,61326,61329,61336,61346,61350,61351,61352,61377,61380,61383,61387,61390,61396);
DELETE FROM creature_addon WHERE guid IN (60970,60971,60973,60977,60985,60995,61015,61020,61022,61025,61028,61031,61039,61042,61047,61065,61081,61085,61088,61090,61094,61098,61105,61125,61150,61154,61155,61158,61166,61172,61173,61175,61176,61177,61178,61188,61194,61214,61215,61217,61221,61222,61320,61322,61326,61329,61336,61346,61350,61351,61352,61377,61380,61383,61387,61390,61396);
DELETE FROM creature_movement WHERE id IN (60970,60971,60973,60977,60985,60995,61015,61020,61022,61025,61028,61031,61039,61042,61047,61065,61081,61085,61088,61090,61094,61098,61105,61125,61150,61154,61155,61158,61166,61172,61173,61175,61176,61177,61178,61188,61194,61214,61215,61217,61221,61222,61320,61322,61326,61329,61336,61346,61350,61351,61352,61377,61380,61383,61387,61390,61396);
DELETE FROM game_event_creature WHERE guid IN (60970,60971,60973,60977,60985,60995,61015,61020,61022,61025,61028,61031,61039,61042,61047,61065,61081,61085,61088,61090,61094,61098,61105,61125,61150,61154,61155,61158,61166,61172,61173,61175,61176,61177,61178,61188,61194,61214,61215,61217,61221,61222,61320,61322,61326,61329,61336,61346,61350,61351,61352,61377,61380,61383,61387,61390,61396);
DELETE FROM game_event_creature_data WHERE guid IN (60970,60971,60973,60977,60985,60995,61015,61020,61022,61025,61028,61031,61039,61042,61047,61065,61081,61085,61088,61090,61094,61098,61105,61125,61150,61154,61155,61158,61166,61172,61173,61175,61176,61177,61178,61188,61194,61214,61215,61217,61221,61222,61320,61322,61326,61329,61336,61346,61350,61351,61352,61377,61380,61383,61387,61390,61396);
DELETE FROM creature_battleground WHERE guid IN (60970,60971,60973,60977,60985,60995,61015,61020,61022,61025,61028,61031,61039,61042,61047,61065,61081,61085,61088,61090,61094,61098,61105,61125,61150,61154,61155,61158,61166,61172,61173,61175,61176,61177,61178,61188,61194,61214,61215,61217,61221,61222,61320,61322,61326,61329,61336,61346,61350,61351,61352,61377,61380,61383,61387,61390,61396);
DELETE FROM creature_linking WHERE guid IN (60970,60971,60973,60977,60985,60995,61015,61020,61022,61025,61028,61031,61039,61042,61047,61065,61081,61085,61088,61090,61094,61098,61105,61125,61150,61154,61155,61158,61166,61172,61173,61175,61176,61177,61178,61188,61194,61214,61215,61217,61221,61222,61320,61322,61326,61329,61336,61346,61350,61351,61352,61377,61380,61383,61387,61390,61396)
OR master_guid IN (60970,60971,60973,60977,60985,60995,61015,61020,61022,61025,61028,61031,61039,61042,61047,61065,61081,61085,61088,61090,61094,61098,61105,61125,61150,61154,61155,61158,61166,61172,61173,61175,61176,61177,61178,61188,61194,61214,61215,61217,61221,61222,61320,61322,61326,61329,61336,61346,61350,61351,61352,61377,61380,61383,61387,61390,61396);
INSERT INTO creature (guid, id, map, spawnMask, modelid, equipment_id, position_x, position_y, position_z, orientation, spawntimesecs, spawndist, currentwaypoint, curhealth, curmana, DeathState, MovementType) VALUES 
-- Minor Water Spirit
(60970,18823,530,1,0,0,-3815.24,-11468.2,-138.403,2.40253,300,0,0,300,0,0,0),
(60971,18823,530,1,0,0,-3806.98,-11442.9,-139.788,4.36003,300,1,0,300,0,0,1),
(60973,18823,530,1,0,0,-3814.3,-11421.2,-139.792,4.36003,300,1,0,300,0,0,1),
(60977,18823,530,1,0,0,-3803.1,-11434.9,-139.712,4.46371,300,1,0,300,0,0,1),
(60985,18823,530,1,0,0,-3791.95,-11451.5,-139.644,4.1464,300,1,0,300,0,0,1),
(60995,18823,530,1,0,0,-3799.4,-11423,-139.624,4.27587,300,1,0,300,0,0,1),
(61015,18823,530,1,0,0,-3785.69,-11443.6,-139.541,4.27587,300,1,0,300,0,0,1),
(61020,18823,530,1,0,0,-3792.68,-11420.2,-138.557,3.787364,300,0,0,300,0,0,0),
(61022,18823,530,1,0,0,-3815.35,-11400.1,-139.725,4.06538,300,1,0,300,0,0,1),
(61025,18823,530,1,0,0,-3778.16,-11433.2,-139.413,4.04731,300,1,0,300,0,0,1),
(61028,18823,530,1,0,0,-3780.37,-11426.2,-138.328,4.729842,300,0,0,300,0,0,0),
(61031,18823,530,1,0,0,-3768.58,-11439.6,-139.324,4.67406,300,1,0,300,0,0,1),
(61039,18823,530,1,0,0,-3783.15,-11401.4,-137.973,4.642576,300,0,0,300,0,0,0),
(61042,18823,530,1,0,0,-3771.51,-11408.2,-137.862,3.700098,300,0,0,300,0,0,0),
(61047,18823,530,1,0,0,-3793.62,-11376.6,-139.38,1.08963,300,1,0,300,0,0,1),
(61065,18823,530,1,0,0,-3752.58,-11424.6,-139.08,1.08963,300,1,0,300,0,0,1),
(61081,18823,530,1,0,0,-3769.76,-11378.4,-139.107,1.08963,300,1,0,300,0,0,1),
(61085,18823,530,1,0,0,-3751.3,-11399.1,-138.968,1.08963,300,1,0,300,0,0,1),
-- Minor Fire Spirit
(61088,18824,530,1,0,0,-3816.36,-11469.7,-138.424,2.36386,300,0,0,300,0,0,0),
(61090,18824,530,1,0,0,-3689.21,-11439.8,-119.22,3.316126,300,0,0,300,0,0,0),
(61094,18824,530,1,0,0,-3683.51,-11432.6,-119.004,3.385939,300,0,0,300,0,0,0),
(61098,18824,530,1,0,0,-3681.91,-11444.2,-118.99,3.473205,300,0,0,300,0,0,0),
(61105,18824,530,1,0,0,-3683.25,-11418.4,-119.13,2.635447,300,0,0,300,0,0,0),
(61125,18824,530,1,0,0,-3679.27,-11422.7,-118.851,2.96706,300,0,0,300,0,0,0),
(61150,18824,530,1,0,0,-3676.88,-11458.5,-118.957,3.630285,300,0,0,300,0,0,0),
(61154,18824,530,1,0,0,-3675.12,-11453,-118.939,4.18879,300,0,0,300,0,0,0),
(61155,18824,530,1,0,0,-3670.37,-11416.3,-118.546,3.490659,300,0,0,300,0,0,0),
(61158,18824,530,1,0,0,-3665.57,-11456.6,-118.752,2.721704,300,0,0,300,0,0,0),
(61166,18824,530,1,0,0,-3650.66,-11440.7,-110.804,2.96706,300,0,0,300,0,0,0),
-- Minor Air Spirit
(61172,18825,530,1,0,0,-3820.53,-11470.3,-138.476,2.17402,300,0,0,300,0,0,0),
(61173,18825,530,1,0,0,-3849.59,-11420.4,-107.021,4.886922,300,0,0,300,0,0,0),
(61175,18825,530,1,0,0,-3829.95,-11419.9,-101.061,5.201081,300,0,0,300,0,0,0),
(61176,18825,530,1,0,0,-3809.35,-11414.3,-102.707,4.956735,300,0,0,300,0,0,0),
(61177,18825,530,1,0,0,-3870.16,-11400.6,-106.541,3.368485,300,0,0,300,0,0,0),
(61178,18825,530,1,0,0,-3854.63,-11392.7,-104.031,0.204574,300,0,0,300,0,0,2),
(61188,18825,530,1,0,0,-3857.96,-11392.2,-104.294,5.154581,300,0,0,300,0,0,0),
(61194,18825,530,1,0,0,-3826.09,-11385.7,-103.875,0.3653779,300,0,0,300,0,0,0),
(61214,18825,530,1,0,0,-3825.24,-11382.2,-103.835,0.9539031,300,0,0,300,0,0,2),
(61215,18825,530,1,0,0,-3796.22,-11400.7,-100.619,5.986479,300,0,0,300,0,0,0),
(61217,18825,530,1,0,0,-3811.24,-11380.8,-101.466,0.3316126,300,0,0,300,0,0,0),
(61221,18825,530,1,0,0,-3854.28,-11374.9,-103.88,4.642576,300,0,0,300,0,0,0),
(61222,18825,530,1,0,0,-3877.07,-11377.9,-106.957,3.193953,300,0,0,300,0,0,0),
(61320,18825,530,1,0,0,-3791.31,-11388.5,-100.429,6.230825,300,0,0,300,0,0,0),
(61322,18825,530,1,0,0,-3839.92,-11369.9,-103.693,5.201081,300,0,0,300,0,0,0),
(61326,18825,530,1,0,0,-3796.38,-11375.1,-99.6143,0.5585054,300,0,0,300,0,0,0),
(61329,18825,530,1,0,0,-3873.94,-11360.3,-106.234,2.181662,300,0,0,300,0,0,0),
(61336,18825,530,1,0,0,-3825.61,-11349,-104.244,0.5934119,300,0,0,300,0,0,0),
(61346,18825,530,1,0,0,-3849.95,-11342.6,-109.201,2.024582,300,0,0,300,0,0,0),
-- Minor Earth Spirit
(61350,18826,530,1,0,0,-3818.11,-11470.5,-138.448,2.03399,300,0,0,300,0,0,0),
(61351,18826,530,1,0,0,-3891.67,-11362.7,-127.343,1.85966,300,1,0,300,0,0,1),
(61352,18826,530,1,0,0,-3866.22,-11351.7,-127.003,0.125503,300,1,0,300,0,0,1),
(61377,18826,530,1,0,0,-3896.84,-11324.8,-126.386,4.18879,300,0,0,300,0,0,0),
(61380,18826,530,1,0,0,-3881.08,-11320,-126.183,4.991642,300,0,0,300,0,0,0),
(61383,18826,530,1,0,0,-3851.5,-11324,-126.725,2.12434,300,1,0,300,0,0,1),
(61387,18826,530,1,0,0,-3880.88,-11347.4,-127.159,0.07982657,300,0,0,300,0,0,0),
(61390,18826,530,1,0,0,-3877.06,-11345.6,-127.105,0.386885,300,0,0,300,0,0,2),
(61396,18826,530,1,0,0,-3885.67,-11348.1,-127.217,0.130845,300,0,0,300,0,0,0);
-- Waypoints
DELETE FROM creature_movement WHERE id IN (61178,61214,61390);
INSERT INTO creature_movement (id, point, position_x, position_y, position_z, waittime, script_id, orientation, model1, model2) VALUES
-- #61178
(61178,1,-3852.19,-11391.7,-103.918, 0, 0,0.902298, 0, 0),
(61178,2,-3851.33,-11388.3,-103.897, 0, 0,1.82907, 0, 0),
(61178,3,-3852.27,-11386.1,-103.899, 0, 0,2.51001, 0, 0),
(61178,4,-3858.35,-11386.5,-103.973, 0, 0,3.72659, 0, 0),
(61178,5,-3860.23,-11389.4,-104.027, 0, 0,4.91307, 0, 0),
(61178,6,-3858.07,-11393.2,-104.626, 0, 0,5.5728, 0, 0),
(61178,7,-3854.56,-11393.7,-103.954, 0, 0,0.145696, 0, 0),
-- #61214
(61214,1,-3825.29,-11378.4,-103.603, 0, 0,2.06599, 0, 0),
(61214,2,-3828.12,-11376,-103.578, 0, 0,2.85218, 0, 0),
(61214,3,-3831.58,-11377,-103.621, 0, 0,3.6532, 0, 0),
(61214,4,-3834.34,-11380.3,-103.664, 0, 0,4.24539, 0, 0),
(61214,5,-3833.97,-11382.9,-103.673, 0, 0,5.28604, 0, 0),
(61214,6,-3830.73,-11385.4,-103.646, 0, 0,5.89472, 0, 0),
(61214,7,-3826.61,-11384.8,-103.595, 0, 0,0.689098, 0, 0),
(61214,8,-3824.3,-11382.2,-104.172, 0, 0,1.2426, 0, 0),
-- #61390
(61390,1,-3870.65,-11340.3,-127.013, 0, 0,0.803124, 0, 0),
(61390,2,-3864.55,-11332.1,-126.908, 0, 0,1.24295, 0, 0),
(61390,3,-3863.37,-11320.3,-126.851, 0, 0,1.63643, 0, 0),
(61390,4,-3869.07,-11308.3,-126.871, 0, 0,2.35664, 0, 0),
(61390,5,-3879.48,-11300.7,-126.965, 0, 0,2.86479, 0, 0),
(61390,6,-3890.15,-11299.5,-127.084, 0, 0,3.22137, 0, 0),
(61390,7,-3900.41,-11302.1,-127.215, 0, 0,3.49233, 0, 0),
(61390,8,-3908.78,-11308.3,-127.337, 0, 0,4.02247, 0, 0),
(61390,9,-3914.22,-11320,-127.446, 0, 0,4.3814, 0, 0),
(61390,10,-3912.62,-11334.1,-127.481, 0, 0,5.17857, 0, 0),
(61390,11,-3906.07,-11343.2,-127.44, 0, 0,5.62467, 0, 0),
(61390,12,-3896.62,-11349,-127.351, 0, 0,6.01658, 0, 0),
(61390,13,-3884.77,-11349.9,-127.211, 0, 0,0.122168, 0, 0),
(61390,14,-3876.87,-11346,-127.105, 0, 0,0.616969, 0, 0);
-- links
DELETE FROM creature_linking WHERE guid IN (61188,61194,61387,61396);
INSERT INTO creature_linking (guid, master_guid, flag) VALUES
(61188, 61178, 515),
(61194, 61214, 515),
(61387, 61390, 515),
(61396, 61390, 515);

-- Elementals corrected
UPDATE creature_template SET UnitFlags=UnitFlags|33555200 WHERE entry IN (18823,18824,18825,18826);
DELETE FROM creature_template_addon WHERE entry IN (18823,18824,18825,18826);
INSERT INTO creature_template_addon (entry, mount, bytes1, b2_0_sheath, b2_1_flags, emote, moveflags, auras) VALUES
(18823,0,0,1,0,0,0,'8203'), -- Minor Water Spirit
(18824,0,0,1,0,0,0,'8203'), -- Minor Fire Spirit
(18825,0,0,1,0,0,0,'8203'), -- Minor Air Spirit
(18826,0,0,1,0,0,0,'8203'); -- Minor Earth Spirit

-- Chakaa
UPDATE creature_template SET MovementType = 2 WHERE Entry = 18917;
UPDATE creature SET MovementType = 2 WHERE id = 18917;
DELETE FROM creature_movement WHERE id = 67935;
DELETE FROM creature_movement_template WHERE entry = 18917;
INSERT INTO creature_movement_template (entry, point, position_x, position_y, position_z, waittime, script_id, orientation, model1, model2) VALUES
(18917,1,-3829.48,-11459.8,-138.541, 0, 0,2.41908, 0, 0),
(18917,2,-3839.35,-11454,-132.163, 0, 0,2.53689, 0, 0),
(18917,3,-3844.71,-11450.4,-132.205, 0, 0,2.26593, 0, 0),
(18917,4,-3873.98,-11414.8,-132.421, 0, 0,1.88737, 0, 0),
(18917,5,-3874,-11411.5,-132.225, 0, 0,1.75149, 0, 0),
(18917,6,-3874.36,-11399.9,-127.28, 0, 0,1.59441, 0, 0),
(18917,7,-3874.84,-11395.4,-127.27, 0, 0,2.29499, 0, 0),
(18917,8,-3892.69,-11373.3,-127.395, 3000, 0,2.1, 0, 0),
(18917,9,-3892.69,-11373.3,-127.395, 39000, 1891701,4.72503, 0, 0), -- earth
(18917,10,-3862.49,-11363.8,-127.003, 0, 0,0.338363, 0, 0),
(18917,11,-3836.29,-11352.4,-126.654, 3000, 0,0.969038, 0, 0),
(18917,12,-3836.29,-11352.4,-126.654, 34000, 1891702,2.59638, 0, 0),  -- air
(18917,13,-3813.84,-11340.2,-126.344, 0, 0,0.167932, 0, 0),
(18917,14,-3796.9,-11337,-126.125, 0, 0,6.21, 0, 0),
(18917,15,-3778.75,-11341.2,-135.563, 0, 0,5.80081, 0, 0),
(18917,16,-3760.81,-11356.7,-135.41, 0, 0,4.80415, 0, 0),
(18917,17,-3760.49,-11366.8,-135.446, 0, 0,4.71697, 0, 0),
(18917,18,-3759.85,-11375.6,-138.324, 0, 0,4.8572, 0, 0),
(18917,19,-3745.79,-11427.3,-137.905, 0, 0,5.8625, 0, 0),
(18917,20,-3733.29,-11432.1,-131.04, 0, 0,5.76197, 0, 0),
(18917,21,-3711.24,-11444.1,-119.476, 0, 0,5.78553, 0, 0),
(18917,22,-3695.661,-11443.53,-119.294, 3000, 0,0.220984, 0, 0),
(18917,23,-3695.661,-11443.53,-119.294, 36000, 1891703,2.86234, 0, 0),  -- fire
(18917,24,-3708.46,-11439.2,-119.447, 0, 0,2.92668, 0, 0),
(18917,25,-3723.72,-11435.1,-126.368, 0, 0,2.87558, 0, 0),
(18917,26,-3743.96,-11430.2,-136.623, 0, 0,3.6814, 0, 0),
(18917,27,-3763.88,-11451.1,-136.234, 0, 0,4.07611, 0, 0),
(18917,28,-3767.72,-11457.4,-134.258, 0, 0,4.13108, 0, 0),
(18917,29,-3783.32,-11479.5,-134.526, 0, 0,3.3017, 0, 0),
(18917,30,-3791.01,-11479.3,-134.612, 0, 0,3.10875, 0, 0),
(18917,31,-3800.16,-11479.2,-138.267, 0, 0,3.14802, 0, 0),
(18917,32,-3809.66,-11477.5,-138.372, 0, 0,1.66984, 0, 0),
(18917,33,-3809.247,-11471.89,-138.346, 4000, 0,1.23787, 0, 0),
(18917,34,-3809.247,-11471.89,-138.346, 46000, 1891704,4.276057, 0, 0); -- water
DELETE FROM dbscripts_on_creature_movement WHERE id BETWEEN 1891701 AND 1891704;
INSERT INTO dbscripts_on_creature_movement (id, delay, command, datalong, datalong2, buddy_entry, search_radius, data_flags, dataint, dataint2, dataint3, dataint4, x, y, z, o, comments) VALUES
(1891701,1,0,0,0,18823,60970,7 | 0x10,2000000761,0,0,0,0,0,0,0,''), -- minor water spirit
(1891701,6,0,0,0,0,0,0,2000000762,0,0,0,0,0,0,0,''),
(1891701,10,0,0,0,0,0,0,2000000763,0,0,0,0,0,0,0,''),
(1891701,16,0,0,0,0,0,0,2000000764,0,0,0,0,0,0,0,''),
(1891701,24,0,0,0,0,0,0,2000000765,0,0,0,0,0,0,0,''),
(1891701,33,0,0,0,0,0,0,2000000766,0,0,0,0,0,0,0,''),
(1891702,1,0,0,0,0,0,0,2000000767,0,0,0,0,0,0,0,''),
(1891702,5,0,0,0,0,0,0,2000000768,0,0,0,0,0,0,0,''),
(1891702,10,0,0,0,18918,67936,7 | 0x10,2000000769,0,0,0,0,0,0,0,''),
(1891702,14,0,0,0,0,0,0,2000000770,0,0,0,0,0,0,0,''),
(1891702,20,0,0,0,0,0,0,2000000771,0,0,0,0,0,0,0,''),
(1891702,25,0,0,0,0,0,0,2000000772,0,0,0,0,0,0,0,''),
(1891702,29,0,0,0,0,0,0,2000000773,0,0,0,0,0,0,0,''),
(1891703,1,0,0,0,0,0,0,2000000774,0,0,0,0,0,0,0,''),
(1891703,7,0,0,0,0,0,0,2000000775,0,0,0,0,0,0,0,''),
(1891703,7,1,273,0,18919,67937,7 | 0x10,0,0,0,0,0,0,0,0,''),
(1891703,7,1,273,0,18918,67936,7 | 0x10,0,0,0,0,0,0,0,0,''),
(1891703,12,0,0,0,0,0,0,2000000776,0,0,0,0,0,0,0,''),
(1891703,16,0,0,0,0,0,0,2000000777,0,0,0,0,0,0,0,''),
(1891703,21,0,0,0,0,0,0,2000000778,0,0,0,0,0,0,0,''),
(1891703,30,0,0,0,0,0,0,2000000779,0,0,0,0,0,0,0,''),
(1891704,5,0,0,0,0,0,0,2000000780,0,0,0,0,0,0,0,''),
(1891704,11,0,0,0,0,0,0,2000000781,0,0,0,0,0,0,0,''),
(1891704,20,0,0,0,0,0,0,2000000782,0,0,0,0,0,0,0,''),
(1891704,24,0,0,0,0,0,0,2000000783,0,0,0,0,0,0,0,''),
(1891704,36,0,0,0,0,0,0,2000000784,0,0,0,0,0,0,0,''),
(1891704,41,0,0,0,0,0,0,2000000785,0,0,0,0,0,0,0,'');
-- links
DELETE FROM creature_linking WHERE guid IN (67936,67937,60970,61088,61172,61350);
INSERT INTO creature_linking (guid, master_guid, flag) VALUES
(67936, 67935, 515),
(67937, 67935, 515),
(60970, 67935, 515), 
(61088, 67935, 515),
(61172, 67935, 515),
(61350, 67935, 515);

-- texts
DELETE FROM db_script_string WHERE entry BETWEEN 2000000761 AND 2000000785;
INSERT INTO db_script_string (entry, content_default, sound, type, language, emote, comment) VALUES
(2000000761,'What about the earth spirits?', 0, 0, 0, 0, NULL),
(2000000762,'%s chuckles softly.', 0, 2, 0, 11, NULL),
(2000000763,'The earth spirits are very much present in this chamber, my child. After all, we are underground, are we not?', 0, 0, 0, 6, NULL),
(2000000764,'They are stoic, the spirits of the earth. Through them, the shaman learns to endure the hardships of life.', 0, 0, 0, 1, NULL),
(2000000765,'The rocks are here when we first enter this world, and they will remain long after we pass.', 0, 0, 0, 1, NULL),
(2000000766,'Stand... there is more to discuss.', 0, 0, 0, 1, NULL),
(2000000767,'Stop here a moment, my children, and close your eyes. Can you feel the air currents?', 0, 0, 0, 1, NULL),
(2000000768,'The two students close their eyes and bow their heads.', 0, 2, 0, 0, NULL),
(2000000769,'Yes, teacher.', 0, 0, 0, 273, NULL),
(2000000770,'The spirits of the air can be found even here, underground. They dislike being surrounded, constricted by the earth... their precious freedom is limited here.', 0, 0, 0, 1, NULL),
(2000000771,'They are flighty, these spirits, and easily distracted... but they will share their secrets with those who know how to listen.', 0, 0, 0, 1, NULL),
(2000000772,'%s smiles to himself as he watches the students fidget in their concentration.', 0, 2, 0, 0, NULL),
(2000000773,'Come. There is more to study than the secrets on the wind.', 0, 0, 0, 1, NULL),
(2000000774,'Can you feel the warmth here, my children?', 0, 0, 0, 6, NULL),
(2000000775,'The students nod slowly, eyes rapt on their teacher.', 0, 2, 0, 0, NULL),
(2000000776,'Focus upon that warmth as I speak...', 0, 0, 0, 1, NULL),
(2000000777,'The strength of fire lies in change. Its strength is considerable, but ever-shifting... unpredictable.', 0, 0, 0, 1, NULL),
(2000000778,'This is extended to the spirits themselves. They are often quick to anger; it is important thet you learn to listen without falling prey to their tempers.', 0, 0, 0, 1, NULL),
(2000000779,'That is enough for now. Come.', 0, 0, 0, 1, NULL),
(2000000780,'The water here is peaceful, is it not? Listening to the trickle from the ceiling can aid you in finding its true voice...', 0, 0, 0, 1, NULL),
(2000000781,'The water spirits are perhaps the most outspoken. They are generous and understanding. Indeed, if you are having trouble hearing the voices, it is with water that you should begin.', 0, 0, 0, 1, NULL),
(2000000782,'Close your eyes, my children, and listen to the water within these halls.', 0, 0, 0, 1, NULL),
(2000000783,'Both students close their eyes, straining to hear the voices.', 0, 2, 0, 0, NULL),
(2000000784,'%s nods to himself and clears his throat.', 0, 2, 0, 273, NULL),
(2000000785,'Stand, my children... that\'s enough for now.', 0, 0, 0, 0, NULL);

