INSERT INTO creature_loot_template(entry, item, ChanceOrQuestChance, groupid, mincountOrRef, maxcount, condition_id, comments) VALUES
(62,5571,100,0,1,1,0,'Small Black Pouch'),
(16807,40050,100,0,-40050,1,0,'Hellfire Citadel: The Shattered Halls (Boss Loot) - Grand Warlock Nethekurse (Normal and Heroic) - Rare Items'),
(16808,40053,100,0,-40053,2,0,'Hellfire Citadel: The Shattered Halls (Boss Loot) - Warchief Kargath Bladefist (Normal and Heroic) - Rare Items'),
(16808,49000,1,0,-49000,1,0,'Darkmoon Cards (Blessings, Storms, Furies, Lunacy Ace) - Dungeon End Bosses (Levels: 70+)'),
(16809,40052,100,0,-40052,1,0,'Hellfire Citadel: The Shattered Halls (Boss Loot) - Warbringer O\'mrogg (Normal and Heroic) - Rare Items'),
(17306,40030,100,0,-40030,1,0,'Hellfire Citadel: Hellfire Ramparts (Boss Loot) - Watchkeeper Gargolmar (Normal) - Rare Items'),
(17308,40032,100,0,-40032,1,0,'Hellfire Citadel: Hellfire Ramparts (Boss Loot) - Omor the Unscarred (Normal) - Rare Items'),
(17377,40044,100,0,-40044,1,0,'Hellfire Citadel: The Blood Furnace (Boss Loot) - Keli\'dan the Breaker (Normal) - Rare Items'),
(17380,40042,100,0,-40042,1,0,'Hellfire Citadel: The Blood Furnace (Boss Loot) - Broggok (Normal) - Rare Items'),
(17381,40040,100,0,-40040,1,0,'Hellfire Citadel: The Blood Furnace (Boss Loot) - The Maker (Normal) - Rare Items'),
(17770,40010,100,0,-40010,1,0,'Coilfang Reservoir: The Underbog (Boss Loot) - Hungarfen (Normal) - Rare Items'),
(17796,40021,100,0,-40021,1,0,'Coilfang Reservoir: The Steamvault (Boss Loot) - Mekgineer Steamrigger (Normal and Heroic) - Rare Items'),
(17797,40020,100,0,-40020,1,0,'Coilfang Reservoir: The Steamvault (Boss Loot) - Hydromancer Thespia (Normal and Heroic) - Rare Items'),
(17798,40022,100,0,-40022,2,0,'Coilfang Reservoir: The Steamvault (Boss Loot) - Warlord Kalithresh (Normal and Heroic) - Rare Items'),
(17798,49000,1,0,-49000,1,0,'Darkmoon Cards (Blessings, Storms, Furies, Lunacy Ace) - Dungeon End Bosses (Levels: 70+)'),
(17826,40014,100,0,-40014,1,0,'Coilfang Reservoir: The Underbog (Boss Loot) - Swamplord Musel\'ek (Normal) - Rare Items'),
(17848,40090,100,0,-40090,1,0,'Caverns of Time: Old Hillsbrad Foothills (Boss Loot) - Lieutenant Drake (Normal) - Rare Items'),
(17862,40092,100,0,-40092,1,0,'Caverns of Time: Old Hillsbrad Foothills (Boss Loot) - Captain Skarloc (Normal) - Rare Items'),
(17879,40100,100,0,-40100,1,0,'Caverns of Time: The Black Morass (Boss Loot) - Chrono Lord Deja (Normal and Heroic) - Rare Items'),
(17880,40101,100,0,-40101,1,0,'Caverns of Time: The Black Morass (Boss Loot) - Temporus (Normal and Heroic) - Rare Items'),
(17881,40102,100,0,-40102,2,0,'Caverns of Time: The Black Morass (Boss Loot) - Aeonus (Normal and Heroic) - Rare Items'),
(17881,49000,1,0,-49000,1,0,'Darkmoon Cards (Blessings, Storms, Furies, Lunacy Ace) - Dungeon End Bosses (Levels: 70+)'),
(17882,40016,100,0,-40016,1,0,'Coilfang Reservoir: The Underbog (Boss Loot) - The Black Stalker (Normal) - Rare Items'),
(17941,40000,100,0,-40000,1,0,'Coilfang Reservoir: The Slave Pens (Boss Loot) - Mennu the Betrayer (Normal) - Rare Items'),
(17942,40004,100,0,-40004,1,0,'Coilfang Reservoir: The Slave Pens (Boss Loot) - Quagmirran (Normal) - Rare Items'),
(17975,40071,100,0,-40071,1,0,'Tempest Keep: The Botanica (Boss Loot) - High Botanist Freywinn (Normal and Heroic) - Rare Items'),
(17976,40070,100,0,-40070,1,0,'Tempest Keep: The Botanica (Boss Loot) - Commander Sarannis (Normal and Heroic) - Rare Items'),
(17977,40074,100,0,-40074,2,0,'Tempest Keep: The Botanica (Boss Loot) - Warp Splinter (Normal and Heroic) - Rare Items'),
(17977,49000,1,0,-49000,1,0,'Darkmoon Cards (Blessings, Storms, Furies, Lunacy Ace) - Dungeon End Bosses (Levels: 70+)'),
(17978,40072,100,1,-40072,1,0,'Tempest Keep: The Botanica (Boss Loot) - Thorngrin the Tender (Normal and Heroic) - Rare Items'),
(17980,40073,100,1,-40073,1,0,'Tempest Keep: The Botanica (Boss Loot) - Laj (Normal and Heroic) - Rare Items'),
(17991,40002,100,0,-40002,1,0,'Coilfang Reservoir: The Slave Pens (Boss Loot) - Rokmar the Crackler (Normal) - Rare Items'),
(18096,40094,100,0,-40094,1,0,'Caverns of Time: Old Hillsbrad Foothills (Boss Loot) - Epoch Hunter (Normal) - Rare Items'),
(18105,40012,100,0,-40012,1,0,'Coilfang Reservoir: The Underbog (Boss Loot) - Ghaz\'an (Normal) - Rare Items'),
(18341,40110,100,0,-40110,1,0,'Auchindoun: Mana-Tombs (Boss Loot) - Pandemonius (Normal) - Rare Items'),
(18343,40112,100,0,-40112,1,0,'Auchindoun: Mana-Tombs (Boss Loot) - Tavarok (Normal) - Rare Items'),
(18344,40115,100,0,-40115,1,0,'Auchindoun: Mana-Tombs (Boss Loot) - Nexus-Prince Shaffar (Normal) - Rare Items'),
(18371,40120,100,0,-40120,1,0,'Auchindoun: Auchenai Crypts (Boss Loot) - Shirrak the Dead Watcher (Normal) - Rare Items'),
(18373,40122,100,0,-40122,1,0,'Auchindoun: Auchenai Crypts (Boss Loot) - Exarch Maladaar (Normal) - Rare Items'),
(18433,40033,100,0,-40033,1,0,'Hellfire Citadel: Hellfire Ramparts (Boss Loot) - Omor the Unscarred (Heroic) - Rare Items'),
(18433,49000,2,0,-49000,1,0,'Darkmoon Cards (Blessings, Storms, Furies, Lunacy Ace) - Dungeon End Bosses (Levels: 70+)'),
(18436,40031,100,0,-40031,1,0,'Hellfire Citadel: Hellfire Ramparts (Boss Loot) - Watchkeeper Gargolmar (Heroic) - Rare Items'),
(18472,40130,100,0,-40130,1,0,'Auchindoun: Sethekk Halls (Boss Loot) - Darkweaver Syth (Normal and Heroic) - Rare Items'),
(18473,40132,100,0,-40132,2,0,'Auchindoun: Sethekk Halls (Boss Loot) - Talon King Ikiss (Normal and Heroic) - Rare Items'),
(18473,49000,1,0,-49000,1,0,'Darkmoon Cards (Blessings, Storms, Furies, Lunacy Ace) - Dungeon End Bosses (Levels: 70+)'),
(18601,40043,100,0,-40043,1,0,'Hellfire Citadel: The Blood Furnace (Boss Loot) - Broggok (Heroic) - Rare Items'),
(18601,40047,15,0,-40047,1,0,'Hellfire Citadel: The Blood Furnace Heroic Epic Gems'),
(18607,40045,100,0,-40045,2,0,'Hellfire Citadel: The Blood Furnace (Boss Loot) - Keli\'dan the Breaker (Heroic) - Rare Items'),
(18607,40046,100,0,-40046,1,0,'Hellfire Citadel: The Blood Furnace (Boss Loot) - Keli\'dan the Breaker (Heroic) - Epic Items'),
(18607,40047,30,0,-40047,1,0,'Hellfire Citadel: The Blood Furnace Heroic Epic Gems'),
(18607,49000,2,0,-49000,1,0,'Darkmoon Cards (Blessings, Storms, Furies, Lunacy Ace) - Dungeon End Bosses (Levels: 70+)'),
(18621,40041,100,0,-40041,1,0,'Hellfire Citadel: The Blood Furnace (Boss Loot) - The Maker (Heroic) - Rare Items'),
(18621,40047,15,0,-40047,1,0,'Hellfire Citadel: The Blood Furnace Heroic Epic Gems'),
(18667,40141,100,0,-40141,1,0,'Auchindoun: Shadow Labyrinth (Boss Loot) - Blackheart the Inciter (Normal and Heroic) - Rare Items'),
(18708,40143,100,0,-40143,2,0,'Auchindoun: Shadow Labyrinth (Boss Loot) - Murmur (Normal and Heroic) - Rare Items'),
(18708,49000,1,0,-49000,1,0,'Darkmoon Cards (Blessings, Storms, Furies, Lunacy Ace) - Dungeon End Bosses (Levels: 70+)'),
(18731,40140,100,0,-40140,1,0,'Auchindoun: Shadow Labyrinth (Boss Loot) - Ambassador Hellmaw (Normal and Heroic) - Rare Items'),
(18732,40142,100,0,-40142,1,0,'Auchindoun: Shadow Labyrinth (Boss Loot) - Grandmaster Vorpil (Normal and Heroic) - Rare Items'),
(19219,40060,100,0,-40060,1,0,'Tempest Keep: The Mechanar (Boss Loot) - Mechano-Lord Capacitus (Normal and Heroic) - Rare Items'),
(19220,40062,100,0,-40062,2,0,'Tempest Keep: The Mechanar (Boss Loot) - Pathaleon the Calculator (Normal and Heroic) - Rare Items'),
(19220,49000,1,0,-49000,1,0,'Darkmoon Cards (Blessings, Storms, Furies, Lunacy Ace) - Dungeon End Bosses (Levels: 70+)'),
(19221,40061,100,0,-40061,1,0,'Tempest Keep: The Mechanar (Boss Loot) - Nethermancer Sepethrea (Normal and Heroic) - Rare Items'),
(19893,40001,100,0,-40001,1,0,'Coilfang Reservoir: The Slave Pens (Boss Loot) - Mennu the Betrayer (Heroic) - Rare Items'),
(19893,40007,15,0,-40007,1,0,'Coilfang Reservoir: The Slave Pens Heroic Epic Gems'),
(19894,40005,100,0,-40005,2,0,'Coilfang Reservoir: The Slave Pens (Boss Loot) - Quagmirran (Heroic) - Rare Items'),
(19894,40006,100,0,-40006,1,0,'Coilfang Reservoir: The Slave Pens (Boss Loot) - Quagmirran (Heroic) - Epic Items'),
(19894,40007,30,0,-40007,1,0,'Coilfang Reservoir: The Slave Pens Heroic Epic Gems'),
(19894,49000,2,0,-49000,1,0,'Darkmoon Cards (Blessings, Storms, Furies, Lunacy Ace) - Dungeon End Bosses (Levels: 70+)'),
(19895,40003,100,0,-40003,1,0,'Coilfang Reservoir: The Slave Pens (Boss Loot) - Rokmar the Crackler (Heroic) - Rare Items'),
(19895,40007,15,0,-40007,1,0,'Coilfang Reservoir: The Slave Pens Heroic Epic Gems'),
(20168,40013,100,0,-40013,1,0,'Coilfang Reservoir: The Underbog (Boss Loot) - Ghaz\'an (Heroic) - Rare Items'),
(20168,40019,15,0,-40019,1,0,'Coilfang Reservoir: The Underbog Heroic Epic Gems'),
(20169,40011,100,0,-40011,1,0,'Coilfang Reservoir: The Underbog (Boss Loot) - Hungarfen (Heroic) - Rare Items'),
(20169,40019,15,0,-40019,1,0,'Coilfang Reservoir: The Underbog Heroic Epic Gems'),
(20183,40015,100,0,-40015,1,0,'Coilfang Reservoir: The Underbog (Boss Loot) - Swamplord Musel\'ek (Heroic) - Rare Items'),
(20183,40019,15,0,-40019,1,0,'Coilfang Reservoir: The Underbog Heroic Epic Gems'),
(20184,40017,100,0,-40017,2,0,'Coilfang Reservoir: The Underbog (Boss Loot) - The Black Stalker (Heroic) - Rare Items'),
(20184,40018,100,0,-40018,1,0,'Coilfang Reservoir: The Underbog (Boss Loot) - The Black Stalker (Heroic) - Epic Items'),
(20184,40019,30,0,-40019,1,0,'Coilfang Reservoir: The Underbog Heroic Epic Gems'),
(20184,49000,2,0,-49000,1,0,'Darkmoon Cards (Blessings, Storms, Furies, Lunacy Ace) - Dungeon End Bosses (Levels: 70+)'),
(20266,40116,100,0,-40116,2,0,'Auchindoun: Mana-Tombs (Boss Loot) - Nexus-Prince Shaffar (Heroic) - Rare Items'),
(20266,40117,100,0,-40117,1,0,'Auchindoun: Mana-Tombs (Boss Loot) - Nexus-Prince Shaffar (Heroic) - Epic Items'),
(20266,40118,30,0,-40118,1,0,'Auchindoun: Mana-Tombs Heroic Epic Gems'),
(20266,49000,2,0,-49000,1,0,'Darkmoon Cards (Blessings, Storms, Furies, Lunacy Ace) - Dungeon End Bosses (Levels: 70+)'),
(20267,40111,100,0,-40111,1,0,'Auchindoun: Mana-Tombs (Boss Loot) - Pandemonius (Heroic) - Rare Items'),
(20267,40118,15,0,-40118,1,0,'Auchindoun: Mana-Tombs Heroic Epic Gems'),
(20268,40113,100,0,-40113,1,0,'Auchindoun: Mana-Tombs (Boss Loot) - Tavarok (Heroic) - Rare Items'),
(20268,40118,15,0,-40118,1,0,'Auchindoun: Mana-Tombs Heroic Epic Gems'),
(20306,40123,100,0,-40123,1,0,'Auchindoun: Auchenai Crypts (Boss Loot) - Exarch Maladaar (Heroic) - Rare Items'),
(20306,40124,100,0,-40124,1,0,'Auchindoun: Auchenai Crypts (Boss Loot) - Exarch Maladaar (Heroic) - Epic Items'),
(20306,40125,30,0,-40125,1,0,'Auchindoun: Auchenai Crypts Heroic Epic Gems'),
(20306,49000,2,0,-49000,1,0,'Darkmoon Cards (Blessings, Storms, Furies, Lunacy Ace) - Dungeon End Bosses (Levels: 70+)'),
(20318,40121,100,0,-40121,1,0,'Auchindoun: Auchenai Crypts (Boss Loot) - Shirrak the Dead Watcher (Heroic) - Rare Items'),
(20318,40125,15,0,-40125,1,0,'Auchindoun: Auchenai Crypts Heroic Epic Gems'),
(20521,40093,100,0,-40093,1,0,'Caverns of Time: Old Hillsbrad Foothills (Boss Loot) - Captain Skarloc (Heroic) - Rare Items'),
(20521,40097,15,0,-40097,1,0,'Caverns of Time: Old Hillsbrad Foothills Heroic Epic Gems'),
(20531,40095,100,0,-40095,2,0,'Caverns of Time: Old Hillsbrad Foothills (Boss Loot) - Epoch Hunter (Heroic) - Rare Items'),
(20531,40096,100,0,-40096,1,0,'Caverns of Time: Old Hillsbrad Foothills (Boss Loot) - Epoch Hunter (Heroic) - Epic Items'),
(20531,40097,30,0,-40097,1,0,'Caverns of Time: Old Hillsbrad Foothills Heroic Epic Gems'),
(20531,49000,2,0,-49000,1,0,'Darkmoon Cards (Blessings, Storms, Furies, Lunacy Ace) - Dungeon End Bosses (Levels: 70+)'),
(20535,40091,100,0,-40091,1,0,'Caverns of Time: Old Hillsbrad Foothills (Boss Loot) - Lieutenant Drake (Heroic) - Rare Items'),
(20535,40097,15,0,-40097,1,0,'Caverns of Time: Old Hillsbrad Foothills Heroic Epic Gems'),
(20568,40050,100,0,-40050,1,0,'Hellfire Citadel: The Shattered Halls (Boss Loot) - Grand Warlock Nethekurse (Normal and Heroic) - Rare Items'),
(20568,40055,15,0,-40055,1,0,'Hellfire Citadel: The Shattered Halls Heroic Epic Gems'),
(20596,40052,100,0,-40052,1,0,'Hellfire Citadel: The Shattered Halls (Boss Loot) - Warbringer O\'mrogg (Normal and Heroic) - Rare Items'),
(20596,40055,15,0,-40055,1,0,'Hellfire Citadel: The Shattered Halls Heroic Epic Gems'),
(20597,40053,100,0,-40053,2,0,'Hellfire Citadel: The Shattered Halls (Boss Loot) - Warchief Kargath Bladefist (Normal and Heroic) - Rare Items'),
(20597,40054,100,0,-40054,1,0,'Hellfire Citadel: The Shattered Halls (Boss Loot) - Warchief Kargath Bladefist (Heroic) - Epic Items'),
(20597,40055,30,0,-40055,1,0,'Hellfire Citadel: The Shattered Halls Heroic Epic Gems'),
(20597,49000,2,0,-49000,1,0,'Darkmoon Cards (Blessings, Storms, Furies, Lunacy Ace) - Dungeon End Bosses (Levels: 70+)'),
(20629,40020,100,0,-40020,1,0,'Coilfang Reservoir: The Steamvault (Boss Loot) - Hydromancer Thespia (Normal and Heroic) - Rare Items'),
(20629,40024,15,0,-40024,1,0,'Coilfang Reservoir: The Steamvault Heroic Epic Gems'),
(20630,40021,100,0,-40021,1,0,'Coilfang Reservoir: The Steamvault (Boss Loot) - Mekgineer Steamrigger (Normal and Heroic) - Rare Items'),
(20630,40024,15,0,-40024,1,0,'Coilfang Reservoir: The Steamvault Heroic Epic Gems'),
(20633,40022,100,0,-40022,2,0,'Coilfang Reservoir: The Steamvault (Boss Loot) - Warlord Kalithresh (Normal and Heroic) - Rare Items'),
(20633,40023,100,0,-40023,1,0,'Coilfang Reservoir: The Steamvault (Boss Loot) - Warlord Kalithresh (Heroic) - Epic Items'),
(20633,40024,30,0,-40024,1,0,'Coilfang Reservoir: The Steamvault Heroic Epic Gems'),
(20633,49000,2,0,-49000,1,0,'Darkmoon Cards (Blessings, Storms, Furies, Lunacy Ace) - Dungeon End Bosses (Levels: 70+)'),
(20636,40140,100,0,-40140,1,0,'Auchindoun: Shadow Labyrinth (Boss Loot) - Ambassador Hellmaw (Normal and Heroic) - Rare Items'),
(20636,40145,15,0,-40145,1,0,'Auchindoun: Shadow Labyrinth Heroic Epic Gems'),
(20637,40141,100,0,-40141,1,0,'Auchindoun: Shadow Labyrinth (Boss Loot) - Blackheart the Inciter (Normal and Heroic) - Rare Items'),
(20637,40145,15,0,-40145,1,0,'Auchindoun: Shadow Labyrinth Heroic Epic Gems'),
(20653,40142,100,0,-40142,1,0,'Auchindoun: Shadow Labyrinth (Boss Loot) - Grandmaster Vorpil (Normal and Heroic) - Rare Items'),
(20653,40145,15,0,-40145,1,0,'Auchindoun: Shadow Labyrinth Heroic Epic Gems'),
(20657,40143,100,0,-40143,2,0,'Auchindoun: Shadow Labyrinth (Boss Loot) - Murmur (Normal and Heroic) - Rare Items'),
(20657,40144,100,0,-40144,1,0,'Auchindoun: Shadow Labyrinth (Boss Loot) - Murmur (Heroic) - Epic Items'),
(20657,40145,30,0,-40145,1,0,'Auchindoun: Shadow Labyrinth Heroic Epic Gems'),
(20657,49000,2,0,-49000,1,0,'Darkmoon Cards (Blessings, Storms, Furies, Lunacy Ace) - Dungeon End Bosses (Levels: 70+)'),
(20690,40130,100,0,-40130,1,0,'Auchindoun: Sethekk Halls (Boss Loot) - Darkweaver Syth (Normal and Heroic) - Rare Items'),
(20690,40134,15,0,-40134,1,0,'Auchindoun: Sethekk Halls Heroic Epic Gems'),
(20706,40132,100,0,-40132,2,0,'Auchindoun: Sethekk Halls (Boss Loot) - Talon King Ikiss (Normal and Heroic) - Rare Items'),
(20706,40133,100,0,-40133,1,0,'Auchindoun: Sethekk Halls (Boss Loot) - Talon King Ikiss (Heroic) - Epic Items'),
(20706,40134,30,0,-40134,1,0,'Auchindoun: Sethekk Halls Heroic Epic Gems'),
(20706,49000,2,0,-49000,1,0,'Darkmoon Cards (Blessings, Storms, Furies, Lunacy Ace) - Dungeon End Bosses (Levels: 70+)'),
(20737,40102,100,0,-40102,2,0,'Caverns of Time: The Black Morass (Boss Loot) - Aeonus (Normal and Heroic) - Rare Items'),
(20737,40103,100,0,-40103,1,0,'Caverns of Time: The Black Morass (Boss Loot) - Aeonus (Heroic) - Epic Items'),
(20737,40104,30,0,-40104,1,0,'Caverns of Time: The Black Morass Heroic Epic Gems'),
(20737,49000,2,0,-49000,1,0,'Darkmoon Cards (Blessings, Storms, Furies, Lunacy Ace) - Dungeon End Bosses (Levels: 70+)'),
(20738,40100,100,0,-40100,1,0,'Caverns of Time: The Black Morass (Boss Loot) - Chrono Lord Deja (Normal and Heroic) - Rare Items'),
(20738,40104,15,0,-40104,1,0,'Caverns of Time: The Black Morass Heroic Epic Gems'),
(20745,40101,100,0,-40101,1,0,'Caverns of Time: The Black Morass (Boss Loot) - Temporus (Normal and Heroic) - Rare Items'),
(20745,40104,15,0,-40104,1,0,'Caverns of Time: The Black Morass Heroic Epic Gems'),
(20870,40080,100,0,-40080,1,0,'Tempest Keep: The Arcatraz (Boss Loot) - Zereketh the Unbound (Normal and Heroic) - Rare Items'),
(20885,40082,100,0,-40082,1,0,'Tempest Keep: The Arcatraz (Boss Loot) - Dalliah the Doomsayer (Normal and Heroic) - Rare Items'),
(20886,40081,100,0,-40081,1,0,'Tempest Keep: The Arcatraz (Boss Loot) - Wrath-Scryer Soccothrates (Normal and Heroic) - Rare Items'),
(20912,40083,100,0,-40083,2,0,'Tempest Keep: The Arcatraz (Boss Loot) - Harbinger Skyriss (Normal) - Rare Items'),
(20912,49000,1,0,-49000,1,0,'Darkmoon Cards (Blessings, Storms, Furies, Lunacy Ace) - Dungeon End Bosses (Levels: 70+)'),
(20923,40051,100,0,-40051,1,0,'Hellfire Citadel: The Shattered Halls (Boss Loot) - Blood Guard Porung (Heroic) - Rare Items'),
(20923,40055,15,0,-40055,1,0,'Hellfire Citadel: The Shattered Halls Heroic Epic Gems'),
(21533,40060,100,0,-40060,1,0,'Tempest Keep: The Mechanar (Boss Loot) - Mechano-Lord Capacitus (Normal and Heroic) - Rare Items'),
(21533,40064,15,0,-40064,1,0,'Tempest Keep: The Mechanar Heroic Epic Gems'),
(21536,40061,100,0,-40061,1,0,'Tempest Keep: The Mechanar (Boss Loot) - Nethermancer Sepethrea (Normal and Heroic) - Rare Items'),
(21536,40064,15,0,-40064,1,0,'Tempest Keep: The Mechanar Heroic Epic Gems'),
(21537,40062,100,0,-40062,2,0,'Tempest Keep: The Mechanar (Boss Loot) - Pathaleon the Calculator (Normal and Heroic) - Rare Items'),
(21537,40063,100,0,-40063,1,0,'Tempest Keep: The Mechanar (Boss Loot) - Pathaleon the Calculator (Heroic) - Epic Items'),
(21537,40064,30,0,-40064,1,0,'Tempest Keep: The Mechanar Heroic Epic Gems'),
(21537,49000,2,0,-49000,1,0,'Darkmoon Cards (Blessings, Storms, Furies, Lunacy Ace) - Dungeon End Bosses (Levels: 70+)'),
(21551,40070,100,0,-40070,1,0,'Tempest Keep: The Botanica (Boss Loot) - Commander Sarannis (Normal and Heroic) - Rare Items'),
(21551,40076,15,0,-40076,1,0,'Tempest Keep: The Botanica Heroic Epic Gems'),
(21558,40071,100,0,-40071,1,0,'Tempest Keep: The Botanica (Boss Loot) - High Botanist Freywinn (Normal and Heroic) - Rare Items'),
(21558,40076,15,0,-40076,1,0,'Tempest Keep: The Botanica Heroic Epic Gems'),
(21559,40073,100,0,-40073,1,0,'Tempest Keep: The Botanica (Boss Loot) - Laj (Normal and Heroic) - Rare Items'),
(21559,40076,15,0,-40076,1,0,'Tempest Keep: The Botanica Heroic Epic Gems'),
(21581,40072,100,0,-40072,1,0,'Tempest Keep: The Botanica (Boss Loot) - Thorngrin the Tender (Normal and Heroic) - Rare Items'),
(21581,40076,15,0,-40076,1,0,'Tempest Keep: The Botanica Heroic Epic Gems'),
(21582,40074,100,0,-40074,2,0,'Tempest Keep: The Botanica (Boss Loot) - Warp Splinter (Normal and Heroic) - Rare Items'),
(21582,40075,100,0,-40075,1,0,'Tempest Keep: The Botanica (Boss Loot) - Warp Splinter (Heroic) - Epic Items'),
(21582,40076,30,0,-40076,1,0,'Tempest Keep: The Botanica Heroic Epic Gems'),
(21582,49000,2,0,-49000,1,0,'Darkmoon Cards (Blessings, Storms, Furies, Lunacy Ace) - Dungeon End Bosses (Levels: 70+)'),
(21590,40082,100,0,-40082,1,0,'Tempest Keep: The Arcatraz (Boss Loot) - Dalliah the Doomsayer (Normal and Heroic) - Rare Items'),
(21590,40085,15,0,-40085,1,0,'Tempest Keep: The Arcatraz Heroic Epic Gems'),
(21599,40083,100,0,-40083,1,0,'Tempest Keep: The Arcatraz (Boss Loot) - Harbinger Skyriss (Normal) - Rare Items'),
(21599,40084,100,0,-40084,1,0,'Tempest Keep: The Arcatraz (Boss Loot) - Harbinger Skyriss (Heroic) - Epic Items'),
(21599,40085,30,0,-40085,1,0,'Tempest Keep: The Arcatraz Heroic Epic Gems'),
(21599,49000,2,0,-49000,1,0,'Darkmoon Cards (Blessings, Storms, Furies, Lunacy Ace) - Dungeon End Bosses (Levels: 70+)'),
(21624,40081,100,0,-40081,1,0,'Tempest Keep: The Arcatraz (Boss Loot) - Wrath-Scryer Soccothrates (Normal and Heroic) - Rare Items'),
(21624,40085,15,0,-40085,1,0,'Tempest Keep: The Arcatraz Heroic Epic Gems'),
(21626,40080,100,0,-40080,1,0,'Tempest Keep: The Arcatraz (Boss Loot) - Zereketh the Unbound (Normal and Heroic) - Rare Items'),
(21626,40085,15,0,-40085,1,0,'Tempest Keep: The Arcatraz Heroic Epic Gems'),
(22930,40114,100,0,-40114,1,0,'Auchindoun: Mana-Tombs (Boss Loot) - Yor (Heroic) - Rare and Epic Items'),
(22930,40118,15,0,-40118,1,0,'Auchindoun: Mana-Tombs Heroic Epic Gems'),
(23035,40131,100,0,-40131,1,0,'Auchindoun: Sethekk Halls (Boss Loot) - Anzu (Heroic) - Rare Items'),
(23035,40134,15,0,-40134,1,0,'Auchindoun: Sethekk Halls Heroic Epic Gems'),
(24560,40154,100,0,-40154,1,0,'Magisters Terrace (Boss Loot) - Priestess Delrissa (Normal) - Rare Items'),
(24664,40156,100,0,-40156,1,0,'Magisters Terrace (Boss Loot) - Kael\'thas Sunstrider (Normal) - Rare Items'),
(24664,40157,100,0,-40157,1,0,'Magisters Terrace (Boss Loot) - Kael\'thas Sunstrider (Heroic) - Epic Items'),
(24664,40159,5,0,-40159,1,0,'Magisters Terrace (Boss Loot) - Kael\'thas Sunstrider - BoP Recipes'),
(24723,40150,100,0,-40150,1,0,'Magisters Terrace (Boss Loot) - Selin Fireheart (Normal) - Rare Items'),
(24744,40152,100,0,-40152,1,0,'Magisters Terrace (Boss Loot) - Vexallus (Normal) - Rare Items'),
(24857,40158,100,0,-40158,2,0,'Magisters Terrace (Boss Loot) - Kael\'thas Sunstrider (Heroic) - Epic Items'),
(24857,40159,5,0,-40159,1,0,'Magisters Terrace (Boss Loot) - Kael\'thas Sunstrider - BoP Recipes'),
(25560,40155,100,0,-40155,1,0,'Magisters Terrace (Boss Loot) - Priestess Delrissa (Heroic) - Epic Items'),
(25562,40151,100,0,-40151,1,0,'Magisters Terrace (Boss Loot) - Selin Fireheart (Heroic) - Epic Items'),
(25573,40153,100,0,-40153,1,0,'Magisters Terrace (Boss Loot) - Vexallus (Heroic) - Epic Items');

INSERT INTO reference_loot_template(entry, item, ChanceOrQuestChance, groupid, mincountOrRef, maxcount, condition_id, comments) VALUES
(40000,24356,0,1,1,1,0,'Wastewalker Shiv'),
(40000,24357,0,1,1,1,0,'Vest of Living Lightning'),
(40000,24359,0,1,1,1,0,'Princely Reign Leggings'),
(40000,24360,0,1,1,1,0,'Tracker\'s Belt'),
(40000,24361,0,1,1,1,0,'Spellfire Longsword'),
(40001,27541,0,1,1,1,0,'Archery Belt of the Broken'),
(40001,27542,0,1,1,1,0,'Cord of Belief'),
(40001,27543,0,1,1,1,0,'Starlight Dagger'),
(40001,27544,0,1,1,1,0,'Totem of Spontaneous Regrowth'),
(40001,27545,0,1,1,1,0,'Mennu\'s Scaled Leggings'),
(40001,27546,0,1,1,1,0,'Traitor\'s Noose'),
(40002,24376,0,1,1,1,0,'Runed Fungalcap'),
(40002,24378,0,1,1,1,0,'Coilfang Hammer of Renewal'),
(40002,24379,0,1,1,1,0,'Bogstrok Scale Cloak'),
(40002,24380,0,1,1,1,0,'Calming Spore Reed'),
(40002,24381,0,1,1,1,0,'Coilfang Needler'),
(40003,27547,0,1,1,1,0,'Coldwhisper Cord'),
(40003,27548,0,1,1,1,0,'Girdle of Many Blessings'),
(40003,27549,0,1,1,1,0,'Wavefury Boots'),
(40003,27550,0,1,1,1,0,'Ironscale War Cloak'),
(40003,27551,0,1,1,1,0,'Skeletal Necklace of Battlerage'),
(40003,28124,0,1,1,1,0,'Liar\'s Cord'),
(40004,24362,0,1,1,1,0,'Spore-Soaked Vaneer'),
(40004,24363,0,1,1,1,0,'Unscarred Breastplate'),
(40004,24364,0,1,1,1,0,'Azureplate Greaves'),
(40004,24365,0,1,1,1,0,'Deft Handguards'),
(40004,24366,0,1,1,1,0,'Scorpid-Sting Mantle'),
(40005,27672,0,1,1,1,0,'Girdle of the Immovable'),
(40005,27673,0,1,1,1,0,'Phosphorescent Blade'),
(40005,27683,0,1,1,1,0,'Quagmirran\'s Eye'),
(40005,27712,0,1,1,1,0,'Shackles of Quagmirran'),
(40005,27713,0,1,1,1,0,'Pauldrons of Desolation'),
(40005,27714,0,1,1,1,0,'Swamplight Lantern'),
(40005,27740,0,1,1,1,0,'Band of Ursol'),
(40005,27741,0,1,1,1,0,'Bleeding Hollow Warhammer'),
(40005,27742,0,1,1,1,0,'Mage-Fury Girdle'),
(40005,27796,0,1,1,1,0,'Mana-Etched Spaulders'),
(40005,27800,0,1,1,1,0,'Earthsoul Britches'),
(40005,28337,0,1,1,1,0,'Breastplate of Righteous Fury'),
(40006,29242,0,1,1,1,0,'Boots of Blasphemy'),
(40006,29349,0,1,1,1,0,'Adamantine Chain of the Unbroken'),
(40006,30538,0,1,1,1,0,'Midnight Legguards'),
(40006,32078,0,1,1,1,0,'Pauldrons of Wild Magic'),
(40007,30603,0,1,1,1,0,'Royal Tanzanite'),
(40007,30604,0,1,1,1,0,'Resplendent Fire Opal'),
(40007,30605,0,1,1,1,0,'Vivid Chrysoprase'),
(40010,24413,0,1,1,1,0,'Totem of the Thunderhead'),
(40010,24450,0,1,1,1,0,'Manaspark Gloves'),
(40010,24451,0,1,1,1,0,'Lykul Bloodbands'),
(40010,24452,0,1,1,1,0,'Starlight Gauntlets'),
(40010,27631,0,1,1,1,0,'Needle Shrike'),
(40011,27743,0,1,1,1,0,'Girdle of Living Flame'),
(40011,27744,0,1,1,1,0,'Idol of Ursoc'),
(40011,27745,0,1,1,1,0,'Hungarhide Gauntlets'),
(40011,27746,0,1,1,1,0,'Arcanium Signet Bands'),
(40011,27747,0,1,1,1,0,'Boggspine Knuckles'),
(40011,27748,0,1,1,1,0,'Cassock of the Loyal'),
(40012,24458,0,1,1,1,0,'Studded Girdle of Virtue'),
(40012,24459,0,1,1,1,0,'Cloak of Healing Rays'),
(40012,24460,0,1,1,1,0,'Talisman of Tenacity'),
(40012,24461,0,1,1,1,0,'Hatebringer'),
(40012,24462,0,1,1,1,0,'Luminous Pearls of Insight'),
(40013,27755,0,1,1,1,0,'Girdle of Gallantry'),
(40013,27757,0,1,1,1,0,'Greatstaff of the Leviathan'),
(40013,27758,0,1,1,1,0,'Hydra-fang Necklace'),
(40013,27759,0,1,1,1,0,'Headdress of the Tides'),
(40013,27760,0,1,1,1,0,'Dunewind Sash'),
(40013,27761,0,1,1,1,0,'Ring of the Shadow Deeps'),
(40014,24453,0,1,1,1,0,'Zangartooth Shortblade'),
(40014,24454,0,1,1,1,0,'Cloak of Enduring Swiftness'),
(40014,24455,0,1,1,1,0,'Tunic of the Nightwatcher'),
(40014,24456,0,1,1,1,0,'Greaves of the Iron Guardian'),
(40014,24457,0,1,1,1,0,'Truth Bearer Shoulderguards'),
(40015,27762,0,1,1,1,0,'Weathered Band of the Swamplord'),
(40015,27763,0,1,1,1,0,'Crown of the Forest Lord'),
(40015,27764,0,1,1,1,0,'Hands of the Sun'),
(40015,27765,0,1,1,1,0,'Armwraps of Disdain'),
(40015,27766,0,1,1,1,0,'Swampstone Necklace'),
(40015,27767,0,1,1,1,0,'Bogreaver'),
(40016,24463,0,1,1,1,0,'Pauldrons of Brute Force'),
(40016,24464,0,1,1,1,0,'The Stalker\'s Fangs'),
(40016,24465,0,1,1,1,0,'Shamblehide Chestguard'),
(40016,24466,0,1,1,1,0,'Skulldugger\'s Leggings'),
(40016,24481,0,1,1,1,0,'Robes of the Augurer'),
(40017,27768,0,1,1,1,0,'Oracle Belt of Timeless Mystery'),
(40017,27769,0,1,1,1,0,'Endbringer'),
(40017,27770,0,1,1,1,0,'Argussian Compass'),
(40017,27771,0,1,1,1,0,'Doomplate Shoulderguards'),
(40017,27772,0,1,1,1,0,'Stormshield of Renewal'),
(40017,27773,0,1,1,1,0,'Barbaric Legstraps'),
(40017,27779,0,1,1,1,0,'Bone Chain Necklace'),
(40017,27780,0,1,1,1,0,'Ring of Fabled Hope'),
(40017,27781,0,1,1,1,0,'Demonfang Ritual Helm'),
(40017,27896,0,1,1,1,0,'Alembic of Infernal Power'),
(40017,27907,0,1,1,1,0,'Mana-Etched Pantaloons'),
(40017,27938,0,1,1,1,0,'Savage Mask of the Lynx Lord'),
(40018,29265,0,1,1,1,0,'Barkchip Boots'),
(40018,29350,0,1,1,1,0,'The Black Stalk'),
(40018,30541,0,1,1,1,0,'Stormsong Kilt'),
(40018,32081,0,1,1,1,0,'Eye of the Stalker'),
(40019,30606,0,1,1,1,0,'Lambent Chrysoprase'),
(40019,30607,0,1,1,1,0,'Splendid Fire Opal'),
(40019,30608,0,1,1,1,0,'Radiant Chrysoprase'),
(40020,27508,0,1,1,1,0,'Incanter\'s Gloves'),
(40020,27783,0,1,1,1,0,'Moonrage Girdle'),
(40020,27784,0,1,1,1,0,'Scintillating Coral Band'),
(40020,27787,0,1,1,1,0,'Chestguard of No Remorse'),
(40020,27789,0,1,1,1,0,'Cloak of Whispering Shells'),
(40021,27790,0,1,1,1,0,'Mask of Penance'),
(40021,27791,0,1,1,1,0,'Serpentcrest Life-Staff'),
(40021,27792,0,1,1,1,0,'Steam-Hinge Chain of Valor'),
(40021,27793,0,1,1,1,0,'Earth Mantle Handwraps'),
(40021,27794,0,1,1,1,0,'Recoilless Rocket Ripper X-54'),
(40022,27475,0,1,1,1,0,'Gauntlets of the Bold'),
(40022,27510,0,1,1,1,0,'Tidefury Gauntlets'),
(40022,27737,0,1,1,1,0,'Moonglade Shoulders'),
(40022,27738,0,1,1,1,0,'Incanter\'s Pauldrons'),
(40022,27795,0,1,1,1,0,'Sash of Serpentra'),
(40022,27799,0,1,1,1,0,'Vermillion Robes of the Dominant'),
(40022,27801,0,1,1,1,0,'Beast Lord Mantle'),
(40022,27804,0,1,1,1,0,'Devilshark Cape'),
(40022,27805,0,1,1,1,0,'Ring of the Silver Hand'),
(40022,27806,0,1,1,1,0,'Fathomheart Gauntlets'),
(40022,27874,0,1,1,1,0,'Beast Lord Leggings'),
(40022,28203,0,1,1,1,0,'Breastplate of the Righteous'),
(40023,29243,0,1,1,1,0,'Wave-Fury Vambraces'),
(40023,29351,0,1,1,1,0,'Wrathtide Longbow'),
(40023,29463,0,1,1,1,0,'Amber Bands of the Aggressor'),
(40023,30543,0,1,1,1,0,'Pontifex Kilt'),
(40024,30549,0,1,1,1,0,'Shifting Tanzanite'),
(40024,30550,0,1,1,1,0,'Sundered Chrysoprase'),
(40024,30551,0,1,1,1,0,'Infused Fire Opal'),
(40030,24020,0,1,1,1,0,'Shadowrend Longblade'),
(40030,24021,0,1,1,1,0,'Light-Touched Breastplate'),
(40030,24022,0,1,1,1,0,'Scale Leggings of the Skirmisher'),
(40030,24023,0,1,1,1,0,'Bracers of Finesse'),
(40030,24024,0,1,1,1,0,'Pauldrons of Arcane Rage'),
(40031,27447,0,1,1,1,0,'Bracers of Just Rewards'),
(40031,27448,0,1,1,1,0,'Cloak of the Everliving'),
(40031,27449,0,1,1,1,0,'Blood Knight Defender'),
(40031,27450,0,1,1,1,0,'Wild Stalker Boots'),
(40031,27451,0,1,1,1,0,'Boots of the Darkwalker'),
(40032,24069,0,1,1,1,0,'Crystalfire Staff'),
(40032,24073,0,1,1,1,0,'Garrote-String Necklace'),
(40032,24090,0,1,1,1,0,'Bloodstained Ravager Gauntlets'),
(40032,24091,0,1,1,1,0,'Tenacious Defender'),
(40032,24094,0,1,1,1,0,'Heart Fire Warhammer'),
(40032,24096,0,1,1,1,0,'Heartblood Prayer Beads'),
(40033,27462,0,1,1,1,0,'Crimson Bracers of Gloom'),
(40033,27463,0,1,1,1,0,'Terror Flame Dagger'),
(40033,27464,0,1,1,1,0,'Omor\'s Unyielding Will'),
(40033,27465,0,1,1,1,0,'Mana-Etched Gloves'),
(40033,27466,0,1,1,1,0,'Headdress of Alacrity'),
(40033,27467,0,1,1,1,0,'Silent-Strider Kneeboots'),
(40033,27476,0,1,1,1,0,'Truncheon of Five Hells'),
(40033,27477,0,1,1,1,0,'Faol\'s Signet of Cleansing'),
(40033,27478,0,1,1,1,0,'Girdle of the Blasted Reaches'),
(40033,27539,0,1,1,1,0,'Justice Bearer\'s Pauldrons'),
(40033,27895,0,1,1,1,0,'Band of Many Prisms'),
(40033,27906,0,1,1,1,0,'Crimsonforge Breastplate'),
(40040,24384,0,1,1,1,0,'Diamond-Core Sledgemace'),
(40040,24385,0,1,1,1,0,'Pendant of Battle-Lust'),
(40040,24386,0,1,1,1,0,'Libram of Saints Departed'),
(40040,24387,0,1,1,1,0,'Ironblade Gauntlets'),
(40040,24388,0,1,1,1,0,'Girdle of the Gale Storm'),
(40041,27483,0,1,1,1,0,'Moon-Touched Bands'),
(40041,27484,0,1,1,1,0,'Libram of Avengement'),
(40041,27485,0,1,1,1,0,'Embroidered Cape of Mysteries'),
(40041,27487,0,1,1,1,0,'Bloodlord Legplates'),
(40041,27488,0,1,1,1,0,'Mage-Collar of the Firestorm'),
(40042,24389,0,1,1,1,0,'Legion Blunderbuss'),
(40042,24390,0,1,1,1,0,'Auslese\'s Light Channeler'),
(40042,24391,0,1,1,1,0,'Kilt of the Night Strider'),
(40042,24392,0,1,1,1,0,'Arcing Bracers'),
(40042,24393,0,1,1,1,0,'Bloody Surgeon\'s Mitts'),
(40043,27489,0,1,1,1,0,'Virtue Bearer\'s Vambraces'),
(40043,27490,0,1,1,1,0,'Firebrand Battleaxe'),
(40043,27491,0,1,1,1,0,'Signet of Repose'),
(40043,27492,0,1,1,1,0,'Moonchild Leggings'),
(40043,27848,0,1,1,1,0,'Embroidered Spellpyre Boots'),
(40044,24394,0,1,1,1,0,'Warsong Howling Axe'),
(40044,24395,0,1,1,1,0,'Mindfire Waistband'),
(40044,24396,0,1,1,1,0,'Vest of Vengeance'),
(40044,24397,0,1,1,1,0,'Raiments of Divine Authority'),
(40044,24398,0,1,1,1,0,'Mantle of the Dusk-Dweller'),
(40045,27494,0,1,1,1,0,'Emerald Eye Bracer'),
(40045,27495,0,1,1,1,0,'Soldier\'s Dog Tags'),
(40045,27497,0,1,1,1,0,'Doomplate Gauntlets'),
(40045,27505,0,1,1,1,0,'Ruby Helm of the Just'),
(40045,27506,0,1,1,1,0,'Robe of Effervescent Light'),
(40045,27507,0,1,1,1,0,'Adamantine Repeater'),
(40045,27512,0,1,1,1,0,'The Willbreaker'),
(40045,27514,0,1,1,1,0,'Leggings of the Unrepentant'),
(40045,27522,0,1,1,1,0,'World\'s End Bracers'),
(40045,27788,0,1,1,1,0,'Bloodsworn Warboots'),
(40045,28121,0,1,1,1,0,'Icon of Unyielding Courage'),
(40045,28264,0,1,1,1,0,'Wastewalker Tunic'),
(40046,29239,0,1,1,1,0,'Eaglecrest Warboots'),
(40046,29245,0,1,1,1,0,'Wave-Crest Striders'),
(40046,29347,0,1,1,1,0,'Talisman of the Breaker'),
(40046,32080,0,1,1,1,0,'Mantle of Shadowy Embrace'),
(40047,30600,0,1,1,1,0,'Fluorescent Tanzanite'),
(40047,30601,0,1,1,1,0,'Beaming Fire Opal'),
(40047,30602,0,1,1,1,0,'Jagged Chrysoprase'),
(40050,27517,0,1,1,1,0,'Bands of Nethekurse'),
(40050,27518,0,1,1,1,0,'Ivory Idol of the Moongoddess'),
(40050,27519,0,1,1,1,0,'Cloak of Malice'),
(40050,27520,0,1,1,1,0,'Greathelm of the Unbreakable'),
(40050,27521,0,1,1,1,0,'Telaari Hunting Girdle'),
(40051,30705,0,1,1,1,0,'Spaulders of Slaughter'),
(40051,30707,0,1,1,1,0,'Nimble-foot Treads'),
(40051,30708,0,1,1,1,0,'Belt of Flowing Thought'),
(40051,30709,0,1,1,1,0,'Pantaloons of Flaming Wrath'),
(40051,30710,0,1,1,1,0,'Blood Guard\'s Necklace of Ferocity'),
(40052,27524,0,1,1,1,0,'Firemaul of Destruction'),
(40052,27525,0,1,1,1,0,'Jeweled Boots of Sanctification'),
(40052,27526,0,1,1,1,0,'Skyfire Hawk-Bow'),
(40052,27802,0,1,1,1,0,'Tidefury Shoulderguards'),
(40052,27868,0,1,1,1,0,'Runesong Dagger'),
(40053,27474,0,1,1,1,0,'Beast Lord Handguards'),
(40053,27527,0,1,1,1,0,'Greaves of the Shatterer'),
(40053,27528,0,1,1,1,0,'Gauntlets of Desolation'),
(40053,27529,0,1,1,1,0,'Figurine of the Colossus'),
(40053,27531,0,1,1,1,0,'Wastewalker Gloves'),
(40053,27533,0,1,1,1,0,'Demonblood Eviscerator'),
(40053,27534,0,1,1,1,0,'Hortus\' Seal of Brilliance'),
(40053,27535,0,1,1,1,0,'Gauntlets of the Righteous'),
(40053,27536,0,1,1,1,0,'Hallowed Handwraps'),
(40053,27537,0,1,1,1,0,'Gloves of Oblivion'),
(40053,27538,0,1,1,1,0,'Lightsworn Hammer'),
(40053,27540,0,1,1,1,0,'Nexus Torch'),
(40054,29254,0,1,1,1,0,'Boots of the Righteous Path'),
(40054,29255,0,1,1,1,0,'Bands of Rarefied Magic'),
(40054,29263,0,1,1,1,0,'Forestheart Bracers'),
(40054,29348,0,1,1,1,0,'The Bladefist'),
(40055,30546,0,1,1,1,0,'Sovereign Tanzanite'),
(40055,30547,0,1,1,1,0,'Luminous Fire Opal'),
(40055,30548,0,1,1,1,0,'Polished Chrysoprase'),
(40060,28253,0,1,1,1,0,'Plasma Rat\'s Hyper-Scythe'),
(40060,28254,0,1,1,1,0,'Warp Engineer\'s Prismatic Chain'),
(40060,28255,0,1,1,1,0,'Lunar-Claw Pauldrons'),
(40060,28256,0,1,1,1,0,'Thoriumweave Cloak'),
(40060,28257,0,1,1,1,0,'Hammer of the Penitent'),
(40061,28258,0,1,1,1,0,'Nethershrike'),
(40061,28259,0,1,1,1,0,'Cosmic Lifeband'),
(40061,28260,0,1,1,1,0,'Manual of the Nethermancer'),
(40061,28262,0,1,1,1,0,'Jade-Skull Breastplate'),
(40061,28263,0,1,1,1,0,'Stellaris'),
(40062,27899,0,1,1,1,0,'Mana Wrath'),
(40062,28202,0,1,1,1,0,'Moonglade Robe'),
(40062,28204,0,1,1,1,0,'Tunic of Assassination'),
(40062,28265,0,1,1,1,0,'Dath\'Remar\'s Ring of Defense'),
(40062,28266,0,1,1,1,0,'Molten Earth Kilt'),
(40062,28267,0,1,1,1,0,'Edge of the Cosmos'),
(40062,28269,0,1,1,1,0,'Baba\'s Cloak of Arcanistry'),
(40062,28275,0,1,1,1,0,'Beast Lord Helm'),
(40062,28278,0,1,1,1,0,'Incanter\'s Cowl'),
(40062,28285,0,1,1,1,0,'Helm of the Righteous'),
(40062,28286,0,1,1,1,0,'Telescopic Sharprifle'),
(40062,28288,0,1,1,1,0,'Abacus of Violent Odds'),
(40063,29251,0,1,1,1,0,'Boots of the Pious'),
(40063,29362,0,1,1,1,0,'The Sun Eater'),
(40063,30533,0,1,1,1,0,'Vanquisher\'s Legplates'),
(40063,32076,0,1,1,1,0,'Handguards of the Steady'),
(40064,30564,0,1,1,1,0,'Shining Fire Opal'),
(40064,30565,0,1,1,1,0,'Assassin\'s Fire Opal'),
(40064,30566,0,1,1,1,0,'Defender\'s Tanzanite'),
(40070,28296,0,1,1,1,0,'Libram of the Lightbringer'),
(40070,28301,0,1,1,1,0,'Syrannis\' Mystic Sheen'),
(40070,28304,0,1,1,1,0,'Prismatic Mittens of Mending'),
(40070,28306,0,1,1,1,0,'Towering Mantle of the Hunt'),
(40070,28311,0,1,1,1,0,'Revenger'),
(40071,28315,0,1,1,1,0,'Stormreaver Warblades'),
(40071,28316,0,1,1,1,0,'Aegis of the Sunbird'),
(40071,28317,0,1,1,1,0,'Energis Armwraps'),
(40071,28318,0,1,1,1,0,'Obsidian Clodstompers'),
(40071,28321,0,1,1,1,0,'Enchanted Thorium Torque'),
(40072,28322,0,1,1,1,0,'Runed Dagger of Solace'),
(40072,28323,0,1,1,1,0,'Ring of Umbral Doom'),
(40072,28324,0,1,1,1,0,'Gauntlets of Cruel Intention'),
(40072,28325,0,1,1,1,0,'Dreamer\'s Dragonstaff'),
(40072,28327,0,1,1,1,0,'Arcane Netherband'),
(40073,27739,0,1,1,1,0,'Spaulders of the Righteous'),
(40073,28328,0,1,1,1,0,'Mithril-Bark Cloak'),
(40073,28338,0,1,1,1,0,'Devil-Stitched Leggings'),
(40073,28339,0,1,1,1,0,'Boots of the Shifting Sands'),
(40073,28340,0,1,1,1,0,'Mantle of Autumn'),
(40074,28228,0,1,1,1,0,'Beast Lord Cuirass'),
(40074,28229,0,1,1,1,0,'Incanter\'s Robe'),
(40074,28341,0,1,1,1,0,'Warpstaff of Arcanum'),
(40074,28342,0,1,1,1,0,'Warp Infused Drape'),
(40074,28343,0,1,1,1,0,'Jagged Bark Pendant'),
(40074,28345,0,1,1,1,0,'Warp Splinter\'s Thorn'),
(40074,28347,0,1,1,1,0,'Warpscale Leggings'),
(40074,28348,0,1,1,1,0,'Moonglade Cowl'),
(40074,28349,0,1,1,1,0,'Tidefury Helm'),
(40074,28350,0,1,1,1,0,'Warhelm of the Bold'),
(40074,28367,0,1,1,1,0,'Greatsword of Forlorn Visions'),
(40074,28370,0,1,1,1,0,'Bangle of Endless Blessings'),
(40074,28371,0,1,1,1,0,'Netherfury Cape'),
(40075,29258,0,1,1,1,0,'Boots of Ethereal Manipulation'),
(40075,29262,0,1,1,1,0,'Boots of the Endless Hunt'),
(40075,29359,0,1,1,1,0,'Feral Staff of Lashing'),
(40075,32072,0,1,1,1,0,'Gauntlets of Dissension'),
(40076,30572,0,1,1,1,0,'Imperial Tanzanite'),
(40076,30573,0,1,1,1,0,'Mysterious Fire Opal'),
(40076,30574,0,1,1,1,0,'Brutal Tanzanite'),
(40080,28372,0,1,1,1,0,'Idol of Feral Shadows'),
(40080,28373,0,1,1,1,0,'Cloak of Scintillating Auras'),
(40080,28374,0,1,1,1,0,'Mana-Sphere Shoulderguards'),
(40080,28375,0,1,1,1,0,'Rubium War-Girdle'),
(40080,28384,0,1,1,1,0,'Outland Striders'),
(40081,28393,0,1,1,1,0,'Warmaul of Infused Light'),
(40081,28394,0,1,1,1,0,'Ryngo\'s Band of Ingenuity'),
(40081,28396,0,1,1,1,0,'Gloves of the Unbound'),
(40081,28397,0,1,1,1,0,'Emberhawk Crossbow'),
(40081,28398,0,1,1,1,0,'The Sleeper\'s Cord'),
(40082,28386,0,1,1,1,0,'Nether Core\'s Control Rod'),
(40082,28387,0,1,1,1,0,'Lamp of Peaceful Repose'),
(40082,28390,0,1,1,1,0,'Thatia\'s Self-Correcting Gauntlets'),
(40082,28391,0,1,1,1,0,'Worldfire Chestguard'),
(40082,28392,0,1,1,1,0,'Reflex Blades'),
(40083,28205,0,1,1,1,0,'Breastplate of the Bold'),
(40083,28231,0,1,1,1,0,'Tidefury Chestpiece'),
(40083,28403,0,1,1,1,0,'Doomplate Chestguard'),
(40083,28406,0,1,1,1,0,'Sigil-Laced Boots'),
(40083,28407,0,1,1,1,0,'Elementium Band of the Sentry'),
(40083,28412,0,1,1,1,0,'Lamp of Peaceful Radiance'),
(40083,28413,0,1,1,1,0,'Hallowed Crown'),
(40083,28414,0,1,1,1,0,'Helm of Assassination'),
(40083,28415,0,1,1,1,0,'Hood of Oblivion'),
(40083,28416,0,1,1,1,0,'Hungering Spineripper'),
(40083,28418,0,1,1,1,0,'Shiffar\'s Nexus-Horn'),
(40083,28419,0,1,1,1,0,'Choker of Fluid Thought'),
(40084,29241,0,1,1,1,0,'Belt of Depravity'),
(40084,29248,0,1,1,1,0,'Shadowstep Striders'),
(40084,29252,0,1,1,1,0,'Bracers of Dignity'),
(40084,29360,0,1,1,1,0,'Vileblade of the Betrayer'),
(40085,30575,0,1,1,1,0,'Nimble Fire Opal'),
(40085,30581,0,1,1,1,0,'Durable Fire Opal'),
(40085,30582,0,1,1,1,0,'Deadly Fire Opal'),
(40090,27417,0,1,1,1,0,'Ravenwing Pauldrons'),
(40090,27418,0,1,1,1,0,'Stormreaver Shadow-Kilt'),
(40090,27420,0,1,1,1,0,'Uther\'s Ceremonial Warboots'),
(40090,27423,0,1,1,1,0,'Cloak of Impulsiveness'),
(40090,27436,0,1,1,1,0,'Iron Band of the Unbreakable'),
(40091,28210,0,1,1,1,0,'Bloodskull Destroyer'),
(40091,28211,0,1,1,1,0,'Lieutenant\'s Signet of Lordaeron'),
(40091,28212,0,1,1,1,0,'Aran\'s Sorcerous Slacks'),
(40091,28213,0,1,1,1,0,'Lordaeron Medical Guide'),
(40091,28214,0,1,1,1,0,'Grips of the Lunar Eclipse'),
(40091,28215,0,1,1,1,0,'Mok\'Nathal Mask of Battle'),
(40092,27424,0,1,1,1,0,'Amani Venom-Axe'),
(40092,27426,0,1,1,1,0,'Northshire Battlemace'),
(40092,27427,0,1,1,1,0,'Durotan\'s Battle Harness'),
(40092,27428,0,1,1,1,0,'Stormfront Gauntlets'),
(40092,27430,0,1,1,1,0,'Scaled Greaves of Patience'),
(40093,28216,0,1,1,1,0,'Dathrohan\'s Ceremonial Hammer'),
(40093,28217,0,1,1,1,0,'Tarren Mill Vitality Locket'),
(40093,28218,0,1,1,1,0,'Pontiff\'s Pantaloons of Prophecy'),
(40093,28219,0,1,1,1,0,'Emerald-Scale Greaves'),
(40093,28220,0,1,1,1,0,'Moon-Crown Antlers'),
(40093,28221,0,1,1,1,0,'Boots of the Watchful Heart'),
(40094,27431,0,1,1,1,0,'Time-Shifted Dagger'),
(40094,27432,0,1,1,1,0,'Broxigar\'s Ring of Valor'),
(40094,27433,0,1,1,1,0,'Pauldrons of Sufferance'),
(40094,27434,0,1,1,1,0,'Mantle of Perenolde'),
(40094,27440,0,1,1,1,0,'Diamond Prism of Recurrence'),
(40095,27904,0,1,1,1,0,'Resounding Ring of Glory'),
(40095,27911,0,1,1,1,0,'Epoch\'s Whispering Cinch'),
(40095,28191,0,1,1,1,0,'Mana-Etched Vestments'),
(40095,28222,0,1,1,1,0,'Reaver of the Infinites'),
(40095,28223,0,1,1,1,0,'Arcanist\'s Stone'),
(40095,28224,0,1,1,1,0,'Wastewalker Helm'),
(40095,28225,0,1,1,1,0,'Doomplate Warhelm'),
(40095,28226,0,1,1,1,0,'Timeslicer'),
(40095,28227,0,1,1,1,0,'Sparking Arcanite Ring'),
(40095,28233,0,1,1,1,0,'Necklace of Resplendent Hope'),
(40095,28344,0,1,1,1,0,'Wyrmfury Pauldrons'),
(40095,28401,0,1,1,1,0,'Hauberk of Desolation'),
(40096,29246,0,1,1,1,0,'Nightfall Wristguards'),
(40096,29250,0,1,1,1,0,'Cord of Sanctification'),
(40096,30534,0,1,1,1,0,'Wyrmscale Greaves'),
(40096,30536,0,1,1,1,0,'Greaves of the Martyr'),
(40097,30589,0,1,1,1,0,'Dazzling Chrysoprase'),
(40097,30590,0,1,1,1,0,'Enduring Chrysoprase'),
(40097,30591,0,1,1,1,0,'Empowered Fire Opal'),
(40100,27987,0,1,1,1,0,'Melmorta\'s Twilight Longbow'),
(40100,27988,0,1,1,1,0,'Burnoose of Shifting Ages'),
(40100,27993,0,1,1,1,0,'Mask of Inner Fire'),
(40100,27994,0,1,1,1,0,'Mantle of Three Terrors'),
(40100,27995,0,1,1,1,0,'Sun-Gilded Shouldercaps'),
(40100,27996,0,1,1,1,0,'Ring of Spiritual Precision'),
(40101,28033,0,1,1,1,0,'Epoch-Mender'),
(40101,28034,0,1,1,1,0,'Hourglass of the Unraveller'),
(40101,28184,0,1,1,1,0,'Millennium Blade'),
(40101,28185,0,1,1,1,0,'Khadgar\'s Kilt of Abjuration'),
(40101,28186,0,1,1,1,0,'Laughing Skull Battle-Harness'),
(40101,28187,0,1,1,1,0,'Star-Heart Lamp'),
(40102,27509,0,1,1,1,0,'Handgrips of Assassination'),
(40102,27839,0,1,1,1,0,'Legplates of the Righteous'),
(40102,27873,0,1,1,1,0,'Moonglade Pants'),
(40102,27977,0,1,1,1,0,'Legplates of the Bold'),
(40102,28188,0,1,1,1,0,'Bloodfire Greatstaff'),
(40102,28189,0,1,1,1,0,'Latro\'s Shifting Sword'),
(40102,28190,0,1,1,1,0,'Scarab of the Infinite Cycle'),
(40102,28192,0,1,1,1,0,'Helm of Desolation'),
(40102,28193,0,1,1,1,0,'Mana-Etched Crown'),
(40102,28194,0,1,1,1,0,'Primal Surge Bracers'),
(40102,28206,0,1,1,1,0,'Cowl of the Guiltless'),
(40102,28207,0,1,1,1,0,'Pauldrons of the Crimson Flight'),
(40103,29247,0,1,1,1,0,'Girdle of the Deathdealer'),
(40103,29253,0,1,1,1,0,'Girdle of Valorous Deeds'),
(40103,29356,0,1,1,1,0,'Quantum Blade'),
(40103,30531,0,1,1,1,0,'Breeches of the Occultist'),
(40104,30555,0,1,1,1,0,'Glowing Tanzanite'),
(40104,30556,0,1,1,1,0,'Glinting Fire Opal'),
(40104,30558,0,1,1,1,0,'Glimmering Fire Opal'),
(40110,25939,0,1,1,1,0,'Voidfire Wand'),
(40110,25940,0,1,1,1,0,'Idol of the Claw'),
(40110,25941,0,1,1,1,0,'Boots of the Outlander'),
(40110,25942,0,1,1,1,0,'Faith Bearer\'s Gauntlets'),
(40110,25943,0,1,1,1,0,'Creepjacker'),
(40110,28166,0,1,1,1,0,'Shield of the Void'),
(40111,27813,0,1,1,1,0,'Boots of the Colossus'),
(40111,27814,0,1,1,1,0,'Twinblade of Mastery'),
(40111,27815,0,1,1,1,0,'Totem of the Astral Winds'),
(40111,27816,0,1,1,1,0,'Mindrage Pauldrons'),
(40111,27817,0,1,1,1,0,'Starbolt Longbow'),
(40111,27818,0,1,1,1,0,'Starry Robes of the Crescent'),
(40112,25944,0,1,1,1,0,'Shaarde the Greater'),
(40112,25945,0,1,1,1,0,'Cloak of Revival'),
(40112,25946,0,1,1,1,0,'Nethershade Boots'),
(40112,25947,0,1,1,1,0,'Lightning-Rod Pauldrons'),
(40112,25950,0,1,1,1,0,'Staff of Polarities'),
(40112,25952,0,1,1,1,0,'Scimitar of the Nexus-Stalkers'),
(40113,27821,0,1,1,1,0,'Extravagant Boots of Malice'),
(40113,27822,0,1,1,1,0,'Crystal Band of Valor'),
(40113,27823,0,1,1,1,0,'Shard Encrusted Breastplate'),
(40113,27824,0,1,1,1,0,'Robe of the Great Dark Beyond'),
(40113,27825,0,1,1,1,0,'Predatory Gloves'),
(40113,27826,0,1,1,1,0,'Mantle of the Sea Wolf'),
(40114,31554,0,1,1,1,0,'Windchanneller\'s Tunic'),
(40114,31562,0,1,1,1,0,'Skystalker\'s Tunic'),
(40114,31570,0,1,1,1,0,'Mistshroud Tunic'),
(40114,31578,0,1,1,1,0,'Slatesteel Breastplate'),
(40114,31919,0,1,1,1,0,'Nexus-Prince\'s Ring of Balance'),
(40114,31920,0,1,1,1,0,'Shaffar\'s Band of Brutality'),
(40114,31921,0,1,1,1,0,'Yor\'s Collapsing Band'),
(40114,31922,0,1,1,1,0,'Ring of Conflict Survival'),
(40114,31923,0,1,1,1,0,'Band of the Crystalline Void'),
(40114,31924,0,1,1,1,0,'Yor\'s Revenge'),
(40115,25953,0,1,1,1,0,'Ethereal Warp-Bow'),
(40115,25954,0,1,1,1,0,'Sigil of Shaffar'),
(40115,25955,0,1,1,1,0,'Mask of the Howling Storm'),
(40115,25956,0,1,1,1,0,'Nexus-Bracers of Vigor'),
(40115,25957,0,1,1,1,0,'Ethereal Boots of the Skystrider'),
(40115,25962,0,1,1,1,0,'Longstrider\'s Loop'),
(40116,27798,0,1,1,1,0,'Gauntlets of Vindication'),
(40116,27827,0,1,1,1,0,'Lucid Dream Bracers'),
(40116,27828,0,1,1,1,0,'Warp-Scarab Brooch'),
(40116,27829,0,1,1,1,0,'Axe of the Nexus-Kings'),
(40116,27831,0,1,1,1,0,'Mantle of the Unforgiven'),
(40116,27835,0,1,1,1,0,'Stillwater Girdle'),
(40116,27837,0,1,1,1,0,'Wastewalker Leggings'),
(40116,27840,0,1,1,1,0,'Scepter of Sha\'tar'),
(40116,27842,0,1,1,1,0,'Grand Scepter of the Nexus-Kings'),
(40116,27843,0,1,1,1,0,'Glyph-Lined Sash'),
(40116,27844,0,1,1,1,0,'Pauldrons of Swift Retribution'),
(40116,28400,0,1,1,1,0,'Warp-Storm Warblade'),
(40117,29240,0,1,1,1,0,'Bands of Negation'),
(40117,29352,0,1,1,1,0,'Cobalt Band of Tyrigosa'),
(40117,30535,0,1,1,1,0,'Forestwalker Kilt'),
(40117,32082,0,1,1,1,0,'The Fel Barrier'),
(40118,30583,0,1,1,1,0,'Timeless Chrysoprase'),
(40118,30584,0,1,1,1,0,'Enscribed Fire Opal'),
(40118,30585,0,1,1,1,0,'Glistening Fire Opal'),
(40120,25964,0,1,1,1,0,'Shaarde the Lesser'),
(40120,26055,0,1,1,1,0,'Oculus of the Hidden Eye'),
(40120,27408,0,1,1,1,0,'Hope Bearer Helm'),
(40120,27409,0,1,1,1,0,'Raven-Heart Headdress'),
(40120,27410,0,1,1,1,0,'Collar of Command'),
(40121,27493,0,1,1,1,0,'Gloves of the Deadwatcher'),
(40121,27845,0,1,1,1,0,'Magma Plume Boots'),
(40121,27846,0,1,1,1,0,'Claw of the Watcher'),
(40121,27847,0,1,1,1,0,'Fanblade Pauldrons'),
(40121,27865,0,1,1,1,0,'Bracers of Shirrak'),
(40121,27866,0,1,1,1,0,'Scintillating Headdress of Second Sight'),
(40122,27411,0,1,1,1,0,'Slippers of Serenity'),
(40122,27412,0,1,1,1,0,'Ironstaff of Regeneration'),
(40122,27413,0,1,1,1,0,'Ring of the Exarchs'),
(40122,27414,0,1,1,1,0,'Mok\'Nathal Beast-Mask'),
(40122,27415,0,1,1,1,0,'Darkguard Face Mask'),
(40122,27416,0,1,1,1,0,'Fetish of the Fallen'),
(40123,27523,0,1,1,1,0,'Exarch\'s Diamond Band'),
(40123,27867,0,1,1,1,0,'Boots of the Unjust'),
(40123,27869,0,1,1,1,0,'Soulpriest\'s Ring of Resolve'),
(40123,27870,0,1,1,1,0,'Doomplate Legguards'),
(40123,27871,0,1,1,1,0,'Maladaar\'s Blessed Chaplet'),
(40123,27872,0,1,1,1,0,'The Harvester of Souls'),
(40124,29244,0,1,1,1,0,'Wave-Song Girdle'),
(40124,29257,0,1,1,1,0,'Sash of Arcane Visions'),
(40124,29354,0,1,1,1,0,'Light-Touched Stole of Altruism'),
(40125,30586,0,1,1,1,0,'Seer\'s Chrysoprase'),
(40125,30587,0,1,1,1,0,'Champion\'s Fire Opal'),
(40125,30588,0,1,1,1,0,'Potent Fire Opal'),
(40130,27914,0,1,1,1,0,'Moonstrider Boots'),
(40130,27915,0,1,1,1,0,'Sky-Hunter Swift Boots'),
(40130,27916,0,1,1,1,0,'Sethekk Feather-Darts'),
(40130,27917,0,1,1,1,0,'Libram of the Eternal Rest'),
(40130,27918,0,1,1,1,0,'Bands of Syth'),
(40130,27919,0,1,1,1,0,'Light-Woven Slippers'),
(40131,32769,0,1,1,1,0,'Belt of the Raven Lord'),
(40131,32778,0,1,1,1,0,'Boots of Righteous Fortitude'),
(40131,32779,0,1,1,1,0,'Band of Frigid Elements'),
(40131,32780,0,1,1,1,0,'The Boomstick'),
(40131,32781,0,1,1,1,0,'Talon of Anzu'),
(40132,27776,0,1,1,1,0,'Shoulderpads of Assassination'),
(40132,27838,0,1,1,1,0,'Incanter\'s Trousers'),
(40132,27875,0,1,1,1,0,'Hallowed Trousers'),
(40132,27925,0,1,1,1,0,'Ravenclaw Band'),
(40132,27936,0,1,1,1,0,'Greaves of Desolation'),
(40132,27946,0,1,1,1,0,'Avian Cloak of Feathers'),
(40132,27948,0,1,1,1,0,'Trousers of Oblivion'),
(40132,27980,0,1,1,1,0,'Terokk\'s Nightmace'),
(40132,27981,0,1,1,1,0,'Sethekk Oracle Cloak'),
(40132,27985,0,1,1,1,0,'Deathforge Girdle'),
(40132,27986,0,1,1,1,0,'Crow Wing Reaper'),
(40133,29249,0,1,1,1,0,'Bands of the Benevolent'),
(40133,29259,0,1,1,1,0,'Bracers of the Hunt'),
(40133,29355,0,1,1,1,0,'Terokk\'s Shadowstaff'),
(40133,32073,0,1,1,1,0,'Spaulders of Dementia'),
(40134,30552,0,1,1,1,0,'Blessed Tanzanite'),
(40134,30553,0,1,1,1,0,'Pristine Fire Opal'),
(40134,30554,0,1,1,1,0,'Stalwart Fire Opal'),
(40140,27884,0,1,1,1,0,'Ornate Boots of the Sanctified'),
(40140,27885,0,1,1,1,0,'Soul-Wand of the Aldor'),
(40140,27886,0,1,1,1,0,'Idol of the Emerald Queen'),
(40140,27887,0,1,1,1,0,'Platinum Shield of the Valorous'),
(40140,27888,0,1,1,1,0,'Dream-Wing Helm'),
(40140,27889,0,1,1,1,0,'Jaedenfire Gloves of Annihilation'),
(40141,27468,0,1,1,1,0,'Moonglade Handwraps'),
(40141,27890,0,1,1,1,0,'Wand of the Netherwing'),
(40141,27891,0,1,1,1,0,'Adamantine Figurine'),
(40141,27892,0,1,1,1,0,'Cloak of the Inciter'),
(40141,27893,0,1,1,1,0,'Ornate Leggings of the Venerated'),
(40141,28134,0,1,1,1,0,'Brooch of Heightened Potential'),
(40142,27775,0,1,1,1,0,'Hallowed Pauldrons'),
(40142,27897,0,1,1,1,0,'Breastplate of Many Graces'),
(40142,27898,0,1,1,1,0,'Wrathfire Hand-Cannon'),
(40142,27900,0,1,1,1,0,'Jewel of Charismatic Mystique'),
(40142,27901,0,1,1,1,0,'Blackout Truncheon'),
(40143,27778,0,1,1,1,0,'Spaulders of Oblivion'),
(40143,27803,0,1,1,1,0,'Shoulderguards of the Bold'),
(40143,27902,0,1,1,1,0,'Silent Slippers of Meditation'),
(40143,27903,0,1,1,1,0,'Sonic Spear'),
(40143,27905,0,1,1,1,0,'Greatsword of Horrid Dreams'),
(40143,27908,0,1,1,1,0,'Leggings of Assassination'),
(40143,27909,0,1,1,1,0,'Tidefury Kilt'),
(40143,27910,0,1,1,1,0,'Silvermoon Crest Shield'),
(40143,27912,0,1,1,1,0,'Harness of the Deep Currents'),
(40143,27913,0,1,1,1,0,'Whispering Blade of Slaying'),
(40143,28230,0,1,1,1,0,'Hallowed Garments'),
(40143,28232,0,1,1,1,0,'Robe of Oblivion'),
(40144,29261,0,1,1,1,0,'Girdle of Ferocity'),
(40144,29353,0,1,1,1,0,'Shockwave Truncheon'),
(40144,29357,0,1,1,1,0,'Master Thief\'s Gloves'),
(40144,30532,0,1,1,1,0,'Kirin Tor Master\'s Trousers'),
(40145,30560,0,1,1,1,0,'Rune Covered Chrysoprase'),
(40145,30563,0,1,1,1,0,'Regal Tanzanite'),
(40150,34697,0,1,1,1,0,'Bindings of Raging Fire'),
(40150,34698,0,1,1,1,0,'Bracers of the Forest Stalker'),
(40150,34699,0,1,1,1,0,'Sun-forged Cleaver'),
(40150,34700,0,1,1,1,0,'Gauntlets of Divine Blessings'),
(40150,34701,0,1,1,1,0,'Leggings of the Betrayed'),
(40150,34702,0,1,1,1,0,'Cloak of Swift Mending'),
(40151,34601,0,1,1,1,0,'Shoulderplates of Everlasting Pain'),
(40151,34602,0,1,1,1,0,'Eversong Cuffs'),
(40151,34603,0,1,1,1,0,'Distracting Blades'),
(40151,34604,0,1,1,1,0,'Jaded Crystal Dagger'),
(40152,34703,0,1,1,1,0,'Latro\'s Dancing Blade'),
(40152,34704,0,1,1,1,0,'Band of Arcane Alacrity'),
(40152,34705,0,1,1,1,0,'Bracers of Divine Infusion'),
(40152,34706,0,1,1,1,0,'Band of Determination'),
(40152,34707,0,1,1,1,0,'Boots of Resuscitation'),
(40152,34708,0,1,1,1,0,'Cloak of the Coming Night'),
(40153,34605,0,1,1,1,0,'Breastplate of Fierce Survival'),
(40153,34606,0,1,1,1,0,'Edge of Oppression'),
(40153,34607,0,1,1,1,0,'Fel-tinged Mantle'),
(40153,34608,0,1,1,1,0,'Rod of the Blazing Light'),
(40154,34783,0,1,1,1,0,'Nightstrike'),
(40154,34788,0,1,1,1,0,'Duskhallow Mantle'),
(40154,34789,0,1,1,1,0,'Bracers of Slaughter'),
(40154,34790,0,1,1,1,0,'Battle-mace of the High Priestess'),
(40154,34791,0,1,1,1,0,'Gauntlets of the Tranquil Waves'),
(40154,34792,0,1,1,1,0,'Cloak of the Betrayed'),
(40155,34470,0,1,1,1,0,'Timbal\'s Focusing Crystal'),
(40155,34471,0,1,1,1,0,'Vial of the Sunwell'),
(40155,34472,0,1,1,1,0,'Shard of Contempt'),
(40155,34473,0,1,1,1,0,'Commendation of Kael\'thas'),
(40156,34793,0,1,1,1,0,'Cord of Reconstruction'),
(40156,34794,0,1,1,1,0,'Axe of Shattered Dreams'),
(40156,34795,0,1,1,1,0,'Helm of Sanctification'),
(40156,34796,0,1,1,1,0,'Robes of Summer Flame'),
(40156,34797,0,1,1,1,0,'Sun-infused Focus Staff'),
(40156,34798,0,1,1,1,0,'Band of Celerity'),
(40157,34625,0,1,1,1,0,'Kharmaa\'s Ring of Fate'),
(40157,34799,0,1,1,1,0,'Hauberk of the War Bringer'),
(40157,34807,0,1,1,1,0,'Sunstrider Warboots'),
(40157,34808,0,1,1,1,0,'Gloves of Arcane Acuity'),
(40157,34809,0,1,1,1,0,'Sunrage Treads'),
(40157,34810,0,1,1,1,0,'Cloak of Blade Turning'),
(40158,34609,0,1,1,1,0,'Quickening Blade of the Prince'),
(40158,34610,0,1,1,1,0,'Scarlet Sin\'dorei Robes'),
(40158,34611,0,1,1,1,0,'Cudgel of Consecration'),
(40158,34612,0,1,1,1,0,'Greaves of the Penitent Knight'),
(40158,34613,0,1,1,1,0,'Shoulderpads of the Silvermoon Retainer'),
(40158,34614,0,1,1,1,0,'Tunic of the Ranger Lord'),
(40158,34615,0,1,1,1,0,'Netherforce Chestplate'),
(40158,34616,0,1,1,1,0,'Breeching Comet'),
(40159,35294,0,1,1,1,198,'Recipe: Elixir of Empowerment'),
(40159,35295,0,1,1,1,198,'Recipe: Haste Potion'),
(40159,35297,0,1,1,1,203,'Formula: Enchant Boots - Boar\'s Speed'),
(40159,35298,0,1,1,1,203,'Formula: Enchant Boots - Vitality'),
(40159,35299,0,1,1,1,203,'Formula: Enchant Boots - Cat\'s Swiftness'),
(40159,35300,0,1,1,1,199,'Pattern: Windstrike Gloves'),
(40159,35301,0,1,1,1,199,'Pattern: Netherdrake Gloves'),
(40159,35302,0,1,1,1,199,'Pattern: Cobrascale Gloves'),
(40159,35303,0,1,1,1,199,'Pattern: Gloves of the Living Touch'),
(40159,35304,0,1,1,1,204,'Design: Solid Star of Elune'),
(40159,35305,0,1,1,1,204,'Design: Runed Living Ruby'),
(40159,35306,0,1,1,1,204,'Design: Bright Living Ruby'),
(40159,35307,0,1,1,1,204,'Design: Rigid Dawnstone'),
(40159,35308,0,1,1,1,201,'Pattern: Unyielding Bracers'),
(40159,35309,0,1,1,1,201,'Pattern: Unyielding Girdle'),
(40159,35310,0,1,1,1,202,'Schematic: Healing Potion Injector'),
(40159,35311,0,1,1,1,202,'Schematic: Mana Potion Injector'),
(40200,30684,0,1,1,1,0,'Ravager\'s Cuffs'),
(40200,30685,0,1,1,1,0,'Ravager\'s Wrist-Wraps'),
(40200,30686,0,1,1,1,0,'Ravager\'s Bands'),
(40200,30687,0,1,1,1,0,'Ravager\'s Bracers'),
(40201,30680,0,1,1,1,0,'Glider\'s Foot-Wraps'),
(40201,30681,0,1,1,1,0,'Glider\'s Boots'),
(40201,30682,0,1,1,1,0,'Glider\'s Sabatons'),
(40201,30683,0,1,1,1,0,'Glider\'s Greaves'),
(40202,30675,0,1,1,1,0,'Lurker\'s Cord'),
(40202,30676,0,1,1,1,0,'Lurker\'s Grasp'),
(40202,30677,0,1,1,1,0,'Lurker\'s Belt'),
(40202,30678,0,1,1,1,0,'Lurker\'s Girdle'),
(49000,31882,0,1,1,1,0,'Ace of Blessings'),
(49000,31892,0,1,1,1,0,'Ace of Storms'),
(49000,31901,0,1,1,1,0,'Ace of Furies'),
(49000,31910,0,1,1,1,0,'Ace of Lunacy'),
(49001,31883,0,1,1,1,0,'Eight of Blessings'),
(49001,31884,0,1,1,1,0,'Five of Blessings'),
(49001,31886,0,1,1,1,0,'Seven of Blessings'),
(49001,31887,0,1,1,1,0,'Six of Blessings'),
(49001,31893,0,1,1,1,0,'Eight of Storms'),
(49001,31894,0,1,1,1,0,'Five of Storms'),
(49001,31896,0,1,1,1,0,'Seven of Storms'),
(49001,31898,0,1,1,1,0,'Six of Storms'),
(49001,31902,0,1,1,1,0,'Eight of Furies'),
(49001,31903,0,1,1,1,0,'Five of Furies'),
(49001,31905,0,1,1,1,0,'Seven of Furies'),
(49001,31906,0,1,1,1,0,'Six of Furies'),
(49001,31911,0,1,1,1,0,'Eight of Lunacy'),
(49001,31912,0,1,1,1,0,'Five of Lunacy'),
(49001,31915,0,1,1,1,0,'Seven of Lunacy'),
(49001,31916,0,1,1,1,0,'Six of Lunacy'),
(49002,31885,0,1,1,1,0,'Four of Blessings'),
(49002,31888,0,1,1,1,0,'Three of Blessings'),
(49002,31889,0,1,1,1,0,'Two of Blessings'),
(49002,31895,0,1,1,1,0,'Four of Storms'),
(49002,31899,0,1,1,1,0,'Three of Storms'),
(49002,31900,0,1,1,1,0,'Two of Storms'),
(49002,31904,0,1,1,1,0,'Four of Furies'),
(49002,31908,0,1,1,1,0,'Three of Furies'),
(49002,31909,0,1,1,1,0,'Two of Furies'),
(49002,31913,0,1,1,1,0,'Four of Lunacy'),
(49002,31917,0,1,1,1,0,'Three of Lunacy'),
(49002,31918,0,1,1,1,0,'Two of Lunacy'),
(50604,27498,0,1,1,1,0,'Scroll of Agility V'),
(50604,27499,0,1,1,1,0,'Scroll of Intellect V'),
(50604,27500,0,1,1,1,0,'Scroll of Protection V'),
(50604,27501,0,1,1,1,0,'Scroll of Spirit V'),
(50604,27502,0,1,1,1,0,'Scroll of Stamina V'),
(50604,27503,0,1,1,1,0,'Scroll of Strength V');

REPLACE INTO reference_loot_template_names(entry,name) VALUES
(40000,'Coilfang Reservoir: The Slave Pens (Boss Loot) - Mennu the Betrayer (Normal) - Rare Items'),
(40001,'Coilfang Reservoir: The Slave Pens (Boss Loot) - Mennu the Betrayer (Heroic) - Rare Items'),
(40002,'Coilfang Reservoir: The Slave Pens (Boss Loot) - Rokmar the Crackler (Normal) - Rare Items'),
(40003,'Coilfang Reservoir: The Slave Pens (Boss Loot) - Rokmar the Crackler (Heroic) - Rare Items'),
(40004,'Coilfang Reservoir: The Slave Pens (Boss Loot) - Quagmirran (Normal) - Rare Items'),
(40005,'Coilfang Reservoir: The Slave Pens (Boss Loot) - Quagmirran (Heroic) - Rare Items'),
(40006,'Coilfang Reservoir: The Slave Pens (Boss Loot) - Quagmirran (Heroic) - Epic Items'),
(40007,'Coilfang Reservoir: The Slave Pens Heroic Epic Gems'),
(40010,'Coilfang Reservoir: The Underbog (Boss Loot) - Hungarfen (Normal) - Rare Items'),
(40011,'Coilfang Reservoir: The Underbog (Boss Loot) - Hungarfen (Heroic) - Rare Items'),
(40012,'Coilfang Reservoir: The Underbog (Boss Loot) - Ghaz\'an (Normal) - Rare Items'),
(40013,'Coilfang Reservoir: The Underbog (Boss Loot) - Ghaz\'an (Heroic) - Rare Items'),
(40014,'Coilfang Reservoir: The Underbog (Boss Loot) - Swamplord Musel\'ek (Normal) - Rare Items'),
(40015,'Coilfang Reservoir: The Underbog (Boss Loot) - Swamplord Musel\'ek (Heroic) - Rare Items'),
(40016,'Coilfang Reservoir: The Underbog (Boss Loot) - The Black Stalker (Normal) - Rare Items'),
(40017,'Coilfang Reservoir: The Underbog (Boss Loot) - The Black Stalker (Heroic) - Rare Items'),
(40018,'Coilfang Reservoir: The Underbog (Boss Loot) - The Black Stalker (Heroic) - Epic Items'),
(40019,'Coilfang Reservoir: The Underbog Heroic Epic Gems'),
(40020,'Coilfang Reservoir: The Steamvault (Boss Loot) - Hydromancer Thespia (Normal and Heroic) - Rare Items'),
(40021,'Coilfang Reservoir: The Steamvault (Boss Loot) - Mekgineer Steamrigger (Normal and Heroic) - Rare Items'),
(40022,'Coilfang Reservoir: The Steamvault (Boss Loot) - Warlord Kalithresh (Normal and Heroic) - Rare Items'),
(40023,'Coilfang Reservoir: The Steamvault (Boss Loot) - Warlord Kalithresh (Heroic) - Epic Items'),
(40024,'Coilfang Reservoir: The Steamvault Heroic Epic Gems'),
(40030,'Hellfire Citadel: Hellfire Ramparts (Boss Loot) - Watchkeeper Gargolmar (Normal) - Rare Items'),
(40031,'Hellfire Citadel: Hellfire Ramparts (Boss Loot) - Watchkeeper Gargolmar (Heroic) - Rare Items'),
(40032,'Hellfire Citadel: Hellfire Ramparts (Boss Loot) - Omor the Unscarred (Normal) - Rare Items'),
(40033,'Hellfire Citadel: Hellfire Ramparts (Boss Loot) - Omor the Unscarred (Heroic) - Rare Items'),
(40040,'Hellfire Citadel: The Blood Furnace (Boss Loot) - The Maker (Normal) - Rare Items'),
(40041,'Hellfire Citadel: The Blood Furnace (Boss Loot) - The Maker (Heroic) - Rare Items'),
(40042,'Hellfire Citadel: The Blood Furnace (Boss Loot) - Broggok (Normal) - Rare Items'),
(40043,'Hellfire Citadel: The Blood Furnace (Boss Loot) - Broggok (Heroic) - Rare Items'),
(40044,'Hellfire Citadel: The Blood Furnace (Boss Loot) - Keli\'dan the Breaker (Normal) - Rare Items'),
(40045,'Hellfire Citadel: The Blood Furnace (Boss Loot) - Keli\'dan the Breaker (Heroic) - Rare Items'),
(40046,'Hellfire Citadel: The Blood Furnace (Boss Loot) - Keli\'dan the Breaker (Heroic) - Epic Items'),
(40047,'Hellfire Citadel: The Blood Furnace Heroic Epic Gems'),
(40050,'Hellfire Citadel: The Shattered Halls (Boss Loot) - Grand Warlock Nethekurse (Normal and Heroic) - Rare Items'),
(40051,'Hellfire Citadel: The Shattered Halls (Boss Loot) - Blood Guard Porung (Heroic) - Rare Items'),
(40052,'Hellfire Citadel: The Shattered Halls (Boss Loot) - Warbringer O\'mrogg (Normal and Heroic) - Rare Items'),
(40053,'Hellfire Citadel: The Shattered Halls (Boss Loot) - Warchief Kargath Bladefist (Normal and Heroic) - Rare Items'),
(40054,'Hellfire Citadel: The Shattered Halls (Boss Loot) - Warchief Kargath Bladefist (Heroic) - Epic Items'),
(40055,'Hellfire Citadel: The Shattered Halls Heroic Epic Gems'),
(40060,'Tempest Keep: The Mechanar (Boss Loot) - Mechano-Lord Capacitus (Normal and Heroic) - Rare Items'),
(40061,'Tempest Keep: The Mechanar (Boss Loot) - Nethermancer Sepethrea (Normal and Heroic) - Rare Items'),
(40062,'Tempest Keep: The Mechanar (Boss Loot) - Pathaleon the Calculator (Normal and Heroic) - Rare Items'),
(40063,'Tempest Keep: The Mechanar (Boss Loot) - Pathaleon the Calculator (Heroic) - Epic Items'),
(40064,'Tempest Keep: The Mechanar Heroic Epic Gems'),
(40070,'Tempest Keep: The Botanica (Boss Loot) - Commander Sarannis (Normal and Heroic) - Rare Items'),
(40071,'Tempest Keep: The Botanica (Boss Loot) - High Botanist Freywinn (Normal and Heroic) - Rare Items'),
(40072,'Tempest Keep: The Botanica (Boss Loot) - Thorngrin the Tender (Normal and Heroic) - Rare Items'),
(40073,'Tempest Keep: The Botanica (Boss Loot) - Laj (Normal and Heroic) - Rare Items'),
(40074,'Tempest Keep: The Botanica (Boss Loot) - Warp Splinter (Normal and Heroic) - Rare Items'),
(40075,'Tempest Keep: The Botanica (Boss Loot) - Warp Splinter (Heroic) - Epic Items'),
(40076,'Tempest Keep: The Botanica Heroic Epic Gems'),
(40080,'Tempest Keep: The Arcatraz (Boss Loot) - Zereketh the Unbound (Normal and Heroic) - Rare Items'),
(40081,'Tempest Keep: The Arcatraz (Boss Loot) - Wrath-Scryer Soccothrates (Normal and Heroic) - Rare Items'),
(40082,'Tempest Keep: The Arcatraz (Boss Loot) - Dalliah the Doomsayer (Normal and Heroic) - Rare Items'),
(40083,'Tempest Keep: The Arcatraz (Boss Loot) - Harbinger Skyriss (Normal) - Rare Items'),
(40084,'Tempest Keep: The Arcatraz (Boss Loot) - Harbinger Skyriss (Heroic) - Epic Items'),
(40085,'Tempest Keep: The Arcatraz Heroic Epic Gems'),
(40090,'Caverns of Time: Old Hillsbrad Foothills (Boss Loot) - Lieutenant Drake (Normal) - Rare Items'),
(40091,'Caverns of Time: Old Hillsbrad Foothills (Boss Loot) - Lieutenant Drake (Heroic) - Rare Items'),
(40092,'Caverns of Time: Old Hillsbrad Foothills (Boss Loot) - Captain Skarloc (Normal) - Rare Items'),
(40093,'Caverns of Time: Old Hillsbrad Foothills (Boss Loot) - Captain Skarloc (Heroic) - Rare Items'),
(40094,'Caverns of Time: Old Hillsbrad Foothills (Boss Loot) - Epoch Hunter (Normal) - Rare Items'),
(40095,'Caverns of Time: Old Hillsbrad Foothills (Boss Loot) - Epoch Hunter (Heroic) - Rare Items'),
(40096,'Caverns of Time: Old Hillsbrad Foothills (Boss Loot) - Epoch Hunter (Heroic) - Epic Items'),
(40097,'Caverns of Time: Old Hillsbrad Foothills Heroic Epic Gems'),
(40100,'Caverns of Time: The Black Morass (Boss Loot) - Chrono Lord Deja (Normal and Heroic) - Rare Items'),
(40101,'Caverns of Time: The Black Morass (Boss Loot) - Temporus (Normal and Heroic) - Rare Items'),
(40102,'Caverns of Time: The Black Morass (Boss Loot) - Aeonus (Normal and Heroic) - Rare Items'),
(40103,'Caverns of Time: The Black Morass (Boss Loot) - Aeonus (Heroic) - Epic Items'),
(40104,'Caverns of Time: The Black Morass Heroic Epic Gems'),
(40110,'Auchindoun: Mana-Tombs (Boss Loot) - Pandemonius (Normal) - Rare Items'),
(40111,'Auchindoun: Mana-Tombs (Boss Loot) - Pandemonius (Heroic) - Rare Items'),
(40112,'Auchindoun: Mana-Tombs (Boss Loot) - Tavarok (Normal) - Rare Items'),
(40113,'Auchindoun: Mana-Tombs (Boss Loot) - Tavarok (Heroic) - Rare Items'),
(40114,'Auchindoun: Mana-Tombs (Boss Loot) - Yor (Heroic) - Rare and Epic Items'),
(40115,'Auchindoun: Mana-Tombs (Boss Loot) - Nexus-Prince Shaffar (Normal) - Rare Items'),
(40116,'Auchindoun: Mana-Tombs (Boss Loot) - Nexus-Prince Shaffar (Heroic) - Rare Items'),
(40117,'Auchindoun: Mana-Tombs (Boss Loot) - Nexus-Prince Shaffar (Heroic) - Epic Items'),
(40118,'Auchindoun: Mana-Tombs Heroic Epic Gems'),
(40120,'Auchindoun: Auchenai Crypts (Boss Loot) - Shirrak the Dead Watcher (Normal) - Rare Items'),
(40121,'Auchindoun: Auchenai Crypts (Boss Loot) - Shirrak the Dead Watcher (Heroic) - Rare Items'),
(40122,'Auchindoun: Auchenai Crypts (Boss Loot) - Exarch Maladaar (Normal) - Rare Items'),
(40123,'Auchindoun: Auchenai Crypts (Boss Loot) - Exarch Maladaar (Heroic) - Rare Items'),
(40124,'Auchindoun: Auchenai Crypts (Boss Loot) - Exarch Maladaar (Heroic) - Epic Items'),
(40125,'Auchindoun: Auchenai Crypts Heroic Epic Gems'),
(40130,'Auchindoun: Sethekk Halls (Boss Loot) - Darkweaver Syth (Normal and Heroic) - Rare Items'),
(40131,'Auchindoun: Sethekk Halls (Boss Loot) - Anzu (Heroic) - Rare Items'),
(40132,'Auchindoun: Sethekk Halls (Boss Loot) - Talon King Ikiss (Normal and Heroic) - Rare Items'),
(40133,'Auchindoun: Sethekk Halls (Boss Loot) - Talon King Ikiss (Heroic) - Epic Items'),
(40134,'Auchindoun: Sethekk Halls Heroic Epic Gems'),
(40140,'Auchindoun: Shadow Labyrinth (Boss Loot) - Ambassador Hellmaw (Normal and Heroic) - Rare Items'),
(40141,'Auchindoun: Shadow Labyrinth (Boss Loot) - Blackheart the Inciter (Normal and Heroic) - Rare Items'),
(40142,'Auchindoun: Shadow Labyrinth (Boss Loot) - Grandmaster Vorpil (Normal and Heroic) - Rare Items'),
(40143,'Auchindoun: Shadow Labyrinth (Boss Loot) - Murmur (Normal and Heroic) - Rare Items'),
(40144,'Auchindoun: Shadow Labyrinth (Boss Loot) - Murmur (Heroic) - Epic Items'),
(40145,'Auchindoun: Shadow Labyrinth Heroic Epic Gems'),
(40150,'Magisters Terrace (Boss Loot) - Selin Fireheart (Normal) - Rare Items'),
(40151,'Magisters Terrace (Boss Loot) - Selin Fireheart (Heroic) - Epic Items'),
(40152,'Magisters Terrace (Boss Loot) - Vexallus (Normal) - Rare Items'),
(40153,'Magisters Terrace (Boss Loot) - Vexallus (Heroic) - Epic Items'),
(40154,'Magisters Terrace (Boss Loot) - Priestess Delrissa (Normal) - Rare Items'),
(40155,'Magisters Terrace (Boss Loot) - Priestess Delrissa (Heroic) - Epic Items'),
(40156,'Magisters Terrace (Boss Loot) - Kael\'thas Sunstrider (Normal) - Rare Items'),
(40157,'Magisters Terrace (Boss Loot) - Kael\'thas Sunstrider (Heroic) - Epic Items'),
(40158,'Magisters Terrace (Boss Loot) - Kael\'thas Sunstrider (Heroic) - Epic Items'),
(40159,'Magisters Terrace (Boss Loot) - Kael\'thas Sunstrider - BoP Recipes'),
(40200,'Karazhan (Boss Loot) - Rokad the Ravager - Epic Items'),
(40201,'Karazhan (Boss Loot) - Shadikith the Glider - Epic Items'),
(40202,'Karazhan (Boss Loot) - Hyakiss the Lurker - Epic Items'),
(49000,'Darkmoon Cards (Blessings, Storms, Furies, Lunacy Ace) - Dungeon End Bosses (Levels: 70+)'),
(49001,'Darkmoon Cards (Blessings, Storms, Furies, Lunacy 5-8) - Heroic Dungeon and Raids'),
(49002,'Darkmoon Cards (Blessings, Storms, Furies, Lunacy 2-4) - Not In Dungeons and Raids'),
(50604,'Scrolls V - (NPC Levels 58-72) - TBC');

UPDATE creature_template SET LootId=1 WHERE entry=1;
UPDATE creature_template SET LootId=0 WHERE entry=128;
UPDATE creature_template SET LootId=0 WHERE entry=197;
UPDATE creature_template SET LootId=0 WHERE entry=235;
UPDATE creature_template SET LootId=0 WHERE entry=266;
UPDATE creature_template SET LootId=0 WHERE entry=275;
UPDATE creature_template SET LootId=0 WHERE entry=288;
UPDATE creature_template SET LootId=0 WHERE entry=313;
UPDATE creature_template SET LootId=0 WHERE entry=325;
UPDATE creature_template SET LootId=0 WHERE entry=341;
UPDATE creature_template SET LootId=0 WHERE entry=358;
UPDATE creature_template SET LootId=0 WHERE entry=359;
UPDATE creature_template SET LootId=0 WHERE entry=379;
UPDATE creature_template SET LootId=0 WHERE entry=381;
UPDATE creature_template SET LootId=0 WHERE entry=382;
UPDATE creature_template SET LootId=0 WHERE entry=415;
UPDATE creature_template SET LootId=0 WHERE entry=416;
UPDATE creature_template SET LootId=0 WHERE entry=417;
UPDATE creature_template SET LootId=0 WHERE entry=466;
UPDATE creature_template SET LootId=0 WHERE entry=467;
UPDATE creature_template SET LootId=0 WHERE entry=468;
UPDATE creature_template SET LootId=0 WHERE entry=487;
UPDATE creature_template SET LootId=0 WHERE entry=488;
UPDATE creature_template SET LootId=0 WHERE entry=489;
UPDATE creature_template SET LootId=0 WHERE entry=490;
UPDATE creature_template SET LootId=0 WHERE entry=494;
UPDATE creature_template SET LootId=0 WHERE entry=495;
UPDATE creature_template SET LootId=0 WHERE entry=499;
UPDATE creature_template SET LootId=0 WHERE entry=659;
UPDATE creature_template SET LootId=0 WHERE entry=698;
UPDATE creature_template SET LootId=0 WHERE entry=754;
UPDATE creature_template SET LootId=0 WHERE entry=756;
UPDATE creature_template SET LootId=0 WHERE entry=826;
UPDATE creature_template SET LootId=0 WHERE entry=827;
UPDATE creature_template SET LootId=0 WHERE entry=828;
UPDATE creature_template SET LootId=0 WHERE entry=853;
UPDATE creature_template SET LootId=0 WHERE entry=866;
UPDATE creature_template SET LootId=0 WHERE entry=867;
UPDATE creature_template SET LootId=0 WHERE entry=869;
UPDATE creature_template SET LootId=0 WHERE entry=870;
UPDATE creature_template SET LootId=0 WHERE entry=874;
UPDATE creature_template SET LootId=0 WHERE entry=876;
UPDATE creature_template SET LootId=0 WHERE entry=885;
UPDATE creature_template SET LootId=0 WHERE entry=886;
UPDATE creature_template SET LootId=0 WHERE entry=887;
UPDATE creature_template SET LootId=0 WHERE entry=888;
UPDATE creature_template SET LootId=0 WHERE entry=932;
UPDATE creature_template SET LootId=0 WHERE entry=933;
UPDATE creature_template SET LootId=0 WHERE entry=934;
UPDATE creature_template SET LootId=0 WHERE entry=935;
UPDATE creature_template SET LootId=0 WHERE entry=936;
UPDATE creature_template SET LootId=0 WHERE entry=999;
UPDATE creature_template SET LootId=0 WHERE entry=1001;
UPDATE creature_template SET LootId=0 WHERE entry=1064;
UPDATE creature_template SET LootId=0 WHERE entry=1066;
UPDATE creature_template SET LootId=0 WHERE entry=1071;
UPDATE creature_template SET LootId=0 WHERE entry=1073;
UPDATE creature_template SET LootId=0 WHERE entry=1093;
UPDATE creature_template SET LootId=0 WHERE entry=1099;
UPDATE creature_template SET LootId=0 WHERE entry=1244;
UPDATE creature_template SET LootId=0 WHERE entry=1245;
UPDATE creature_template SET LootId=0 WHERE entry=1276;
UPDATE creature_template SET LootId=0 WHERE entry=1277;
UPDATE creature_template SET LootId=0 WHERE entry=1278;
UPDATE creature_template SET LootId=0 WHERE entry=1279;
UPDATE creature_template SET LootId=0 WHERE entry=1280;
UPDATE creature_template SET LootId=0 WHERE entry=1281;
UPDATE creature_template SET LootId=0 WHERE entry=1282;
UPDATE creature_template SET LootId=0 WHERE entry=1283;
UPDATE creature_template SET LootId=0 WHERE entry=1327;
UPDATE creature_template SET LootId=0 WHERE entry=1329;
UPDATE creature_template SET LootId=0 WHERE entry=1330;
UPDATE creature_template SET LootId=0 WHERE entry=1331;
UPDATE creature_template SET LootId=0 WHERE entry=1332;
UPDATE creature_template SET LootId=0 WHERE entry=1334;
UPDATE creature_template SET LootId=0 WHERE entry=1335;
UPDATE creature_template SET LootId=0 WHERE entry=1336;
UPDATE creature_template SET LootId=0 WHERE entry=1337;
UPDATE creature_template SET LootId=0 WHERE entry=1338;
UPDATE creature_template SET LootId=0 WHERE entry=1374;
UPDATE creature_template SET LootId=0 WHERE entry=1414;
UPDATE creature_template SET LootId=0 WHERE entry=1434;
UPDATE creature_template SET LootId=0 WHERE entry=1436;
UPDATE creature_template SET LootId=0 WHERE entry=1437;
UPDATE creature_template SET LootId=0 WHERE entry=1476;
UPDATE creature_template SET LootId=0 WHERE entry=1477;
UPDATE creature_template SET LootId=0 WHERE entry=1481;
UPDATE creature_template SET LootId=0 WHERE entry=1483;
UPDATE creature_template SET LootId=0 WHERE entry=1497;
UPDATE creature_template SET LootId=0 WHERE entry=1503;
UPDATE creature_template SET LootId=0 WHERE entry=1511;
UPDATE creature_template SET LootId=0 WHERE entry=1516;
UPDATE creature_template SET LootId=0 WHERE entry=1642;
UPDATE creature_template SET LootId=0 WHERE entry=1679;
UPDATE creature_template SET LootId=0 WHERE entry=1733;
UPDATE creature_template SET LootId=0 WHERE entry=1741;
UPDATE creature_template SET LootId=0 WHERE entry=1756;
UPDATE creature_template SET LootId=0 WHERE entry=1777;
UPDATE creature_template SET LootId=0 WHERE entry=1975;
UPDATE creature_template SET LootId=0 WHERE entry=2044;
UPDATE creature_template SET LootId=0 WHERE entry=2045;
UPDATE creature_template SET LootId=0 WHERE entry=2055;
UPDATE creature_template SET LootId=0 WHERE entry=2058;
UPDATE creature_template SET LootId=0 WHERE entry=2099;
UPDATE creature_template SET LootId=0 WHERE entry=2105;
UPDATE creature_template SET LootId=0 WHERE entry=2112;
UPDATE creature_template SET LootId=0 WHERE entry=2153;
UPDATE creature_template SET LootId=0 WHERE entry=2214;
UPDATE creature_template SET LootId=0 WHERE entry=2238;
UPDATE creature_template SET LootId=0 WHERE entry=2239;
UPDATE creature_template SET LootId=0 WHERE entry=2316;
UPDATE creature_template SET LootId=0 WHERE entry=2333;
UPDATE creature_template SET LootId=0 WHERE entry=2361;
UPDATE creature_template SET LootId=0 WHERE entry=2362;
UPDATE creature_template SET LootId=0 WHERE entry=2363;
UPDATE creature_template SET LootId=0 WHERE entry=2378;
UPDATE creature_template SET LootId=0 WHERE entry=2379;
UPDATE creature_template SET LootId=0 WHERE entry=2386;
UPDATE creature_template SET LootId=0 WHERE entry=2392;
UPDATE creature_template SET LootId=0 WHERE entry=2395;
UPDATE creature_template SET LootId=0 WHERE entry=2396;
UPDATE creature_template SET LootId=0 WHERE entry=2400;
UPDATE creature_template SET LootId=0 WHERE entry=2402;
UPDATE creature_template SET LootId=0 WHERE entry=2466;
UPDATE creature_template SET LootId=0 WHERE entry=2468;
UPDATE creature_template SET LootId=0 WHERE entry=2469;
UPDATE creature_template SET LootId=0 WHERE entry=2470;
UPDATE creature_template SET LootId=0 WHERE entry=2506;
UPDATE creature_template SET LootId=0 WHERE entry=2507;
UPDATE creature_template SET LootId=0 WHERE entry=2508;
UPDATE creature_template SET LootId=0 WHERE entry=2509;
UPDATE creature_template SET LootId=0 WHERE entry=2510;
UPDATE creature_template SET LootId=0 WHERE entry=2511;
UPDATE creature_template SET LootId=0 WHERE entry=2512;
UPDATE creature_template SET LootId=0 WHERE entry=2513;
UPDATE creature_template SET LootId=0 WHERE entry=2514;
UPDATE creature_template SET LootId=0 WHERE entry=2515;
UPDATE creature_template SET LootId=0 WHERE entry=2516;
UPDATE creature_template SET LootId=0 WHERE entry=2517;
UPDATE creature_template SET LootId=0 WHERE entry=2518;
UPDATE creature_template SET LootId=0 WHERE entry=2520;
UPDATE creature_template SET LootId=0 WHERE entry=2524;
UPDATE creature_template SET LootId=0 WHERE entry=2525;
UPDATE creature_template SET LootId=0 WHERE entry=2526;
UPDATE creature_template SET LootId=0 WHERE entry=2527;
UPDATE creature_template SET LootId=0 WHERE entry=2528;
UPDATE creature_template SET LootId=0 WHERE entry=2608;
UPDATE creature_template SET LootId=0 WHERE entry=2616;
UPDATE creature_template SET LootId=0 WHERE entry=2676;
UPDATE creature_template SET LootId=0 WHERE entry=2706;
UPDATE creature_template SET LootId=0 WHERE entry=2712;
UPDATE creature_template SET LootId=0 WHERE entry=2775;
UPDATE creature_template SET LootId=0 WHERE entry=2787;
UPDATE creature_template SET LootId=0 WHERE entry=2817;
UPDATE creature_template SET LootId=0 WHERE entry=2852;
UPDATE creature_template SET LootId=0 WHERE entry=2860;
UPDATE creature_template SET LootId=0 WHERE entry=2870;
UPDATE creature_template SET LootId=0 WHERE entry=2930;
UPDATE creature_template SET LootId=0 WHERE entry=2984;
UPDATE creature_template SET LootId=0 WHERE entry=3083;
UPDATE creature_template SET LootId=0 WHERE entry=3193;
UPDATE creature_template SET LootId=0 WHERE entry=3338;
UPDATE creature_template SET LootId=0 WHERE entry=3341;
UPDATE creature_template SET LootId=0 WHERE entry=3389;
UPDATE creature_template SET LootId=0 WHERE entry=3421;
UPDATE creature_template SET LootId=0 WHERE entry=3431;
UPDATE creature_template SET LootId=0 WHERE entry=3448;
UPDATE creature_template SET LootId=0 WHERE entry=3450;
UPDATE creature_template SET LootId=0 WHERE entry=3464;
UPDATE creature_template SET LootId=0 WHERE entry=3465;
UPDATE creature_template SET LootId=0 WHERE entry=3501;
UPDATE creature_template SET LootId=0 WHERE entry=3617;
UPDATE creature_template SET LootId=0 WHERE entry=3659;
UPDATE creature_template SET LootId=0 WHERE entry=3663;
UPDATE creature_template SET LootId=0 WHERE entry=3691;
UPDATE creature_template SET LootId=0 WHERE entry=3692;
UPDATE creature_template SET LootId=0 WHERE entry=3693;
UPDATE creature_template SET LootId=0 WHERE entry=3694;
UPDATE creature_template SET LootId=0 WHERE entry=3695;
UPDATE creature_template SET LootId=0 WHERE entry=3702;
UPDATE creature_template SET LootId=0 WHERE entry=3844;
UPDATE creature_template SET LootId=0 WHERE entry=3846;
UPDATE creature_template SET LootId=0 WHERE entry=3897;
UPDATE creature_template SET LootId=0 WHERE entry=3916;
UPDATE creature_template SET LootId=0 WHERE entry=3939;
UPDATE creature_template SET LootId=0 WHERE entry=3981;
UPDATE creature_template SET LootId=0 WHERE entry=3990;
UPDATE creature_template SET LootId=0 WHERE entry=3994;
UPDATE creature_template SET LootId=0 WHERE entry=4033;
UPDATE creature_template SET LootId=0 WHERE entry=4048;
UPDATE creature_template SET LootId=0 WHERE entry=4080;
UPDATE creature_template SET LootId=0 WHERE entry=4489;
UPDATE creature_template SET LootId=0 WHERE entry=4510;
UPDATE creature_template SET LootId=0 WHERE entry=4535;
UPDATE creature_template SET LootId=0 WHERE entry=4661;
UPDATE creature_template SET LootId=0 WHERE entry=4787;
UPDATE creature_template SET LootId=0 WHERE entry=4966;
UPDATE creature_template SET LootId=0 WHERE entry=4977;
UPDATE creature_template SET LootId=0 WHERE entry=4979;
UPDATE creature_template SET LootId=0 WHERE entry=4983;
UPDATE creature_template SET LootId=0 WHERE entry=4995;
UPDATE creature_template SET LootId=0 WHERE entry=5058;
UPDATE creature_template SET LootId=0 WHERE entry=5389;
UPDATE creature_template SET LootId=0 WHERE entry=5414;
UPDATE creature_template SET LootId=0 WHERE entry=5418;
UPDATE creature_template SET LootId=0 WHERE entry=5433;
UPDATE creature_template SET LootId=0 WHERE entry=5440;
UPDATE creature_template SET LootId=0 WHERE entry=5476;
UPDATE creature_template SET LootId=0 WHERE entry=5546;
UPDATE creature_template SET LootId=0 WHERE entry=5644;
UPDATE creature_template SET LootId=0 WHERE entry=5723;
UPDATE creature_template SET LootId=0 WHERE entry=5780;
UPDATE creature_template SET LootId=0 WHERE entry=5781;
UPDATE creature_template SET LootId=0 WHERE entry=5899;
UPDATE creature_template SET LootId=0 WHERE entry=6013;
UPDATE creature_template SET LootId=0 WHERE entry=6019;
UPDATE creature_template SET LootId=0 WHERE entry=6021;
UPDATE creature_template SET LootId=0 WHERE entry=6047;
UPDATE creature_template SET LootId=0 WHERE entry=6086;
UPDATE creature_template SET LootId=0 WHERE entry=6087;
UPDATE creature_template SET LootId=0 WHERE entry=6244;
UPDATE creature_template SET LootId=0 WHERE entry=6250;
UPDATE creature_template SET LootId=0 WHERE entry=6388;
UPDATE creature_template SET LootId=0 WHERE entry=6667;
UPDATE creature_template SET LootId=0 WHERE entry=6669;
UPDATE creature_template SET LootId=0 WHERE entry=7051;
UPDATE creature_template SET LootId=0 WHERE entry=7067;
UPDATE creature_template SET LootId=0 WHERE entry=7233;
UPDATE creature_template SET LootId=0 WHERE entry=7287;
UPDATE creature_template SET LootId=0 WHERE entry=7360;
UPDATE creature_template SET LootId=0 WHERE entry=7395;
UPDATE creature_template SET LootId=0 WHERE entry=7489;
UPDATE creature_template SET LootId=0 WHERE entry=7549;
UPDATE creature_template SET LootId=0 WHERE entry=7607;
UPDATE creature_template SET LootId=0 WHERE entry=7730;
UPDATE creature_template SET LootId=0 WHERE entry=7765;
UPDATE creature_template SET LootId=0 WHERE entry=7767;
UPDATE creature_template SET LootId=0 WHERE entry=7865;
UPDATE creature_template SET LootId=0 WHERE entry=7915;
UPDATE creature_template SET LootId=0 WHERE entry=7939;
UPDATE creature_template SET LootId=0 WHERE entry=7957;
UPDATE creature_template SET LootId=0 WHERE entry=7975;
UPDATE creature_template SET LootId=0 WHERE entry=7980;
UPDATE creature_template SET LootId=0 WHERE entry=7999;
UPDATE creature_template SET LootId=0 WHERE entry=8015;
UPDATE creature_template SET LootId=0 WHERE entry=8016;
UPDATE creature_template SET LootId=0 WHERE entry=8017;
UPDATE creature_template SET LootId=0 WHERE entry=8055;
UPDATE creature_template SET LootId=0 WHERE entry=8096;
UPDATE creature_template SET LootId=0 WHERE entry=8147;
UPDATE creature_template SET LootId=0 WHERE entry=8154;
UPDATE creature_template SET LootId=0 WHERE entry=8155;
UPDATE creature_template SET LootId=0 WHERE entry=8179;
UPDATE creature_template SET LootId=0 WHERE entry=8310;
UPDATE creature_template SET LootId=0 WHERE entry=8386;
UPDATE creature_template SET LootId=0 WHERE entry=8402;
UPDATE creature_template SET LootId=0 WHERE entry=8581;
UPDATE creature_template SET LootId=0 WHERE entry=8608;
UPDATE creature_template SET LootId=0 WHERE entry=8996;
UPDATE creature_template SET LootId=0 WHERE entry=9118;
UPDATE creature_template SET LootId=0 WHERE entry=9119;
UPDATE creature_template SET LootId=0 WHERE entry=9157;
UPDATE creature_template SET LootId=0 WHERE entry=9316;
UPDATE creature_template SET LootId=0 WHERE entry=9525;
UPDATE creature_template SET LootId=0 WHERE entry=9598;
UPDATE creature_template SET LootId=0 WHERE entry=9676;
UPDATE creature_template SET LootId=0 WHERE entry=10000;
UPDATE creature_template SET LootId=0 WHERE entry=10036;
UPDATE creature_template SET LootId=0 WHERE entry=10037;
UPDATE creature_template SET LootId=0 WHERE entry=10038;
UPDATE creature_template SET LootId=0 WHERE entry=10260;
UPDATE creature_template SET LootId=0 WHERE entry=10261;
UPDATE creature_template SET LootId=0 WHERE entry=10262;
UPDATE creature_template SET LootId=0 WHERE entry=10321;
UPDATE creature_template SET LootId=0 WHERE entry=10388;
UPDATE creature_template SET LootId=0 WHERE entry=10389;
UPDATE creature_template SET LootId=0 WHERE entry=10427;
UPDATE creature_template SET LootId=0 WHERE entry=10428;
UPDATE creature_template SET LootId=0 WHERE entry=10482;
UPDATE creature_template SET LootId=0 WHERE entry=10619;
UPDATE creature_template SET LootId=0 WHERE entry=10636;
UPDATE creature_template SET LootId=0 WHERE entry=10638;
UPDATE creature_template SET LootId=0 WHERE entry=10696;
UPDATE creature_template SET LootId=0 WHERE entry=10698;
UPDATE creature_template SET LootId=0 WHERE entry=10928;
UPDATE creature_template SET LootId=0 WHERE entry=10940;
UPDATE creature_template SET LootId=0 WHERE entry=10941;
UPDATE creature_template SET LootId=0 WHERE entry=10943;
UPDATE creature_template SET LootId=0 WHERE entry=10951;
UPDATE creature_template SET LootId=0 WHERE entry=10979;
UPDATE creature_template SET LootId=0 WHERE entry=11040;
UPDATE creature_template SET LootId=0 WHERE entry=11053;
UPDATE creature_template SET LootId=0 WHERE entry=11054;
UPDATE creature_template SET LootId=0 WHERE entry=11141;
UPDATE creature_template SET LootId=0 WHERE entry=11145;
UPDATE creature_template SET LootId=0 WHERE entry=11180;
UPDATE creature_template SET LootId=0 WHERE entry=11195;
UPDATE creature_template SET LootId=0 WHERE entry=11276;
UPDATE creature_template SET LootId=0 WHERE entry=11328;
UPDATE creature_template SET LootId=0 WHERE entry=11347;
UPDATE creature_template SET LootId=0 WHERE entry=11460;
UPDATE creature_template SET LootId=0 WHERE entry=11609;
UPDATE creature_template SET LootId=0 WHERE entry=11615;
UPDATE creature_template SET LootId=0 WHERE entry=11690;
UPDATE creature_template SET LootId=0 WHERE entry=11701;
UPDATE creature_template SET LootId=0 WHERE entry=11713;
UPDATE creature_template SET LootId=0 WHERE entry=11718;
UPDATE creature_template SET LootId=0 WHERE entry=11748;
UPDATE creature_template SET LootId=0 WHERE entry=11806;
UPDATE creature_template SET LootId=0 WHERE entry=11820;
UPDATE creature_template SET LootId=0 WHERE entry=11856;
UPDATE creature_template SET LootId=0 WHERE entry=11920;
UPDATE creature_template SET LootId=0 WHERE entry=11979;
UPDATE creature_template SET LootId=0 WHERE entry=11994;
UPDATE creature_template SET LootId=0 WHERE entry=12160;
UPDATE creature_template SET LootId=0 WHERE entry=12657;
UPDATE creature_template SET LootId=0 WHERE entry=12658;
UPDATE creature_template SET LootId=0 WHERE entry=12736;
UPDATE creature_template SET LootId=0 WHERE entry=12858;
UPDATE creature_template SET LootId=0 WHERE entry=12859;
UPDATE creature_template SET LootId=0 WHERE entry=12862;
UPDATE creature_template SET LootId=0 WHERE entry=12863;
UPDATE creature_template SET LootId=0 WHERE entry=12903;
UPDATE creature_template SET LootId=0 WHERE entry=13118;
UPDATE creature_template SET LootId=0 WHERE entry=13159;
UPDATE creature_template SET LootId=0 WHERE entry=13533;
UPDATE creature_template SET LootId=0 WHERE entry=13736;
UPDATE creature_template SET LootId=0 WHERE entry=13817;
UPDATE creature_template SET LootId=0 WHERE entry=14370;
UPDATE creature_template SET LootId=0 WHERE entry=14372;
UPDATE creature_template SET LootId=0 WHERE entry=14385;
UPDATE creature_template SET LootId=0 WHERE entry=14872;
UPDATE creature_template SET LootId=0 WHERE entry=14983;
UPDATE creature_template SET LootId=0 WHERE entry=14987;
UPDATE creature_template SET LootId=0 WHERE entry=14988;
UPDATE creature_template SET LootId=0 WHERE entry=15041;
UPDATE creature_template SET LootId=0 WHERE entry=15112;
UPDATE creature_template SET LootId=0 WHERE entry=15117;
UPDATE creature_template SET LootId=0 WHERE entry=15146;
UPDATE creature_template SET LootId=0 WHERE entry=15288;
UPDATE creature_template SET LootId=0 WHERE entry=15443;
UPDATE creature_template SET LootId=0 WHERE entry=15449;
UPDATE creature_template SET LootId=0 WHERE entry=15505;
UPDATE creature_template SET LootId=0 WHERE entry=15620;
UPDATE creature_template SET LootId=0 WHERE entry=15741;
UPDATE creature_template SET LootId=0 WHERE entry=15742;
UPDATE creature_template SET LootId=0 WHERE entry=16135;
UPDATE creature_template SET LootId=17380 WHERE entry=17380;
UPDATE creature_template SET LootId=17770 WHERE entry=17770;
UPDATE creature_template SET LootId=17826 WHERE entry=17826;
UPDATE creature_template SET LootId=17848 WHERE entry=17848;
UPDATE creature_template SET LootId=17880 WHERE entry=17880;
UPDATE creature_template SET LootId=17942 WHERE entry=17942;
UPDATE creature_template SET LootId=17980 WHERE entry=17980;
UPDATE creature_template SET LootId=17991 WHERE entry=17991;
UPDATE creature_template SET LootId=18105 WHERE entry=18105;
UPDATE creature_template SET LootId=0 WHERE entry=19214;
UPDATE creature_template SET LootId=0 WHERE entry=20158;
UPDATE creature_template SET LootId=20303 WHERE entry=20303;
UPDATE creature_template SET LootId=20870 WHERE entry=20870;
UPDATE creature_template SET LootId=20886 WHERE entry=20886;
UPDATE creature_template SET LootId=0 WHERE entry=20918;
UPDATE creature_template SET LootId=20923 WHERE entry=20993;
UPDATE creature_template SET LootId=0 WHERE entry=21040;
UPDATE creature_template SET LootId=17839 WHERE entry=21140;
UPDATE creature_template SET LootId=0 WHERE entry=21627;
UPDATE creature_template SET LootId=20744 WHERE entry=22172;
UPDATE creature_template SET LootId=24723 WHERE entry=24723;

INSERT INTO reference_loot_template(entry, item, ChanceOrQuestChance, groupid, mincountOrRef, maxcount, condition_id, comments) VALUES
(44000,10086,5,1,1,1,0,'Gothic Plate Armor'),
(44000,7531,3,1,1,1,0,'Cabalist Boots'),
(44000,7523,3,1,1,1,0,'Gossamer Shoulderpads'),
(44000,7532,2,1,1,1,0,'Cabalist Spaulders'),
(44000,7540,2,1,1,1,0,'Champion\'s Helmet'),
(44000,7525,2,1,1,1,0,'Gossamer Bracers'),
(44000,7332,2,1,1,1,0,'Regal Armor'),
(44000,10127,2,1,1,1,0,'Revenant Bracers'),
(44000,7528,1.7,1,1,1,0,'Cabalist Leggings'),
(44000,10079,1.7,1,1,1,0,'Lord\'s Cape'),
(44000,7530,1.5,1,1,1,0,'Cabalist Gloves'),
(44000,7519,1.5,1,1,1,0,'Gossamer Pants'),
(44000,10091,1.5,1,1,1,0,'Gothic Plate Leggings'),
(44000,10205,1.5,1,1,1,0,'Overlord\'s Gauntlets'),
(44000,9912,1.5,1,1,1,0,'Royal Amice'),
(44000,9911,1.5,1,1,1,0,'Royal Trousers'),
(44000,9936,1.3,1,1,1,0,'Abjurer\'s Boots'),
(44000,9945,1.3,1,1,1,0,'Abjurer\'s Sash'),
(44000,9951,1.3,1,1,1,0,'Chieftain\'s Cloak'),
(44000,7520,1.3,1,1,1,0,'Gossamer Headpiece'),
(44000,10092,1.3,1,1,1,0,'Gothic Plate Spaulders'),
(44000,7477,1.3,1,1,1,0,'Ranger Tunic'),
(44000,9913,1.3,1,1,1,0,'Royal Gown'),
(44000,9962,1.3,1,1,1,0,'Warmonger\'s Greaves'),
(44000,7529,1.1,1,1,1,0,'Cabalist Helm'),
(44000,7522,1.1,1,1,1,0,'Gossamer Boots'),
(44000,10087,1.1,1,1,1,0,'Gothic Plate Gauntlets'),
(44000,10094,1.1,1,1,1,0,'Gothic Plate Vambraces'),
(44000,10201,1.1,1,1,1,0,'Overlord\'s Greaves'),
(44000,9960,1.1,1,1,1,0,'Warmonger\'s Gauntlets'),
(44000,9938,0.9,1,1,1,0,'Abjurer\'s Cloak'),
(44000,9928,0.9,1,1,1,0,'Brigade Breastplate'),
(44000,7545,0.9,1,1,1,0,'Champion\'s Bracers'),
(44000,7541,0.9,1,1,1,0,'Champion\'s Gauntlets'),
(44000,7543,0.9,1,1,1,0,'Champion\'s Pauldrons'),
(44000,9947,0.9,1,1,1,0,'Chieftain\'s Belt'),
(44000,9948,0.9,1,1,1,0,'Chieftain\'s Boots'),
(44000,9952,0.9,1,1,1,0,'Chieftain\'s Gloves'),
(44000,7526,0.9,1,1,1,0,'Gossamer Belt'),
(44000,7521,0.9,1,1,1,0,'Gossamer Gloves'),
(44000,10088,0.9,1,1,1,0,'Gothic Plate Girdle'),
(44000,7468,0.9,1,1,1,0,'Regal Robe'),
(44000,10069,0.9,1,1,1,0,'Righteous Bracers'),
(44000,10067,0.9,1,1,1,0,'Righteous Waistguard'),
(44000,9922,0.9,1,1,1,0,'Tracker\'s Leggings'),
(44000,9961,0.9,1,1,1,0,'Warmonger\'s Belt'),
(44000,10076,0.7,1,1,1,0,'Lord\'s Armguards'),
(44000,10206,0.7,1,1,1,0,'Overlord\'s Girdle'),
(44000,9915,0.7,1,1,1,0,'Royal Headband'),
(44001,765,2.1,1,1,1,0,'Silverleaf'),
(44001,785,1.8,1,1,1,0,'Mageroyal'),
(44001,1710,8.4,1,2,4,0,'Greater Healing Potion'),
(44001,2447,2.6,1,1,1,0,'Peacebloom'),
(44001,2449,2.3,1,1,1,0,'Earthroot'),
(44001,2450,2,1,1,1,0,'Briarthorn'),
(44001,2452,2.2,1,1,1,0,'Swiftthistle'),
(44001,2453,2.2,1,1,1,0,'Bruiseweed'),
(44001,3357,2.7,1,1,1,0,'Liferoot'),
(44001,3818,2.2,1,1,1,0,'Fadeleaf'),
(44001,3819,2.6,1,1,1,0,'Wintersbite'),
(44001,3820,2.4,1,1,1,0,'Stranglekelp'),
(44001,3821,2.2,1,1,1,0,'Goldthorn'),
(44001,3827,8.2,1,2,4,0,'Mana Potion'),
(44001,3864,0.5,1,1,1,0,'Citrine'),
(44001,3928,4.5,1,2,3,0,'Superior Healing Potion'),
(44001,4625,2.4,1,1,1,0,'Firebloom'),
(44001,6149,4.2,1,2,3,0,'Greater Mana Potion'),
(44001,7909,1.9,1,1,1,0,'Aquamarine'),
(44001,7910,1.4,1,1,1,0,'Star Ruby'),
(44001,8831,2.1,1,1,1,0,'Purple Lotus'),
(42000,13444,25,1,1,1,0,'Major Mana Potion'),
(42000,13446,25,1,1,1,0,'Major Healing Potion'),
(42000,27498,0,1,1,1,0,'Scroll of Agility V'),
(42000,27499,0,1,1,1,0,'Scroll of Intellect V'),
(42000,27500,0,1,1,1,0,'Scroll of Protection V'),
(42000,27501,0,1,1,1,0,'Scroll of Spirit V'),
(42000,27502,0,1,1,1,0,'Scroll of Stamina V'),
(42000,27503,0,1,1,1,0,'Scroll of Strength V'),
(42001,21929,0,1,1,1,0,'Flame Spessarite'),
(42001,23077,0,1,1,1,0,'Blood Garnet'),
(42001,23079,0,1,1,1,0,'Deep Peridot'),
(42001,23107,0,1,1,1,0,'Shadow Draenite'),
(42001,23112,0,1,1,1,0,'Golden Draenite'),
(42001,23117,0,1,1,1,0,'Azure Moonstone'),
(42001,23436,4,1,1,1,0,'Living Ruby'),
(42001,23437,4,1,1,1,0,'Talasite'),
(42001,23438,4,1,1,1,0,'Star of Elune'),
(42001,23439,4,1,1,1,0,'Noble Topaz'),
(42001,23440,4,1,1,1,0,'Dawnstone'),
(42001,23441,4,1,1,1,0,'Nightseye'),
(42002,24605,0,1,1,1,0,'Laughing Skull Waistguard'),
(42002,24606,0,1,1,1,0,'Laughing Skull Boot'),
(42002,24607,0,1,1,1,0,'Laughing Skull Tunic'),
(42002,24608,0,1,1,1,0,'Laughing Skull Gloves'),
(42002,24609,0,1,1,1,0,'Laughing Skull Cap'),
(42002,24610,0,1,1,1,0,'Laughing Skull Pants'),
(42002,24611,0,1,1,1,0,'Laughing Skull Shoulderpads'),
(42002,24612,0,1,1,1,0,'Laughing Skull Bracelets'),
(42002,24621,0,1,1,1,0,'Slavehandler Belt'),
(42002,24622,0,1,1,1,0,'Slavehandler Footpads'),
(42002,24623,0,1,1,1,0,'Slavehandler Jerkin'),
(42002,24624,0,1,1,1,0,'Slavehandler Handwraps'),
(42002,24625,0,1,1,1,0,'Slavehandler Cap'),
(42002,24626,0,1,1,1,0,'Slavehandler Pants'),
(42002,24627,0,1,1,1,0,'Slavehandler Amice'),
(42002,24628,0,1,1,1,0,'Slavehandler Wristguards'),
(42002,24637,0,1,1,1,0,'Mistyreed Belt'),
(42002,24638,0,1,1,1,0,'Mistyreed Boot'),
(42002,24639,0,1,1,1,0,'Mistyreed Tunic'),
(42002,24640,0,1,1,1,0,'Mistyreed Gloves'),
(42002,24641,0,1,1,1,0,'Mistyreed Hood'),
(42002,24642,0,1,1,1,0,'Mistyreed Pants'),
(42002,24643,0,1,1,1,0,'Mistyreed Shoulderpads'),
(42002,24644,0,1,1,1,0,'Mistyreed Bracer'),
(42002,24717,0,1,1,1,0,'Dreghood Belt'),
(42002,24718,0,1,1,1,0,'Dreghood Boots'),
(42002,24719,0,1,1,1,0,'Dreghood Chestpiece'),
(42002,24720,0,1,1,1,0,'Dreghood Gloves'),
(42002,24721,0,1,1,1,0,'Dreghood Cowl'),
(42002,24722,0,1,1,1,0,'Dreghood Trousers'),
(42002,24723,0,1,1,1,0,'Dreghood Pauldrons'),
(42002,24724,0,1,1,1,0,'Dreghood Bands'),
(42002,24733,0,1,1,1,0,'Sunroc Waistband'),
(42002,24734,0,1,1,1,0,'Sunroc Boots'),
(42002,24735,0,1,1,1,0,'Sunroc Chestpiece'),
(42002,24736,0,1,1,1,0,'Sunroc Gloves'),
(42002,24737,0,1,1,1,0,'Sunroc Mask'),
(42002,24738,0,1,1,1,0,'Sunroc Pants'),
(42002,24739,0,1,1,1,0,'Sunroc Shoulderguards'),
(42002,24740,0,1,1,1,0,'Sunroc Armguards'),
(42002,24749,0,1,1,1,0,'Daggerfen Belt'),
(42002,24750,0,1,1,1,0,'Daggerfen Boots'),
(42002,24751,0,1,1,1,0,'Daggerfen Battlevest'),
(42002,24752,0,1,1,1,0,'Daggerfen Gloves'),
(42002,24753,0,1,1,1,0,'Daggerfen Cowl'),
(42002,24754,0,1,1,1,0,'Daggerfen Stitchpants'),
(42002,24755,0,1,1,1,0,'Daggerfen Pauldrons'),
(42002,24756,0,1,1,1,0,'Daggerfen Bindings'),
(42002,24830,0,1,1,1,0,'Nexus-Strider Belt'),
(42002,24831,0,1,1,1,0,'Nexus-Strider Greaves'),
(42002,24832,0,1,1,1,0,'Nexus-Strider Breastplate'),
(42002,24833,0,1,1,1,0,'Nexus-Strider Gloves'),
(42002,24834,0,1,1,1,0,'Nexus-Strider Helmet'),
(42002,24835,0,1,1,1,0,'Nexus-Strider Legwraps'),
(42002,24836,0,1,1,1,0,'Nexus-Strider Mantle'),
(42002,24837,0,1,1,1,0,'Nexus-Strider Bracer'),
(42002,24846,0,1,1,1,0,'Fenclaw Waistband'),
(42002,24847,0,1,1,1,0,'Fenclaw Footwraps'),
(42002,24848,0,1,1,1,0,'Fenclaw Armor'),
(42002,24849,0,1,1,1,0,'Fenclaw Fists'),
(42002,24850,0,1,1,1,0,'Fenclaw Helm'),
(42002,24851,0,1,1,1,0,'Fenclaw Legguards'),
(42002,24852,0,1,1,1,0,'Fenclaw Mantle'),
(42002,24853,0,1,1,1,0,'Fenclaw Bindings'),
(42002,24862,0,1,1,1,0,'Blood Knight Girdle'),
(42002,24863,0,1,1,1,0,'Blood Knight Boots'),
(42002,24864,0,1,1,1,0,'Blood Knight Breastplate'),
(42002,24865,0,1,1,1,0,'Blood Knight Gauntlets'),
(42002,24866,0,1,1,1,0,'Blood Knight Helm'),
(42002,24867,0,1,1,1,0,'Blood Knight Greaves'),
(42002,24868,0,1,1,1,0,'Blood Knight Pauldrons'),
(42002,24869,0,1,1,1,0,'Blood Knight Bracers'),
(42002,24942,0,1,1,1,0,'Bloodscale Belt'),
(42002,24943,0,1,1,1,0,'Bloodscale Sabatons'),
(42002,24944,0,1,1,1,0,'Bloodscale Breastplate'),
(42002,24945,0,1,1,1,0,'Bloodscale Gauntlets'),
(42002,24946,0,1,1,1,0,'Bloodscale Helm'),
(42002,24947,0,1,1,1,0,'Bloodscale Legguards'),
(42002,24948,0,1,1,1,0,'Bloodscale Pauldrons'),
(42002,24949,0,1,1,1,0,'Bloodscale Bracers'),
(42002,24958,0,1,1,1,0,'Khan\'aish Girdle'),
(42002,24959,0,1,1,1,0,'Khan\'aish Greaves'),
(42002,24960,0,1,1,1,0,'Khan\'aish Breastplate'),
(42002,24961,0,1,1,1,0,'Khan\'aish Gloves'),
(42002,24962,0,1,1,1,0,'Khan\'aish Helmet'),
(42002,24963,0,1,1,1,0,'Khan\'aish Legplates'),
(42002,24964,0,1,1,1,0,'Khan\'aish Epaulets'),
(42002,24965,0,1,1,1,0,'Khan\'aish Bracers'),
(42002,24974,0,1,1,1,0,'Reaver Girdle'),
(42002,24975,0,1,1,1,0,'Reaver Greaves'),
(42002,24976,0,1,1,1,0,'Reaver Armor'),
(42002,24977,0,1,1,1,0,'Reaver Gloves'),
(42002,24978,0,1,1,1,0,'Reaver Helmet'),
(42002,24979,0,1,1,1,0,'Reaver Legplates'),
(42002,24980,0,1,1,1,0,'Reaver Epaulets'),
(42002,24981,0,1,1,1,0,'Reaver Bracers'),
(42002,25033,0,1,1,1,0,'Scavenger\'s Cloak'),
(42002,25035,0,1,1,1,0,'Silver-Lined Cloak'),
(42002,25037,0,1,1,1,0,'Patched Cape'),
(42002,25047,0,1,1,1,0,'Tourmaline Loop'),
(42002,25049,0,1,1,1,0,'Scheelite Ring'),
(42002,25051,0,1,1,1,0,'Blue Topaz Band'),
(42002,25061,0,1,1,1,0,'Hiddenite Necklace'),
(42002,25063,0,1,1,1,0,'Multi-Colored Beads'),
(42002,25065,0,1,1,1,0,'Turquoise Brooch'),
(42002,25075,0,1,1,1,0,'Hardened Steel Shield'),
(42002,25077,0,1,1,1,0,'Modani War-Shield'),
(42002,25079,0,1,1,1,0,'Outland Shield'),
(42002,25089,0,1,1,1,0,'Supplicant\'s Rod'),
(42002,25091,0,1,1,1,0,'Mistyreed Torch'),
(42002,25093,0,1,1,1,0,'Shadow Council Orb'),
(42002,25103,0,1,1,1,0,'Nightstalker Dagger'),
(42002,25105,0,1,1,1,0,'Arachnid Dagger'),
(42002,25107,0,1,1,1,0,'Draconic Dagger'),
(42002,25117,0,1,1,1,0,'Flanged Battle Mace'),
(42002,25119,0,1,1,1,0,'Silvermoon War-Mace'),
(42002,25121,0,1,1,1,0,'Dreaded Mace'),
(42002,25131,0,1,1,1,0,'Hateful Bludgeon'),
(42002,25133,0,1,1,1,0,'Stormwind Maul'),
(42002,25147,0,1,1,1,0,'Skystrider Katana'),
(42002,25149,0,1,1,1,0,'Baron\'s Broadsword'),
(42002,25161,0,1,1,1,0,'Dragon Wing Blade'),
(42002,25175,0,1,1,1,0,'Demoniac Longstaff'),
(42002,25187,0,1,1,1,0,'Shekketh Talons'),
(42002,25189,0,1,1,1,0,'Ironspine Point'),
(42002,25191,0,1,1,1,0,'Dread Fangs'),
(42002,25201,0,1,1,1,0,'Reaver\'s Sickle'),
(42002,25203,0,1,1,1,0,'Chipped Woodchopper'),
(42002,25205,0,1,1,1,0,'Silvermoon Crescent Axe'),
(42002,25215,0,1,1,1,0,'Spiked Battle Axe'),
(42002,25217,0,1,1,1,0,'Sundering Axe'),
(42002,25219,0,1,1,1,0,'Rending Claw'),
(42002,25229,0,1,1,1,0,'Partisan Polearm'),
(42002,25231,0,1,1,1,0,'Fel-Wrought Halberd'),
(42002,25257,0,1,1,1,0,'Citadel Crossbow'),
(42002,25287,0,1,1,1,0,'Magician\'s Wand'),
(42002,25289,0,1,1,1,0,'Majestic Wand'),
(42002,25299,0,1,1,1,0,'Siphoning Dagger'),
(42002,25301,0,1,1,1,0,'Shattering Dagger'),
(42002,25303,0,1,1,1,0,'Amplifying Blade'),
(42002,25313,0,1,1,1,0,'Cold-Iron Scepter'),
(42002,25315,0,1,1,1,0,'Restorative Mace'),
(42002,25317,0,1,1,1,0,'Lesser Sledgemace'),
(42002,25327,0,1,1,1,0,'Frenzied Staff'),
(42002,25329,0,1,1,1,0,'Tranquility Staff'),
(42002,28536,0.1,1,1,1,0,'Jagged Guillotine'),
(42002,31125,0.1,1,1,1,0,'Boots of the Decimator'),
(42002,31126,0.1,1,1,1,0,'Gloves of Ferocity'),
(42002,31127,0.1,1,1,1,0,'Hauberk of Totemic Rage'),
(42002,31131,0.1,1,1,1,0,'Sash of Silent Blades'),
(42002,31133,0.1,1,1,1,0,'Leggings of Concentrated Darkness'),
(42002,31134,0.1,1,1,1,0,'Blade of Misfortune'),
(42002,31136,0.1,1,1,1,0,'Breastplate of Blade Turning'),
(42002,31137,0.1,1,1,1,0,'Gauntlets of Purification'),
(42002,31138,0.1,1,1,1,0,'Storm Lord\'s Girdle'),
(42002,31139,0.1,1,1,1,0,'Fist of Reckoning'),
(42002,31140,0.1,1,1,1,0,'Cloak of Entropy'),
(42002,31142,0.1,1,1,1,0,'Blade of Trapped Knowledge'),
(42002,31143,0.1,1,1,1,0,'Shroud of Frenzy'),
(42002,31145,0.1,1,1,1,0,'Headdress of the Sleeper'),
(42002,31147,0.1,1,1,1,0,'Pendant of Cunning'),
(42002,31148,0.1,1,1,1,0,'Demon Hide Spaulders'),
(42002,31149,0.1,1,1,1,0,'Gloves of Pandemonium'),
(42002,31150,0.1,1,1,1,0,'Gloves of Piety'),
(42002,31151,0.1,1,1,1,0,'Girdle of Siege'),
(42002,31152,0.1,1,1,1,0,'Chestguard of Illumination'),
(42002,31153,0.1,1,1,1,0,'Axe of the Legion'),
(42002,31173,0.1,1,1,1,0,'Boots of Savagery'),
(42002,31175,0.1,1,1,1,0,'Blade Dancer\'s Wristguards'),
(42002,31178,0.1,1,1,1,0,'Amulet of Unstable Power'),
(42002,31180,0.1,1,1,1,0,'Gauntlets of the Skullsplitter'),
(42002,31186,0.1,1,1,1,0,'Braxxis\' Staff of Slumber'),
(42002,31187,0.1,1,1,1,0,'Boots of the Pathfinder'),
(42002,31190,0.1,1,1,1,0,'The Dreamer\'s Shoulderpads'),
(42002,31193,0.1,1,1,1,0,'Blade of Unquenched Thirst'),
(42002,31200,0.1,1,1,1,0,'Shield of the Wayward Footman'),
(42002,31204,0.1,1,1,1,0,'The Gunblade'),
(42002,31222,0.1,1,1,1,0,'Headdress of Inner Rage'),
(42002,31226,0.1,1,1,1,0,'Leggings of the Sly'),
(42002,31230,0.1,1,1,1,0,'Abyss Walker\'s Boots');
